Time,"Engine speed","Intake manifold absolute pressure","Boost pressure","Air mass flow","Mass flow through throttle valve bank 1","Relative air filling","Intake air temperature before throttle valve, measured","Air mass flow participating in combustion","Coolant temperature","Engine radiator outlet temperature (coolant)","Oil temperature","Ambient pressure","Ambient temperature","Vehicle speed","Throttle valve angle related to the lower stop","Actual gear","Lambda actual value","Actual ignition angle","Condition brake test switch actuated"
0.000,0,0,0,0,0,0,0,0,92.66,0,0,0,0,0,0,0,0,0,0
0.150,0,0,0,0,0,0,0,0,92.66,52.50,0,0,0,0,0,0,0,0,0
0.300,0,0,0,0,0,0,0,0,92.66,52.50,91.00,0,0,0,0,0,0,0,0
0.450,0,0,0,0,0,0,0,0,92.66,52.50,91.00,14.40,0,0,0,0,0,0,0
0.600,0,0,0,0,0,0,0,0,92.66,52.50,91.00,14.40,41.50,0,0,0,0,0,0
0.750,0,0,0,0,0,0,0,0,92.66,52.50,91.00,14.40,41.50,126.57,0,0,0,0,0
0.900,0,0,0,0,0,0,0,0,92.66,52.50,91.00,14.40,41.50,126.57,19.35,0,0,0,0
1.050,0,0,0,0,0,0,0,0,92.66,52.50,91.00,14.40,41.50,126.57,19.35,6.00,0,0,0
1.200,0,0,0,0,0,0,0,0,92.66,52.50,91.00,14.40,41.50,126.57,19.35,6.00,1.00,0,0
1.350,0,0,0,0,0,0,0,0,92.66,52.50,91.00,14.40,41.50,126.57,19.35,6.00,1.00,24.75,0
1.500,0,0,0,0,0,0,0,0,92.66,52.50,91.00,14.40,41.50,126.57,19.35,6.00,1.00,24.75,0.00
1.650,2599.00,0,0,0,0,0,0,0,92.66,52.50,91.00,14.40,41.50,126.57,19.35,6.00,1.00,24.75,0.00
1.800,2599.00,13.73,0,0,0,0,0,0,92.66,52.50,91.00,14.40,41.50,126.57,19.35,6.00,1.00,24.75,0.00
1.950,2599.00,13.73,0.52,0,0,0,0,0,92.66,52.50,91.00,14.40,41.50,126.57,19.35,6.00,1.00,24.75,0.00
2.100,2599.00,13.73,0.52,120.00,0,0,0,0,92.66,52.50,91.00,14.40,41.50,126.57,19.35,6.00,1.00,24.75,0.00
2.250,2599.00,13.73,0.52,120.00,120.47,0,0,0,92.66,52.50,91.00,14.40,41.50,126.57,19.35,6.00,1.00,24.75,0.00
2.400,2599.00,13.73,0.52,120.00,120.47,40.50,0,0,92.66,52.50,91.00,14.40,41.50,126.57,19.35,6.00,1.00,24.75,0.00
2.550,2599.00,13.73,0.52,120.00,120.47,40.50,71.94,0,92.66,52.50,91.00,14.40,41.50,126.57,19.35,6.00,1.00,24.75,0.00
2.700,2599.00,13.73,0.52,120.00,120.47,40.50,71.94,122.80,92.66,52.50,91.00,14.40,41.50,126.57,19.35,6.00,1.00,24.75,0.00
2.850,2599.00,13.73,0.52,120.00,120.47,40.50,71.94,122.80,92.56,52.50,91.00,14.40,41.50,126.57,19.35,6.00,1.00,24.75,0.00
3.000,2599.00,13.73,0.52,120.00,120.47,40.50,71.94,122.80,92.56,52.50,91.00,14.40,41.50,126.57,19.35,6.00,1.00,24.75,0.00
3.150,2599.00,13.73,0.52,120.00,120.47,40.50,71.94,122.80,92.56,52.50,91.00,14.40,41.50,126.57,19.35,6.00,1.00,24.75,0.00
3.300,2599.00,13.73,0.52,120.00,120.47,40.50,71.94,122.80,92.56,52.50,91.00,14.40,41.50,126.57,19.35,6.00,1.00,24.75,0.00
3.450,2599.00,13.73,0.52,120.00,120.47,40.50,71.94,122.80,92.56,52.50,91.00,14.40,41.50,126.57,19.35,6.00,1.00,24.75,0.00
3.600,2599.00,13.73,0.52,120.00,120.47,40.50,71.94,122.80,92.56,52.50,91.00,14.40,41.50,126.85,19.35,6.00,1.00,24.75,0.00
3.750,2599.00,13.73,0.52,120.00,120.47,40.50,71.94,122.80,92.56,52.50,91.00,14.40,41.50,126.85,18.35,6.00,1.00,24.75,0.00
3.899,2599.00,13.73,0.52,120.00,120.47,40.50,71.94,122.80,92.56,52.50,91.00,14.40,41.50,126.85,18.35,6.00,1.00,24.75,0.00
4.050,2599.00,13.73,0.52,120.00,120.47,40.50,71.94,122.80,92.56,52.50,91.00,14.40,41.50,126.85,18.35,6.00,1.00,24.75,0.00
4.200,2599.00,13.73,0.52,120.00,120.47,40.50,71.94,122.80,92.56,52.50,91.00,14.40,41.50,126.85,18.35,6.00,1.00,24.75,0.00
4.350,2599.00,13.73,0.52,120.00,120.47,40.50,71.94,122.80,92.56,52.50,91.00,14.40,41.50,126.85,18.35,6.00,1.00,24.75,0.00
4.500,2607.50,13.73,0.52,120.00,120.47,40.50,71.94,122.80,92.56,52.50,91.00,14.40,41.50,126.85,18.35,6.00,1.00,24.75,0.00
4.650,2607.50,13.75,0.52,120.00,120.47,40.50,71.94,122.80,92.56,52.50,91.00,14.40,41.50,126.85,18.35,6.00,1.00,24.75,0.00
4.800,2607.50,13.75,0.69,120.00,120.47,40.50,71.94,122.80,92.56,52.50,91.00,14.40,41.50,126.85,18.35,6.00,1.00,24.75,0.00
4.950,2607.50,13.75,0.69,120.00,120.47,40.50,71.94,122.80,92.56,52.50,91.00,14.40,41.50,126.85,18.35,6.00,1.00,24.75,0.00
5.100,2607.50,13.75,0.69,120.00,119.00,40.50,71.94,122.80,92.56,52.50,91.00,14.40,41.50,126.85,18.35,6.00,1.00,24.75,0.00
5.250,2607.50,13.75,0.69,120.00,119.00,39.75,71.94,122.80,92.56,52.50,91.00,14.40,41.50,126.85,18.35,6.00,1.00,24.75,0.00
5.400,2607.50,13.75,0.69,120.00,119.00,39.75,72.55,122.80,92.56,52.50,91.00,14.40,41.50,126.85,18.35,6.00,1.00,24.75,0.00
5.582,2607.50,13.75,0.69,120.00,119.00,39.75,72.55,120.00,92.56,52.50,91.00,14.40,41.50,126.85,18.35,6.00,1.00,24.75,0.00
5.730,2607.50,13.75,0.69,120.00,119.00,39.75,72.55,120.00,92.26,52.50,91.00,14.40,41.50,126.85,18.35,6.00,1.00,24.75,0.00
5.882,2607.50,13.75,0.69,120.00,119.00,39.75,72.55,120.00,92.26,53.25,91.00,14.40,41.50,126.85,18.35,6.00,1.00,24.75,0.00
6.030,2607.50,13.75,0.69,120.00,119.00,39.75,72.55,120.00,92.26,53.25,91.00,14.40,41.50,126.85,18.35,6.00,1.00,24.75,0.00
6.182,2607.50,13.75,0.69,120.00,119.00,39.75,72.55,120.00,92.26,53.25,91.00,14.40,41.50,126.85,18.35,6.00,1.00,24.75,0.00
6.330,2607.50,13.75,0.69,120.00,119.00,39.75,72.55,120.00,92.26,53.25,91.00,14.40,41.50,126.85,18.35,6.00,1.00,24.75,0.00
6.480,2607.50,13.75,0.69,120.00,119.00,39.75,72.55,120.00,92.26,53.25,91.00,14.40,41.50,127.49,18.35,6.00,1.00,24.75,0.00
6.630,2607.50,13.75,0.69,120.00,119.00,39.75,72.55,120.00,92.26,53.25,91.00,14.40,41.50,127.49,18.02,6.00,1.00,24.75,0.00
6.783,2607.50,13.75,0.69,120.00,119.00,39.75,72.55,120.00,92.26,53.25,91.00,14.40,41.50,127.49,18.02,6.00,1.00,24.75,0.00
6.930,2607.50,13.75,0.69,120.00,119.00,39.75,72.55,120.00,92.26,53.25,91.00,14.40,41.50,127.49,18.02,6.00,0.99,24.75,0.00
7.082,2607.50,13.75,0.69,120.00,119.00,39.75,72.55,120.00,92.26,53.25,91.00,14.40,41.50,127.49,18.02,6.00,0.99,26.25,0.00
7.230,2607.50,13.75,0.69,120.00,119.00,39.75,72.55,120.00,92.26,53.25,91.00,14.40,41.50,127.49,18.02,6.00,0.99,26.25,0.00
7.382,2601.00,13.75,0.69,120.00,119.00,39.75,72.55,120.00,92.26,53.25,91.00,14.40,41.50,127.49,18.02,6.00,0.99,26.25,0.00
7.530,2601.00,14.06,0.69,120.00,119.00,39.75,72.55,120.00,92.26,53.25,91.00,14.40,41.50,127.49,18.02,6.00,0.99,26.25,0.00
7.683,2601.00,14.06,0.01,120.00,119.00,39.75,72.55,120.00,92.26,53.25,91.00,14.40,41.50,127.49,18.02,6.00,0.99,26.25,0.00
7.830,2601.00,14.06,0.01,52.00,119.00,39.75,72.55,120.00,92.26,53.25,91.00,14.40,41.50,127.49,18.02,6.00,0.99,26.25,0.00
7.982,2601.00,14.06,0.01,52.00,52.94,39.75,72.55,120.00,92.26,53.25,91.00,14.40,41.50,127.49,18.02,6.00,0.99,26.25,0.00
8.130,2601.00,14.06,0.01,52.00,52.94,17.25,72.55,120.00,92.26,53.25,91.00,14.40,41.50,127.49,18.02,6.00,0.99,26.25,0.00
8.282,2601.00,14.06,0.01,52.00,52.94,17.25,73.05,120.00,92.26,53.25,91.00,14.40,41.50,127.49,18.02,6.00,0.99,26.25,0.00
8.430,2601.00,14.06,0.01,52.00,52.94,17.25,73.05,63.40,92.26,53.25,91.00,14.40,41.50,127.49,18.02,6.00,0.99,26.25,0.00
8.582,2601.00,14.06,0.01,52.00,52.94,17.25,73.05,63.40,92.06,53.25,91.00,14.40,41.50,127.49,18.02,6.00,0.99,26.25,0.00
8.730,2601.00,14.06,0.01,52.00,52.94,17.25,73.05,63.40,92.06,53.25,91.00,14.40,41.50,127.49,18.02,6.00,0.99,26.25,0.00
8.880,2601.00,14.06,0.01,52.00,52.94,17.25,73.05,63.40,92.06,53.25,91.00,14.40,41.50,127.49,18.02,6.00,0.99,26.25,0.00
9.030,2601.00,14.06,0.01,52.00,52.94,17.25,73.05,63.40,92.06,53.25,91.00,14.40,41.50,127.49,18.02,6.00,0.99,26.25,0.00
9.182,2601.00,14.06,0.01,52.00,52.94,17.25,73.05,63.40,92.06,53.25,91.00,14.40,41.50,127.49,18.02,6.00,0.99,26.25,0.00
9.330,2601.00,14.06,0.01,52.00,52.94,17.25,73.05,63.40,92.06,53.25,91.00,14.40,41.50,123.21,18.02,6.00,0.99,26.25,0.00
9.482,2601.00,14.06,0.01,52.00,52.94,17.25,73.05,63.40,92.06,53.25,91.00,14.40,41.50,123.21,29.90,6.00,0.99,26.25,0.00
9.630,2601.00,14.06,0.01,52.00,52.94,17.25,73.05,63.40,92.06,53.25,91.00,14.40,41.50,123.21,29.90,6.00,0.99,26.25,0.00
9.782,2601.00,14.06,0.01,52.00,52.94,17.25,73.05,63.40,92.06,53.25,91.00,14.40,41.50,123.21,29.90,6.00,0.85,26.25,0.00
9.930,2601.00,14.06,0.01,52.00,52.94,17.25,73.05,63.40,92.06,53.25,91.00,14.40,41.50,123.21,29.90,6.00,0.85,9.00,0.00
10.082,2601.00,14.06,0.01,52.00,52.94,17.25,73.05,63.40,92.06,53.25,91.00,14.40,41.50,123.21,29.90,6.00,0.85,9.00,0.00
10.230,3987.00,14.06,0.01,52.00,52.94,17.25,73.05,63.40,92.06,53.25,91.00,14.40,41.50,123.21,29.90,6.00,0.85,9.00,0.00
10.382,3987.00,28.37,0.01,52.00,52.94,17.25,73.05,63.40,92.06,53.25,91.00,14.40,41.50,123.21,29.90,6.00,0.85,9.00,0.00
10.530,3987.00,28.37,14.64,52.00,52.94,17.25,73.05,63.40,92.06,53.25,91.00,14.40,41.50,123.21,29.90,6.00,0.85,9.00,0.00
10.682,3987.00,28.37,14.64,1020.00,52.94,17.25,73.05,63.40,92.06,53.25,91.00,14.40,41.50,123.21,29.90,6.00,0.85,9.00,0.00
10.830,3987.00,28.37,14.64,1020.00,1292.44,17.25,73.05,63.40,92.06,53.25,91.00,14.40,41.50,123.21,29.90,6.00,0.85,9.00,0.00
10.982,3987.00,28.37,14.64,1020.00,1292.44,182.25,73.05,63.40,92.06,53.25,91.00,14.40,41.50,123.21,29.90,6.00,0.85,9.00,0.00
11.130,3987.00,28.37,14.64,1020.00,1292.44,182.25,75.15,63.40,92.06,53.25,91.00,14.40,41.50,123.21,29.90,6.00,0.85,9.00,0.00
11.282,3987.00,28.37,14.64,1020.00,1292.44,182.25,75.15,1215.70,92.06,53.25,91.00,14.40,41.50,123.21,29.90,6.00,0.85,9.00,0.00
11.430,3987.00,28.37,14.64,1020.00,1292.44,182.25,75.15,1215.70,91.76,53.25,91.00,14.40,41.50,123.21,29.90,6.00,0.85,9.00,0.00
11.583,3987.00,28.37,14.64,1020.00,1292.44,182.25,75.15,1215.70,91.76,54.00,91.00,14.40,41.50,123.21,29.90,6.00,0.85,9.00,0.00
11.730,3987.00,28.37,14.64,1020.00,1292.44,182.25,75.15,1215.70,91.76,54.00,92.00,14.40,41.50,123.21,29.90,6.00,0.85,9.00,0.00
11.882,3987.00,28.37,14.64,1020.00,1292.44,182.25,75.15,1215.70,91.76,54.00,92.00,14.39,41.50,123.21,29.90,6.00,0.85,9.00,0.00
12.030,3987.00,28.37,14.64,1020.00,1292.44,182.25,75.15,1215.70,91.76,54.00,92.00,14.39,41.50,123.21,29.90,6.00,0.85,9.00,0.00
12.182,3987.00,28.37,14.64,1020.00,1292.44,182.25,75.15,1215.70,91.76,54.00,92.00,14.39,41.50,141.69,29.90,6.00,0.85,9.00,0.00
12.330,3987.00,28.37,14.64,1020.00,1292.44,182.25,75.15,1215.70,91.76,54.00,92.00,14.39,41.50,141.69,97.96,6.00,0.85,9.00,0.00
12.481,3987.00,28.37,14.64,1020.00,1292.44,182.25,75.15,1215.70,91.76,54.00,92.00,14.39,41.50,141.69,97.96,4.00,0.85,9.00,0.00
12.630,3987.00,28.37,14.64,1020.00,1292.44,182.25,75.15,1215.70,91.76,54.00,92.00,14.39,41.50,141.69,97.96,4.00,0.94,9.00,0.00
12.781,3987.00,28.37,14.64,1020.00,1292.44,182.25,75.15,1215.70,91.76,54.00,92.00,14.39,41.50,141.69,97.96,4.00,0.94,3.00,0.00
12.930,3987.00,28.37,14.64,1020.00,1292.44,182.25,75.15,1215.70,91.76,54.00,92.00,14.39,41.50,141.69,97.96,4.00,0.94,3.00,0.00
13.082,6537.50,28.37,14.64,1020.00,1292.44,182.25,75.15,1215.70,91.76,54.00,92.00,14.39,41.50,141.69,97.96,4.00,0.94,3.00,0.00
13.262,6537.50,30.95,14.64,1020.00,1292.44,182.25,75.15,1215.70,91.76,54.00,92.00,14.39,41.50,141.69,97.96,4.00,0.94,3.00,0.00
13.410,6537.50,30.95,15.42,1020.00,1292.44,182.25,75.15,1215.70,91.76,54.00,92.00,14.39,41.50,141.69,97.96,4.00,0.94,3.00,0.00
13.561,6537.50,30.95,15.42,1020.00,1292.44,182.25,75.15,1215.70,91.76,54.00,92.00,14.39,41.50,141.69,97.96,4.00,0.94,3.00,0.00
13.710,6537.50,30.95,15.42,1020.00,1180.91,182.25,75.15,1215.70,91.76,54.00,92.00,14.39,41.50,141.69,97.96,4.00,0.94,3.00,0.00
13.860,6537.50,30.95,15.42,1020.00,1180.91,155.25,75.15,1215.70,91.76,54.00,92.00,14.39,41.50,141.69,97.96,4.00,0.94,3.00,0.00
14.010,6537.50,30.95,15.42,1020.00,1180.91,155.25,125.85,1215.70,91.76,54.00,92.00,14.39,41.50,141.69,97.96,4.00,0.94,3.00,0.00
14.161,6537.50,30.95,15.42,1020.00,1180.91,155.25,125.85,1179.30,91.76,54.00,92.00,14.39,41.50,141.69,97.96,4.00,0.94,3.00,0.00
14.310,6537.50,30.95,15.42,1020.00,1180.91,155.25,125.85,1179.30,92.86,54.00,92.00,14.39,41.50,141.69,97.96,4.00,0.94,3.00,0.00
14.461,6537.50,30.95,15.42,1020.00,1180.91,155.25,125.85,1179.30,92.86,60.00,92.00,14.39,41.50,141.69,97.96,4.00,0.94,3.00,0.00
14.610,6537.50,30.95,15.42,1020.00,1180.91,155.25,125.85,1179.30,92.86,60.00,95.00,14.39,41.50,141.69,97.96,4.00,0.94,3.00,0.00
14.761,6537.50,30.95,15.42,1020.00,1180.91,155.25,125.85,1179.30,92.86,60.00,95.00,14.39,41.50,141.69,97.96,4.00,0.94,3.00,0.00
14.910,6537.50,30.95,15.42,1020.00,1180.91,155.25,125.85,1179.30,92.86,60.00,95.00,14.39,41.50,141.69,97.96,4.00,0.94,3.00,0.00
15.061,6537.50,30.95,15.42,1020.00,1180.91,155.25,125.85,1179.30,92.86,60.00,95.00,14.39,41.50,166.05,97.96,4.00,0.94,3.00,0.00
15.210,6537.50,30.95,15.42,1020.00,1180.91,155.25,125.85,1179.30,92.86,60.00,95.00,14.39,41.50,166.05,89.29,4.00,0.94,3.00,0.00
15.360,6537.50,30.95,15.42,1020.00,1180.91,155.25,125.85,1179.30,92.86,60.00,95.00,14.39,41.50,166.05,89.29,5.00,0.94,3.00,0.00
15.510,6537.50,30.95,15.42,1020.00,1180.91,155.25,125.85,1179.30,92.86,60.00,95.00,14.39,41.50,166.05,89.29,5.00,0.83,3.00,0.00
15.660,6537.50,30.95,15.42,1020.00,1180.91,155.25,125.85,1179.30,92.86,60.00,95.00,14.39,41.50,166.05,89.29,5.00,0.83,3.00,0.00
15.810,6537.50,30.95,15.42,1020.00,1180.91,155.25,125.85,1179.30,92.86,60.00,95.00,14.39,41.50,166.05,89.29,5.00,0.83,3.00,0.00
15.962,5753.00,30.95,15.42,1020.00,1180.91,155.25,125.85,1179.30,92.86,60.00,95.00,14.39,41.50,166.05,89.29,5.00,0.83,3.00,0.00
16.110,5753.00,32.53,15.42,1020.00,1180.91,155.25,125.85,1179.30,92.86,60.00,95.00,14.39,41.50,166.05,89.29,5.00,0.83,3.00,0.00
16.261,5753.00,32.53,17.06,1020.00,1180.91,155.25,125.85,1179.30,92.86,60.00,95.00,14.39,41.50,166.05,89.29,5.00,0.83,3.00,0.00
16.410,5753.00,32.53,17.06,1020.00,1180.91,155.25,125.85,1179.30,92.86,60.00,95.00,14.39,41.50,166.05,89.29,5.00,0.83,3.00,0.00
16.561,5753.00,32.53,17.06,1020.00,1298.09,155.25,125.85,1179.30,92.86,60.00,95.00,14.39,41.50,166.05,89.29,5.00,0.83,3.00,0.00
16.710,5753.00,32.53,17.06,1020.00,1298.09,174.75,125.85,1179.30,92.86,60.00,95.00,14.39,41.50,166.05,89.29,5.00,0.83,3.00,0.00
16.861,5753.00,32.53,17.06,1020.00,1298.09,174.75,150.04,1179.30,92.86,60.00,95.00,14.39,41.50,166.05,89.29,5.00,0.83,3.00,0.00
17.010,5753.00,32.53,17.06,1020.00,1298.09,174.75,150.04,1202.60,92.86,60.00,95.00,14.39,41.50,166.05,89.29,5.00,0.83,3.00,0.00
17.160,5753.00,32.53,17.06,1020.00,1298.09,174.75,150.04,1202.60,91.46,60.00,95.00,14.39,41.50,166.05,89.29,5.00,0.83,3.00,0.00
17.310,5753.00,32.53,17.06,1020.00,1298.09,174.75,150.04,1202.60,91.46,81.75,95.00,14.39,41.50,166.05,89.29,5.00,0.83,3.00,0.00
17.462,5753.00,32.53,17.06,1020.00,1298.09,174.75,150.04,1202.60,91.46,81.75,97.00,14.39,41.50,166.05,89.29,5.00,0.83,3.00,0.00
17.610,5753.00,32.53,17.06,1020.00,1298.09,174.75,150.04,1202.60,91.46,81.75,97.00,14.39,41.50,166.05,89.29,5.00,0.83,3.00,0.00
17.762,5753.00,32.53,17.06,1020.00,1298.09,174.75,150.04,1202.60,91.46,81.75,97.00,14.39,41.50,166.05,89.29,5.00,0.83,3.00,0.00
17.910,5753.00,32.53,17.06,1020.00,1298.09,174.75,150.04,1202.60,91.46,81.75,97.00,14.39,41.50,186.18,89.29,5.00,0.83,3.00,0.00
18.062,5753.00,32.53,17.06,1020.00,1298.09,174.75,150.04,1202.60,91.46,81.75,97.00,14.39,41.50,186.18,97.98,5.00,0.83,3.00,0.00
18.210,5753.00,32.53,17.06,1020.00,1298.09,174.75,150.04,1202.60,91.46,81.75,97.00,14.39,41.50,186.18,97.98,5.00,0.83,3.00,0.00
18.362,5753.00,32.53,17.06,1020.00,1298.09,174.75,150.04,1202.60,91.46,81.75,97.00,14.39,41.50,186.18,97.98,5.00,0.81,3.00,0.00
18.510,5753.00,32.53,17.06,1020.00,1298.09,174.75,150.04,1202.60,91.46,81.75,97.00,14.39,41.50,186.18,97.98,5.00,0.81,4.50,0.00
18.660,5753.00,32.53,17.06,1020.00,1298.09,174.75,150.04,1202.60,91.46,81.75,97.00,14.39,41.50,186.18,97.98,5.00,0.81,4.50,0.00
18.810,6371.00,32.53,17.06,1020.00,1298.09,174.75,150.04,1202.60,91.46,81.75,97.00,14.39,41.50,186.18,97.98,5.00,0.81,4.50,0.00
18.962,6371.00,32.36,17.06,1020.00,1298.09,174.75,150.04,1202.60,91.46,81.75,97.00,14.39,41.50,186.18,97.98,5.00,0.81,4.50,0.00
19.110,6371.00,32.36,16.59,1020.00,1298.09,174.75,150.04,1202.60,91.46,81.75,97.00,14.39,41.50,186.18,97.98,5.00,0.81,4.50,0.00
19.262,6371.00,32.36,16.59,1020.00,1298.09,174.75,150.04,1202.60,91.46,81.75,97.00,14.39,41.50,186.18,97.98,5.00,0.81,4.50,0.00
19.410,6371.00,32.36,16.59,1020.00,1288.62,174.75,150.04,1202.60,91.46,81.75,97.00,14.39,41.50,186.18,97.98,5.00,0.81,4.50,0.00
19.563,6371.00,32.36,16.59,1020.00,1288.62,73.50,150.04,1202.60,91.46,81.75,97.00,14.39,41.50,186.18,97.98,5.00,0.81,4.50,0.00
19.710,6371.00,32.36,16.59,1020.00,1288.62,73.50,162.65,1202.60,91.46,81.75,97.00,14.39,41.50,186.18,97.98,5.00,0.81,4.50,0.00
19.863,6371.00,32.36,16.59,1020.00,1288.62,73.50,162.65,133.00,91.46,81.75,97.00,14.39,41.50,186.18,97.98,5.00,0.81,4.50,0.00
20.010,6371.00,32.36,16.59,1020.00,1288.62,73.50,162.65,133.00,92.36,81.75,97.00,14.39,41.50,186.18,97.98,5.00,0.81,4.50,0.00
20.160,6371.00,32.36,16.59,1020.00,1288.62,73.50,162.65,133.00,92.36,85.50,97.00,14.39,41.50,186.18,97.98,5.00,0.81,4.50,0.00
20.310,6371.00,32.36,16.59,1020.00,1288.62,73.50,162.65,133.00,92.36,85.50,98.00,14.39,41.50,186.18,97.98,5.00,0.81,4.50,0.00
20.462,6371.00,32.36,16.59,1020.00,1288.62,73.50,162.65,133.00,92.36,85.50,98.00,14.39,41.50,186.18,97.98,5.00,0.81,4.50,0.00
20.610,6371.00,32.36,16.59,1020.00,1288.62,73.50,162.65,133.00,92.36,85.50,98.00,14.39,41.50,186.18,97.98,5.00,0.81,4.50,0.00
20.761,6371.00,32.36,16.59,1020.00,1288.62,73.50,162.65,133.00,92.36,85.50,98.00,14.39,41.50,191.73,97.98,5.00,0.81,4.50,0.00
20.940,6371.00,32.36,16.59,1020.00,1288.62,73.50,162.65,133.00,92.36,85.50,98.00,14.39,41.50,191.73,16.96,5.00,0.81,4.50,0.00
21.090,6371.00,32.36,16.59,1020.00,1288.62,73.50,162.65,133.00,92.36,85.50,98.00,14.39,41.50,191.73,16.96,6.00,0.81,4.50,0.00
21.240,6371.00,32.36,16.59,1020.00,1288.62,73.50,162.65,133.00,92.36,85.50,98.00,14.39,41.50,191.73,16.96,6.00,0.89,4.50,0.00
21.390,6371.00,32.36,16.59,1020.00,1288.62,73.50,162.65,133.00,92.36,85.50,98.00,14.39,41.50,191.73,16.96,6.00,0.89,-1.50,0.00
21.540,6371.00,32.36,16.59,1020.00,1288.62,73.50,162.65,133.00,92.36,85.50,98.00,14.39,41.50,191.73,16.96,6.00,0.89,-1.50,0.00
21.690,4035.00,32.36,16.59,1020.00,1288.62,73.50,162.65,133.00,92.36,85.50,98.00,14.39,41.50,191.73,16.96,6.00,0.89,-1.50,0.00
21.841,4035.00,14.14,16.59,1020.00,1288.62,73.50,162.65,133.00,92.36,85.50,98.00,14.39,41.50,191.73,16.96,6.00,0.89,-1.50,0.00
21.990,4035.00,14.14,0.01,1020.00,1288.62,73.50,162.65,133.00,92.36,85.50,98.00,14.39,41.50,191.73,16.96,6.00,0.89,-1.50,0.00
22.140,4035.00,14.14,0.01,104.00,1288.62,73.50,162.65,133.00,92.36,85.50,98.00,14.39,41.50,191.73,16.96,6.00,0.89,-1.50,0.00
22.290,4035.00,14.14,0.01,104.00,107.03,73.50,162.65,133.00,92.36,85.50,98.00,14.39,41.50,191.73,16.96,6.00,0.89,-1.50,0.00
22.440,4035.00,14.14,0.01,104.00,107.03,24.00,162.65,133.00,92.36,85.50,98.00,14.39,41.50,191.73,16.96,6.00,0.89,-1.50,0.00
22.590,4035.00,14.14,0.01,104.00,107.03,24.00,156.25,133.00,92.36,85.50,98.00,14.39,41.50,191.73,16.96,6.00,0.89,-1.50,0.00
22.740,4035.00,14.14,0.01,104.00,107.03,24.00,156.25,106.30,92.36,85.50,98.00,14.39,41.50,191.73,16.96,6.00,0.89,-1.50,0.00
22.890,4035.00,14.14,0.01,104.00,107.03,24.00,156.25,106.30,93.96,85.50,98.00,14.39,41.50,191.73,16.96,6.00,0.89,-1.50,0.00
23.040,4035.00,14.14,0.01,104.00,107.03,24.00,156.25,106.30,93.96,88.50,98.00,14.39,41.50,191.73,16.96,6.00,0.89,-1.50,0.00
23.190,4035.00,14.14,0.01,104.00,107.03,24.00,156.25,106.30,93.96,88.50,98.00,14.39,41.50,191.73,16.96,6.00,0.89,-1.50,0.00
23.341,4035.00,14.14,0.01,104.00,107.03,24.00,156.25,106.30,93.96,88.50,98.00,14.39,41.50,191.73,16.96,6.00,0.89,-1.50,0.00
23.490,4035.00,14.14,0.01,104.00,107.03,24.00,156.25,106.30,93.96,88.50,98.00,14.39,41.50,191.73,16.96,6.00,0.89,-1.50,0.00
23.640,4035.00,14.14,0.01,104.00,107.03,24.00,156.25,106.30,93.96,88.50,98.00,14.39,41.50,181.85,16.96,6.00,0.89,-1.50,0.00
23.790,4035.00,14.14,0.01,104.00,107.03,24.00,156.25,106.30,93.96,88.50,98.00,14.39,41.50,181.85,20.69,6.00,0.89,-1.50,0.00
23.940,4035.00,14.14,0.01,104.00,107.03,24.00,156.25,106.30,93.96,88.50,98.00,14.39,41.50,181.85,20.69,6.00,0.89,-1.50,0.00
24.090,4035.00,14.14,0.01,104.00,107.03,24.00,156.25,106.30,93.96,88.50,98.00,14.39,41.50,181.85,20.69,6.00,16.00,-1.50,0.00
24.240,4035.00,14.14,0.01,104.00,107.03,24.00,156.25,106.30,93.96,88.50,98.00,14.39,41.50,181.85,20.69,6.00,16.00,-9.00,0.00
24.390,4035.00,14.14,0.01,104.00,107.03,24.00,156.25,106.30,93.96,88.50,98.00,14.39,41.50,181.85,20.69,6.00,16.00,-9.00,0.00
24.541,3631.50,14.14,0.01,104.00,107.03,24.00,156.25,106.30,93.96,88.50,98.00,14.39,41.50,181.85,20.69,6.00,16.00,-9.00,0.00
24.690,3631.50,14.30,0.01,104.00,107.03,24.00,156.25,106.30,93.96,88.50,98.00,14.39,41.50,181.85,20.69,6.00,16.00,-9.00,0.00
24.840,3631.50,14.30,0.00,104.00,107.03,24.00,156.25,106.30,93.96,88.50,98.00,14.39,41.50,181.85,20.69,6.00,16.00,-9.00,0.00
24.990,3631.50,14.30,0.00,100.00,107.03,24.00,156.25,106.30,93.96,88.50,98.00,14.39,41.50,181.85,20.69,6.00,16.00,-9.00,0.00
25.140,3631.50,14.30,0.00,100.00,101.38,24.00,156.25,106.30,93.96,88.50,98.00,14.39,41.50,181.85,20.69,6.00,16.00,-9.00,0.00
25.290,3631.50,14.30,0.00,100.00,101.38,24.00,156.25,106.30,93.96,88.50,98.00,14.39,41.50,181.85,20.69,6.00,16.00,-9.00,0.00
25.440,3631.50,14.30,0.00,100.00,101.38,24.00,138.04,106.30,93.96,88.50,98.00,14.39,41.50,181.85,20.69,6.00,16.00,-9.00,0.00
25.590,3631.50,14.30,0.00,100.00,101.38,24.00,138.04,100.00,93.96,88.50,98.00,14.39,41.50,181.85,20.69,6.00,16.00,-9.00,0.00
25.740,3631.50,14.30,0.00,100.00,101.38,24.00,138.04,100.00,93.96,88.50,98.00,14.39,41.50,181.85,20.69,6.00,16.00,-9.00,0.00
25.890,3631.50,14.30,0.00,100.00,101.38,24.00,138.04,100.00,93.96,87.75,98.00,14.39,41.50,181.85,20.69,6.00,16.00,-9.00,0.00
26.040,3631.50,14.30,0.00,100.00,101.38,24.00,138.04,100.00,93.96,87.75,98.00,14.39,41.50,181.85,20.69,6.00,16.00,-9.00,0.00
26.190,3631.50,14.30,0.00,100.00,101.38,24.00,138.04,100.00,93.96,87.75,98.00,14.39,41.50,181.85,20.69,6.00,16.00,-9.00,0.00
26.340,3631.50,14.30,0.00,100.00,101.38,24.00,138.04,100.00,93.96,87.75,98.00,14.39,41.50,181.85,20.69,6.00,16.00,-9.00,0.00
26.490,3631.50,14.30,0.00,100.00,101.38,24.00,138.04,100.00,93.96,87.75,98.00,14.39,41.50,172.58,20.69,6.00,16.00,-9.00,0.00
26.640,3631.50,14.30,0.00,100.00,101.38,24.00,138.04,100.00,93.96,87.75,98.00,14.39,41.50,172.58,20.25,6.00,16.00,-9.00,0.00
26.790,3631.50,14.30,0.00,100.00,101.38,24.00,138.04,100.00,93.96,87.75,98.00,14.39,41.50,172.58,20.25,6.00,16.00,-9.00,0.00
26.940,3631.50,14.30,0.00,100.00,101.38,24.00,138.04,100.00,93.96,87.75,98.00,14.39,41.50,172.58,20.25,6.00,16.00,-9.00,0.00
27.090,3631.50,14.30,0.00,100.00,101.38,24.00,138.04,100.00,93.96,87.75,98.00,14.39,41.50,172.58,20.25,6.00,16.00,-9.00,0.00
27.240,3631.50,14.30,0.00,100.00,101.38,24.00,138.04,100.00,93.96,87.75,98.00,14.39,41.50,172.58,20.25,6.00,16.00,-9.00,0.00
27.390,3467.50,14.30,0.00,100.00,101.38,24.00,138.04,100.00,93.96,87.75,98.00,14.39,41.50,172.58,20.25,6.00,16.00,-9.00,0.00
27.541,3467.50,14.29,0.00,100.00,101.38,24.00,138.04,100.00,93.96,87.75,98.00,14.39,41.50,172.58,20.25,6.00,16.00,-9.00,0.00
27.690,3467.50,14.29,0.00,100.00,101.38,24.00,138.04,100.00,93.96,87.75,98.00,14.39,41.50,172.58,20.25,6.00,16.00,-9.00,0.00
27.841,3467.50,14.29,0.00,96.00,101.38,24.00,138.04,100.00,93.96,87.75,98.00,14.39,41.50,172.58,20.25,6.00,16.00,-9.00,0.00
27.990,3467.50,14.29,0.00,96.00,96.94,24.00,138.04,100.00,93.96,87.75,98.00,14.39,41.50,172.58,20.25,6.00,16.00,-9.00,0.00
28.140,3467.50,14.29,0.00,96.00,96.94,24.00,138.04,100.00,93.96,87.75,98.00,14.39,41.50,172.58,20.25,6.00,16.00,-9.00,0.00
28.291,3467.50,14.29,0.00,96.00,96.94,24.00,123.25,100.00,93.96,87.75,98.00,14.39,41.50,172.58,20.25,6.00,16.00,-9.00,0.00
28.440,3467.50,14.29,0.00,96.00,96.94,24.00,123.25,95.00,93.96,87.75,98.00,14.39,41.50,172.58,20.25,6.00,16.00,-9.00,0.00
28.620,3467.50,14.29,0.00,96.00,96.94,24.00,123.25,95.00,92.56,87.75,98.00,14.39,41.50,172.58,20.25,6.00,16.00,-9.00,0.00
28.772,3467.50,14.29,0.00,96.00,96.94,24.00,123.25,95.00,92.56,87.00,98.00,14.39,41.50,172.58,20.25,6.00,16.00,-9.00,0.00
28.920,3467.50,14.29,0.00,96.00,96.94,24.00,123.25,95.00,92.56,87.00,97.00,14.39,41.50,172.58,20.25,6.00,16.00,-9.00,0.00
29.072,3467.50,14.29,0.00,96.00,96.94,24.00,123.25,95.00,92.56,87.00,97.00,14.39,41.50,172.58,20.25,6.00,16.00,-9.00,0.00
29.221,3467.50,14.29,0.00,96.00,96.94,24.00,123.25,95.00,92.56,87.00,97.00,14.39,42.00,172.58,20.25,6.00,16.00,-9.00,0.00
29.372,3467.50,14.29,0.00,96.00,96.94,24.00,123.25,95.00,92.56,87.00,97.00,14.39,42.00,163.72,20.25,6.00,16.00,-9.00,0.00
29.520,3467.50,14.29,0.00,96.00,96.94,24.00,123.25,95.00,92.56,87.00,97.00,14.39,42.00,163.72,19.68,6.00,16.00,-9.00,0.00
29.672,3467.50,14.29,0.00,96.00,96.94,24.00,123.25,95.00,92.56,87.00,97.00,14.39,42.00,163.72,19.68,6.00,16.00,-9.00,0.00
29.820,3467.50,14.29,0.00,96.00,96.94,24.00,123.25,95.00,92.56,87.00,97.00,14.39,42.00,163.72,19.68,6.00,16.00,-9.00,0.00
29.972,3467.50,14.29,0.00,96.00,96.94,24.00,123.25,95.00,92.56,87.00,97.00,14.39,42.00,163.72,19.68,6.00,16.00,-10.50,0.00
30.120,3467.50,14.29,0.00,96.00,96.94,24.00,123.25,95.00,92.56,87.00,97.00,14.39,42.00,163.72,19.68,6.00,16.00,-10.50,0.00
30.271,3284.00,14.29,0.00,96.00,96.94,24.00,123.25,95.00,92.56,87.00,97.00,14.39,42.00,163.72,19.68,6.00,16.00,-10.50,0.00
30.420,3284.00,14.26,0.00,96.00,96.94,24.00,123.25,95.00,92.56,87.00,97.00,14.39,42.00,163.72,19.68,6.00,16.00,-10.50,0.00
30.571,3284.00,14.26,0.00,96.00,96.94,24.00,123.25,95.00,92.56,87.00,97.00,14.39,42.00,163.72,19.68,6.00,16.00,-10.50,0.00
30.720,3284.00,14.26,0.00,88.00,96.94,24.00,123.25,95.00,92.56,87.00,97.00,14.39,42.00,163.72,19.68,6.00,16.00,-10.50,0.00
30.872,3284.00,14.26,0.00,88.00,91.22,24.00,123.25,95.00,92.56,87.00,97.00,14.39,42.00,163.72,19.68,6.00,16.00,-10.50,0.00
31.021,3284.00,14.26,0.00,88.00,91.22,24.00,123.25,95.00,92.56,87.00,97.00,14.39,42.00,163.72,19.68,6.00,16.00,-10.50,0.00
31.171,3284.00,14.26,0.00,88.00,91.22,24.00,113.55,95.00,92.56,87.00,97.00,14.39,42.00,163.72,19.68,6.00,16.00,-10.50,0.00
31.320,3284.00,14.26,0.00,88.00,91.22,24.00,113.55,89.90,92.56,87.00,97.00,14.39,42.00,163.72,19.68,6.00,16.00,-10.50,0.00
31.472,3284.00,14.26,0.00,88.00,91.22,24.00,113.55,89.90,90.86,87.00,97.00,14.39,42.00,163.72,19.68,6.00,16.00,-10.50,0.00
31.621,3284.00,14.26,0.00,88.00,91.22,24.00,113.55,89.90,90.86,84.75,97.00,14.39,42.00,163.72,19.68,6.00,16.00,-10.50,0.00
31.772,3284.00,14.26,0.00,88.00,91.22,24.00,113.55,89.90,90.86,84.75,97.00,14.39,42.00,163.72,19.68,6.00,16.00,-10.50,0.00
31.921,3284.00,14.26,0.00,88.00,91.22,24.00,113.55,89.90,90.86,84.75,97.00,14.39,42.00,163.72,19.68,6.00,16.00,-10.50,0.00
32.072,3284.00,14.26,0.00,88.00,91.22,24.00,113.55,89.90,90.86,84.75,97.00,14.39,42.00,163.72,19.68,6.00,16.00,-10.50,0.00
32.220,3284.00,14.26,0.00,88.00,91.22,24.00,113.55,89.90,90.86,84.75,97.00,14.39,42.00,155.91,19.68,6.00,16.00,-10.50,0.00
32.372,3284.00,14.26,0.00,88.00,91.22,24.00,113.55,89.90,90.86,84.75,97.00,14.39,42.00,155.91,19.63,6.00,16.00,-10.50,0.00
32.520,3284.00,14.26,0.00,88.00,91.22,24.00,113.55,89.90,90.86,84.75,97.00,14.39,42.00,155.91,19.63,6.00,16.00,-10.50,0.00
32.671,3284.00,14.26,0.00,88.00,91.22,24.00,113.55,89.90,90.86,84.75,97.00,14.39,42.00,155.91,19.63,6.00,16.00,-10.50,0.00
32.820,3284.00,14.26,0.00,88.00,91.22,24.00,113.55,89.90,90.86,84.75,97.00,14.39,42.00,155.91,19.63,6.00,16.00,-10.50,0.00
32.972,3284.00,14.26,0.00,88.00,91.22,24.00,113.55,89.90,90.86,84.75,97.00,14.39,42.00,155.91,19.63,6.00,16.00,-10.50,0.00
33.121,3134.50,14.26,0.00,88.00,91.22,24.00,113.55,89.90,90.86,84.75,97.00,14.39,42.00,155.91,19.63,6.00,16.00,-10.50,0.00
33.272,3134.50,14.27,0.00,88.00,91.22,24.00,113.55,89.90,90.86,84.75,97.00,14.39,42.00,155.91,19.63,6.00,16.00,-10.50,0.00
33.421,3134.50,14.27,0.00,88.00,91.22,24.00,113.55,89.90,90.86,84.75,97.00,14.39,42.00,155.91,19.63,6.00,16.00,-10.50,0.00
33.572,3134.50,14.27,0.00,84.00,91.22,24.00,113.55,89.90,90.86,84.75,97.00,14.39,42.00,155.91,19.63,6.00,16.00,-10.50,0.00
33.720,3134.50,14.27,0.00,84.00,86.69,24.00,113.55,89.90,90.86,84.75,97.00,14.39,42.00,155.91,19.63,6.00,16.00,-10.50,0.00
33.872,3134.50,14.27,0.00,84.00,86.69,24.00,113.55,89.90,90.86,84.75,97.00,14.39,42.00,155.91,19.63,6.00,16.00,-10.50,0.00
34.020,3134.50,14.27,0.00,84.00,86.69,24.00,106.05,89.90,90.86,84.75,97.00,14.39,42.00,155.91,19.63,6.00,16.00,-10.50,0.00
34.172,3134.50,14.27,0.00,84.00,86.69,24.00,106.05,85.70,90.86,84.75,97.00,14.39,42.00,155.91,19.63,6.00,16.00,-10.50,0.00
34.321,3134.50,14.27,0.00,84.00,86.69,24.00,106.05,85.70,88.76,84.75,97.00,14.39,42.00,155.91,19.63,6.00,16.00,-10.50,0.00
34.470,3134.50,14.27,0.00,84.00,86.69,24.00,106.05,85.70,88.76,83.25,97.00,14.39,42.00,155.91,19.63,6.00,16.00,-10.50,0.00
34.621,3134.50,14.27,0.00,84.00,86.69,24.00,106.05,85.70,88.76,83.25,96.00,14.39,42.00,155.91,19.63,6.00,16.00,-10.50,0.00
34.772,3134.50,14.27,0.00,84.00,86.69,24.00,106.05,85.70,88.76,83.25,96.00,14.39,42.00,155.91,19.63,6.00,16.00,-10.50,0.00
34.921,3134.50,14.27,0.00,84.00,86.69,24.00,106.05,85.70,88.76,83.25,96.00,14.39,42.00,155.91,19.63,6.00,16.00,-10.50,0.00
35.131,3134.50,14.27,0.00,84.00,86.69,24.00,106.05,85.70,88.76,83.25,96.00,14.39,42.00,147.80,19.63,6.00,16.00,-10.50,0.00
35.283,3134.50,14.27,0.00,84.00,86.69,24.00,106.05,85.70,88.76,83.25,96.00,14.39,42.00,147.80,19.49,6.00,16.00,-10.50,0.00
35.431,3134.50,14.27,0.00,84.00,86.69,24.00,106.05,85.70,88.76,83.25,96.00,14.39,42.00,147.80,19.49,6.00,16.00,-10.50,0.00
35.583,3134.50,14.27,0.00,84.00,86.69,24.00,106.05,85.70,88.76,83.25,96.00,14.39,42.00,147.80,19.49,6.00,16.00,-10.50,0.00
35.731,3134.50,14.27,0.00,84.00,86.69,24.00,106.05,85.70,88.76,83.25,96.00,14.39,42.00,147.80,19.49,6.00,16.00,-12.00,0.00
35.883,3134.50,14.27,0.00,84.00,86.69,24.00,106.05,85.70,88.76,83.25,96.00,14.39,42.00,147.80,19.49,6.00,16.00,-12.00,0.00
36.031,2966.00,14.27,0.00,84.00,86.69,24.00,106.05,85.70,88.76,83.25,96.00,14.39,42.00,147.80,19.49,6.00,16.00,-12.00,0.00
36.181,2966.00,14.25,0.00,84.00,86.69,24.00,106.05,85.70,88.76,83.25,96.00,14.39,42.00,147.80,19.49,6.00,16.00,-12.00,0.00
36.331,2966.00,14.25,0.00,84.00,86.69,24.00,106.05,85.70,88.76,83.25,96.00,14.39,42.00,147.80,19.49,6.00,16.00,-12.00,0.00
36.483,2966.00,14.25,0.00,80.00,86.69,24.00,106.05,85.70,88.76,83.25,96.00,14.39,42.00,147.80,19.49,6.00,16.00,-12.00,0.00
36.630,2966.00,14.25,0.00,80.00,81.41,24.00,106.05,85.70,88.76,83.25,96.00,14.39,42.00,147.80,19.49,6.00,16.00,-12.00,0.00
36.783,2966.00,14.25,0.00,80.00,81.41,23.25,106.05,85.70,88.76,83.25,96.00,14.39,42.00,147.80,19.49,6.00,16.00,-12.00,0.00
36.931,2966.00,14.25,0.00,80.00,81.41,23.25,101.24,85.70,88.76,83.25,96.00,14.39,42.00,147.80,19.49,6.00,16.00,-12.00,0.00
37.083,2966.00,14.25,0.00,80.00,81.41,23.25,101.24,80.20,88.76,83.25,96.00,14.39,42.00,147.80,19.49,6.00,16.00,-12.00,0.00
37.231,2966.00,14.25,0.00,80.00,81.41,23.25,101.24,80.20,86.96,83.25,96.00,14.39,42.00,147.80,19.49,6.00,16.00,-12.00,0.00
37.383,2966.00,14.25,0.00,80.00,81.41,23.25,101.24,80.20,86.96,81.75,96.00,14.39,42.00,147.80,19.49,6.00,16.00,-12.00,0.00
37.530,2966.00,14.25,0.00,80.00,81.41,23.25,101.24,80.20,86.96,81.75,96.00,14.39,42.00,147.80,19.49,6.00,16.00,-12.00,0.00
37.683,2966.00,14.25,0.00,80.00,81.41,23.25,101.24,80.20,86.96,81.75,96.00,14.38,42.00,147.80,19.49,6.00,16.00,-12.00,0.00
37.831,2966.00,14.25,0.00,80.00,81.41,23.25,101.24,80.20,86.96,81.75,96.00,14.38,42.00,147.80,19.49,6.00,16.00,-12.00,0.00
37.982,2966.00,14.25,0.00,80.00,81.41,23.25,101.24,80.20,86.96,81.75,96.00,14.38,42.00,140.97,19.49,6.00,16.00,-12.00,0.00
38.131,2966.00,14.25,0.00,80.00,81.41,23.25,101.24,80.20,86.96,81.75,96.00,14.38,42.00,140.97,20.78,6.00,16.00,-12.00,0.00
38.283,2966.00,14.25,0.00,80.00,81.41,23.25,101.24,80.20,86.96,81.75,96.00,14.38,42.00,140.97,20.78,6.00,16.00,-12.00,0.00
38.430,2966.00,14.25,0.00,80.00,81.41,23.25,101.24,80.20,86.96,81.75,96.00,14.38,42.00,140.97,20.78,6.00,0.92,-12.00,0.00
38.580,2966.00,14.25,0.00,80.00,81.41,23.25,101.24,80.20,86.96,81.75,96.00,14.38,42.00,140.97,20.78,6.00,0.92,25.50,0.00
38.731,2966.00,14.25,0.00,80.00,81.41,23.25,101.24,80.20,86.96,81.75,96.00,14.38,42.00,140.97,20.78,6.00,0.92,25.50,0.00
38.883,2886.00,14.25,0.00,80.00,81.41,23.25,101.24,80.20,86.96,81.75,96.00,14.38,42.00,140.97,20.78,6.00,0.92,25.50,0.00
39.031,2886.00,14.05,0.00,80.00,81.41,23.25,101.24,80.20,86.96,81.75,96.00,14.38,42.00,140.97,20.78,6.00,0.92,25.50,0.00
39.183,2886.00,14.05,1.71,80.00,81.41,23.25,101.24,80.20,86.96,81.75,96.00,14.38,42.00,140.97,20.78,6.00,0.92,25.50,0.00
39.333,2886.00,14.05,1.71,160.00,81.41,23.25,101.24,80.20,86.96,81.75,96.00,14.38,42.00,140.97,20.78,6.00,0.92,25.50,0.00
39.483,2886.00,14.05,1.71,160.00,165.53,23.25,101.24,80.20,86.96,81.75,96.00,14.38,42.00,140.97,20.78,6.00,0.92,25.50,0.00
39.630,2886.00,14.05,1.71,160.00,165.53,48.75,101.24,80.20,86.96,81.75,96.00,14.38,42.00,140.97,20.78,6.00,0.92,25.50,0.00
39.781,2886.00,14.05,1.71,160.00,165.53,48.75,97.96,80.20,86.96,81.75,96.00,14.38,42.00,140.97,20.78,6.00,0.92,25.50,0.00
39.931,2886.00,14.05,1.71,160.00,165.53,48.75,97.96,165.00,86.96,81.75,96.00,14.38,42.00,140.97,20.78,6.00,0.92,25.50,0.00
40.083,2886.00,14.05,1.71,160.00,165.53,48.75,97.96,165.00,85.66,81.75,96.00,14.38,42.00,140.97,20.78,6.00,0.92,25.50,0.00
40.261,2886.00,14.05,1.71,160.00,165.53,48.75,97.96,165.00,85.66,79.50,96.00,14.38,42.00,140.97,20.78,6.00,0.92,25.50,0.00
40.411,2886.00,14.05,1.71,160.00,165.53,48.75,97.96,165.00,85.66,79.50,95.00,14.38,42.00,140.97,20.78,6.00,0.92,25.50,0.00
40.561,2886.00,14.05,1.71,160.00,165.53,48.75,97.96,165.00,85.66,79.50,95.00,14.39,42.00,140.97,20.78,6.00,0.92,25.50,0.00
40.711,2886.00,14.05,1.71,160.00,165.53,48.75,97.96,165.00,85.66,79.50,95.00,14.39,42.00,140.97,20.78,6.00,0.92,25.50,0.00
40.863,2886.00,14.05,1.71,160.00,165.53,48.75,97.96,165.00,85.66,79.50,95.00,14.39,42.00,141.57,20.78,6.00,0.92,25.50,0.00
41.011,2886.00,14.05,1.71,160.00,165.53,48.75,97.96,165.00,85.66,79.50,95.00,14.39,42.00,141.57,19.09,6.00,0.92,25.50,0.00
41.163,2886.00,14.05,1.71,160.00,165.53,48.75,97.96,165.00,85.66,79.50,95.00,14.39,42.00,141.57,19.09,6.00,0.92,25.50,0.00
41.311,2886.00,14.05,1.71,160.00,165.53,48.75,97.96,165.00,85.66,79.50,95.00,14.39,42.00,141.57,19.09,6.00,1.00,25.50,0.00
41.463,2886.00,14.05,1.71,160.00,165.53,48.75,97.96,165.00,85.66,79.50,95.00,14.39,42.00,141.57,19.09,6.00,1.00,24.00,0.00
41.611,2886.00,14.05,1.71,160.00,165.53,48.75,97.96,165.00,85.66,79.50,95.00,14.39,42.00,141.57,19.09,6.00,1.00,24.00,0.00
41.761,2906.00,14.05,1.71,160.00,165.53,48.75,97.96,165.00,85.66,79.50,95.00,14.39,42.00,141.57,19.09,6.00,1.00,24.00,0.00
41.911,2906.00,13.76,1.71,160.00,165.53,48.75,97.96,165.00,85.66,79.50,95.00,14.39,42.00,141.57,19.09,6.00,1.00,24.00,0.00
42.063,2906.00,13.76,2.71,160.00,165.53,48.75,97.96,165.00,85.66,79.50,95.00,14.39,42.00,141.57,19.09,6.00,1.00,24.00,0.00
42.211,2906.00,13.76,2.71,156.00,165.53,48.75,97.96,165.00,85.66,79.50,95.00,14.39,42.00,141.57,19.09,6.00,1.00,24.00,0.00
42.363,2906.00,13.76,2.71,156.00,155.78,48.75,97.96,165.00,85.66,79.50,95.00,14.39,42.00,141.57,19.09,6.00,1.00,24.00,0.00
42.511,2906.00,13.76,2.71,156.00,155.78,46.50,97.96,165.00,85.66,79.50,95.00,14.39,42.00,141.57,19.09,6.00,1.00,24.00,0.00
42.691,2906.00,13.76,2.71,156.00,155.78,46.50,97.54,165.00,85.66,79.50,95.00,14.39,42.00,141.57,19.09,6.00,1.00,24.00,0.00
42.840,2906.00,13.76,2.71,156.00,155.78,46.50,97.54,156.50,85.66,79.50,95.00,14.39,42.00,141.57,19.09,6.00,1.00,24.00,0.00
42.991,2906.00,13.76,2.71,156.00,155.78,46.50,97.54,156.50,85.06,79.50,95.00,14.39,42.00,141.57,19.09,6.00,1.00,24.00,0.00
43.141,2906.00,13.76,2.71,156.00,155.78,46.50,97.54,156.50,85.06,78.00,95.00,14.39,42.00,141.57,19.09,6.00,1.00,24.00,0.00
43.290,2906.00,13.76,2.71,156.00,155.78,46.50,97.54,156.50,85.06,78.00,95.00,14.39,42.00,141.57,19.09,6.00,1.00,24.00,0.00
43.441,2906.00,13.76,2.71,156.00,155.78,46.50,97.54,156.50,85.06,78.00,95.00,14.39,42.00,141.57,19.09,6.00,1.00,24.00,0.00
43.591,2906.00,13.76,2.71,156.00,155.78,46.50,97.54,156.50,85.06,78.00,95.00,14.39,42.00,141.57,19.09,6.00,1.00,24.00,0.00
43.741,2906.00,13.76,2.71,156.00,155.78,46.50,97.54,156.50,85.06,78.00,95.00,14.39,42.00,142.32,19.09,6.00,1.00,24.00,0.00
43.891,2906.00,13.76,2.71,156.00,155.78,46.50,97.54,156.50,85.06,78.00,95.00,14.39,42.00,142.32,18.62,6.00,1.00,24.00,0.00
44.041,2906.00,13.76,2.71,156.00,155.78,46.50,97.54,156.50,85.06,78.00,95.00,14.39,42.00,142.32,18.62,6.00,1.00,24.00,0.00
44.190,2906.00,13.76,2.71,156.00,155.78,46.50,97.54,156.50,85.06,78.00,95.00,14.39,42.00,142.32,18.62,6.00,1.00,24.00,0.00
44.341,2906.00,13.76,2.71,156.00,155.78,46.50,97.54,156.50,85.06,78.00,95.00,14.39,42.00,142.32,18.62,6.00,1.00,25.50,0.00
44.491,2906.00,13.76,2.71,156.00,155.78,46.50,97.54,156.50,85.06,78.00,95.00,14.39,42.00,142.32,18.62,6.00,1.00,25.50,0.00
44.640,2919.00,13.76,2.71,156.00,155.78,46.50,97.54,156.50,85.06,78.00,95.00,14.39,42.00,142.32,18.62,6.00,1.00,25.50,0.00
44.791,2919.00,13.74,2.71,156.00,155.78,46.50,97.54,156.50,85.06,78.00,95.00,14.39,42.00,142.32,18.62,6.00,1.00,25.50,0.00
44.941,2919.00,13.74,2.35,156.00,155.78,46.50,97.54,156.50,85.06,78.00,95.00,14.39,42.00,142.32,18.62,6.00,1.00,25.50,0.00
45.090,2919.00,13.74,2.35,144.00,155.78,46.50,97.54,156.50,85.06,78.00,95.00,14.39,42.00,142.32,18.62,6.00,1.00,25.50,0.00
45.241,2919.00,13.74,2.35,144.00,142.28,46.50,97.54,156.50,85.06,78.00,95.00,14.39,42.00,142.32,18.62,6.00,1.00,25.50,0.00
45.391,2919.00,13.74,2.35,144.00,142.28,42.00,97.54,156.50,85.06,78.00,95.00,14.39,42.00,142.32,18.62,6.00,1.00,25.50,0.00
45.541,2919.00,13.74,2.35,144.00,142.28,42.00,98.15,156.50,85.06,78.00,95.00,14.39,42.00,142.32,18.62,6.00,1.00,25.50,0.00
45.691,2919.00,13.74,2.35,144.00,142.28,42.00,98.15,143.10,85.06,78.00,95.00,14.39,42.00,142.32,18.62,6.00,1.00,25.50,0.00
45.841,2919.00,13.74,2.35,144.00,142.28,42.00,98.15,143.10,84.86,78.00,95.00,14.39,42.00,142.32,18.62,6.00,1.00,25.50,0.00
45.991,2919.00,13.74,2.35,144.00,142.28,42.00,98.15,143.10,84.86,77.25,95.00,14.39,42.00,142.32,18.62,6.00,1.00,25.50,0.00
46.141,2919.00,13.74,2.35,144.00,142.28,42.00,98.15,143.10,84.86,77.25,94.00,14.39,42.00,142.32,18.62,6.00,1.00,25.50,0.00
46.291,2919.00,13.74,2.35,144.00,142.28,42.00,98.15,143.10,84.86,77.25,94.00,14.39,42.00,142.32,18.62,6.00,1.00,25.50,0.00
46.441,2919.00,13.74,2.35,144.00,142.28,42.00,98.15,143.10,84.86,77.25,94.00,14.39,42.00,142.32,18.62,6.00,1.00,25.50,0.00
46.591,2919.00,13.74,2.35,144.00,142.28,42.00,98.15,143.10,84.86,77.25,94.00,14.39,42.00,142.38,18.62,6.00,1.00,25.50,0.00
46.741,2919.00,13.74,2.35,144.00,142.28,42.00,98.15,143.10,84.86,77.25,94.00,14.39,42.00,142.38,18.93,6.00,1.00,25.50,0.00
46.891,2919.00,13.74,2.35,144.00,142.28,42.00,98.15,143.10,84.86,77.25,94.00,14.39,42.00,142.38,18.93,6.00,1.00,25.50,0.00
47.041,2919.00,13.74,2.35,144.00,142.28,42.00,98.15,143.10,84.86,77.25,94.00,14.39,42.00,142.38,18.93,6.00,1.00,25.50,0.00
47.191,2919.00,13.74,2.35,144.00,142.28,42.00,98.15,143.10,84.86,77.25,94.00,14.39,42.00,142.38,18.93,6.00,1.00,26.25,0.00
47.341,2919.00,13.74,2.35,144.00,142.28,42.00,98.15,143.10,84.86,77.25,94.00,14.39,42.00,142.38,18.93,6.00,1.00,26.25,0.00
47.491,2921.00,13.74,2.35,144.00,142.28,42.00,98.15,143.10,84.86,77.25,94.00,14.39,42.00,142.38,18.93,6.00,1.00,26.25,0.00
47.641,2921.00,13.72,2.35,144.00,142.28,42.00,98.15,143.10,84.86,77.25,94.00,14.39,42.00,142.38,18.93,6.00,1.00,26.25,0.00
47.821,2921.00,13.72,1.99,144.00,142.28,42.00,98.15,143.10,84.86,77.25,94.00,14.39,42.00,142.38,18.93,6.00,1.00,26.25,0.00
47.972,2921.00,13.72,1.99,128.00,142.28,42.00,98.15,143.10,84.86,77.25,94.00,14.39,42.00,142.38,18.93,6.00,1.00,26.25,0.00
48.121,2921.00,13.72,1.99,128.00,129.09,42.00,98.15,143.10,84.86,77.25,94.00,14.39,42.00,142.38,18.93,6.00,1.00,26.25,0.00
48.272,2921.00,13.72,1.99,128.00,129.09,38.25,98.15,143.10,84.86,77.25,94.00,14.39,42.00,142.38,18.93,6.00,1.00,26.25,0.00
48.422,2921.00,13.72,1.99,128.00,129.09,38.25,97.84,143.10,84.86,77.25,94.00,14.39,42.00,142.38,18.93,6.00,1.00,26.25,0.00
48.571,2921.00,13.72,1.99,128.00,129.09,38.25,97.84,133.60,84.86,77.25,94.00,14.39,42.00,142.38,18.93,6.00,1.00,26.25,0.00
48.721,2921.00,13.72,1.99,128.00,129.09,38.25,97.84,133.60,84.66,77.25,94.00,14.39,42.00,142.38,18.93,6.00,1.00,26.25,0.00
48.872,2921.00,13.72,1.99,128.00,129.09,38.25,97.84,133.60,84.66,77.25,94.00,14.39,42.00,142.38,18.93,6.00,1.00,26.25,0.00
49.020,2921.00,13.72,1.99,128.00,129.09,38.25,97.84,133.60,84.66,77.25,93.00,14.39,42.00,142.38,18.93,6.00,1.00,26.25,0.00
49.172,2921.00,13.72,1.99,128.00,129.09,38.25,97.84,133.60,84.66,77.25,93.00,14.39,42.00,142.38,18.93,6.00,1.00,26.25,0.00
49.321,2921.00,13.72,1.99,128.00,129.09,38.25,97.84,133.60,84.66,77.25,93.00,14.39,42.00,142.38,18.93,6.00,1.00,26.25,0.00
49.472,2921.00,13.72,1.99,128.00,129.09,38.25,97.84,133.60,84.66,77.25,93.00,14.39,42.00,142.35,18.93,6.00,1.00,26.25,0.00
49.621,2921.00,13.72,1.99,128.00,129.09,38.25,97.84,133.60,84.66,77.25,93.00,14.39,42.00,142.35,18.85,6.00,1.00,26.25,0.00
49.772,2921.00,13.72,1.99,128.00,129.09,38.25,97.84,133.60,84.66,77.25,93.00,14.39,42.00,142.35,18.85,6.00,1.00,26.25,0.00
49.921,2921.00,13.72,1.99,128.00,129.09,38.25,97.84,133.60,84.66,77.25,93.00,14.39,42.00,142.35,18.85,6.00,1.00,26.25,0.00
50.072,2921.00,13.72,1.99,128.00,129.09,38.25,97.84,133.60,84.66,77.25,93.00,14.39,42.00,142.35,18.85,6.00,1.00,27.75,0.00
50.221,2921.00,13.72,1.99,128.00,129.09,38.25,97.84,133.60,84.66,77.25,93.00,14.39,42.00,142.35,18.85,6.00,1.00,27.75,0.00
50.372,2922.50,13.72,1.99,128.00,129.09,38.25,97.84,133.60,84.66,77.25,93.00,14.39,42.00,142.35,18.85,6.00,1.00,27.75,0.00
50.521,2922.50,13.70,1.99,128.00,129.09,38.25,97.84,133.60,84.66,77.25,93.00,14.39,42.00,142.35,18.85,6.00,1.00,27.75,0.00
50.672,2922.50,13.70,1.67,128.00,129.09,38.25,97.84,133.60,84.66,77.25,93.00,14.39,42.00,142.35,18.85,6.00,1.00,27.75,0.00
50.821,2922.50,13.70,1.67,132.00,129.09,38.25,97.84,133.60,84.66,77.25,93.00,14.39,42.00,142.35,18.85,6.00,1.00,27.75,0.00
50.971,2922.50,13.70,1.67,132.00,129.91,38.25,97.84,133.60,84.66,77.25,93.00,14.39,42.00,142.35,18.85,6.00,1.00,27.75,0.00
51.121,2922.50,13.70,1.67,132.00,129.91,38.25,97.84,133.60,84.66,77.25,93.00,14.39,42.00,142.35,18.85,6.00,1.00,27.75,0.00
51.272,2922.50,13.70,1.67,132.00,129.91,38.25,96.86,133.60,84.66,77.25,93.00,14.39,42.00,142.35,18.85,6.00,1.00,27.75,0.00
51.421,2922.50,13.70,1.67,132.00,129.91,38.25,96.86,131.70,84.66,77.25,93.00,14.39,42.00,142.35,18.85,6.00,1.00,27.75,0.00
51.572,2922.50,13.70,1.67,132.00,129.91,38.25,96.86,131.70,84.36,77.25,93.00,14.39,42.00,142.35,18.85,6.00,1.00,27.75,0.00
51.721,2922.50,13.70,1.67,132.00,129.91,38.25,96.86,131.70,84.36,77.25,93.00,14.39,42.00,142.35,18.85,6.00,1.00,27.75,0.00
51.872,2922.50,13.70,1.67,132.00,129.91,38.25,96.86,131.70,84.36,77.25,93.00,14.39,42.00,142.35,18.85,6.00,1.00,27.75,0.00
52.021,2922.50,13.70,1.67,132.00,129.91,38.25,96.86,131.70,84.36,77.25,93.00,14.39,42.00,142.35,18.85,6.00,1.00,27.75,0.00
52.172,2922.50,13.70,1.67,132.00,129.91,38.25,96.86,131.70,84.36,77.25,93.00,14.39,42.00,142.35,18.85,6.00,1.00,27.75,0.00
52.321,2922.50,13.70,1.67,132.00,129.91,38.25,96.86,131.70,84.36,77.25,93.00,14.39,42.00,142.45,18.85,6.00,1.00,27.75,0.00
52.472,2922.50,13.70,1.67,132.00,129.91,38.25,96.86,131.70,84.36,77.25,93.00,14.39,42.00,142.45,18.93,6.00,1.00,27.75,0.00
52.621,2922.50,13.70,1.67,132.00,129.91,38.25,96.86,131.70,84.36,77.25,93.00,14.39,42.00,142.45,18.93,6.00,1.00,27.75,0.00
52.772,2922.50,13.70,1.67,132.00,129.91,38.25,96.86,131.70,84.36,77.25,93.00,14.39,42.00,142.45,18.93,6.00,0.99,27.75,0.00
52.921,2922.50,13.70,1.67,132.00,129.91,38.25,96.86,131.70,84.36,77.25,93.00,14.39,42.00,142.45,18.93,6.00,0.99,27.75,0.00
53.072,2922.50,13.70,1.67,132.00,129.91,38.25,96.86,131.70,84.36,77.25,93.00,14.39,42.00,142.45,18.93,6.00,0.99,27.75,0.00
53.221,2917.50,13.70,1.67,132.00,129.91,38.25,96.86,131.70,84.36,77.25,93.00,14.39,42.00,142.45,18.93,6.00,0.99,27.75,0.00
53.372,2917.50,13.66,1.67,132.00,129.91,38.25,96.86,131.70,84.36,77.25,93.00,14.39,42.00,142.45,18.93,6.00,0.99,27.75,0.00
53.521,2917.50,13.66,1.64,132.00,129.91,38.25,96.86,131.70,84.36,77.25,93.00,14.39,42.00,142.45,18.93,6.00,0.99,27.75,0.00
53.672,2917.50,13.66,1.64,128.00,129.91,38.25,96.86,131.70,84.36,77.25,93.00,14.39,42.00,142.45,18.93,6.00,0.99,27.75,0.00
53.821,2917.50,13.66,1.64,128.00,131.44,38.25,96.86,131.70,84.36,77.25,93.00,14.39,42.00,142.45,18.93,6.00,0.99,27.75,0.00
53.972,2917.50,13.66,1.64,128.00,131.44,39.00,96.86,131.70,84.36,77.25,93.00,14.39,42.00,142.45,18.93,6.00,0.99,27.75,0.00
54.121,2917.50,13.66,1.64,128.00,131.44,39.00,95.76,131.70,84.36,77.25,93.00,14.39,42.00,142.45,18.93,6.00,0.99,27.75,0.00
54.271,2917.50,13.66,1.64,128.00,131.44,39.00,95.76,136.40,84.36,77.25,93.00,14.39,42.00,142.45,18.93,6.00,0.99,27.75,0.00
54.421,2917.50,13.66,1.64,128.00,131.44,39.00,95.76,136.40,84.16,77.25,93.00,14.39,42.00,142.45,18.93,6.00,0.99,27.75,0.00
54.572,2917.50,13.66,1.64,128.00,131.44,39.00,95.76,136.40,84.16,76.50,93.00,14.39,42.00,142.45,18.93,6.00,0.99,27.75,0.00
54.721,2917.50,13.66,1.64,128.00,131.44,39.00,95.76,136.40,84.16,76.50,92.00,14.39,42.00,142.45,18.93,6.00,0.99,27.75,0.00
54.872,2917.50,13.66,1.64,128.00,131.44,39.00,95.76,136.40,84.16,76.50,92.00,14.39,42.00,142.45,18.93,6.00,0.99,27.75,0.00
55.021,2917.50,13.66,1.64,128.00,131.44,39.00,95.76,136.40,84.16,76.50,92.00,14.39,42.00,142.45,18.93,6.00,0.99,27.75,0.00
55.172,2917.50,13.66,1.64,128.00,131.44,39.00,95.76,136.40,84.16,76.50,92.00,14.39,42.00,141.89,18.93,6.00,0.99,27.75,0.00
55.321,2917.50,13.66,1.64,128.00,131.44,39.00,95.76,136.40,84.16,76.50,92.00,14.39,42.00,141.89,19.18,6.00,0.99,27.75,0.00
55.501,2917.50,13.66,1.64,128.00,131.44,39.00,95.76,136.40,84.16,76.50,92.00,14.39,42.00,141.89,19.18,6.00,0.99,27.75,0.00
55.651,2917.50,13.66,1.64,128.00,131.44,39.00,95.76,136.40,84.16,76.50,92.00,14.39,42.00,141.89,19.18,6.00,1.00,27.75,0.00
55.801,2917.50,13.66,1.64,128.00,131.44,39.00,95.76,136.40,84.16,76.50,92.00,14.39,42.00,141.89,19.18,6.00,1.00,26.25,0.00
55.951,2917.50,13.66,1.64,128.00,131.44,39.00,95.76,136.40,84.16,76.50,92.00,14.39,42.00,141.89,19.18,6.00,1.00,26.25,0.00
56.101,2908.00,13.66,1.64,128.00,131.44,39.00,95.76,136.40,84.16,76.50,92.00,14.39,42.00,141.89,19.18,6.00,1.00,26.25,0.00
56.251,2908.00,13.66,1.64,128.00,131.44,39.00,95.76,136.40,84.16,76.50,92.00,14.39,42.00,141.89,19.18,6.00,1.00,26.25,0.00
56.401,2908.00,13.66,1.82,128.00,131.44,39.00,95.76,136.40,84.16,76.50,92.00,14.39,42.00,141.89,19.18,6.00,1.00,26.25,0.00
56.551,2908.00,13.66,1.82,132.00,131.44,39.00,95.76,136.40,84.16,76.50,92.00,14.39,42.00,141.89,19.18,6.00,1.00,26.25,0.00
56.701,2908.00,13.66,1.82,132.00,131.66,39.00,95.76,136.40,84.16,76.50,92.00,14.39,42.00,141.89,19.18,6.00,1.00,26.25,0.00
56.851,2908.00,13.66,1.82,132.00,131.66,39.75,95.76,136.40,84.16,76.50,92.00,14.39,42.00,141.89,19.18,6.00,1.00,26.25,0.00
57.001,2908.00,13.66,1.82,132.00,131.66,39.75,94.75,136.40,84.16,76.50,92.00,14.39,42.00,141.89,19.18,6.00,1.00,26.25,0.00
57.151,2908.00,13.66,1.82,132.00,131.66,39.75,94.75,134.40,84.16,76.50,92.00,14.39,42.00,141.89,19.18,6.00,1.00,26.25,0.00
57.301,2908.00,13.66,1.82,132.00,131.66,39.75,94.75,134.40,83.96,76.50,92.00,14.39,42.00,141.89,19.18,6.00,1.00,26.25,0.00
57.451,2908.00,13.66,1.82,132.00,131.66,39.75,94.75,134.40,83.96,76.50,92.00,14.39,42.00,141.89,19.18,6.00,1.00,26.25,0.00
57.601,2908.00,13.66,1.82,132.00,131.66,39.75,94.75,134.40,83.96,76.50,92.00,14.39,42.00,141.89,19.18,6.00,1.00,26.25,0.00
57.751,2908.00,13.66,1.82,132.00,131.66,39.75,94.75,134.40,83.96,76.50,92.00,14.39,42.00,141.89,19.18,6.00,1.00,26.25,0.00
57.900,2908.00,13.66,1.82,132.00,131.66,39.75,94.75,134.40,83.96,76.50,92.00,14.39,42.00,141.89,19.18,6.00,1.00,26.25,0.00
58.051,2908.00,13.66,1.82,132.00,131.66,39.75,94.75,134.40,83.96,76.50,92.00,14.39,42.00,142.22,19.18,6.00,1.00,26.25,0.00
58.201,2908.00,13.66,1.82,132.00,131.66,39.75,94.75,134.40,83.96,76.50,92.00,14.39,42.00,142.22,18.66,6.00,1.00,26.25,0.00
58.351,2908.00,13.66,1.82,132.00,131.66,39.75,94.75,134.40,83.96,76.50,92.00,14.39,42.00,142.22,18.66,6.00,1.00,26.25,0.00
58.501,2908.00,13.66,1.82,132.00,131.66,39.75,94.75,134.40,83.96,76.50,92.00,14.39,42.00,142.22,18.66,6.00,0.99,26.25,0.00
58.650,2908.00,13.66,1.82,132.00,131.66,39.75,94.75,134.40,83.96,76.50,92.00,14.39,42.00,142.22,18.66,6.00,0.99,26.25,0.00
58.801,2908.00,13.66,1.82,132.00,131.66,39.75,94.75,134.40,83.96,76.50,92.00,14.39,42.00,142.22,18.66,6.00,0.99,26.25,0.00
58.951,2918.50,13.66,1.82,132.00,131.66,39.75,94.75,134.40,83.96,76.50,92.00,14.39,42.00,142.22,18.66,6.00,0.99,26.25,0.00
59.101,2918.50,13.73,1.82,132.00,131.66,39.75,94.75,134.40,83.96,76.50,92.00,14.39,42.00,142.22,18.66,6.00,0.99,26.25,0.00
59.251,2918.50,13.73,1.82,132.00,131.66,39.75,94.75,134.40,83.96,76.50,92.00,14.39,42.00,142.22,18.66,6.00,0.99,26.25,0.00
59.401,2918.50,13.73,1.82,136.00,131.66,39.75,94.75,134.40,83.96,76.50,92.00,14.39,42.00,142.22,18.66,6.00,0.99,26.25,0.00
59.551,2918.50,13.73,1.82,136.00,133.09,39.75,94.75,134.40,83.96,76.50,92.00,14.39,42.00,142.22,18.66,6.00,0.99,26.25,0.00
59.701,2918.50,13.73,1.82,136.00,133.09,39.75,94.75,134.40,83.96,76.50,92.00,14.39,42.00,142.22,18.66,6.00,0.99,26.25,0.00
59.851,2918.50,13.73,1.82,136.00,133.09,39.75,94.26,134.40,83.96,76.50,92.00,14.39,42.00,142.22,18.66,6.00,0.99,26.25,0.00
60.001,2918.50,13.73,1.82,136.00,133.09,39.75,94.26,133.00,83.96,76.50,92.00,14.39,42.00,142.22,18.66,6.00,0.99,26.25,0.00
60.151,2918.50,13.73,1.82,136.00,133.09,39.75,94.26,133.00,83.86,76.50,92.00,14.39,42.00,142.22,18.66,6.00,0.99,26.25,0.00
60.301,2918.50,13.73,1.82,136.00,133.09,39.75,94.26,133.00,83.86,76.50,92.00,14.39,42.00,142.22,18.66,6.00,0.99,26.25,0.00
60.451,2918.50,13.73,1.82,136.00,133.09,39.75,94.26,133.00,83.86,76.50,91.00,14.39,42.00,142.22,18.66,6.00,0.99,26.25,0.00
60.601,2918.50,13.73,1.82,136.00,133.09,39.75,94.26,133.00,83.86,76.50,91.00,14.39,42.00,142.22,18.66,6.00,0.99,26.25,0.00
60.751,2918.50,13.73,1.82,136.00,133.09,39.75,94.26,133.00,83.86,76.50,91.00,14.39,42.00,142.22,18.66,6.00,0.99,26.25,0.00
60.901,2918.50,13.73,1.82,136.00,133.09,39.75,94.26,133.00,83.86,76.50,91.00,14.39,42.00,142.19,18.66,6.00,0.99,26.25,0.00
61.051,2918.50,13.73,1.82,136.00,133.09,39.75,94.26,133.00,83.86,76.50,91.00,14.39,42.00,142.19,19.10,6.00,0.99,26.25,0.00
61.201,2918.50,13.73,1.82,136.00,133.09,39.75,94.26,133.00,83.86,76.50,91.00,14.39,42.00,142.19,19.10,6.00,0.99,26.25,0.00
61.351,2918.50,13.73,1.82,136.00,133.09,39.75,94.26,133.00,83.86,76.50,91.00,14.39,42.00,142.19,19.10,6.00,0.99,26.25,0.00
61.501,2918.50,13.73,1.82,136.00,133.09,39.75,94.26,133.00,83.86,76.50,91.00,14.39,42.00,142.19,19.10,6.00,0.99,27.00,0.00
61.651,2918.50,13.73,1.82,136.00,133.09,39.75,94.26,133.00,83.86,76.50,91.00,14.39,42.00,142.19,19.10,6.00,0.99,27.00,0.00
61.801,2913.00,13.73,1.82,136.00,133.09,39.75,94.26,133.00,83.86,76.50,91.00,14.39,42.00,142.19,19.10,6.00,0.99,27.00,0.00
61.951,2913.00,13.63,1.82,136.00,133.09,39.75,94.26,133.00,83.86,76.50,91.00,14.39,42.00,142.19,19.10,6.00,0.99,27.00,0.00
62.101,2913.00,13.63,1.80,136.00,133.09,39.75,94.26,133.00,83.86,76.50,91.00,14.39,42.00,142.19,19.10,6.00,0.99,27.00,0.00
62.251,2913.00,13.63,1.80,132.00,133.09,39.75,94.26,133.00,83.86,76.50,91.00,14.39,42.00,142.19,19.10,6.00,0.99,27.00,0.00
62.401,2913.00,13.63,1.80,132.00,131.81,39.75,94.26,133.00,83.86,76.50,91.00,14.39,42.00,142.19,19.10,6.00,0.99,27.00,0.00
62.551,2913.00,13.63,1.80,132.00,131.81,39.00,94.26,133.00,83.86,76.50,91.00,14.39,42.00,142.19,19.10,6.00,0.99,27.00,0.00
62.701,2913.00,13.63,1.80,132.00,131.81,39.00,93.95,133.00,83.86,76.50,91.00,14.39,42.00,142.19,19.10,6.00,0.99,27.00,0.00
62.851,2913.00,13.63,1.80,132.00,131.81,39.00,93.95,132.50,83.86,76.50,91.00,14.39,42.00,142.19,19.10,6.00,0.99,27.00,0.00
63.001,2913.00,13.63,1.80,132.00,131.81,39.00,93.95,132.50,83.66,76.50,91.00,14.39,42.00,142.19,19.10,6.00,0.99,27.00,0.00
63.183,2913.00,13.63,1.80,132.00,131.81,39.00,93.95,132.50,83.66,75.75,91.00,14.39,42.00,142.19,19.10,6.00,0.99,27.00,0.00
63.331,2913.00,13.63,1.80,132.00,131.81,39.00,93.95,132.50,83.66,75.75,91.00,14.39,42.00,142.19,19.10,6.00,0.99,27.00,0.00
63.483,2913.00,13.63,1.80,132.00,131.81,39.00,93.95,132.50,83.66,75.75,91.00,14.39,42.00,142.19,19.10,6.00,0.99,27.00,0.00
63.631,2913.00,13.63,1.80,132.00,131.81,39.00,93.95,132.50,83.66,75.75,91.00,14.39,42.00,142.19,19.10,6.00,0.99,27.00,0.00
63.783,2913.00,13.63,1.80,132.00,131.81,39.00,93.95,132.50,83.66,75.75,91.00,14.39,42.00,141.86,19.10,6.00,0.99,27.00,0.00
63.931,2913.00,13.63,1.80,132.00,131.81,39.00,93.95,132.50,83.66,75.75,91.00,14.39,42.00,141.86,18.15,6.00,0.99,27.00,0.00
64.083,2913.00,13.63,1.80,132.00,131.81,39.00,93.95,132.50,83.66,75.75,91.00,14.39,42.00,141.86,18.15,6.00,0.99,27.00,0.00
64.231,2913.00,13.63,1.80,132.00,131.81,39.00,93.95,132.50,83.66,75.75,91.00,14.39,42.00,141.86,18.15,6.00,0.99,27.00,0.00
64.383,2913.00,13.63,1.80,132.00,131.81,39.00,93.95,132.50,83.66,75.75,91.00,14.39,42.00,141.86,18.15,6.00,0.99,27.75,0.00
64.531,2913.00,13.63,1.80,132.00,131.81,39.00,93.95,132.50,83.66,75.75,91.00,14.39,42.00,141.86,18.15,6.00,0.99,27.75,0.00
64.681,2909.00,13.63,1.80,132.00,131.81,39.00,93.95,132.50,83.66,75.75,91.00,14.39,42.00,141.86,18.15,6.00,0.99,27.75,0.00
64.831,2909.00,13.62,1.80,132.00,131.81,39.00,93.95,132.50,83.66,75.75,91.00,14.39,42.00,141.86,18.15,6.00,0.99,27.75,0.00
64.983,2909.00,13.62,1.52,132.00,131.81,39.00,93.95,132.50,83.66,75.75,91.00,14.39,42.00,141.86,18.15,6.00,0.99,27.75,0.00
65.131,2909.00,13.62,1.52,128.00,131.81,39.00,93.95,132.50,83.66,75.75,91.00,14.39,42.00,141.86,18.15,6.00,0.99,27.75,0.00
65.281,2909.00,13.62,1.52,128.00,127.34,39.00,93.95,132.50,83.66,75.75,91.00,14.39,42.00,141.86,18.15,6.00,0.99,27.75,0.00
65.430,2909.00,13.62,1.52,128.00,127.34,38.25,93.95,132.50,83.66,75.75,91.00,14.39,42.00,141.86,18.15,6.00,0.99,27.75,0.00
65.583,2909.00,13.62,1.52,128.00,127.34,38.25,93.34,132.50,83.66,75.75,91.00,14.39,42.00,141.86,18.15,6.00,0.99,27.75,0.00
65.731,2909.00,13.62,1.52,128.00,127.34,38.25,93.34,130.10,83.66,75.75,91.00,14.39,42.00,141.86,18.15,6.00,0.99,27.75,0.00
65.883,2909.00,13.62,1.52,128.00,127.34,38.25,93.34,130.10,83.56,75.75,91.00,14.39,42.00,141.86,18.15,6.00,0.99,27.75,0.00
66.031,2909.00,13.62,1.52,128.00,127.34,38.25,93.34,130.10,83.56,75.75,91.00,14.39,42.00,141.86,18.15,6.00,0.99,27.75,0.00
66.181,2909.00,13.62,1.52,128.00,127.34,38.25,93.34,130.10,83.56,75.75,90.00,14.39,42.00,141.86,18.15,6.00,0.99,27.75,0.00
66.331,2909.00,13.62,1.52,128.00,127.34,38.25,93.34,130.10,83.56,75.75,90.00,14.39,42.00,141.86,18.15,6.00,0.99,27.75,0.00
66.483,2909.00,13.62,1.52,128.00,127.34,38.25,93.34,130.10,83.56,75.75,90.00,14.39,42.00,141.86,18.15,6.00,0.99,27.75,0.00
66.631,2909.00,13.62,1.52,128.00,127.34,38.25,93.34,130.10,83.56,75.75,90.00,14.39,42.00,141.58,18.15,6.00,0.99,27.75,0.00
66.783,2909.00,13.62,1.52,128.00,127.34,38.25,93.34,130.10,83.56,75.75,90.00,14.39,42.00,141.58,19.51,6.00,0.99,27.75,0.00
66.931,2909.00,13.62,1.52,128.00,127.34,38.25,93.34,130.10,83.56,75.75,90.00,14.39,42.00,141.58,19.51,6.00,0.99,27.75,0.00
67.083,2909.00,13.62,1.52,128.00,127.34,38.25,93.34,130.10,83.56,75.75,90.00,14.39,42.00,141.58,19.51,6.00,0.98,27.75,0.00
67.231,2909.00,13.62,1.52,128.00,127.34,38.25,93.34,130.10,83.56,75.75,90.00,14.39,42.00,141.58,19.51,6.00,0.98,26.25,0.00
67.383,2909.00,13.62,1.52,128.00,127.34,38.25,93.34,130.10,83.56,75.75,90.00,14.39,42.00,141.58,19.51,6.00,0.98,26.25,0.00
67.531,2906.50,13.62,1.52,128.00,127.34,38.25,93.34,130.10,83.56,75.75,90.00,14.39,42.00,141.58,19.51,6.00,0.98,26.25,0.00
67.683,2906.50,13.68,1.52,128.00,127.34,38.25,93.34,130.10,83.56,75.75,90.00,14.39,42.00,141.58,19.51,6.00,0.98,26.25,0.00
67.831,2906.50,13.68,1.98,128.00,127.34,38.25,93.34,130.10,83.56,75.75,90.00,14.39,42.00,141.58,19.51,6.00,0.98,26.25,0.00
67.983,2906.50,13.68,1.98,136.00,127.34,38.25,93.34,130.10,83.56,75.75,90.00,14.39,42.00,141.58,19.51,6.00,0.98,26.25,0.00
68.131,2906.50,13.68,1.98,136.00,134.41,38.25,93.34,130.10,83.56,75.75,90.00,14.39,42.00,141.58,19.51,6.00,0.98,26.25,0.00
68.283,2906.50,13.68,1.98,136.00,134.41,39.75,93.34,130.10,83.56,75.75,90.00,14.39,42.00,141.58,19.51,6.00,0.98,26.25,0.00
68.431,2906.50,13.68,1.98,136.00,134.41,39.75,92.55,130.10,83.56,75.75,90.00,14.39,42.00,141.58,19.51,6.00,0.98,26.25,0.00
68.583,2906.50,13.68,1.98,136.00,134.41,39.75,92.55,135.80,83.56,75.75,90.00,14.39,42.00,141.58,19.51,6.00,0.98,26.25,0.00
68.731,2906.50,13.68,1.98,136.00,134.41,39.75,92.55,135.80,83.36,75.75,90.00,14.39,42.00,141.58,19.51,6.00,0.98,26.25,0.00
68.883,2906.50,13.68,1.98,136.00,134.41,39.75,92.55,135.80,83.36,75.75,90.00,14.39,42.00,141.58,19.51,6.00,0.98,26.25,0.00
69.031,2906.50,13.68,1.98,136.00,134.41,39.75,92.55,135.80,83.36,75.75,90.00,14.39,42.00,141.58,19.51,6.00,0.98,26.25,0.00
69.183,2906.50,13.68,1.98,136.00,134.41,39.75,92.55,135.80,83.36,75.75,90.00,14.39,42.00,141.58,19.51,6.00,0.98,26.25,0.00
69.331,2906.50,13.68,1.98,136.00,134.41,39.75,92.55,135.80,83.36,75.75,90.00,14.39,42.00,141.58,19.51,6.00,0.98,26.25,0.00
69.483,2906.50,13.68,1.98,136.00,134.41,39.75,92.55,135.80,83.36,75.75,90.00,14.39,42.00,141.92,19.51,6.00,0.98,26.25,0.00
69.631,2906.50,13.68,1.98,136.00,134.41,39.75,92.55,135.80,83.36,75.75,90.00,14.39,42.00,141.92,18.73,6.00,0.98,26.25,0.00
69.782,2906.50,13.68,1.98,136.00,134.41,39.75,92.55,135.80,83.36,75.75,90.00,14.39,42.00,141.92,18.73,6.00,0.98,26.25,0.00
69.931,2906.50,13.68,1.98,136.00,134.41,39.75,92.55,135.80,83.36,75.75,90.00,14.39,42.00,141.92,18.73,6.00,1.00,26.25,0.00
70.083,2906.50,13.68,1.98,136.00,134.41,39.75,92.55,135.80,83.36,75.75,90.00,14.39,42.00,141.92,18.73,6.00,1.00,27.75,0.00
70.231,2906.50,13.68,1.98,136.00,134.41,39.75,92.55,135.80,83.36,75.75,90.00,14.39,42.00,141.92,18.73,6.00,1.00,27.75,0.00
70.383,2907.50,13.68,1.98,136.00,134.41,39.75,92.55,135.80,83.36,75.75,90.00,14.39,42.00,141.92,18.73,6.00,1.00,27.75,0.00
70.531,2907.50,13.69,1.98,136.00,134.41,39.75,92.55,135.80,83.36,75.75,90.00,14.39,42.00,141.92,18.73,6.00,1.00,27.75,0.00
70.683,2907.50,13.69,1.66,136.00,134.41,39.75,92.55,135.80,83.36,75.75,90.00,14.39,42.00,141.92,18.73,6.00,1.00,27.75,0.00
70.863,2907.50,13.69,1.66,132.00,134.41,39.75,92.55,135.80,83.36,75.75,90.00,14.39,42.00,141.92,18.73,6.00,1.00,27.75,0.00
71.011,2907.50,13.69,1.66,132.00,131.44,39.75,92.55,135.80,83.36,75.75,90.00,14.39,42.00,141.92,18.73,6.00,1.00,27.75,0.00
71.161,2907.50,13.69,1.66,132.00,131.44,39.75,92.55,135.80,83.36,75.75,90.00,14.39,42.00,141.92,18.73,6.00,1.00,27.75,0.00
71.311,2907.50,13.69,1.66,132.00,131.44,39.75,92.24,135.80,83.36,75.75,90.00,14.39,42.00,141.92,18.73,6.00,1.00,27.75,0.00
71.463,2907.50,13.69,1.66,132.00,131.44,39.75,92.24,136.20,83.36,75.75,90.00,14.39,42.00,141.92,18.73,6.00,1.00,27.75,0.00
71.611,2907.50,13.69,1.66,132.00,131.44,39.75,92.24,136.20,83.36,75.75,90.00,14.39,42.00,141.92,18.73,6.00,1.00,27.75,0.00
71.763,2907.50,13.69,1.66,132.00,131.44,39.75,92.24,136.20,83.36,75.75,90.00,14.39,42.00,141.92,18.73,6.00,1.00,27.75,0.00
71.911,2907.50,13.69,1.66,132.00,131.44,39.75,92.24,136.20,83.36,75.75,89.00,14.39,42.00,141.92,18.73,6.00,1.00,27.75,0.00
72.063,2907.50,13.69,1.66,132.00,131.44,39.75,92.24,136.20,83.36,75.75,89.00,14.39,42.00,141.92,18.73,6.00,1.00,27.75,0.00
72.211,2907.50,13.69,1.66,132.00,131.44,39.75,92.24,136.20,83.36,75.75,89.00,14.39,42.00,141.92,18.73,6.00,1.00,27.75,0.00
72.363,2907.50,13.69,1.66,132.00,131.44,39.75,92.24,136.20,83.36,75.75,89.00,14.39,42.00,141.75,18.73,6.00,1.00,27.75,0.00
72.513,2907.50,13.69,1.66,132.00,131.44,39.75,92.24,136.20,83.36,75.75,89.00,14.39,42.00,141.75,19.10,6.00,1.00,27.75,0.00
72.664,2907.50,13.69,1.66,132.00,131.44,39.75,92.24,136.20,83.36,75.75,89.00,14.39,42.00,141.75,19.10,6.00,1.00,27.75,0.00
72.811,2907.50,13.69,1.66,132.00,131.44,39.75,92.24,136.20,83.36,75.75,89.00,14.39,42.00,141.75,19.10,6.00,1.00,27.75,0.00
72.961,2907.50,13.69,1.66,132.00,131.44,39.75,92.24,136.20,83.36,75.75,89.00,14.39,42.00,141.75,19.10,6.00,1.00,26.25,0.00
73.111,2907.50,13.69,1.66,132.00,131.44,39.75,92.24,136.20,83.36,75.75,89.00,14.39,42.00,141.75,19.10,6.00,1.00,26.25,0.00
73.263,2905.50,13.69,1.66,132.00,131.44,39.75,92.24,136.20,83.36,75.75,89.00,14.39,42.00,141.75,19.10,6.00,1.00,26.25,0.00
73.411,2905.50,13.67,1.66,132.00,131.44,39.75,92.24,136.20,83.36,75.75,89.00,14.39,42.00,141.75,19.10,6.00,1.00,26.25,0.00
73.563,2905.50,13.67,2.04,132.00,131.44,39.75,92.24,136.20,83.36,75.75,89.00,14.39,42.00,141.75,19.10,6.00,1.00,26.25,0.00
73.711,2905.50,13.67,2.04,140.00,131.44,39.75,92.24,136.20,83.36,75.75,89.00,14.39,42.00,141.75,19.10,6.00,1.00,26.25,0.00
73.863,2905.50,13.67,2.04,140.00,138.25,39.75,92.24,136.20,83.36,75.75,89.00,14.39,42.00,141.75,19.10,6.00,1.00,26.25,0.00
74.011,2905.50,13.67,2.04,140.00,138.25,42.00,92.24,136.20,83.36,75.75,89.00,14.39,42.00,141.75,19.10,6.00,1.00,26.25,0.00
74.163,2905.50,13.67,2.04,140.00,138.25,42.00,91.96,136.20,83.36,75.75,89.00,14.39,42.00,141.75,19.10,6.00,1.00,26.25,0.00
74.311,2905.50,13.67,2.04,140.00,138.25,42.00,91.96,141.80,83.36,75.75,89.00,14.39,42.00,141.75,19.10,6.00,1.00,26.25,0.00
74.463,2905.50,13.67,2.04,140.00,138.25,42.00,91.96,141.80,83.46,75.75,89.00,14.39,42.00,141.75,19.10,6.00,1.00,26.25,0.00
74.611,2905.50,13.67,2.04,140.00,138.25,42.00,91.96,141.80,83.46,75.00,89.00,14.39,42.00,141.75,19.10,6.00,1.00,26.25,0.00
74.761,2905.50,13.67,2.04,140.00,138.25,42.00,91.96,141.80,83.46,75.00,89.00,14.39,42.00,141.75,19.10,6.00,1.00,26.25,0.00
74.911,2905.50,13.67,2.04,140.00,138.25,42.00,91.96,141.80,83.46,75.00,89.00,14.39,42.00,141.75,19.10,6.00,1.00,26.25,0.00
75.063,2905.50,13.67,2.04,140.00,138.25,42.00,91.96,141.80,83.46,75.00,89.00,14.39,42.00,141.75,19.10,6.00,1.00,26.25,0.00
75.213,2905.50,13.67,2.04,140.00,138.25,42.00,91.96,141.80,83.46,75.00,89.00,14.39,42.00,141.91,19.10,6.00,1.00,26.25,0.00
75.361,2905.50,13.67,2.04,140.00,138.25,42.00,91.96,141.80,83.46,75.00,89.00,14.39,42.00,141.91,18.35,6.00,1.00,26.25,0.00
75.511,2905.50,13.67,2.04,140.00,138.25,42.00,91.96,141.80,83.46,75.00,89.00,14.39,42.00,141.91,18.35,6.00,1.00,26.25,0.00
75.663,2905.50,13.67,2.04,140.00,138.25,42.00,91.96,141.80,83.46,75.00,89.00,14.39,42.00,141.91,18.35,6.00,1.00,26.25,0.00
75.811,2905.50,13.67,2.04,140.00,138.25,42.00,91.96,141.80,83.46,75.00,89.00,14.39,42.00,141.91,18.35,6.00,1.00,27.00,0.00
75.963,2905.50,13.67,2.04,140.00,138.25,42.00,91.96,141.80,83.46,75.00,89.00,14.39,42.00,141.91,18.35,6.00,1.00,27.00,0.00
76.111,2911.50,13.67,2.04,140.00,138.25,42.00,91.96,141.80,83.46,75.00,89.00,14.39,42.00,141.91,18.35,6.00,1.00,27.00,0.00
76.261,2911.50,13.61,2.04,140.00,138.25,42.00,91.96,141.80,83.46,75.00,89.00,14.39,42.00,141.91,18.35,6.00,1.00,27.00,0.00
76.411,2911.50,13.61,1.87,140.00,138.25,42.00,91.96,141.80,83.46,75.00,89.00,14.39,42.00,141.91,18.35,6.00,1.00,27.00,0.00
76.563,2911.50,13.61,1.87,136.00,138.25,42.00,91.96,141.80,83.46,75.00,89.00,14.39,42.00,141.91,18.35,6.00,1.00,27.00,0.00
76.711,2911.50,13.61,1.87,136.00,134.72,42.00,91.96,141.80,83.46,75.00,89.00,14.39,42.00,141.91,18.35,6.00,1.00,27.00,0.00
76.861,2911.50,13.61,1.87,136.00,134.72,39.75,91.96,141.80,83.46,75.00,89.00,14.39,42.00,141.91,18.35,6.00,1.00,27.00,0.00
77.011,2911.50,13.61,1.87,136.00,134.72,39.75,91.96,141.80,83.46,75.00,89.00,14.39,42.00,141.91,18.35,6.00,1.00,27.00,0.00
77.163,2911.50,13.61,1.87,136.00,134.72,39.75,91.96,136.80,83.46,75.00,89.00,14.39,42.00,141.91,18.35,6.00,1.00,27.00,0.00
77.311,2911.50,13.61,1.87,136.00,134.72,39.75,91.96,136.80,83.36,75.00,89.00,14.39,42.00,141.91,18.35,6.00,1.00,27.00,0.00
77.463,2911.50,13.61,1.87,136.00,134.72,39.75,91.96,136.80,83.36,74.25,89.00,14.39,42.00,141.91,18.35,6.00,1.00,27.00,0.00
77.611,2911.50,13.61,1.87,136.00,134.72,39.75,91.96,136.80,83.36,74.25,89.00,14.39,42.00,141.91,18.35,6.00,1.00,27.00,0.00
77.763,2911.50,13.61,1.87,136.00,134.72,39.75,91.96,136.80,83.36,74.25,89.00,14.39,42.00,141.91,18.35,6.00,1.00,27.00,0.00
77.911,2911.50,13.61,1.87,136.00,134.72,39.75,91.96,136.80,83.36,74.25,89.00,14.39,42.00,141.91,18.35,6.00,1.00,27.00,0.00
78.063,2911.50,13.61,1.87,136.00,134.72,39.75,91.96,136.80,83.36,74.25,89.00,14.39,42.00,142.00,18.35,6.00,1.00,27.00,0.00
78.211,2911.50,13.61,1.87,136.00,134.72,39.75,91.96,136.80,83.36,74.25,89.00,14.39,42.00,142.00,18.91,6.00,1.00,27.00,0.00
78.363,2911.50,13.61,1.87,136.00,134.72,39.75,91.96,136.80,83.36,74.25,89.00,14.39,42.00,142.00,18.91,6.00,1.00,27.00,0.00
78.541,2911.50,13.61,1.87,136.00,134.72,39.75,91.96,136.80,83.36,74.25,89.00,14.39,42.00,142.00,18.91,6.00,0.99,27.00,0.00
78.691,2911.50,13.61,1.87,136.00,134.72,39.75,91.96,136.80,83.36,74.25,89.00,14.39,42.00,142.00,18.91,6.00,0.99,27.00,0.00
78.841,2911.50,13.61,1.87,136.00,134.72,39.75,91.96,136.80,83.36,74.25,89.00,14.39,42.00,142.00,18.91,6.00,0.99,27.00,0.00
78.991,2913.50,13.61,1.87,136.00,134.72,39.75,91.96,136.80,83.36,74.25,89.00,14.39,42.00,142.00,18.91,6.00,0.99,27.00,0.00
79.141,2913.50,13.68,1.87,136.00,134.72,39.75,91.96,136.80,83.36,74.25,89.00,14.39,42.00,142.00,18.91,6.00,0.99,27.00,0.00
79.291,2913.50,13.68,1.74,136.00,134.72,39.75,91.96,136.80,83.36,74.25,89.00,14.39,42.00,142.00,18.91,6.00,0.99,27.00,0.00
79.441,2913.50,13.68,1.74,128.00,134.72,39.75,91.96,136.80,83.36,74.25,89.00,14.39,42.00,142.00,18.91,6.00,0.99,27.00,0.00
79.591,2913.50,13.68,1.74,128.00,127.69,39.75,91.96,136.80,83.36,74.25,89.00,14.39,42.00,142.00,18.91,6.00,0.99,27.00,0.00
79.741,2913.50,13.68,1.74,128.00,127.69,38.25,91.96,136.80,83.36,74.25,89.00,14.39,42.00,142.00,18.91,6.00,0.99,27.00,0.00
79.891,2913.50,13.68,1.74,128.00,127.69,38.25,91.75,136.80,83.36,74.25,89.00,14.39,42.00,142.00,18.91,6.00,0.99,27.00,0.00
80.041,2913.50,13.68,1.74,128.00,127.69,38.25,91.75,131.10,83.36,74.25,89.00,14.39,42.00,142.00,18.91,6.00,0.99,27.00,0.00
80.191,2913.50,13.68,1.74,128.00,127.69,38.25,91.75,131.10,83.26,74.25,89.00,14.39,42.00,142.00,18.91,6.00,0.99,27.00,0.00
80.341,2913.50,13.68,1.74,128.00,127.69,38.25,91.75,131.10,83.26,74.25,89.00,14.39,42.00,142.00,18.91,6.00,0.99,27.00,0.00
80.491,2913.50,13.68,1.74,128.00,127.69,38.25,91.75,131.10,83.26,74.25,88.00,14.39,42.00,142.00,18.91,6.00,0.99,27.00,0.00
80.641,2913.50,13.68,1.74,128.00,127.69,38.25,91.75,131.10,83.26,74.25,88.00,14.39,42.00,142.00,18.91,6.00,0.99,27.00,0.00
80.791,2913.50,13.68,1.74,128.00,127.69,38.25,91.75,131.10,83.26,74.25,88.00,14.39,42.00,142.00,18.91,6.00,0.99,27.00,0.00
80.941,2913.50,13.68,1.74,128.00,127.69,38.25,91.75,131.10,83.26,74.25,88.00,14.39,42.00,143.13,18.91,6.00,0.99,27.00,0.00
81.091,2913.50,13.68,1.74,128.00,127.69,38.25,91.75,131.10,83.26,74.25,88.00,14.39,42.00,143.13,97.98,6.00,0.99,27.00,0.00
81.241,2913.50,13.68,1.74,128.00,127.69,38.25,91.75,131.10,83.26,74.25,88.00,14.39,42.00,143.13,97.98,4.00,0.99,27.00,0.00
81.391,2913.50,13.68,1.74,128.00,127.69,38.25,91.75,131.10,83.26,74.25,88.00,14.39,42.00,143.13,97.98,4.00,0.98,27.00,0.00
81.541,2913.50,13.68,1.74,128.00,127.69,38.25,91.75,131.10,83.26,74.25,88.00,14.39,42.00,143.13,97.98,4.00,0.98,3.00,0.00
81.691,2913.50,13.68,1.74,128.00,127.69,38.25,91.75,131.10,83.26,74.25,88.00,14.39,42.00,143.13,97.98,4.00,0.98,3.00,0.00
81.841,6486.50,13.68,1.74,128.00,127.69,38.25,91.75,131.10,83.26,74.25,88.00,14.39,42.00,143.13,97.98,4.00,0.98,3.00,0.00
81.991,6486.50,31.82,1.74,128.00,127.69,38.25,91.75,131.10,83.26,74.25,88.00,14.39,42.00,143.13,97.98,4.00,0.98,3.00,0.00
82.141,6486.50,31.82,17.45,128.00,127.69,38.25,91.75,131.10,83.26,74.25,88.00,14.39,42.00,143.13,97.98,4.00,0.98,3.00,0.00
82.291,6486.50,31.82,17.45,1020.00,127.69,38.25,91.75,131.10,83.26,74.25,88.00,14.39,42.00,143.13,97.98,4.00,0.98,3.00,0.00
82.441,6486.50,31.82,17.45,1020.00,1120.69,38.25,91.75,131.10,83.26,74.25,88.00,14.39,42.00,143.13,97.98,4.00,0.98,3.00,0.00
82.591,6486.50,31.82,17.45,1020.00,1120.69,155.25,91.75,131.10,83.26,74.25,88.00,14.39,42.00,143.13,97.98,4.00,0.98,3.00,0.00
82.741,6486.50,31.82,17.45,1020.00,1120.69,155.25,105.86,131.10,83.26,74.25,88.00,14.39,42.00,143.13,97.98,4.00,0.98,3.00,0.00
82.891,6486.50,31.82,17.45,1020.00,1120.69,155.25,105.86,1185.80,83.26,74.25,88.00,14.39,42.00,143.13,97.98,4.00,0.98,3.00,0.00
83.041,6486.50,31.82,17.45,1020.00,1120.69,155.25,105.86,1185.80,83.26,74.25,88.00,14.39,42.00,143.13,97.98,4.00,0.98,3.00,0.00
83.191,6486.50,31.82,17.45,1020.00,1120.69,155.25,105.86,1185.80,83.26,75.75,88.00,14.39,42.00,143.13,97.98,4.00,0.98,3.00,0.00
83.341,6486.50,31.82,17.45,1020.00,1120.69,155.25,105.86,1185.80,83.26,75.75,89.00,14.39,42.00,143.13,97.98,4.00,0.98,3.00,0.00
83.491,6486.50,31.82,17.45,1020.00,1120.69,155.25,105.86,1185.80,83.26,75.75,89.00,14.39,42.00,143.13,97.98,4.00,0.98,3.00,0.00
83.641,6486.50,31.82,17.45,1020.00,1120.69,155.25,105.86,1185.80,83.26,75.75,89.00,14.39,42.00,143.13,97.98,4.00,0.98,3.00,0.00
83.791,6486.50,31.82,17.45,1020.00,1120.69,155.25,105.86,1185.80,83.26,75.75,89.00,14.39,42.00,164.75,97.98,4.00,0.98,3.00,0.00
83.941,6486.50,31.82,17.45,1020.00,1120.69,155.25,105.86,1185.80,83.26,75.75,89.00,14.39,42.00,164.75,78.80,4.00,0.98,3.00,0.00
84.091,6486.50,31.82,17.45,1020.00,1120.69,155.25,105.86,1185.80,83.26,75.75,89.00,14.39,42.00,164.75,78.80,5.00,0.98,3.00,0.00
84.241,6486.50,31.82,17.45,1020.00,1120.69,155.25,105.86,1185.80,83.26,75.75,89.00,14.39,42.00,164.75,78.80,5.00,0.87,3.00,0.00
84.391,6486.50,31.82,17.45,1020.00,1120.69,155.25,105.86,1185.80,83.26,75.75,89.00,14.39,42.00,164.75,78.80,5.00,0.87,0.00,0.00
84.541,6486.50,31.82,17.45,1020.00,1120.69,155.25,105.86,1185.80,83.26,75.75,89.00,14.39,42.00,164.75,78.80,5.00,0.87,0.00,0.00
84.691,5691.00,31.82,17.45,1020.00,1120.69,155.25,105.86,1185.80,83.26,75.75,89.00,14.39,42.00,164.75,78.80,5.00,0.87,0.00,0.00
84.841,5691.00,31.78,17.45,1020.00,1120.69,155.25,105.86,1185.80,83.26,75.75,89.00,14.39,42.00,164.75,78.80,5.00,0.87,0.00,0.00
84.991,5691.00,31.78,17.36,1020.00,1120.69,155.25,105.86,1185.80,83.26,75.75,89.00,14.39,42.00,164.75,78.80,5.00,0.87,0.00,0.00
85.141,5691.00,31.78,17.36,1020.00,1120.69,155.25,105.86,1185.80,83.26,75.75,89.00,14.39,42.00,164.75,78.80,5.00,0.87,0.00,0.00
85.291,5691.00,31.78,17.36,1020.00,1097.28,155.25,105.86,1185.80,83.26,75.75,89.00,14.39,42.00,164.75,78.80,5.00,0.87,0.00,0.00
85.441,5691.00,31.78,17.36,1020.00,1097.28,174.00,105.86,1185.80,83.26,75.75,89.00,14.39,42.00,164.75,78.80,5.00,0.87,0.00,0.00
85.591,5691.00,31.78,17.36,1020.00,1097.28,174.00,148.54,1185.80,83.26,75.75,89.00,14.39,42.00,164.75,78.80,5.00,0.87,0.00,0.00
85.741,5691.00,31.78,17.36,1020.00,1097.28,174.00,148.54,1190.50,83.26,75.75,89.00,14.39,42.00,164.75,78.80,5.00,0.87,0.00,0.00
85.891,5691.00,31.78,17.36,1020.00,1097.28,174.00,148.54,1190.50,84.86,75.75,89.00,14.39,42.00,164.75,78.80,5.00,0.87,0.00,0.00
86.041,5691.00,31.78,17.36,1020.00,1097.28,174.00,148.54,1190.50,84.86,78.00,89.00,14.39,42.00,164.75,78.80,5.00,0.87,0.00,0.00
86.221,5691.00,31.78,17.36,1020.00,1097.28,174.00,148.54,1190.50,84.86,78.00,91.00,14.39,42.00,164.75,78.80,5.00,0.87,0.00,0.00
86.373,5691.00,31.78,17.36,1020.00,1097.28,174.00,148.54,1190.50,84.86,78.00,91.00,14.39,42.00,164.75,78.80,5.00,0.87,0.00,0.00
86.521,5691.00,31.78,17.36,1020.00,1097.28,174.00,148.54,1190.50,84.86,78.00,91.00,14.39,42.00,164.75,78.80,5.00,0.87,0.00,0.00
86.672,5691.00,31.78,17.36,1020.00,1097.28,174.00,148.54,1190.50,84.86,78.00,91.00,14.39,42.00,184.93,78.80,5.00,0.87,0.00,0.00
86.821,5691.00,31.78,17.36,1020.00,1097.28,174.00,148.54,1190.50,84.86,78.00,91.00,14.39,42.00,184.93,97.96,5.00,0.87,0.00,0.00
86.972,5691.00,31.78,17.36,1020.00,1097.28,174.00,148.54,1190.50,84.86,78.00,91.00,14.39,42.00,184.93,97.96,5.00,0.87,0.00,0.00
87.121,5691.00,31.78,17.36,1020.00,1097.28,174.00,148.54,1190.50,84.86,78.00,91.00,14.39,42.00,184.93,97.96,5.00,0.79,0.00,0.00
87.272,5691.00,31.78,17.36,1020.00,1097.28,174.00,148.54,1190.50,84.86,78.00,91.00,14.39,42.00,184.93,97.96,5.00,0.79,3.75,0.00
87.421,5691.00,31.78,17.36,1020.00,1097.28,174.00,148.54,1190.50,84.86,78.00,91.00,14.39,42.00,184.93,97.96,5.00,0.79,3.75,0.00
87.573,6354.50,31.78,17.36,1020.00,1097.28,174.00,148.54,1190.50,84.86,78.00,91.00,14.39,42.00,184.93,97.96,5.00,0.79,3.75,0.00
87.721,6354.50,32.09,17.36,1020.00,1097.28,174.00,148.54,1190.50,84.86,78.00,91.00,14.39,42.00,184.93,97.96,5.00,0.79,3.75,0.00
87.873,6354.50,32.09,17.30,1020.00,1097.28,174.00,148.54,1190.50,84.86,78.00,91.00,14.39,42.00,184.93,97.96,5.00,0.79,3.75,0.00
88.021,6354.50,32.09,17.30,1020.00,1097.28,174.00,148.54,1190.50,84.86,78.00,91.00,14.39,42.00,184.93,97.96,5.00,0.79,3.75,0.00
88.172,6354.50,32.09,17.30,1020.00,1234.03,174.00,148.54,1190.50,84.86,78.00,91.00,14.39,42.00,184.93,97.96,5.00,0.79,3.75,0.00
88.321,6354.50,32.09,17.30,1020.00,1234.03,163.50,148.54,1190.50,84.86,78.00,91.00,14.39,42.00,184.93,97.96,5.00,0.79,3.75,0.00
88.472,6354.50,32.09,17.30,1020.00,1234.03,163.50,161.85,1190.50,84.86,78.00,91.00,14.39,42.00,184.93,97.96,5.00,0.79,3.75,0.00
88.621,6354.50,32.09,17.30,1020.00,1234.03,163.50,161.85,1233.00,84.86,78.00,91.00,14.39,42.00,184.93,97.96,5.00,0.79,3.75,0.00
88.773,6354.50,32.09,17.30,1020.00,1234.03,163.50,161.85,1233.00,88.06,78.00,91.00,14.39,42.00,184.93,97.96,5.00,0.79,3.75,0.00
88.921,6354.50,32.09,17.30,1020.00,1234.03,163.50,161.85,1233.00,88.06,81.00,91.00,14.39,42.00,184.93,97.96,5.00,0.79,3.75,0.00
89.072,6354.50,32.09,17.30,1020.00,1234.03,163.50,161.85,1233.00,88.06,81.00,93.00,14.39,42.00,184.93,97.96,5.00,0.79,3.75,0.00
89.221,6354.50,32.09,17.30,1020.00,1234.03,163.50,161.85,1233.00,88.06,81.00,93.00,14.39,42.00,184.93,97.96,5.00,0.79,3.75,0.00
89.373,6354.50,32.09,17.30,1020.00,1234.03,163.50,161.85,1233.00,88.06,81.00,93.00,14.39,42.00,184.93,97.96,5.00,0.79,3.75,0.00
89.521,6354.50,32.09,17.30,1020.00,1234.03,163.50,161.85,1233.00,88.06,81.00,93.00,14.39,42.00,202.13,97.96,5.00,0.79,3.75,0.00
89.673,6354.50,32.09,17.30,1020.00,1234.03,163.50,161.85,1233.00,88.06,81.00,93.00,14.39,42.00,202.13,16.74,5.00,0.79,3.75,0.00
89.821,6354.50,32.09,17.30,1020.00,1234.03,163.50,161.85,1233.00,88.06,81.00,93.00,14.39,42.00,202.13,16.74,6.00,0.79,3.75,0.00
89.972,6354.50,32.09,17.30,1020.00,1234.03,163.50,161.85,1233.00,88.06,81.00,93.00,14.39,42.00,202.13,16.74,6.00,1.16,3.75,0.00
90.121,6354.50,32.09,17.30,1020.00,1234.03,163.50,161.85,1233.00,88.06,81.00,93.00,14.39,42.00,202.13,16.74,6.00,1.16,9.00,0.00
90.272,6354.50,32.09,17.30,1020.00,1234.03,163.50,161.85,1233.00,88.06,81.00,93.00,14.39,42.00,202.13,16.74,6.00,1.16,9.00,0.00
90.421,5127.50,32.09,17.30,1020.00,1234.03,163.50,161.85,1233.00,88.06,81.00,93.00,14.39,42.00,202.13,16.74,6.00,1.16,9.00,0.00
90.571,5127.50,13.89,17.30,1020.00,1234.03,163.50,161.85,1233.00,88.06,81.00,93.00,14.39,42.00,202.13,16.74,6.00,1.16,9.00,0.00
90.721,5127.50,13.89,2.19,1020.00,1234.03,163.50,161.85,1233.00,88.06,81.00,93.00,14.39,42.00,202.13,16.74,6.00,1.16,9.00,0.00
90.873,5127.50,13.89,2.19,104.00,1234.03,163.50,161.85,1233.00,88.06,81.00,93.00,14.39,42.00,202.13,16.74,6.00,1.16,9.00,0.00
91.021,5127.50,13.89,2.19,104.00,105.50,163.50,161.85,1233.00,88.06,81.00,93.00,14.39,42.00,202.13,16.74,6.00,1.16,9.00,0.00
91.173,5127.50,13.89,2.19,104.00,105.50,18.00,161.85,1233.00,88.06,81.00,93.00,14.39,42.00,202.13,16.74,6.00,1.16,9.00,0.00
91.321,5127.50,13.89,2.19,104.00,105.50,18.00,169.26,1233.00,88.06,81.00,93.00,14.39,42.00,202.13,16.74,6.00,1.16,9.00,0.00
91.472,5127.50,13.89,2.19,104.00,105.50,18.00,169.26,106.40,88.06,81.00,93.00,14.39,42.00,202.13,16.74,6.00,1.16,9.00,0.00
91.621,5127.50,13.89,2.19,104.00,105.50,18.00,169.26,106.40,91.06,81.00,93.00,14.39,42.00,202.13,16.74,6.00,1.16,9.00,0.00
91.772,5127.50,13.89,2.19,104.00,105.50,18.00,169.26,106.40,91.06,84.75,93.00,14.39,42.00,202.13,16.74,6.00,1.16,9.00,0.00
91.921,5127.50,13.89,2.19,104.00,105.50,18.00,169.26,106.40,91.06,84.75,93.00,14.39,42.00,202.13,16.74,6.00,1.16,9.00,0.00
92.073,5127.50,13.89,2.19,104.00,105.50,18.00,169.26,106.40,91.06,84.75,93.00,14.39,42.00,202.13,16.74,6.00,1.16,9.00,0.00
92.221,5127.50,13.89,2.19,104.00,105.50,18.00,169.26,106.40,91.06,84.75,93.00,14.39,42.00,202.13,16.74,6.00,1.16,9.00,0.00
92.372,5127.50,13.89,2.19,104.00,105.50,18.00,169.26,106.40,91.06,84.75,93.00,14.39,42.00,193.80,16.74,6.00,1.16,9.00,0.00
92.521,5127.50,13.89,2.19,104.00,105.50,18.00,169.26,106.40,91.06,84.75,93.00,14.39,42.00,193.80,16.10,6.00,1.16,9.00,0.00
92.672,5127.50,13.89,2.19,104.00,105.50,18.00,169.26,106.40,91.06,84.75,93.00,14.39,42.00,193.80,16.10,6.00,1.16,9.00,0.00
92.821,5127.50,13.89,2.19,104.00,105.50,18.00,169.26,106.40,91.06,84.75,93.00,14.39,42.00,193.80,16.10,6.00,0.90,9.00,0.00
92.973,5127.50,13.89,2.19,104.00,105.50,18.00,169.26,106.40,91.06,84.75,93.00,14.39,42.00,193.80,16.10,6.00,0.90,-4.50,0.00
93.121,5127.50,13.89,2.19,104.00,105.50,18.00,169.26,106.40,91.06,84.75,93.00,14.39,42.00,193.80,16.10,6.00,0.90,-4.50,0.00
93.271,3889.00,13.89,2.19,104.00,105.50,18.00,169.26,106.40,91.06,84.75,93.00,14.39,42.00,193.80,16.10,6.00,0.90,-4.50,0.00
93.421,3889.00,13.68,2.19,104.00,105.50,18.00,169.26,106.40,91.06,84.75,93.00,14.39,42.00,193.80,16.10,6.00,0.90,-4.50,0.00
93.573,3889.00,13.68,0.41,104.00,105.50,18.00,169.26,106.40,91.06,84.75,93.00,14.39,42.00,193.80,16.10,6.00,0.90,-4.50,0.00
93.721,3889.00,13.68,0.41,84.00,105.50,18.00,169.26,106.40,91.06,84.75,93.00,14.39,42.00,193.80,16.10,6.00,0.90,-4.50,0.00
93.901,3889.00,13.68,0.41,84.00,82.88,18.00,169.26,106.40,91.06,84.75,93.00,14.39,42.00,193.80,16.10,6.00,0.90,-4.50,0.00
94.051,3889.00,13.68,0.41,84.00,82.88,18.75,169.26,106.40,91.06,84.75,93.00,14.39,42.00,193.80,16.10,6.00,0.90,-4.50,0.00
94.201,3889.00,13.68,0.41,84.00,82.88,18.75,153.46,106.40,91.06,84.75,93.00,14.39,42.00,193.80,16.10,6.00,0.90,-4.50,0.00
94.351,3889.00,13.68,0.41,84.00,82.88,18.75,153.46,84.00,91.06,84.75,93.00,14.39,42.00,193.80,16.10,6.00,0.90,-4.50,0.00
94.501,3889.00,13.68,0.41,84.00,82.88,18.75,153.46,84.00,91.56,84.75,93.00,14.39,42.00,193.80,16.10,6.00,0.90,-4.50,0.00
94.651,3889.00,13.68,0.41,84.00,82.88,18.75,153.46,84.00,91.56,86.25,93.00,14.39,42.00,193.80,16.10,6.00,0.90,-4.50,0.00
94.801,3889.00,13.68,0.41,84.00,82.88,18.75,153.46,84.00,91.56,86.25,92.00,14.39,42.00,193.80,16.10,6.00,0.90,-4.50,0.00
94.951,3889.00,13.68,0.41,84.00,82.88,18.75,153.46,84.00,91.56,86.25,92.00,14.39,42.00,193.80,16.10,6.00,0.90,-4.50,0.00
95.101,3889.00,13.68,0.41,84.00,82.88,18.75,153.46,84.00,91.56,86.25,92.00,14.39,42.00,193.80,16.10,6.00,0.90,-4.50,0.00
95.252,3889.00,13.68,0.41,84.00,82.88,18.75,153.46,84.00,91.56,86.25,92.00,14.39,42.00,184.18,16.10,6.00,0.90,-4.50,0.00
95.401,3889.00,13.68,0.41,84.00,82.88,18.75,153.46,84.00,91.56,86.25,92.00,14.39,42.00,184.18,16.27,6.00,0.90,-4.50,0.00
95.551,3889.00,13.68,0.41,84.00,82.88,18.75,153.46,84.00,91.56,86.25,92.00,14.39,42.00,184.18,16.27,6.00,0.90,-4.50,0.00
95.701,3889.00,13.68,0.41,84.00,82.88,18.75,153.46,84.00,91.56,86.25,92.00,14.39,42.00,184.18,16.27,6.00,0.90,-4.50,0.00
95.851,3889.00,13.68,0.41,84.00,82.88,18.75,153.46,84.00,91.56,86.25,92.00,14.39,42.00,184.18,16.27,6.00,0.90,0.00,0.00
96.001,3889.00,13.68,0.41,84.00,82.88,18.75,153.46,84.00,91.56,86.25,92.00,14.39,42.00,184.18,16.27,6.00,0.90,0.00,0.00
96.151,3702.00,13.68,0.41,84.00,82.88,18.75,153.46,84.00,91.56,86.25,92.00,14.39,42.00,184.18,16.27,6.00,0.90,0.00,0.00
96.301,3702.00,13.62,0.41,84.00,82.88,18.75,153.46,84.00,91.56,86.25,92.00,14.39,42.00,184.18,16.27,6.00,0.90,0.00,0.00
96.451,3702.00,13.62,0.20,84.00,82.88,18.75,153.46,84.00,91.56,86.25,92.00,14.39,42.00,184.18,16.27,6.00,0.90,0.00,0.00
96.601,3702.00,13.62,0.20,80.00,82.88,18.75,153.46,84.00,91.56,86.25,92.00,14.39,42.00,184.18,16.27,6.00,0.90,0.00,0.00
96.751,3702.00,13.62,0.20,80.00,78.59,18.75,153.46,84.00,91.56,86.25,92.00,14.39,42.00,184.18,16.27,6.00,0.90,0.00,0.00
96.901,3702.00,13.62,0.20,80.00,78.59,18.75,153.46,84.00,91.56,86.25,92.00,14.39,42.00,184.18,16.27,6.00,0.90,0.00,0.00
97.051,3702.00,13.62,0.20,80.00,78.59,18.75,138.55,84.00,91.56,86.25,92.00,14.39,42.00,184.18,16.27,6.00,0.90,0.00,0.00
97.201,3702.00,13.62,0.20,80.00,78.59,18.75,138.55,80.40,91.56,86.25,92.00,14.39,42.00,184.18,16.27,6.00,0.90,0.00,0.00
97.351,3702.00,13.62,0.20,80.00,78.59,18.75,138.55,80.40,90.86,86.25,92.00,14.39,42.00,184.18,16.27,6.00,0.90,0.00,0.00
97.501,3702.00,13.62,0.20,80.00,78.59,18.75,138.55,80.40,90.86,85.50,92.00,14.39,42.00,184.18,16.27,6.00,0.90,0.00,0.00
97.651,3702.00,13.62,0.20,80.00,78.59,18.75,138.55,80.40,90.86,85.50,91.00,14.39,42.00,184.18,16.27,6.00,0.90,0.00,0.00
97.801,3702.00,13.62,0.20,80.00,78.59,18.75,138.55,80.40,90.86,85.50,91.00,14.39,42.00,184.18,16.27,6.00,0.90,0.00,0.00
97.951,3702.00,13.62,0.20,80.00,78.59,18.75,138.55,80.40,90.86,85.50,91.00,14.39,42.00,184.18,16.27,6.00,0.90,0.00,0.00
98.101,3702.00,13.62,0.20,80.00,78.59,18.75,138.55,80.40,90.86,85.50,91.00,14.39,42.00,177.22,16.27,6.00,0.90,0.00,0.00
98.251,3702.00,13.62,0.20,80.00,78.59,18.75,138.55,80.40,90.86,85.50,91.00,14.39,42.00,177.22,16.13,6.00,0.90,0.00,0.00
98.401,3702.00,13.62,0.20,80.00,78.59,18.75,138.55,80.40,90.86,85.50,91.00,14.39,42.00,177.22,16.13,6.00,0.90,0.00,0.00
98.552,3702.00,13.62,0.20,80.00,78.59,18.75,138.55,80.40,90.86,85.50,91.00,14.39,42.00,177.22,16.13,6.00,0.92,0.00,0.00
98.701,3702.00,13.62,0.20,80.00,78.59,18.75,138.55,80.40,90.86,85.50,91.00,14.39,42.00,177.22,16.13,6.00,0.92,4.50,0.00
98.851,3702.00,13.62,0.20,80.00,78.59,18.75,138.55,80.40,90.86,85.50,91.00,14.39,42.00,177.22,16.13,6.00,0.92,4.50,0.00
99.001,3566.50,13.62,0.20,80.00,78.59,18.75,138.55,80.40,90.86,85.50,91.00,14.39,42.00,177.22,16.13,6.00,0.92,4.50,0.00
99.152,3566.50,13.65,0.20,80.00,78.59,18.75,138.55,80.40,90.86,85.50,91.00,14.39,42.00,177.22,16.13,6.00,0.92,4.50,0.00
99.301,3566.50,13.65,0.09,80.00,78.59,18.75,138.55,80.40,90.86,85.50,91.00,14.39,42.00,177.22,16.13,6.00,0.92,4.50,0.00
99.451,3566.50,13.65,0.09,76.00,78.59,18.75,138.55,80.40,90.86,85.50,91.00,14.39,42.00,177.22,16.13,6.00,0.92,4.50,0.00
99.601,3566.50,13.65,0.09,76.00,75.00,18.75,138.55,80.40,90.86,85.50,91.00,14.39,42.00,177.22,16.13,6.00,0.92,4.50,0.00
99.751,3566.50,13.65,0.09,76.00,75.00,18.75,138.55,80.40,90.86,85.50,91.00,14.39,42.00,177.22,16.13,6.00,0.92,4.50,0.00
99.901,3566.50,13.65,0.09,76.00,75.00,18.75,127.35,80.40,90.86,85.50,91.00,14.39,42.00,177.22,16.13,6.00,0.92,4.50,0.00
100.052,3566.50,13.65,0.09,76.00,75.00,18.75,127.35,77.30,90.86,85.50,91.00,14.39,42.00,177.22,16.13,6.00,0.92,4.50,0.00
100.202,3566.50,13.65,0.09,76.00,75.00,18.75,127.35,77.30,89.76,85.50,91.00,14.39,42.00,177.22,16.13,6.00,0.92,4.50,0.00
100.351,3566.50,13.65,0.09,76.00,75.00,18.75,127.35,77.30,89.76,84.00,91.00,14.39,42.00,177.22,16.13,6.00,0.92,4.50,0.00
100.501,3566.50,13.65,0.09,76.00,75.00,18.75,127.35,77.30,89.76,84.00,91.00,14.39,42.00,177.22,16.13,6.00,0.92,4.50,0.00
100.652,3566.50,13.65,0.09,76.00,75.00,18.75,127.35,77.30,89.76,84.00,91.00,14.39,42.00,177.22,16.13,6.00,0.92,4.50,0.00
100.802,3566.50,13.65,0.09,76.00,75.00,18.75,127.35,77.30,89.76,84.00,91.00,14.39,42.00,177.22,16.13,6.00,0.92,4.50,0.00
100.951,3566.50,13.65,0.09,76.00,75.00,18.75,127.35,77.30,89.76,84.00,91.00,14.39,42.00,170.34,16.13,6.00,0.92,4.50,0.00
101.101,3566.50,13.65,0.09,76.00,75.00,18.75,127.35,77.30,89.76,84.00,91.00,14.39,42.00,170.34,15.95,6.00,0.92,4.50,0.00
101.251,3566.50,13.65,0.09,76.00,75.00,18.75,127.35,77.30,89.76,84.00,91.00,14.39,42.00,170.34,15.95,6.00,0.92,4.50,0.00
101.401,3566.50,13.65,0.09,76.00,75.00,18.75,127.35,77.30,89.76,84.00,91.00,14.39,42.00,170.34,15.95,6.00,0.90,4.50,0.00
101.584,3566.50,13.65,0.09,76.00,75.00,18.75,127.35,77.30,89.76,84.00,91.00,14.39,42.00,170.34,15.95,6.00,0.90,-4.50,0.00
101.732,3566.50,13.65,0.09,76.00,75.00,18.75,127.35,77.30,89.76,84.00,91.00,14.39,42.00,170.34,15.95,6.00,0.90,-4.50,0.00
101.884,3426.00,13.65,0.09,76.00,75.00,18.75,127.35,77.30,89.76,84.00,91.00,14.39,42.00,170.34,15.95,6.00,0.90,-4.50,0.00
102.031,3426.00,13.65,0.09,76.00,75.00,18.75,127.35,77.30,89.76,84.00,91.00,14.39,42.00,170.34,15.95,6.00,0.90,-4.50,0.00
102.182,3426.00,13.65,0.04,76.00,75.00,18.75,127.35,77.30,89.76,84.00,91.00,14.39,42.00,170.34,15.95,6.00,0.90,-4.50,0.00
102.332,3426.00,13.65,0.04,72.00,75.00,18.75,127.35,77.30,89.76,84.00,91.00,14.39,42.00,170.34,15.95,6.00,0.90,-4.50,0.00
102.484,3426.00,13.65,0.04,72.00,71.69,18.75,127.35,77.30,89.76,84.00,91.00,14.39,42.00,170.34,15.95,6.00,0.90,-4.50,0.00
102.631,3426.00,13.65,0.04,72.00,71.69,18.75,127.35,77.30,89.76,84.00,91.00,14.39,42.00,170.34,15.95,6.00,0.90,-4.50,0.00
102.783,3426.00,13.65,0.04,72.00,71.69,18.75,119.05,77.30,89.76,84.00,91.00,14.39,42.00,170.34,15.95,6.00,0.90,-4.50,0.00
102.932,3426.00,13.65,0.04,72.00,71.69,18.75,119.05,73.80,89.76,84.00,91.00,14.39,42.00,170.34,15.95,6.00,0.90,-4.50,0.00
103.084,3426.00,13.65,0.04,72.00,71.69,18.75,119.05,73.80,88.46,84.00,91.00,14.39,42.00,170.34,15.95,6.00,0.90,-4.50,0.00
103.232,3426.00,13.65,0.04,72.00,71.69,18.75,119.05,73.80,88.46,83.25,91.00,14.39,42.00,170.34,15.95,6.00,0.90,-4.50,0.00
103.382,3426.00,13.65,0.04,72.00,71.69,18.75,119.05,73.80,88.46,83.25,90.00,14.39,42.00,170.34,15.95,6.00,0.90,-4.50,0.00
103.532,3426.00,13.65,0.04,72.00,71.69,18.75,119.05,73.80,88.46,83.25,90.00,14.39,42.00,170.34,15.95,6.00,0.90,-4.50,0.00
103.684,3426.00,13.65,0.04,72.00,71.69,18.75,119.05,73.80,88.46,83.25,90.00,14.39,42.00,170.34,15.95,6.00,0.90,-4.50,0.00
103.831,3426.00,13.65,0.04,72.00,71.69,18.75,119.05,73.80,88.46,83.25,90.00,14.39,42.00,162.53,15.95,6.00,0.90,-4.50,0.00
103.984,3426.00,13.65,0.04,72.00,71.69,18.75,119.05,73.80,88.46,83.25,90.00,14.39,42.00,162.53,15.71,6.00,0.90,-4.50,0.00
104.132,3426.00,13.65,0.04,72.00,71.69,18.75,119.05,73.80,88.46,83.25,90.00,14.39,42.00,162.53,15.71,6.00,0.90,-4.50,0.00
104.284,3426.00,13.65,0.04,72.00,71.69,18.75,119.05,73.80,88.46,83.25,90.00,14.39,42.00,162.53,15.71,6.00,0.90,-4.50,0.00
104.432,3426.00,13.65,0.04,72.00,71.69,18.75,119.05,73.80,88.46,83.25,90.00,14.39,42.00,162.53,15.71,6.00,0.90,-1.50,0.00
104.584,3426.00,13.65,0.04,72.00,71.69,18.75,119.05,73.80,88.46,83.25,90.00,14.39,42.00,162.53,15.71,6.00,0.90,-1.50,0.00
104.732,3284.50,13.65,0.04,72.00,71.69,18.75,119.05,73.80,88.46,83.25,90.00,14.39,42.00,162.53,15.71,6.00,0.90,-1.50,0.00
104.884,3284.50,13.64,0.04,72.00,71.69,18.75,119.05,73.80,88.46,83.25,90.00,14.39,42.00,162.53,15.71,6.00,0.90,-1.50,0.00
105.032,3284.50,13.64,0.00,72.00,71.69,18.75,119.05,73.80,88.46,83.25,90.00,14.39,42.00,162.53,15.71,6.00,0.90,-1.50,0.00
105.182,3284.50,13.64,0.00,68.00,71.69,18.75,119.05,73.80,88.46,83.25,90.00,14.39,42.00,162.53,15.71,6.00,0.90,-1.50,0.00
105.332,3284.50,13.64,0.00,68.00,68.84,18.75,119.05,73.80,88.46,83.25,90.00,14.39,42.00,162.53,15.71,6.00,0.90,-1.50,0.00
105.484,3284.50,13.64,0.00,68.00,68.84,18.75,119.05,73.80,88.46,83.25,90.00,14.39,42.00,162.53,15.71,6.00,0.90,-1.50,0.00
105.632,3284.50,13.64,0.00,68.00,68.84,18.75,113.24,73.80,88.46,83.25,90.00,14.39,42.00,162.53,15.71,6.00,0.90,-1.50,0.00
105.784,3284.50,13.64,0.00,68.00,68.84,18.75,113.24,71.10,88.46,83.25,90.00,14.39,42.00,162.53,15.71,6.00,0.90,-1.50,0.00
105.932,3284.50,13.64,0.00,68.00,68.84,18.75,113.24,71.10,87.46,83.25,90.00,14.39,42.00,162.53,15.71,6.00,0.90,-1.50,0.00
106.084,3284.50,13.64,0.00,68.00,68.84,18.75,113.24,71.10,87.46,82.50,90.00,14.39,42.00,162.53,15.71,6.00,0.90,-1.50,0.00
106.232,3284.50,13.64,0.00,68.00,68.84,18.75,113.24,71.10,87.46,82.50,89.00,14.39,42.00,162.53,15.71,6.00,0.90,-1.50,0.00
106.384,3284.50,13.64,0.00,68.00,68.84,18.75,113.24,71.10,87.46,82.50,89.00,14.39,42.00,162.53,15.71,6.00,0.90,-1.50,0.00
106.532,3284.50,13.64,0.00,68.00,68.84,18.75,113.24,71.10,87.46,82.50,89.00,14.39,42.00,162.53,15.71,6.00,0.90,-1.50,0.00
106.684,3284.50,13.64,0.00,68.00,68.84,18.75,113.24,71.10,87.46,82.50,89.00,14.39,42.00,156.25,15.71,6.00,0.90,-1.50,0.00
106.832,3284.50,13.64,0.00,68.00,68.84,18.75,113.24,71.10,87.46,82.50,89.00,14.39,42.00,156.25,15.46,6.00,0.90,-1.50,0.00
106.984,3284.50,13.64,0.00,68.00,68.84,18.75,113.24,71.10,87.46,82.50,89.00,14.39,42.00,156.25,15.46,6.00,0.90,-1.50,0.00
107.131,3284.50,13.64,0.00,68.00,68.84,18.75,113.24,71.10,87.46,82.50,89.00,14.39,42.00,156.25,15.46,6.00,0.90,-1.50,0.00
107.284,3284.50,13.64,0.00,68.00,68.84,18.75,113.24,71.10,87.46,82.50,89.00,14.39,42.00,156.25,15.46,6.00,0.90,-6.00,0.00
107.431,3284.50,13.64,0.00,68.00,68.84,18.75,113.24,71.10,87.46,82.50,89.00,14.39,42.00,156.25,15.46,6.00,0.90,-6.00,0.00
107.582,3140.50,13.64,0.00,68.00,68.84,18.75,113.24,71.10,87.46,82.50,89.00,14.39,42.00,156.25,15.46,6.00,0.90,-6.00,0.00
107.732,3140.50,13.66,0.00,68.00,68.84,18.75,113.24,71.10,87.46,82.50,89.00,14.39,42.00,156.25,15.46,6.00,0.90,-6.00,0.00
107.884,3140.50,13.66,0.00,68.00,68.84,18.75,113.24,71.10,87.46,82.50,89.00,14.39,42.00,156.25,15.46,6.00,0.90,-6.00,0.00
108.031,3140.50,13.66,0.00,68.00,68.84,18.75,113.24,71.10,87.46,82.50,89.00,14.39,42.00,156.25,15.46,6.00,0.90,-6.00,0.00
108.182,3140.50,13.66,0.00,68.00,65.56,18.75,113.24,71.10,87.46,82.50,89.00,14.39,42.00,156.25,15.46,6.00,0.90,-6.00,0.00
108.332,3140.50,13.66,0.00,68.00,65.56,18.75,113.24,71.10,87.46,82.50,89.00,14.39,42.00,156.25,15.46,6.00,0.90,-6.00,0.00
108.484,3140.50,13.66,0.00,68.00,65.56,18.75,108.95,71.10,87.46,82.50,89.00,14.39,42.00,156.25,15.46,6.00,0.90,-6.00,0.00
108.632,3140.50,13.66,0.00,68.00,65.56,18.75,108.95,68.10,87.46,82.50,89.00,14.39,42.00,156.25,15.46,6.00,0.90,-6.00,0.00
108.783,3140.50,13.66,0.00,68.00,65.56,18.75,108.95,68.10,86.76,82.50,89.00,14.39,42.00,156.25,15.46,6.00,0.90,-6.00,0.00
108.932,3140.50,13.66,0.00,68.00,65.56,18.75,108.95,68.10,86.76,81.75,89.00,14.39,42.00,156.25,15.46,6.00,0.90,-6.00,0.00
109.084,3140.50,13.66,0.00,68.00,65.56,18.75,108.95,68.10,86.76,81.75,89.00,14.39,42.00,156.25,15.46,6.00,0.90,-6.00,0.00
109.264,3140.50,13.66,0.00,68.00,65.56,18.75,108.95,68.10,86.76,81.75,89.00,14.39,42.00,156.25,15.46,6.00,0.90,-6.00,0.00
109.413,3140.50,13.66,0.00,68.00,65.56,18.75,108.95,68.10,86.76,81.75,89.00,14.39,42.00,156.25,15.46,6.00,0.90,-6.00,0.00
109.564,3140.50,13.66,0.00,68.00,65.56,18.75,108.95,68.10,86.76,81.75,89.00,14.39,42.00,149.57,15.46,6.00,0.90,-6.00,0.00
109.712,3140.50,13.66,0.00,68.00,65.56,18.75,108.95,68.10,86.76,81.75,89.00,14.39,42.00,149.57,15.14,6.00,0.90,-6.00,0.00
109.863,3140.50,13.66,0.00,68.00,65.56,18.75,108.95,68.10,86.76,81.75,89.00,14.39,42.00,149.57,15.14,6.00,0.90,-6.00,0.00
110.011,3140.50,13.66,0.00,68.00,65.56,18.75,108.95,68.10,86.76,81.75,89.00,14.39,42.00,149.57,15.14,6.00,0.91,-6.00,0.00
110.164,3140.50,13.66,0.00,68.00,65.56,18.75,108.95,68.10,86.76,81.75,89.00,14.39,42.00,149.57,15.14,6.00,0.91,-6.00,0.00
110.311,3140.50,13.66,0.00,68.00,65.56,18.75,108.95,68.10,86.76,81.75,89.00,14.39,42.00,149.57,15.14,6.00,0.91,-6.00,0.00
110.463,3013.50,13.66,0.00,68.00,65.56,18.75,108.95,68.10,86.76,81.75,89.00,14.39,42.00,149.57,15.14,6.00,0.91,-6.00,0.00
110.611,3013.50,13.64,0.00,68.00,65.56,18.75,108.95,68.10,86.76,81.75,89.00,14.39,42.00,149.57,15.14,6.00,0.91,-6.00,0.00
110.792,3013.50,13.64,0.00,68.00,65.56,18.75,108.95,68.10,86.76,81.75,89.00,14.39,42.00,149.57,15.14,6.00,0.91,-6.00,0.00
110.942,3013.50,13.64,0.00,64.00,65.56,18.75,108.95,68.10,86.76,81.75,89.00,14.39,42.00,149.57,15.14,6.00,0.91,-6.00,0.00
111.092,3013.50,13.64,0.00,64.00,63.12,18.75,108.95,68.10,86.76,81.75,89.00,14.39,42.00,149.57,15.14,6.00,0.91,-6.00,0.00
111.242,3013.50,13.64,0.00,64.00,63.12,18.75,108.95,68.10,86.76,81.75,89.00,14.39,42.00,149.57,15.14,6.00,0.91,-6.00,0.00
111.392,3013.50,13.64,0.00,64.00,63.12,18.75,105.34,68.10,86.76,81.75,89.00,14.39,42.00,149.57,15.14,6.00,0.91,-6.00,0.00
111.542,3013.50,13.64,0.00,64.00,63.12,18.75,105.34,65.00,86.76,81.75,89.00,14.39,42.00,149.57,15.14,6.00,0.91,-6.00,0.00
111.692,3013.50,13.64,0.00,64.00,63.12,18.75,105.34,65.00,86.16,81.75,89.00,14.39,42.00,149.57,15.14,6.00,0.91,-6.00,0.00
111.842,3013.50,13.64,0.00,64.00,63.12,18.75,105.34,65.00,86.16,80.25,89.00,14.39,42.00,149.57,15.14,6.00,0.91,-6.00,0.00
111.991,3013.50,13.64,0.00,64.00,63.12,18.75,105.34,65.00,86.16,80.25,89.00,14.39,42.00,149.57,15.14,6.00,0.91,-6.00,0.00
112.141,3013.50,13.64,0.00,64.00,63.12,18.75,105.34,65.00,86.16,80.25,89.00,14.39,42.00,149.57,15.14,6.00,0.91,-6.00,0.00
112.291,3013.50,13.64,0.00,64.00,63.12,18.75,105.34,65.00,86.16,80.25,89.00,14.39,42.00,149.57,15.14,6.00,0.91,-6.00,0.00
112.442,3013.50,13.64,0.00,64.00,63.12,18.75,105.34,65.00,86.16,80.25,89.00,14.39,42.00,143.92,15.14,6.00,0.91,-6.00,0.00
112.592,3013.50,13.64,0.00,64.00,63.12,18.75,105.34,65.00,86.16,80.25,89.00,14.39,42.00,143.92,20.98,6.00,0.91,-6.00,0.00
112.741,3013.50,13.64,0.00,64.00,63.12,18.75,105.34,65.00,86.16,80.25,89.00,14.39,42.00,143.92,20.98,6.00,0.91,-6.00,0.00
112.892,3013.50,13.64,0.00,64.00,63.12,18.75,105.34,65.00,86.16,80.25,89.00,14.39,42.00,143.92,20.98,6.00,0.99,-6.00,0.00
113.041,3013.50,13.64,0.00,64.00,63.12,18.75,105.34,65.00,86.16,80.25,89.00,14.39,42.00,143.92,20.98,6.00,0.99,33.00,0.00
113.222,3013.50,13.64,0.00,64.00,63.12,18.75,105.34,65.00,86.16,80.25,89.00,14.39,42.00,143.92,20.98,6.00,0.99,33.00,0.00
113.373,2940.00,13.64,0.00,64.00,63.12,18.75,105.34,65.00,86.16,80.25,89.00,14.39,42.00,143.92,20.98,6.00,0.99,33.00,0.00
113.522,2940.00,13.59,0.00,64.00,63.12,18.75,105.34,65.00,86.16,80.25,89.00,14.39,42.00,143.92,20.98,6.00,0.99,33.00,0.00
113.673,2940.00,13.59,0.65,64.00,63.12,18.75,105.34,65.00,86.16,80.25,89.00,14.39,42.00,143.92,20.98,6.00,0.99,33.00,0.00
113.822,2940.00,13.59,0.65,116.00,63.12,18.75,105.34,65.00,86.16,80.25,89.00,14.39,42.00,143.92,20.98,6.00,0.99,33.00,0.00
113.972,2940.00,13.59,0.65,116.00,112.94,18.75,105.34,65.00,86.16,80.25,89.00,14.39,42.00,143.92,20.98,6.00,0.99,33.00,0.00
114.122,2940.00,13.59,0.65,116.00,112.94,34.50,105.34,65.00,86.16,80.25,89.00,14.39,42.00,143.92,20.98,6.00,0.99,33.00,0.00
114.273,2940.00,13.59,0.65,116.00,112.94,34.50,102.74,65.00,86.16,80.25,89.00,14.39,42.00,143.92,20.98,6.00,0.99,33.00,0.00
114.422,2940.00,13.59,0.65,116.00,112.94,34.50,102.74,119.50,86.16,80.25,89.00,14.39,42.00,143.92,20.98,6.00,0.99,33.00,0.00
114.573,2940.00,13.59,0.65,116.00,112.94,34.50,102.74,119.50,85.56,80.25,89.00,14.39,42.00,143.92,20.98,6.00,0.99,33.00,0.00
114.722,2940.00,13.59,0.65,116.00,112.94,34.50,102.74,119.50,85.56,79.50,89.00,14.39,42.00,143.92,20.98,6.00,0.99,33.00,0.00
114.873,2940.00,13.59,0.65,116.00,112.94,34.50,102.74,119.50,85.56,79.50,88.00,14.39,42.00,143.92,20.98,6.00,0.99,33.00,0.00
115.022,2940.00,13.59,0.65,116.00,112.94,34.50,102.74,119.50,85.56,79.50,88.00,14.39,42.00,143.92,20.98,6.00,0.99,33.00,0.00
115.173,2940.00,13.59,0.65,116.00,112.94,34.50,102.74,119.50,85.56,79.50,88.00,14.39,42.00,143.92,20.98,6.00,0.99,33.00,0.00
115.322,2940.00,13.59,0.65,116.00,112.94,34.50,102.74,119.50,85.56,79.50,88.00,14.39,42.00,142.49,20.98,6.00,0.99,33.00,0.00
115.473,2940.00,13.59,0.65,116.00,112.94,34.50,102.74,119.50,85.56,79.50,88.00,14.39,42.00,142.49,19.09,6.00,0.99,33.00,0.00
115.652,2940.00,13.59,0.65,116.00,112.94,34.50,102.74,119.50,85.56,79.50,88.00,14.39,42.00,142.49,19.09,6.00,0.99,33.00,0.00
115.802,2940.00,13.59,0.65,116.00,112.94,34.50,102.74,119.50,85.56,79.50,88.00,14.39,42.00,142.49,19.09,6.00,1.00,33.00,0.00
115.952,2940.00,13.59,0.65,116.00,112.94,34.50,102.74,119.50,85.56,79.50,88.00,14.39,42.00,142.49,19.09,6.00,1.00,28.50,0.00
116.102,2940.00,13.59,0.65,116.00,112.94,34.50,102.74,119.50,85.56,79.50,88.00,14.39,42.00,142.49,19.09,6.00,1.00,28.50,0.00
116.252,2918.00,13.59,0.65,116.00,112.94,34.50,102.74,119.50,85.56,79.50,88.00,14.39,42.00,142.49,19.09,6.00,1.00,28.50,0.00
116.402,2918.00,13.62,0.65,116.00,112.94,34.50,102.74,119.50,85.56,79.50,88.00,14.39,42.00,142.49,19.09,6.00,1.00,28.50,0.00
116.552,2918.00,13.62,1.41,116.00,112.94,34.50,102.74,119.50,85.56,79.50,88.00,14.39,42.00,142.49,19.09,6.00,1.00,28.50,0.00
116.702,2918.00,13.62,1.41,128.00,112.94,34.50,102.74,119.50,85.56,79.50,88.00,14.39,42.00,142.49,19.09,6.00,1.00,28.50,0.00
116.852,2918.00,13.62,1.41,128.00,125.53,34.50,102.74,119.50,85.56,79.50,88.00,14.39,42.00,142.49,19.09,6.00,1.00,28.50,0.00
117.002,2918.00,13.62,1.41,128.00,125.53,37.50,102.74,119.50,85.56,79.50,88.00,14.39,42.00,142.49,19.09,6.00,1.00,28.50,0.00
117.152,2918.00,13.62,1.41,128.00,125.53,37.50,100.75,119.50,85.56,79.50,88.00,14.39,42.00,142.49,19.09,6.00,1.00,28.50,0.00
117.302,2918.00,13.62,1.41,128.00,125.53,37.50,100.75,132.20,85.56,79.50,88.00,14.39,42.00,142.49,19.09,6.00,1.00,28.50,0.00
117.451,2918.00,13.62,1.41,128.00,125.53,37.50,100.75,132.20,85.06,79.50,88.00,14.39,42.00,142.49,19.09,6.00,1.00,28.50,0.00
117.601,2918.00,13.62,1.41,128.00,125.53,37.50,100.75,132.20,85.06,79.50,88.00,14.39,42.00,142.49,19.09,6.00,1.00,28.50,0.00
117.752,2918.00,13.62,1.41,128.00,125.53,37.50,100.75,132.20,85.06,79.50,88.00,14.39,42.00,142.49,19.09,6.00,1.00,28.50,0.00
117.901,2918.00,13.62,1.41,128.00,125.53,37.50,100.75,132.20,85.06,79.50,88.00,14.39,42.00,142.49,19.09,6.00,1.00,28.50,0.00
118.052,2918.00,13.62,1.41,128.00,125.53,37.50,100.75,132.20,85.06,79.50,88.00,14.39,42.00,142.49,19.09,6.00,1.00,28.50,0.00
118.202,2918.00,13.62,1.41,128.00,125.53,37.50,100.75,132.20,85.06,79.50,88.00,14.39,42.00,141.53,19.09,6.00,1.00,28.50,0.00
118.352,2918.00,13.62,1.41,128.00,125.53,37.50,100.75,132.20,85.06,79.50,88.00,14.39,42.00,141.53,18.43,6.00,1.00,28.50,0.00
118.501,2918.00,13.62,1.41,128.00,125.53,37.50,100.75,132.20,85.06,79.50,88.00,14.39,42.00,141.53,18.43,6.00,1.00,28.50,0.00
118.651,2918.00,13.62,1.41,128.00,125.53,37.50,100.75,132.20,85.06,79.50,88.00,14.39,42.00,141.53,18.43,6.00,0.99,28.50,0.00
118.801,2918.00,13.62,1.41,128.00,125.53,37.50,100.75,132.20,85.06,79.50,88.00,14.39,42.00,141.53,18.43,6.00,0.99,27.00,0.00
118.952,2918.00,13.62,1.41,128.00,125.53,37.50,100.75,132.20,85.06,79.50,88.00,14.39,42.00,141.53,18.43,6.00,0.99,27.00,0.00
119.102,2899.00,13.62,1.41,128.00,125.53,37.50,100.75,132.20,85.06,79.50,88.00,14.39,42.00,141.53,18.43,6.00,0.99,27.00,0.00
119.252,2899.00,13.67,1.41,128.00,125.53,37.50,100.75,132.20,85.06,79.50,88.00,14.39,42.00,141.53,18.43,6.00,0.99,27.00,0.00
119.402,2899.00,13.67,1.93,128.00,125.53,37.50,100.75,132.20,85.06,79.50,88.00,14.39,42.00,141.53,18.43,6.00,0.99,27.00,0.00
119.552,2899.00,13.67,1.93,136.00,125.53,37.50,100.75,132.20,85.06,79.50,88.00,14.39,42.00,141.53,18.43,6.00,0.99,27.00,0.00
119.702,2899.00,13.67,1.93,136.00,136.84,37.50,100.75,132.20,85.06,79.50,88.00,14.39,42.00,141.53,18.43,6.00,0.99,27.00,0.00
119.852,2899.00,13.67,1.93,136.00,136.84,39.75,100.75,132.20,85.06,79.50,88.00,14.39,42.00,141.53,18.43,6.00,0.99,27.00,0.00
120.002,2899.00,13.67,1.93,136.00,136.84,39.75,100.14,132.20,85.06,79.50,88.00,14.39,42.00,141.53,18.43,6.00,0.99,27.00,0.00
120.152,2899.00,13.67,1.93,136.00,136.84,39.75,100.14,155.50,85.06,79.50,88.00,14.39,42.00,141.53,18.43,6.00,0.99,27.00,0.00
120.302,2899.00,13.67,1.93,136.00,136.84,39.75,100.14,155.50,84.56,79.50,88.00,14.39,42.00,141.53,18.43,6.00,0.99,27.00,0.00
120.451,2899.00,13.67,1.93,136.00,136.84,39.75,100.14,155.50,84.56,78.75,88.00,14.39,42.00,141.53,18.43,6.00,0.99,27.00,0.00
120.602,2899.00,13.67,1.93,136.00,136.84,39.75,100.14,155.50,84.56,78.75,88.00,14.39,42.00,141.53,18.43,6.00,0.99,27.00,0.00
120.784,2899.00,13.67,1.93,136.00,136.84,39.75,100.14,155.50,84.56,78.75,88.00,14.39,42.00,141.53,18.43,6.00,0.99,27.00,0.00
120.932,2899.00,13.67,1.93,136.00,136.84,39.75,100.14,155.50,84.56,78.75,88.00,14.39,42.00,141.53,18.43,6.00,0.99,27.00,0.00
121.084,2899.00,13.67,1.93,136.00,136.84,39.75,100.14,155.50,84.56,78.75,88.00,14.39,42.00,142.03,18.43,6.00,0.99,27.00,0.00
121.232,2899.00,13.67,1.93,136.00,136.84,39.75,100.14,155.50,84.56,78.75,88.00,14.39,42.00,142.03,19.12,6.00,0.99,27.00,0.00
121.382,2899.00,13.67,1.93,136.00,136.84,39.75,100.14,155.50,84.56,78.75,88.00,14.39,42.00,142.03,19.12,6.00,0.99,27.00,0.00
121.532,2899.00,13.67,1.93,136.00,136.84,39.75,100.14,155.50,84.56,78.75,88.00,14.39,42.00,142.03,19.12,6.00,1.00,27.00,0.00
121.684,2899.00,13.67,1.93,136.00,136.84,39.75,100.14,155.50,84.56,78.75,88.00,14.39,42.00,142.03,19.12,6.00,1.00,25.50,0.00
121.832,2899.00,13.67,1.93,136.00,136.84,39.75,100.14,155.50,84.56,78.75,88.00,14.39,42.00,142.03,19.12,6.00,1.00,25.50,0.00
121.984,2917.50,13.67,1.93,136.00,136.84,39.75,100.14,155.50,84.56,78.75,88.00,14.39,42.00,142.03,19.12,6.00,1.00,25.50,0.00
122.132,2917.50,13.70,1.93,136.00,136.84,39.75,100.14,155.50,84.56,78.75,88.00,14.39,42.00,142.03,19.12,6.00,1.00,25.50,0.00
122.284,2917.50,13.70,2.53,136.00,136.84,39.75,100.14,155.50,84.56,78.75,88.00,14.39,42.00,142.03,19.12,6.00,1.00,25.50,0.00
122.432,2917.50,13.70,2.53,140.00,136.84,39.75,100.14,155.50,84.56,78.75,88.00,14.39,42.00,142.03,19.12,6.00,1.00,25.50,0.00
122.583,2917.50,13.70,2.53,140.00,140.59,39.75,100.14,155.50,84.56,78.75,88.00,14.39,42.00,142.03,19.12,6.00,1.00,25.50,0.00
122.732,2917.50,13.70,2.53,140.00,140.59,42.00,100.14,155.50,84.56,78.75,88.00,14.39,42.00,142.03,19.12,6.00,1.00,25.50,0.00
122.884,2917.50,13.70,2.53,140.00,140.59,42.00,100.54,155.50,84.56,78.75,88.00,14.39,42.00,142.03,19.12,6.00,1.00,25.50,0.00
123.032,2917.50,13.70,2.53,140.00,140.59,42.00,100.54,142.80,84.56,78.75,88.00,14.39,42.00,142.03,19.12,6.00,1.00,25.50,0.00
123.182,2917.50,13.70,2.53,140.00,140.59,42.00,100.54,142.80,84.26,78.75,88.00,14.39,42.00,142.03,19.12,6.00,1.00,25.50,0.00
123.332,2917.50,13.70,2.53,140.00,140.59,42.00,100.54,142.80,84.26,78.00,88.00,14.39,42.00,142.03,19.12,6.00,1.00,25.50,0.00
123.484,2917.50,13.70,2.53,140.00,140.59,42.00,100.54,142.80,84.26,78.00,87.00,14.39,42.00,142.03,19.12,6.00,1.00,25.50,0.00
123.632,2917.50,13.70,2.53,140.00,140.59,42.00,100.54,142.80,84.26,78.00,87.00,14.39,42.00,142.03,19.12,6.00,1.00,25.50,0.00
123.784,2917.50,13.70,2.53,140.00,140.59,42.00,100.54,142.80,84.26,78.00,87.00,14.39,42.00,142.03,19.12,6.00,1.00,25.50,0.00
123.932,2917.50,13.70,2.53,140.00,140.59,42.00,100.54,142.80,84.26,78.00,87.00,14.39,42.00,142.13,19.12,6.00,1.00,25.50,0.00
124.084,2917.50,13.70,2.53,140.00,140.59,42.00,100.54,142.80,84.26,78.00,87.00,14.39,42.00,142.13,18.77,6.00,1.00,25.50,0.00
124.232,2917.50,13.70,2.53,140.00,140.59,42.00,100.54,142.80,84.26,78.00,87.00,14.39,42.00,142.13,18.77,6.00,1.00,25.50,0.00
124.384,2917.50,13.70,2.53,140.00,140.59,42.00,100.54,142.80,84.26,78.00,87.00,14.39,42.00,142.13,18.77,6.00,1.00,25.50,0.00
124.532,2917.50,13.70,2.53,140.00,140.59,42.00,100.54,142.80,84.26,78.00,87.00,14.39,42.00,142.13,18.77,6.00,1.00,26.25,0.00
124.684,2917.50,13.70,2.53,140.00,140.59,42.00,100.54,142.80,84.26,78.00,87.00,14.39,42.00,142.13,18.77,6.00,1.00,26.25,0.00
124.832,2919.50,13.70,2.53,140.00,140.59,42.00,100.54,142.80,84.26,78.00,87.00,14.39,42.00,142.13,18.77,6.00,1.00,26.25,0.00
124.984,2919.50,13.73,2.53,140.00,140.59,42.00,100.54,142.80,84.26,78.00,87.00,14.39,42.00,142.13,18.77,6.00,1.00,26.25,0.00
125.132,2919.50,13.73,2.27,140.00,140.59,42.00,100.54,142.80,84.26,78.00,87.00,14.39,42.00,142.13,18.77,6.00,1.00,26.25,0.00
125.284,2919.50,13.73,2.27,136.00,140.59,42.00,100.54,142.80,84.26,78.00,87.00,14.39,42.00,142.13,18.77,6.00,1.00,26.25,0.00
125.431,2919.50,13.73,2.27,136.00,135.78,42.00,100.54,142.80,84.26,78.00,87.00,14.39,42.00,142.13,18.77,6.00,1.00,26.25,0.00
125.582,2919.50,13.73,2.27,136.00,135.78,40.50,100.54,142.80,84.26,78.00,87.00,14.39,42.00,142.13,18.77,6.00,1.00,26.25,0.00
125.732,2919.50,13.73,2.27,136.00,135.78,40.50,100.84,142.80,84.26,78.00,87.00,14.39,42.00,142.13,18.77,6.00,1.00,26.25,0.00
125.884,2919.50,13.73,2.27,136.00,135.78,40.50,100.84,138.30,84.26,78.00,87.00,14.39,42.00,142.13,18.77,6.00,1.00,26.25,0.00
126.032,2919.50,13.73,2.27,136.00,135.78,40.50,100.84,138.30,84.06,78.00,87.00,14.39,42.00,142.13,18.77,6.00,1.00,26.25,0.00
126.184,2919.50,13.73,2.27,136.00,135.78,40.50,100.84,138.30,84.06,78.00,87.00,14.39,42.00,142.13,18.77,6.00,1.00,26.25,0.00
126.332,2919.50,13.73,2.27,136.00,135.78,40.50,100.84,138.30,84.06,78.00,87.00,14.39,42.00,142.13,18.77,6.00,1.00,26.25,0.00
126.484,2919.50,13.73,2.27,136.00,135.78,40.50,100.84,138.30,84.06,78.00,87.00,14.39,42.00,142.13,18.77,6.00,1.00,26.25,0.00
126.632,2919.50,13.73,2.27,136.00,135.78,40.50,100.84,138.30,84.06,78.00,87.00,14.39,42.00,142.13,18.77,6.00,1.00,26.25,0.00
126.782,2919.50,13.73,2.27,136.00,135.78,40.50,100.84,138.30,84.06,78.00,87.00,14.39,42.00,142.23,18.77,6.00,1.00,26.25,0.00
126.932,2919.50,13.73,2.27,136.00,135.78,40.50,100.84,138.30,84.06,78.00,87.00,14.39,42.00,142.23,18.79,6.00,1.00,26.25,0.00
127.084,2919.50,13.73,2.27,136.00,135.78,40.50,100.84,138.30,84.06,78.00,87.00,14.39,42.00,142.23,18.79,6.00,1.00,26.25,0.00
127.232,2919.50,13.73,2.27,136.00,135.78,40.50,100.84,138.30,84.06,78.00,87.00,14.39,42.00,142.23,18.79,6.00,1.00,26.25,0.00
127.384,2919.50,13.73,2.27,136.00,135.78,40.50,100.84,138.30,84.06,78.00,87.00,14.39,42.00,142.23,18.79,6.00,1.00,26.25,0.00
127.532,2919.50,13.73,2.27,136.00,135.78,40.50,100.84,138.30,84.06,78.00,87.00,14.39,42.00,142.23,18.79,6.00,1.00,26.25,0.00
127.682,2917.00,13.73,2.27,136.00,135.78,40.50,100.84,138.30,84.06,78.00,87.00,14.39,42.00,142.23,18.79,6.00,1.00,26.25,0.00
127.832,2917.00,13.66,2.27,136.00,135.78,40.50,100.84,138.30,84.06,78.00,87.00,14.39,42.00,142.23,18.79,6.00,1.00,26.25,0.00
127.984,2917.00,13.66,2.09,136.00,135.78,40.50,100.84,138.30,84.06,78.00,87.00,14.39,42.00,142.23,18.79,6.00,1.00,26.25,0.00
128.132,2917.00,13.66,2.09,132.00,135.78,40.50,100.84,138.30,84.06,78.00,87.00,14.39,42.00,142.23,18.79,6.00,1.00,26.25,0.00
128.284,2917.00,13.66,2.09,132.00,125.06,40.50,100.84,138.30,84.06,78.00,87.00,14.39,42.00,142.23,18.79,6.00,1.00,26.25,0.00
128.463,2917.00,13.66,2.09,132.00,125.06,36.75,100.84,138.30,84.06,78.00,87.00,14.39,42.00,142.23,18.79,6.00,1.00,26.25,0.00
128.612,2917.00,13.66,2.09,132.00,125.06,36.75,100.75,138.30,84.06,78.00,87.00,14.39,42.00,142.23,18.79,6.00,1.00,26.25,0.00
128.762,2917.00,13.66,2.09,132.00,125.06,36.75,100.75,99.90,84.06,78.00,87.00,14.39,42.00,142.23,18.79,6.00,1.00,26.25,0.00
128.912,2917.00,13.66,2.09,132.00,125.06,36.75,100.75,99.90,83.96,78.00,87.00,14.39,42.00,142.23,18.79,6.00,1.00,26.25,0.00
129.064,2917.00,13.66,2.09,132.00,125.06,36.75,100.75,99.90,83.96,78.00,87.00,14.39,42.00,142.23,18.79,6.00,1.00,26.25,0.00
129.212,2917.00,13.66,2.09,132.00,125.06,36.75,100.75,99.90,83.96,78.00,87.00,14.39,42.00,142.23,18.79,6.00,1.00,26.25,0.00
129.364,2917.00,13.66,2.09,132.00,125.06,36.75,100.75,99.90,83.96,78.00,87.00,14.39,42.00,142.23,18.79,6.00,1.00,26.25,0.00
129.512,2917.00,13.66,2.09,132.00,125.06,36.75,100.75,99.90,83.96,78.00,87.00,14.39,42.00,142.23,18.79,6.00,1.00,26.25,0.00
129.664,2917.00,13.66,2.09,132.00,125.06,36.75,100.75,99.90,83.96,78.00,87.00,14.39,42.00,141.21,18.79,6.00,1.00,26.25,0.00
129.812,2917.00,13.66,2.09,132.00,125.06,36.75,100.75,99.90,83.96,78.00,87.00,14.39,42.00,141.21,12.95,6.00,1.00,26.25,0.00
129.964,2917.00,13.66,2.09,132.00,125.06,36.75,100.75,99.90,83.96,78.00,87.00,14.39,42.00,141.21,12.95,6.00,1.00,26.25,0.00
130.112,2917.00,13.66,2.09,132.00,125.06,36.75,100.75,99.90,83.96,78.00,87.00,14.39,42.00,141.21,12.95,6.00,0.98,26.25,0.00
130.264,2917.00,13.66,2.09,132.00,125.06,36.75,100.75,99.90,83.96,78.00,87.00,14.39,42.00,141.21,12.95,6.00,0.98,2.25,0.00
130.412,2917.00,13.66,2.09,132.00,125.06,36.75,100.75,99.90,83.96,78.00,87.00,14.39,42.00,141.21,12.95,6.00,0.98,2.25,0.00
130.564,2856.00,13.66,2.09,132.00,125.06,36.75,100.75,99.90,83.96,78.00,87.00,14.39,42.00,141.21,12.95,6.00,0.98,2.25,0.00
130.712,2856.00,13.61,2.09,132.00,125.06,36.75,100.75,99.90,83.96,78.00,87.00,14.39,42.00,141.21,12.95,6.00,0.98,2.25,0.00
130.864,2856.00,13.61,0.07,132.00,125.06,36.75,100.75,99.90,83.96,78.00,87.00,14.39,42.00,141.21,12.95,6.00,0.98,2.25,0.00
131.012,2856.00,13.61,0.07,60.00,125.06,36.75,100.75,99.90,83.96,78.00,87.00,14.39,42.00,141.21,12.95,6.00,0.98,2.25,0.00
131.162,2856.00,13.61,0.07,60.00,58.91,36.75,100.75,99.90,83.96,78.00,87.00,14.39,42.00,141.21,12.95,6.00,0.98,2.25,0.00
131.312,2856.00,13.61,0.07,60.00,58.91,18.00,100.75,99.90,83.96,78.00,87.00,14.39,42.00,141.21,12.95,6.00,0.98,2.25,0.00
131.464,2856.00,13.61,0.07,60.00,58.91,18.00,99.95,99.90,83.96,78.00,87.00,14.39,42.00,141.21,12.95,6.00,0.98,2.25,0.00
131.612,2856.00,13.61,0.07,60.00,58.91,18.00,99.95,73.70,83.96,78.00,87.00,14.39,42.00,141.21,12.95,6.00,0.98,2.25,0.00
131.764,2856.00,13.61,0.07,60.00,58.91,18.00,99.95,73.70,83.86,78.00,87.00,14.39,42.00,141.21,12.95,6.00,0.98,2.25,0.00
131.912,2856.00,13.61,0.07,60.00,58.91,18.00,99.95,73.70,83.86,78.00,87.00,14.39,42.00,141.21,12.95,6.00,0.98,2.25,0.00
132.062,2856.00,13.61,0.07,60.00,58.91,18.00,99.95,73.70,83.86,78.00,87.00,14.39,42.00,141.21,12.95,6.00,0.98,2.25,0.00
132.212,2856.00,13.61,0.07,60.00,58.91,18.00,99.95,73.70,83.86,78.00,87.00,14.39,42.00,141.21,12.95,6.00,0.98,2.25,0.00
132.362,2856.00,13.61,0.07,60.00,58.91,18.00,99.95,73.70,83.86,78.00,87.00,14.39,42.00,141.21,12.95,6.00,0.98,2.25,0.00
132.511,2856.00,13.61,0.07,60.00,58.91,18.00,99.95,73.70,83.86,78.00,87.00,14.39,42.00,137.28,12.95,6.00,0.98,2.25,0.00
132.664,2856.00,13.61,0.07,60.00,58.91,18.00,99.95,73.70,83.86,78.00,87.00,14.39,42.00,137.28,21.31,6.00,0.98,2.25,0.00
132.812,2856.00,13.61,0.07,60.00,58.91,18.00,99.95,73.70,83.86,78.00,87.00,14.39,42.00,137.28,21.31,6.00,0.98,2.25,0.00
132.964,2856.00,13.61,0.07,60.00,58.91,18.00,99.95,73.70,83.86,78.00,87.00,14.39,42.00,137.28,21.31,6.00,1.00,2.25,0.00
133.112,2856.00,13.61,0.07,60.00,58.91,18.00,99.95,73.70,83.86,78.00,87.00,14.39,42.00,137.28,21.31,6.00,1.00,27.00,0.00
133.264,2856.00,13.61,0.07,60.00,58.91,18.00,99.95,73.70,83.86,78.00,87.00,14.39,42.00,137.28,21.31,6.00,1.00,27.00,0.00
133.442,2814.50,13.61,0.07,60.00,58.91,18.00,99.95,73.70,83.86,78.00,87.00,14.39,42.00,137.28,21.31,6.00,1.00,27.00,0.00
133.592,2814.50,13.64,0.07,60.00,58.91,18.00,99.95,73.70,83.86,78.00,87.00,14.39,42.00,137.28,21.31,6.00,1.00,27.00,0.00
133.742,2814.50,13.64,1.25,60.00,58.91,18.00,99.95,73.70,83.86,78.00,87.00,14.39,42.00,137.28,21.31,6.00,1.00,27.00,0.00
133.892,2814.50,13.64,1.25,128.00,58.91,18.00,99.95,73.70,83.86,78.00,87.00,14.39,42.00,137.28,21.31,6.00,1.00,27.00,0.00
134.042,2814.50,13.64,1.25,128.00,126.41,18.00,99.95,73.70,83.86,78.00,87.00,14.39,42.00,137.28,21.31,6.00,1.00,27.00,0.00
134.192,2814.50,13.64,1.25,128.00,126.41,39.00,99.95,73.70,83.86,78.00,87.00,14.39,42.00,137.28,21.31,6.00,1.00,27.00,0.00
134.342,2814.50,13.64,1.25,128.00,126.41,39.00,97.65,73.70,83.86,78.00,87.00,14.39,42.00,137.28,21.31,6.00,1.00,27.00,0.00
134.492,2814.50,13.64,1.25,128.00,126.41,39.00,97.65,130.40,83.86,78.00,87.00,14.39,42.00,137.28,21.31,6.00,1.00,27.00,0.00
134.642,2814.50,13.64,1.25,128.00,126.41,39.00,97.65,130.40,83.56,78.00,87.00,14.39,42.00,137.28,21.31,6.00,1.00,27.00,0.00
134.852,2814.50,13.64,1.25,128.00,126.41,39.00,97.65,130.40,83.56,78.00,87.00,14.39,42.00,137.28,21.31,6.00,1.00,27.00,0.00
135.002,2814.50,13.64,1.25,128.00,126.41,39.00,97.65,130.40,83.56,78.00,86.00,14.39,42.00,137.28,21.31,6.00,1.00,27.00,0.00
135.152,2814.50,13.64,1.25,128.00,126.41,39.00,97.65,130.40,83.56,78.00,86.00,14.39,42.00,137.28,21.31,6.00,1.00,27.00,0.00
135.302,2814.50,13.64,1.25,128.00,126.41,39.00,97.65,130.40,83.56,78.00,86.00,14.39,42.00,137.28,21.31,6.00,1.00,27.00,0.00
135.452,2814.50,13.64,1.25,128.00,126.41,39.00,97.65,130.40,83.56,78.00,86.00,14.39,42.00,137.15,21.31,6.00,1.00,27.00,0.00
135.602,2814.50,13.64,1.25,128.00,126.41,39.00,97.65,130.40,83.56,78.00,86.00,14.39,42.00,137.15,18.90,6.00,1.00,27.00,0.00
135.752,2814.50,13.64,1.25,128.00,126.41,39.00,97.65,130.40,83.56,78.00,86.00,14.39,42.00,137.15,18.90,6.00,1.00,27.00,0.00
135.902,2814.50,13.64,1.25,128.00,126.41,39.00,97.65,130.40,83.56,78.00,86.00,14.39,42.00,137.15,18.90,6.00,1.00,27.00,0.00
136.052,2814.50,13.64,1.25,128.00,126.41,39.00,97.65,130.40,83.56,78.00,86.00,14.39,42.00,137.15,18.90,6.00,1.00,25.50,0.00
136.202,2814.50,13.64,1.25,128.00,126.41,39.00,97.65,130.40,83.56,78.00,86.00,14.39,42.00,137.15,18.90,6.00,1.00,25.50,0.00
136.352,2813.50,13.64,1.25,128.00,126.41,39.00,97.65,130.40,83.56,78.00,86.00,14.39,42.00,137.15,18.90,6.00,1.00,25.50,0.00
136.502,2813.50,13.69,1.25,128.00,126.41,39.00,97.65,130.40,83.56,78.00,86.00,14.39,42.00,137.15,18.90,6.00,1.00,25.50,0.00
136.651,2813.50,13.69,1.86,128.00,126.41,39.00,97.65,130.40,83.56,78.00,86.00,14.39,42.00,137.15,18.90,6.00,1.00,25.50,0.00
136.802,2813.50,13.69,1.86,132.00,126.41,39.00,97.65,130.40,83.56,78.00,86.00,14.39,42.00,137.15,18.90,6.00,1.00,25.50,0.00
136.952,2813.50,13.69,1.86,132.00,130.28,39.00,97.65,130.40,83.56,78.00,86.00,14.39,42.00,137.15,18.90,6.00,1.00,25.50,0.00
137.102,2813.50,13.69,1.86,132.00,130.28,39.75,97.65,130.40,83.56,78.00,86.00,14.39,42.00,137.15,18.90,6.00,1.00,25.50,0.00
137.252,2813.50,13.69,1.86,132.00,130.28,39.75,96.74,130.40,83.56,78.00,86.00,14.39,42.00,137.15,18.90,6.00,1.00,25.50,0.00
137.402,2813.50,13.69,1.86,132.00,130.28,39.75,96.74,133.30,83.56,78.00,86.00,14.39,42.00,137.15,18.90,6.00,1.00,25.50,0.00
137.552,2813.50,13.69,1.86,132.00,130.28,39.75,96.74,133.30,83.26,78.00,86.00,14.39,42.00,137.15,18.90,6.00,1.00,25.50,0.00
137.702,2813.50,13.69,1.86,132.00,130.28,39.75,96.74,133.30,83.26,77.25,86.00,14.39,42.00,137.15,18.90,6.00,1.00,25.50,0.00
137.852,2813.50,13.69,1.86,132.00,130.28,39.75,96.74,133.30,83.26,77.25,86.00,14.39,42.00,137.15,18.90,6.00,1.00,25.50,0.00
138.002,2813.50,13.69,1.86,132.00,130.28,39.75,96.74,133.30,83.26,77.25,86.00,14.38,42.00,137.15,18.90,6.00,1.00,25.50,0.00
138.152,2813.50,13.69,1.86,132.00,130.28,39.75,96.74,133.30,83.26,77.25,86.00,14.38,42.00,137.15,18.90,6.00,1.00,25.50,0.00
138.302,2813.50,13.69,1.86,132.00,130.28,39.75,96.74,133.30,83.26,77.25,86.00,14.38,42.00,137.10,18.90,6.00,1.00,25.50,0.00
138.454,2813.50,13.69,1.86,132.00,130.28,39.75,96.74,133.30,83.26,77.25,86.00,14.38,42.00,137.10,18.54,6.00,1.00,25.50,0.00
138.602,2813.50,13.69,1.86,132.00,130.28,39.75,96.74,133.30,83.26,77.25,86.00,14.38,42.00,137.10,18.54,6.00,1.00,25.50,0.00
138.752,2813.50,13.69,1.86,132.00,130.28,39.75,96.74,133.30,83.26,77.25,86.00,14.38,42.00,137.10,18.54,6.00,0.99,25.50,0.00
138.902,2813.50,13.69,1.86,132.00,130.28,39.75,96.74,133.30,83.26,77.25,86.00,14.38,42.00,137.10,18.54,6.00,0.99,25.50,0.00
139.052,2813.50,13.69,1.86,132.00,130.28,39.75,96.74,133.30,83.26,77.25,86.00,14.38,42.00,137.10,18.54,6.00,0.99,25.50,0.00
139.202,2804.50,13.69,1.86,132.00,130.28,39.75,96.74,133.30,83.26,77.25,86.00,14.38,42.00,137.10,18.54,6.00,0.99,25.50,0.00
139.352,2804.50,13.70,1.86,132.00,130.28,39.75,96.74,133.30,83.26,77.25,86.00,14.38,42.00,137.10,18.54,6.00,0.99,25.50,0.00
139.502,2804.50,13.70,1.81,132.00,130.28,39.75,96.74,133.30,83.26,77.25,86.00,14.38,42.00,137.10,18.54,6.00,0.99,25.50,0.00
139.652,2804.50,13.70,1.81,132.00,130.28,39.75,96.74,133.30,83.26,77.25,86.00,14.38,42.00,137.10,18.54,6.00,0.99,25.50,0.00
139.802,2804.50,13.70,1.81,132.00,131.00,39.75,96.74,133.30,83.26,77.25,86.00,14.38,42.00,137.10,18.54,6.00,0.99,25.50,0.00
139.984,2804.50,13.70,1.81,132.00,131.00,40.50,96.74,133.30,83.26,77.25,86.00,14.38,42.00,137.10,18.54,6.00,0.99,25.50,0.00
140.132,2804.50,13.70,1.81,132.00,131.00,40.50,96.74,133.30,83.26,77.25,86.00,14.38,42.00,137.10,18.54,6.00,0.99,25.50,0.00
140.284,2804.50,13.70,1.81,132.00,131.00,40.50,96.74,134.30,83.26,77.25,86.00,14.38,42.00,137.10,18.54,6.00,0.99,25.50,0.00
140.432,2804.50,13.70,1.81,132.00,131.00,40.50,96.74,134.30,83.26,77.25,86.00,14.38,42.00,137.10,18.54,6.00,0.99,25.50,0.00
140.584,2804.50,13.70,1.81,132.00,131.00,40.50,96.74,134.30,83.26,76.50,86.00,14.38,42.00,137.10,18.54,6.00,0.99,25.50,0.00
140.732,2804.50,13.70,1.81,132.00,131.00,40.50,96.74,134.30,83.26,76.50,86.00,14.38,42.00,137.10,18.54,6.00,0.99,25.50,0.00
140.884,2804.50,13.70,1.81,132.00,131.00,40.50,96.74,134.30,83.26,76.50,86.00,14.38,42.00,137.10,18.54,6.00,0.99,25.50,0.00
141.032,2804.50,13.70,1.81,132.00,131.00,40.50,96.74,134.30,83.26,76.50,86.00,14.38,42.00,137.10,18.54,6.00,0.99,25.50,0.00
141.182,2804.50,13.70,1.81,132.00,131.00,40.50,96.74,134.30,83.26,76.50,86.00,14.38,42.00,137.12,18.54,6.00,0.99,25.50,0.00
141.332,2804.50,13.70,1.81,132.00,131.00,40.50,96.74,134.30,83.26,76.50,86.00,14.38,42.00,137.12,18.62,6.00,0.99,25.50,0.00
141.484,2804.50,13.70,1.81,132.00,131.00,40.50,96.74,134.30,83.26,76.50,86.00,14.38,42.00,137.12,18.62,6.00,0.99,25.50,0.00
141.632,2804.50,13.70,1.81,132.00,131.00,40.50,96.74,134.30,83.26,76.50,86.00,14.38,42.00,137.12,18.62,6.00,0.99,25.50,0.00
141.784,2804.50,13.70,1.81,132.00,131.00,40.50,96.74,134.30,83.26,76.50,86.00,14.38,42.00,137.12,18.62,6.00,0.99,25.50,0.00
141.932,2804.50,13.70,1.81,132.00,131.00,40.50,96.74,134.30,83.26,76.50,86.00,14.38,42.00,137.12,18.62,6.00,0.99,25.50,0.00
142.082,2808.00,13.70,1.81,132.00,131.00,40.50,96.74,134.30,83.26,76.50,86.00,14.38,42.00,137.12,18.62,6.00,0.99,25.50,0.00
142.232,2808.00,13.78,1.81,132.00,131.00,40.50,96.74,134.30,83.26,76.50,86.00,14.38,42.00,137.12,18.62,6.00,0.99,25.50,0.00
142.384,2808.00,13.78,2.05,132.00,131.00,40.50,96.74,134.30,83.26,76.50,86.00,14.38,42.00,137.12,18.62,6.00,0.99,25.50,0.00
142.532,2808.00,13.78,2.05,136.00,131.00,40.50,96.74,134.30,83.26,76.50,86.00,14.38,42.00,137.12,18.62,6.00,0.99,25.50,0.00
142.684,2808.00,13.78,2.05,136.00,132.16,40.50,96.74,134.30,83.26,76.50,86.00,14.38,42.00,137.12,18.62,6.00,0.99,25.50,0.00
142.832,2808.00,13.78,2.05,136.00,132.16,40.50,96.74,134.30,83.26,76.50,86.00,14.38,42.00,137.12,18.62,6.00,0.99,25.50,0.00
142.984,2808.00,13.78,2.05,136.00,132.16,40.50,96.74,134.30,83.26,76.50,86.00,14.38,42.00,137.12,18.62,6.00,0.99,25.50,0.00
143.132,2808.00,13.78,2.05,136.00,132.16,40.50,96.74,135.30,83.26,76.50,86.00,14.38,42.00,137.12,18.62,6.00,0.99,25.50,0.00
143.284,2808.00,13.78,2.05,136.00,132.16,40.50,96.74,135.30,83.16,76.50,86.00,14.38,42.00,137.12,18.62,6.00,0.99,25.50,0.00
143.432,2808.00,13.78,2.05,136.00,132.16,40.50,96.74,135.30,83.16,76.50,86.00,14.38,42.00,137.12,18.62,6.00,0.99,25.50,0.00
143.582,2808.00,13.78,2.05,136.00,132.16,40.50,96.74,135.30,83.16,76.50,86.00,14.38,42.00,137.12,18.62,6.00,0.99,25.50,0.00
143.732,2808.00,13.78,2.05,136.00,132.16,40.50,96.74,135.30,83.16,76.50,86.00,14.38,42.00,137.12,18.62,6.00,0.99,25.50,0.00
143.884,2808.00,13.78,2.05,136.00,132.16,40.50,96.74,135.30,83.16,76.50,86.00,14.38,42.00,137.12,18.62,6.00,0.99,25.50,0.00
144.032,2808.00,13.78,2.05,136.00,132.16,40.50,96.74,135.30,83.16,76.50,86.00,14.38,42.00,136.84,18.62,6.00,0.99,25.50,0.00
144.184,2808.00,13.78,2.05,136.00,132.16,40.50,96.74,135.30,83.16,76.50,86.00,14.38,42.00,136.84,19.35,6.00,0.99,25.50,0.00
144.332,2808.00,13.78,2.05,136.00,132.16,40.50,96.74,135.30,83.16,76.50,86.00,14.38,42.00,136.84,19.35,6.00,0.99,25.50,0.00
144.484,2808.00,13.78,2.05,136.00,132.16,40.50,96.74,135.30,83.16,76.50,86.00,14.38,42.00,136.84,19.35,6.00,0.99,25.50,0.00
144.632,2808.00,13.78,2.05,136.00,132.16,40.50,96.74,135.30,83.16,76.50,86.00,14.38,42.00,136.84,19.35,6.00,0.99,24.00,0.00
144.784,2808.00,13.78,2.05,136.00,132.16,40.50,96.74,135.30,83.16,76.50,86.00,14.38,42.00,136.84,19.35,6.00,0.99,24.00,0.00
144.932,2803.50,13.78,2.05,136.00,132.16,40.50,96.74,135.30,83.16,76.50,86.00,14.38,42.00,136.84,19.35,6.00,0.99,24.00,0.00
145.084,2803.50,13.62,2.05,136.00,132.16,40.50,96.74,135.30,83.16,76.50,86.00,14.38,42.00,136.84,19.35,6.00,0.99,24.00,0.00
145.232,2803.50,13.62,2.78,136.00,132.16,40.50,96.74,135.30,83.16,76.50,86.00,14.38,42.00,136.84,19.35,6.00,0.99,24.00,0.00
145.384,2803.50,13.62,2.78,152.00,132.16,40.50,96.74,135.30,83.16,76.50,86.00,14.38,42.00,136.84,19.35,6.00,0.99,24.00,0.00
145.532,2803.50,13.62,2.78,152.00,152.88,40.50,96.74,135.30,83.16,76.50,86.00,14.38,42.00,136.84,19.35,6.00,0.99,24.00,0.00
145.684,2803.50,13.62,2.78,152.00,152.88,46.50,96.74,135.30,83.16,76.50,86.00,14.38,42.00,136.84,19.35,6.00,0.99,24.00,0.00
145.832,2803.50,13.62,2.78,152.00,152.88,46.50,96.86,135.30,83.16,76.50,86.00,14.38,42.00,136.84,19.35,6.00,0.99,24.00,0.00
145.984,2803.50,13.62,2.78,152.00,152.88,46.50,96.86,155.20,83.16,76.50,86.00,14.38,42.00,136.84,19.35,6.00,0.99,24.00,0.00
146.132,2803.50,13.62,2.78,152.00,152.88,46.50,96.86,155.20,83.16,76.50,86.00,14.38,42.00,136.84,19.35,6.00,0.99,24.00,0.00
146.284,2803.50,13.62,2.78,152.00,152.88,46.50,96.86,155.20,83.16,75.75,86.00,14.38,42.00,136.84,19.35,6.00,0.99,24.00,0.00
146.432,2803.50,13.62,2.78,152.00,152.88,46.50,96.86,155.20,83.16,75.75,86.00,14.38,42.00,136.84,19.35,6.00,0.99,24.00,0.00
146.584,2803.50,13.62,2.78,152.00,152.88,46.50,96.86,155.20,83.16,75.75,86.00,14.38,42.00,136.84,19.35,6.00,0.99,24.00,0.00
146.732,2803.50,13.62,2.78,152.00,152.88,46.50,96.86,155.20,83.16,75.75,86.00,14.38,42.00,136.84,19.35,6.00,0.99,24.00,0.00
146.884,2803.50,13.62,2.78,152.00,152.88,46.50,96.86,155.20,83.16,75.75,86.00,14.38,42.00,136.78,19.35,6.00,0.99,24.00,0.00
147.032,2803.50,13.62,2.78,152.00,152.88,46.50,96.86,155.20,83.16,75.75,86.00,14.38,42.00,136.78,19.01,6.00,0.99,24.00,0.00
147.182,2803.50,13.62,2.78,152.00,152.88,46.50,96.86,155.20,83.16,75.75,86.00,14.38,42.00,136.78,19.01,6.00,0.99,24.00,0.00
147.332,2803.50,13.62,2.78,152.00,152.88,46.50,96.86,155.20,83.16,75.75,86.00,14.38,42.00,136.78,19.01,6.00,1.00,24.00,0.00
147.482,2803.50,13.62,2.78,152.00,152.88,46.50,96.86,155.20,83.16,75.75,86.00,14.38,42.00,136.78,19.01,6.00,1.00,24.00,0.00
147.664,2803.50,13.62,2.78,152.00,152.88,46.50,96.86,155.20,83.16,75.75,86.00,14.38,42.00,136.78,19.01,6.00,1.00,24.00,0.00
147.812,2806.50,13.62,2.78,152.00,152.88,46.50,96.86,155.20,83.16,75.75,86.00,14.38,42.00,136.78,19.01,6.00,1.00,24.00,0.00
147.962,2806.50,13.83,2.78,152.00,152.88,46.50,96.86,155.20,83.16,75.75,86.00,14.38,42.00,136.78,19.01,6.00,1.00,24.00,0.00
148.112,2806.50,13.83,2.99,152.00,152.88,46.50,96.86,155.20,83.16,75.75,86.00,14.38,42.00,136.78,19.01,6.00,1.00,24.00,0.00
148.264,2806.50,13.83,2.99,156.00,152.88,46.50,96.86,155.20,83.16,75.75,86.00,14.38,42.00,136.78,19.01,6.00,1.00,24.00,0.00
148.412,2806.50,13.83,2.99,156.00,158.09,46.50,96.86,155.20,83.16,75.75,86.00,14.38,42.00,136.78,19.01,6.00,1.00,24.00,0.00
148.564,2806.50,13.83,2.99,156.00,158.09,48.75,96.86,155.20,83.16,75.75,86.00,14.38,42.00,136.78,19.01,6.00,1.00,24.00,0.00
148.712,2806.50,13.83,2.99,156.00,158.09,48.75,97.84,155.20,83.16,75.75,86.00,14.38,42.00,136.78,19.01,6.00,1.00,24.00,0.00
148.862,2806.50,13.83,2.99,156.00,158.09,48.75,97.84,159.10,83.16,75.75,86.00,14.38,42.00,136.78,19.01,6.00,1.00,24.00,0.00
149.012,2806.50,13.83,2.99,156.00,158.09,48.75,97.84,159.10,83.06,75.75,86.00,14.38,42.00,136.78,19.01,6.00,1.00,24.00,0.00
149.164,2806.50,13.83,2.99,156.00,158.09,48.75,97.84,159.10,83.06,75.75,86.00,14.38,42.00,136.78,19.01,6.00,1.00,24.00,0.00
149.312,2806.50,13.83,2.99,156.00,158.09,48.75,97.84,159.10,83.06,75.75,85.00,14.38,42.00,136.78,19.01,6.00,1.00,24.00,0.00
149.464,2806.50,13.83,2.99,156.00,158.09,48.75,97.84,159.10,83.06,75.75,85.00,14.38,42.00,136.78,19.01,6.00,1.00,24.00,0.00
149.612,2806.50,13.83,2.99,156.00,158.09,48.75,97.84,159.10,83.06,75.75,85.00,14.38,42.00,136.78,19.01,6.00,1.00,24.00,0.00
149.762,2806.50,13.83,2.99,156.00,158.09,48.75,97.84,159.10,83.06,75.75,85.00,14.38,42.00,136.75,19.01,6.00,1.00,24.00,0.00
149.912,2806.50,13.83,2.99,156.00,158.09,48.75,97.84,159.10,83.06,75.75,85.00,14.38,42.00,136.75,19.07,6.00,1.00,24.00,0.00
150.064,2806.50,13.83,2.99,156.00,158.09,48.75,97.84,159.10,83.06,75.75,85.00,14.38,42.00,136.75,19.07,6.00,1.00,24.00,0.00
150.212,2806.50,13.83,2.99,156.00,158.09,48.75,97.84,159.10,83.06,75.75,85.00,14.38,42.00,136.75,19.07,6.00,0.99,24.00,0.00
150.364,2806.50,13.83,2.99,156.00,158.09,48.75,97.84,159.10,83.06,75.75,85.00,14.38,42.00,136.75,19.07,6.00,0.99,23.25,0.00
150.512,2806.50,13.83,2.99,156.00,158.09,48.75,97.84,159.10,83.06,75.75,85.00,14.38,42.00,136.75,19.07,6.00,0.99,23.25,0.00
150.664,2813.50,13.83,2.99,156.00,158.09,48.75,97.84,159.10,83.06,75.75,85.00,14.38,42.00,136.75,19.07,6.00,0.99,23.25,0.00
150.812,2813.50,13.87,2.99,156.00,158.09,48.75,97.84,159.10,83.06,75.75,85.00,14.38,42.00,136.75,19.07,6.00,0.99,23.25,0.00
150.964,2813.50,13.87,3.08,156.00,158.09,48.75,97.84,159.10,83.06,75.75,85.00,14.38,42.00,136.75,19.07,6.00,0.99,23.25,0.00
151.112,2813.50,13.87,3.08,156.00,158.09,48.75,97.84,159.10,83.06,75.75,85.00,14.38,42.00,136.75,19.07,6.00,0.99,23.25,0.00
151.263,2813.50,13.87,3.08,156.00,154.06,48.75,97.84,159.10,83.06,75.75,85.00,14.38,42.00,136.75,19.07,6.00,0.99,23.25,0.00
151.414,2813.50,13.87,3.08,156.00,154.06,48.75,97.84,159.10,83.06,75.75,85.00,14.38,42.00,136.75,19.07,6.00,0.99,23.25,0.00
151.564,2813.50,13.87,3.08,156.00,154.06,48.75,98.76,159.10,83.06,75.75,85.00,14.38,42.00,136.75,19.07,6.00,0.99,23.25,0.00
151.712,2813.50,13.87,3.08,156.00,154.06,48.75,98.76,154.50,83.06,75.75,85.00,14.38,42.00,136.75,19.07,6.00,0.99,23.25,0.00
151.864,2813.50,13.87,3.08,156.00,154.06,48.75,98.76,154.50,83.06,75.75,85.00,14.38,42.00,136.75,19.07,6.00,0.99,23.25,0.00
152.012,2813.50,13.87,3.08,156.00,154.06,48.75,98.76,154.50,83.06,75.00,85.00,14.38,42.00,136.75,19.07,6.00,0.99,23.25,0.00
152.162,2813.50,13.87,3.08,156.00,154.06,48.75,98.76,154.50,83.06,75.00,85.00,14.38,42.00,136.75,19.07,6.00,0.99,23.25,0.00
152.312,2813.50,13.87,3.08,156.00,154.06,48.75,98.76,154.50,83.06,75.00,85.00,14.38,42.00,136.75,19.07,6.00,0.99,23.25,0.00
152.464,2813.50,13.87,3.08,156.00,154.06,48.75,98.76,154.50,83.06,75.00,85.00,14.38,42.00,136.75,19.07,6.00,0.99,23.25,0.00
152.612,2813.50,13.87,3.08,156.00,154.06,48.75,98.76,154.50,83.06,75.00,85.00,14.38,42.00,137.23,19.07,6.00,0.99,23.25,0.00
152.764,2813.50,13.87,3.08,156.00,154.06,48.75,98.76,154.50,83.06,75.00,85.00,14.38,42.00,137.23,18.90,6.00,0.99,23.25,0.00
152.912,2813.50,13.87,3.08,156.00,154.06,48.75,98.76,154.50,83.06,75.00,85.00,14.38,42.00,137.23,18.90,6.00,0.99,23.25,0.00
153.064,2813.50,13.87,3.08,156.00,154.06,48.75,98.76,154.50,83.06,75.00,85.00,14.38,42.00,137.23,18.90,6.00,0.99,23.25,0.00
153.212,2813.50,13.87,3.08,156.00,154.06,48.75,98.76,154.50,83.06,75.00,85.00,14.38,42.00,137.23,18.90,6.00,0.99,24.75,0.00
153.362,2813.50,13.87,3.08,156.00,154.06,48.75,98.76,154.50,83.06,75.00,85.00,14.38,42.00,137.23,18.90,6.00,0.99,24.75,0.00
153.512,2818.00,13.87,3.08,156.00,154.06,48.75,98.76,154.50,83.06,75.00,85.00,14.38,42.00,137.23,18.90,6.00,0.99,24.75,0.00
153.664,2818.00,13.62,3.08,156.00,154.06,48.75,98.76,154.50,83.06,75.00,85.00,14.38,42.00,137.23,18.90,6.00,0.99,24.75,0.00
153.812,2818.00,13.62,2.52,156.00,154.06,48.75,98.76,154.50,83.06,75.00,85.00,14.38,42.00,137.23,18.90,6.00,0.99,24.75,0.00
153.962,2818.00,13.62,2.52,144.00,154.06,48.75,98.76,154.50,83.06,75.00,85.00,14.38,42.00,137.23,18.90,6.00,0.99,24.75,0.00
154.112,2818.00,13.62,2.52,144.00,141.81,48.75,98.76,154.50,83.06,75.00,85.00,14.38,42.00,137.23,18.90,6.00,0.99,24.75,0.00
154.264,2818.00,13.62,2.52,144.00,141.81,42.75,98.76,154.50,83.06,75.00,85.00,14.38,42.00,137.23,18.90,6.00,0.99,24.75,0.00
154.412,2818.00,13.62,2.52,144.00,141.81,42.75,99.15,154.50,83.06,75.00,85.00,14.38,42.00,137.23,18.90,6.00,0.99,24.75,0.00
154.564,2818.00,13.62,2.52,144.00,141.81,42.75,99.15,143.90,83.06,75.00,85.00,14.38,42.00,137.23,18.90,6.00,0.99,24.75,0.00
154.712,2818.00,13.62,2.52,144.00,141.81,42.75,99.15,143.90,83.06,75.00,85.00,14.38,42.00,137.23,18.90,6.00,0.99,24.75,0.00
154.864,2818.00,13.62,2.52,144.00,141.81,42.75,99.15,143.90,83.06,75.75,85.00,14.38,42.00,137.23,18.90,6.00,0.99,24.75,0.00
155.012,2818.00,13.62,2.52,144.00,141.81,42.75,99.15,143.90,83.06,75.75,85.00,14.38,42.00,137.23,18.90,6.00,0.99,24.75,0.00
155.164,2818.00,13.62,2.52,144.00,141.81,42.75,99.15,143.90,83.06,75.75,85.00,14.38,42.00,137.23,18.90,6.00,0.99,24.75,0.00
155.342,2818.00,13.62,2.52,144.00,141.81,42.75,99.15,143.90,83.06,75.75,85.00,14.38,42.50,137.23,18.90,6.00,0.99,24.75,0.00
155.492,2818.00,13.62,2.52,144.00,141.81,42.75,99.15,143.90,83.06,75.75,85.00,14.38,42.50,137.52,18.90,6.00,0.99,24.75,0.00
155.642,2818.00,13.62,2.52,144.00,141.81,42.75,99.15,143.90,83.06,75.75,85.00,14.38,42.50,137.52,18.88,6.00,0.99,24.75,0.00
155.792,2818.00,13.62,2.52,144.00,141.81,42.75,99.15,143.90,83.06,75.75,85.00,14.38,42.50,137.52,18.88,6.00,0.99,24.75,0.00
155.942,2818.00,13.62,2.52,144.00,141.81,42.75,99.15,143.90,83.06,75.75,85.00,14.38,42.50,137.52,18.88,6.00,1.00,24.75,0.00
156.092,2818.00,13.62,2.52,144.00,141.81,42.75,99.15,143.90,83.06,75.75,85.00,14.38,42.50,137.52,18.88,6.00,1.00,25.50,0.00
156.242,2818.00,13.62,2.52,144.00,141.81,42.75,99.15,143.90,83.06,75.75,85.00,14.38,42.50,137.52,18.88,6.00,1.00,25.50,0.00
156.392,2819.00,13.62,2.52,144.00,141.81,42.75,99.15,143.90,83.06,75.75,85.00,14.38,42.50,137.52,18.88,6.00,1.00,25.50,0.00
156.542,2819.00,13.69,2.52,144.00,141.81,42.75,99.15,143.90,83.06,75.75,85.00,14.38,42.50,137.52,18.88,6.00,1.00,25.50,0.00
156.692,2819.00,13.69,2.18,144.00,141.81,42.75,99.15,143.90,83.06,75.75,85.00,14.38,42.50,137.52,18.88,6.00,1.00,25.50,0.00
156.842,2819.00,13.69,2.18,136.00,141.81,42.75,99.15,143.90,83.06,75.75,85.00,14.38,42.50,137.52,18.88,6.00,1.00,25.50,0.00
156.992,2819.00,13.69,2.18,136.00,133.66,42.75,99.15,143.90,83.06,75.75,85.00,14.38,42.50,137.52,18.88,6.00,1.00,25.50,0.00
157.142,2819.00,13.69,2.18,136.00,133.66,40.50,99.15,143.90,83.06,75.75,85.00,14.38,42.50,137.52,18.88,6.00,1.00,25.50,0.00
157.292,2819.00,13.69,2.18,136.00,133.66,40.50,98.55,143.90,83.06,75.75,85.00,14.38,42.50,137.52,18.88,6.00,1.00,25.50,0.00
157.442,2819.00,13.69,2.18,136.00,133.66,40.50,98.55,137.60,83.06,75.75,85.00,14.38,42.50,137.52,18.88,6.00,1.00,25.50,0.00
157.592,2819.00,13.69,2.18,136.00,133.66,40.50,98.55,137.60,83.16,75.75,85.00,14.38,42.50,137.52,18.88,6.00,1.00,25.50,0.00
157.742,2819.00,13.69,2.18,136.00,133.66,40.50,98.55,137.60,83.16,75.75,85.00,14.38,42.50,137.52,18.88,6.00,1.00,25.50,0.00
157.892,2819.00,13.69,2.18,136.00,133.66,40.50,98.55,137.60,83.16,75.75,85.00,14.38,42.50,137.52,18.88,6.00,1.00,25.50,0.00
158.042,2819.00,13.69,2.18,136.00,133.66,40.50,98.55,137.60,83.16,75.75,85.00,14.38,42.50,137.52,18.88,6.00,1.00,25.50,0.00
158.192,2819.00,13.69,2.18,136.00,133.66,40.50,98.55,137.60,83.16,75.75,85.00,14.38,42.50,137.52,18.88,6.00,1.00,25.50,0.00
158.342,2819.00,13.69,2.18,136.00,133.66,40.50,98.55,137.60,83.16,75.75,85.00,14.38,42.50,137.74,18.88,6.00,1.00,25.50,0.00
158.492,2819.00,13.69,2.18,136.00,133.66,40.50,98.55,137.60,83.16,75.75,85.00,14.38,42.50,137.74,18.95,6.00,1.00,25.50,0.00
158.642,2819.00,13.69,2.18,136.00,133.66,40.50,98.55,137.60,83.16,75.75,85.00,14.38,42.50,137.74,18.95,6.00,1.00,25.50,0.00
158.792,2819.00,13.69,2.18,136.00,133.66,40.50,98.55,137.60,83.16,75.75,85.00,14.38,42.50,137.74,18.95,6.00,0.99,25.50,0.00
158.942,2819.00,13.69,2.18,136.00,133.66,40.50,98.55,137.60,83.16,75.75,85.00,14.38,42.50,137.74,18.95,6.00,0.99,25.50,0.00
159.092,2819.00,13.69,2.18,136.00,133.66,40.50,98.55,137.60,83.16,75.75,85.00,14.38,42.50,137.74,18.95,6.00,0.99,25.50,0.00
159.242,2816.00,13.69,2.18,136.00,133.66,40.50,98.55,137.60,83.16,75.75,85.00,14.38,42.50,137.74,18.95,6.00,0.99,25.50,0.00
159.392,2816.00,13.71,2.18,136.00,133.66,40.50,98.55,137.60,83.16,75.75,85.00,14.38,42.50,137.74,18.95,6.00,0.99,25.50,0.00
159.542,2816.00,13.71,2.16,136.00,133.66,40.50,98.55,137.60,83.16,75.75,85.00,14.38,42.50,137.74,18.95,6.00,0.99,25.50,0.00
159.692,2816.00,13.71,2.16,136.00,133.66,40.50,98.55,137.60,83.16,75.75,85.00,14.38,42.50,137.74,18.95,6.00,0.99,25.50,0.00
159.842,2816.00,13.71,2.16,136.00,138.16,40.50,98.55,137.60,83.16,75.75,85.00,14.38,42.50,137.74,18.95,6.00,0.99,25.50,0.00
159.992,2816.00,13.71,2.16,136.00,138.16,43.50,98.55,137.60,83.16,75.75,85.00,14.38,42.50,137.74,18.95,6.00,0.99,25.50,0.00
160.142,2816.00,13.71,2.16,136.00,138.16,43.50,97.54,137.60,83.16,75.75,85.00,14.38,42.50,137.74,18.95,6.00,0.99,25.50,0.00
160.292,2816.00,13.71,2.16,136.00,138.16,43.50,97.54,146.60,83.16,75.75,85.00,14.38,42.50,137.74,18.95,6.00,0.99,25.50,0.00
160.442,2816.00,13.71,2.16,136.00,138.16,43.50,97.54,146.60,83.26,75.75,85.00,14.38,42.50,137.74,18.95,6.00,0.99,25.50,0.00
160.592,2816.00,13.71,2.16,136.00,138.16,43.50,97.54,146.60,83.26,75.75,85.00,14.38,42.50,137.74,18.95,6.00,0.99,25.50,0.00
160.742,2816.00,13.71,2.16,136.00,138.16,43.50,97.54,146.60,83.26,75.75,85.00,14.38,42.50,137.74,18.95,6.00,0.99,25.50,0.00
160.892,2816.00,13.71,2.16,136.00,138.16,43.50,97.54,146.60,83.26,75.75,85.00,14.38,42.50,137.74,18.95,6.00,0.99,25.50,0.00
161.042,2816.00,13.71,2.16,136.00,138.16,43.50,97.54,146.60,83.26,75.75,85.00,14.38,42.00,137.74,18.95,6.00,0.99,25.50,0.00
161.192,2816.00,13.71,2.16,136.00,138.16,43.50,97.54,146.60,83.26,75.75,85.00,14.38,42.00,136.80,18.95,6.00,0.99,25.50,0.00
161.342,2816.00,13.71,2.16,136.00,138.16,43.50,97.54,146.60,83.26,75.75,85.00,14.38,42.00,136.80,18.98,6.00,0.99,25.50,0.00
161.492,2816.00,13.71,2.16,136.00,138.16,43.50,97.54,146.60,83.26,75.75,85.00,14.38,42.00,136.80,18.98,6.00,0.99,25.50,0.00
161.642,2816.00,13.71,2.16,136.00,138.16,43.50,97.54,146.60,83.26,75.75,85.00,14.38,42.00,136.80,18.98,6.00,1.00,25.50,0.00
161.792,2816.00,13.71,2.16,136.00,138.16,43.50,97.54,146.60,83.26,75.75,85.00,14.38,42.00,136.80,18.98,6.00,1.00,24.00,0.00
161.942,2816.00,13.71,2.16,136.00,138.16,43.50,97.54,146.60,83.26,75.75,85.00,14.38,42.00,136.80,18.98,6.00,1.00,24.00,0.00
162.092,2812.50,13.71,2.16,136.00,138.16,43.50,97.54,146.60,83.26,75.75,85.00,14.38,42.00,136.80,18.98,6.00,1.00,24.00,0.00
162.242,2812.50,13.60,2.16,136.00,138.16,43.50,97.54,146.60,83.26,75.75,85.00,14.38,42.00,136.80,18.98,6.00,1.00,24.00,0.00
162.392,2812.50,13.60,2.73,136.00,138.16,43.50,97.54,146.60,83.26,75.75,85.00,14.38,42.00,136.80,18.98,6.00,1.00,24.00,0.00
162.542,2812.50,13.60,2.73,152.00,138.16,43.50,97.54,146.60,83.26,75.75,85.00,14.38,42.00,136.80,18.98,6.00,1.00,24.00,0.00
162.692,2812.50,13.60,2.73,152.00,150.34,43.50,97.54,146.60,83.26,75.75,85.00,14.38,42.00,136.80,18.98,6.00,1.00,24.00,0.00
162.842,2812.50,13.60,2.73,152.00,150.34,47.25,97.54,146.60,83.26,75.75,85.00,14.38,42.00,136.80,18.98,6.00,1.00,24.00,0.00
163.022,2812.50,13.60,2.73,152.00,150.34,47.25,97.05,146.60,83.26,75.75,85.00,14.38,42.00,136.80,18.98,6.00,1.00,24.00,0.00
163.174,2812.50,13.60,2.73,152.00,150.34,47.25,97.05,155.30,83.26,75.75,85.00,14.38,42.00,136.80,18.98,6.00,1.00,24.00,0.00
163.322,2812.50,13.60,2.73,152.00,150.34,47.25,97.05,155.30,83.26,75.75,85.00,14.38,42.00,136.80,18.98,6.00,1.00,24.00,0.00
163.472,2812.50,13.60,2.73,152.00,150.34,47.25,97.05,155.30,83.26,75.75,85.00,14.38,42.00,136.80,18.98,6.00,1.00,24.00,0.00
163.622,2812.50,13.60,2.73,152.00,150.34,47.25,97.05,155.30,83.26,75.75,85.00,14.38,42.00,136.80,18.98,6.00,1.00,24.00,0.00
163.774,2812.50,13.60,2.73,152.00,150.34,47.25,97.05,155.30,83.26,75.75,85.00,14.37,42.00,136.80,18.98,6.00,1.00,24.00,0.00
163.922,2812.50,13.60,2.73,152.00,150.34,47.25,97.05,155.30,83.26,75.75,85.00,14.37,42.00,136.80,18.98,6.00,1.00,24.00,0.00
164.074,2812.50,13.60,2.73,152.00,150.34,47.25,97.05,155.30,83.26,75.75,85.00,14.37,42.00,136.71,18.98,6.00,1.00,24.00,0.00
164.222,2812.50,13.60,2.73,152.00,150.34,47.25,97.05,155.30,83.26,75.75,85.00,14.37,42.00,136.71,19.57,6.00,1.00,24.00,0.00
164.373,2812.50,13.60,2.73,152.00,150.34,47.25,97.05,155.30,83.26,75.75,85.00,14.37,42.00,136.71,19.57,6.00,1.00,24.00,0.00
164.522,2812.50,13.60,2.73,152.00,150.34,47.25,97.05,155.30,83.26,75.75,85.00,14.37,42.00,136.71,19.57,6.00,0.99,24.00,0.00
164.674,2812.50,13.60,2.73,152.00,150.34,47.25,97.05,155.30,83.26,75.75,85.00,14.37,42.00,136.71,19.57,6.00,0.99,21.00,0.00
164.822,2812.50,13.60,2.73,152.00,150.34,47.25,97.05,155.30,83.26,75.75,85.00,14.37,42.00,136.71,19.57,6.00,0.99,21.00,0.00
164.974,2809.00,13.60,2.73,152.00,150.34,47.25,97.05,155.30,83.26,75.75,85.00,14.37,42.00,136.71,19.57,6.00,0.99,21.00,0.00
165.122,2809.00,13.85,2.73,152.00,150.34,47.25,97.05,155.30,83.26,75.75,85.00,14.37,42.00,136.71,19.57,6.00,0.99,21.00,0.00
165.273,2809.00,13.85,3.17,152.00,150.34,47.25,97.05,155.30,83.26,75.75,85.00,14.37,42.00,136.71,19.57,6.00,0.99,21.00,0.00
165.422,2809.00,13.85,3.17,160.00,150.34,47.25,97.05,155.30,83.26,75.75,85.00,14.37,42.00,136.71,19.57,6.00,0.99,21.00,0.00
165.574,2809.00,13.85,3.17,160.00,162.47,47.25,97.05,155.30,83.26,75.75,85.00,14.37,42.00,136.71,19.57,6.00,0.99,21.00,0.00
165.722,2809.00,13.85,3.17,160.00,162.47,50.25,97.05,155.30,83.26,75.75,85.00,14.37,42.00,136.71,19.57,6.00,0.99,21.00,0.00
165.874,2809.00,13.85,3.17,160.00,162.47,50.25,97.44,155.30,83.26,75.75,85.00,14.37,42.00,136.71,19.57,6.00,0.99,21.00,0.00
166.022,2809.00,13.85,3.17,160.00,162.47,50.25,97.44,168.00,83.26,75.75,85.00,14.37,42.00,136.71,19.57,6.00,0.99,21.00,0.00
166.174,2809.00,13.85,3.17,160.00,162.47,50.25,97.44,168.00,83.26,75.75,85.00,14.37,42.00,136.71,19.57,6.00,0.99,21.00,0.00
166.322,2809.00,13.85,3.17,160.00,162.47,50.25,97.44,168.00,83.26,75.00,85.00,14.37,42.00,136.71,19.57,6.00,0.99,21.00,0.00
166.474,2809.00,13.85,3.17,160.00,162.47,50.25,97.44,168.00,83.26,75.00,85.00,14.37,42.00,136.71,19.57,6.00,0.99,21.00,0.00
166.622,2809.00,13.85,3.17,160.00,162.47,50.25,97.44,168.00,83.26,75.00,85.00,14.37,42.00,136.71,19.57,6.00,0.99,21.00,0.00
166.772,2809.00,13.85,3.17,160.00,162.47,50.25,97.44,168.00,83.26,75.00,85.00,14.37,42.00,136.71,19.57,6.00,0.99,21.00,0.00
166.922,2809.00,13.85,3.17,160.00,162.47,50.25,97.44,168.00,83.26,75.00,85.00,14.37,42.00,136.36,19.57,6.00,0.99,21.00,0.00
167.074,2809.00,13.85,3.17,160.00,162.47,50.25,97.44,168.00,83.26,75.00,85.00,14.37,42.00,136.36,19.68,6.00,0.99,21.00,0.00
167.222,2809.00,13.85,3.17,160.00,162.47,50.25,97.44,168.00,83.26,75.00,85.00,14.37,42.00,136.36,19.68,6.00,0.99,21.00,0.00
167.374,2809.00,13.85,3.17,160.00,162.47,50.25,97.44,168.00,83.26,75.00,85.00,14.37,42.00,136.36,19.68,6.00,1.00,21.00,0.00
167.522,2809.00,13.85,3.17,160.00,162.47,50.25,97.44,168.00,83.26,75.00,85.00,14.37,42.00,136.36,19.68,6.00,1.00,21.00,0.00
167.674,2809.00,13.85,3.17,160.00,162.47,50.25,97.44,168.00,83.26,75.00,85.00,14.37,42.00,136.36,19.68,6.00,1.00,21.00,0.00
167.822,2808.50,13.85,3.17,160.00,162.47,50.25,97.44,168.00,83.26,75.00,85.00,14.37,42.00,136.36,19.68,6.00,1.00,21.00,0.00
167.974,2808.50,13.79,3.17,160.00,162.47,50.25,97.44,168.00,83.26,75.00,85.00,14.37,42.00,136.36,19.68,6.00,1.00,21.00,0.00
168.122,2808.50,13.79,3.10,160.00,162.47,50.25,97.44,168.00,83.26,75.00,85.00,14.37,42.00,136.36,19.68,6.00,1.00,21.00,0.00
168.273,2808.50,13.79,3.10,172.00,162.47,50.25,97.44,168.00,83.26,75.00,85.00,14.37,42.00,136.36,19.68,6.00,1.00,21.00,0.00
168.422,2808.50,13.79,3.10,172.00,169.00,50.25,97.44,168.00,83.26,75.00,85.00,14.37,42.00,136.36,19.68,6.00,1.00,21.00,0.00
168.574,2808.50,13.79,3.10,172.00,169.00,52.50,97.44,168.00,83.26,75.00,85.00,14.37,42.00,136.36,19.68,6.00,1.00,21.00,0.00
168.722,2808.50,13.79,3.10,172.00,169.00,52.50,98.15,168.00,83.26,75.00,85.00,14.37,42.00,136.36,19.68,6.00,1.00,21.00,0.00
168.874,2808.50,13.79,3.10,172.00,169.00,52.50,98.15,171.80,83.26,75.00,85.00,14.37,42.00,136.36,19.68,6.00,1.00,21.00,0.00
169.022,2808.50,13.79,3.10,172.00,169.00,52.50,98.15,171.80,83.16,75.00,85.00,14.37,42.00,136.36,19.68,6.00,1.00,21.00,0.00
169.174,2808.50,13.79,3.10,172.00,169.00,52.50,98.15,171.80,83.16,74.25,85.00,14.37,42.00,136.36,19.68,6.00,1.00,21.00,0.00
169.322,2808.50,13.79,3.10,172.00,169.00,52.50,98.15,171.80,83.16,74.25,85.00,14.37,42.00,136.36,19.68,6.00,1.00,21.00,0.00
169.474,2808.50,13.79,3.10,172.00,169.00,52.50,98.15,171.80,83.16,74.25,85.00,14.37,42.00,136.36,19.68,6.00,1.00,21.00,0.00
169.622,2808.50,13.79,3.10,172.00,169.00,52.50,98.15,171.80,83.16,74.25,85.00,14.37,42.00,136.36,19.68,6.00,1.00,21.00,0.00
169.774,2808.50,13.79,3.10,172.00,169.00,52.50,98.15,171.80,83.16,74.25,85.00,14.37,42.00,136.78,19.68,6.00,1.00,21.00,0.00
169.923,2808.50,13.79,3.10,172.00,169.00,52.50,98.15,171.80,83.16,74.25,85.00,14.37,42.00,136.78,20.09,6.00,1.00,21.00,0.00
170.072,2808.50,13.79,3.10,172.00,169.00,52.50,98.15,171.80,83.16,74.25,85.00,14.37,42.00,136.78,20.09,6.00,1.00,21.00,0.00
170.222,2808.50,13.79,3.10,172.00,169.00,52.50,98.15,171.80,83.16,74.25,85.00,14.37,42.00,136.78,20.09,6.00,0.99,21.00,0.00
170.374,2808.50,13.79,3.10,172.00,169.00,52.50,98.15,171.80,83.16,74.25,85.00,14.37,42.00,136.78,20.09,6.00,0.99,19.50,0.00
170.522,2808.50,13.79,3.10,172.00,169.00,52.50,98.15,171.80,83.16,74.25,85.00,14.37,42.00,136.78,20.09,6.00,0.99,19.50,0.00
170.703,2816.00,13.79,3.10,172.00,169.00,52.50,98.15,171.80,83.16,74.25,85.00,14.37,42.00,136.78,20.09,6.00,0.99,19.50,0.00
170.852,2816.00,13.73,3.10,172.00,169.00,52.50,98.15,171.80,83.16,74.25,85.00,14.37,42.00,136.78,20.09,6.00,0.99,19.50,0.00
171.002,2816.00,13.73,3.16,172.00,169.00,52.50,98.15,171.80,83.16,74.25,85.00,14.37,42.00,136.78,20.09,6.00,0.99,19.50,0.00
171.152,2816.00,13.73,3.16,172.00,169.00,52.50,98.15,171.80,83.16,74.25,85.00,14.37,42.00,136.78,20.09,6.00,0.99,19.50,0.00
171.302,2816.00,13.73,3.16,172.00,171.88,52.50,98.15,171.80,83.16,74.25,85.00,14.37,42.00,136.78,20.09,6.00,0.99,19.50,0.00
171.452,2816.00,13.73,3.16,172.00,171.88,53.25,98.15,171.80,83.16,74.25,85.00,14.37,42.00,136.78,20.09,6.00,0.99,19.50,0.00
171.603,2816.00,13.73,3.16,172.00,171.88,53.25,98.45,171.80,83.16,74.25,85.00,14.37,42.00,136.78,20.09,6.00,0.99,19.50,0.00
171.752,2816.00,13.73,3.16,172.00,171.88,53.25,98.45,169.90,83.16,74.25,85.00,14.37,42.00,136.78,20.09,6.00,0.99,19.50,0.00
171.902,2816.00,13.73,3.16,172.00,171.88,53.25,98.45,169.90,83.16,74.25,85.00,14.37,42.00,136.78,20.09,6.00,0.99,19.50,0.00
172.052,2816.00,13.73,3.16,172.00,171.88,53.25,98.45,169.90,83.16,74.25,85.00,14.37,42.00,136.78,20.09,6.00,0.99,19.50,0.00
172.202,2816.00,13.73,3.16,172.00,171.88,53.25,98.45,169.90,83.16,74.25,84.00,14.37,42.00,136.78,20.09,6.00,0.99,19.50,0.00
172.352,2816.00,13.73,3.16,172.00,171.88,53.25,98.45,169.90,83.16,74.25,84.00,14.37,42.00,136.78,20.09,6.00,0.99,19.50,0.00
172.502,2816.00,13.73,3.16,172.00,171.88,53.25,98.45,169.90,83.16,74.25,84.00,14.37,42.00,136.78,20.09,6.00,0.99,19.50,0.00
172.653,2816.00,13.73,3.16,172.00,171.88,53.25,98.45,169.90,83.16,74.25,84.00,14.37,42.00,137.03,20.09,6.00,0.99,19.50,0.00
172.802,2816.00,13.73,3.16,172.00,171.88,53.25,98.45,169.90,83.16,74.25,84.00,14.37,42.00,137.03,19.68,6.00,0.99,19.50,0.00
172.953,2816.00,13.73,3.16,172.00,171.88,53.25,98.45,169.90,83.16,74.25,84.00,14.37,42.00,137.03,19.68,6.00,0.99,19.50,0.00
173.253,2816.00,13.73,3.16,172.00,171.88,53.25,98.45,169.90,83.16,74.25,84.00,14.37,42.00,137.03,19.68,6.00,1.00,19.50,0.00
173.403,2816.00,13.73,3.16,172.00,171.88,53.25,98.45,169.90,83.16,74.25,84.00,14.37,42.00,137.03,19.68,6.00,1.00,18.75,0.00
173.552,2816.00,13.73,3.16,172.00,171.88,53.25,98.45,169.90,83.16,74.25,84.00,14.37,42.00,137.03,19.68,6.00,1.00,18.75,0.00
173.702,2819.50,13.73,3.16,172.00,171.88,53.25,98.45,169.90,83.16,74.25,84.00,14.37,42.00,137.03,19.68,6.00,1.00,18.75,0.00
173.853,2819.50,13.76,3.16,172.00,171.88,53.25,98.45,169.90,83.16,74.25,84.00,14.37,42.00,137.03,19.68,6.00,1.00,18.75,0.00
174.002,2819.50,13.76,3.10,172.00,171.88,53.25,98.45,169.90,83.16,74.25,84.00,14.37,42.00,137.03,19.68,6.00,1.00,18.75,0.00
174.152,2819.50,13.76,3.10,172.00,171.88,53.25,98.45,169.90,83.16,74.25,84.00,14.37,42.00,137.03,19.68,6.00,1.00,18.75,0.00
174.302,2819.50,13.76,3.10,172.00,167.06,53.25,98.45,169.90,83.16,74.25,84.00,14.37,42.00,137.03,19.68,6.00,1.00,18.75,0.00
174.452,2819.50,13.76,3.10,172.00,167.06,52.50,98.45,169.90,83.16,74.25,84.00,14.37,42.00,137.03,19.68,6.00,1.00,18.75,0.00
174.602,2819.50,13.76,3.10,172.00,167.06,52.50,98.55,169.90,83.16,74.25,84.00,14.37,42.00,137.03,19.68,6.00,1.00,18.75,0.00
174.752,2819.50,13.76,3.10,172.00,167.06,52.50,98.55,172.00,83.16,74.25,84.00,14.37,42.00,137.03,19.68,6.00,1.00,18.75,0.00
174.903,2819.50,13.76,3.10,172.00,167.06,52.50,98.55,172.00,83.26,74.25,84.00,14.37,42.00,137.03,19.68,6.00,1.00,18.75,0.00
175.053,2819.50,13.76,3.10,172.00,167.06,52.50,98.55,172.00,83.26,74.25,84.00,14.37,42.00,137.03,19.68,6.00,1.00,18.75,0.00
175.202,2819.50,13.76,3.10,172.00,167.06,52.50,98.55,172.00,83.26,74.25,84.00,14.37,42.00,137.03,19.68,6.00,1.00,18.75,0.00
175.353,2819.50,13.76,3.10,172.00,167.06,52.50,98.55,172.00,83.26,74.25,84.00,14.36,42.00,137.03,19.68,6.00,1.00,18.75,0.00
175.502,2819.50,13.76,3.10,172.00,167.06,52.50,98.55,172.00,83.26,74.25,84.00,14.36,42.00,137.03,19.68,6.00,1.00,18.75,0.00
175.652,2819.50,13.76,3.10,172.00,167.06,52.50,98.55,172.00,83.26,74.25,84.00,14.36,42.00,137.35,19.68,6.00,1.00,18.75,0.00
175.803,2819.50,13.76,3.10,172.00,167.06,52.50,98.55,172.00,83.26,74.25,84.00,14.36,42.00,137.35,19.68,6.00,1.00,18.75,0.00
175.952,2819.50,13.76,3.10,172.00,167.06,52.50,98.55,172.00,83.26,74.25,84.00,14.36,42.00,137.35,19.68,6.00,1.00,18.75,0.00
176.103,2819.50,13.76,3.10,172.00,167.06,52.50,98.55,172.00,83.26,74.25,84.00,14.36,42.00,137.35,19.68,6.00,0.99,18.75,0.00
176.252,2819.50,13.76,3.10,172.00,167.06,52.50,98.55,172.00,83.26,74.25,84.00,14.36,42.00,137.35,19.68,6.00,0.99,21.75,0.00
176.402,2819.50,13.76,3.10,172.00,167.06,52.50,98.55,172.00,83.26,74.25,84.00,14.36,42.00,137.35,19.68,6.00,0.99,21.75,0.00
176.552,2820.50,13.76,3.10,172.00,167.06,52.50,98.55,172.00,83.26,74.25,84.00,14.36,42.00,137.35,19.68,6.00,0.99,21.75,0.00
176.703,2820.50,13.73,3.10,172.00,167.06,52.50,98.55,172.00,83.26,74.25,84.00,14.36,42.00,137.35,19.68,6.00,0.99,21.75,0.00
176.853,2820.50,13.73,3.14,172.00,167.06,52.50,98.55,172.00,83.26,74.25,84.00,14.36,42.00,137.35,19.68,6.00,0.99,21.75,0.00
177.002,2820.50,13.73,3.14,160.00,167.06,52.50,98.55,172.00,83.26,74.25,84.00,14.36,42.00,137.35,19.68,6.00,0.99,21.75,0.00
177.152,2820.50,13.73,3.14,160.00,159.53,52.50,98.55,172.00,83.26,74.25,84.00,14.36,42.00,137.35,19.68,6.00,0.99,21.75,0.00
177.302,2820.50,13.73,3.14,160.00,159.53,48.75,98.55,172.00,83.26,74.25,84.00,14.36,42.00,137.35,19.68,6.00,0.99,21.75,0.00
177.453,2820.50,13.73,3.14,160.00,159.53,48.75,98.55,172.00,83.26,74.25,84.00,14.36,42.00,137.35,19.68,6.00,0.99,21.75,0.00
177.603,2820.50,13.73,3.14,160.00,159.53,48.75,98.55,161.60,83.26,74.25,84.00,14.36,42.00,137.35,19.68,6.00,0.99,21.75,0.00
177.752,2820.50,13.73,3.14,160.00,159.53,48.75,98.55,161.60,83.16,74.25,84.00,14.36,42.00,137.35,19.68,6.00,0.99,21.75,0.00
177.903,2820.50,13.73,3.14,160.00,159.53,48.75,98.55,161.60,83.16,74.25,84.00,14.36,42.00,137.35,19.68,6.00,0.99,21.75,0.00
178.053,2820.50,13.73,3.14,160.00,159.53,48.75,98.55,161.60,83.16,74.25,84.00,14.36,42.00,137.35,19.68,6.00,0.99,21.75,0.00
178.203,2820.50,13.73,3.14,160.00,159.53,48.75,98.55,161.60,83.16,74.25,84.00,14.36,42.00,137.35,19.68,6.00,0.99,21.75,0.00
178.385,2820.50,13.73,3.14,160.00,159.53,48.75,98.55,161.60,83.16,74.25,84.00,14.36,42.00,137.35,19.68,6.00,0.99,21.75,0.00
178.533,2820.50,13.73,3.14,160.00,159.53,48.75,98.55,161.60,83.16,74.25,84.00,14.36,42.00,137.42,19.68,6.00,0.99,21.75,0.00
178.685,2820.50,13.73,3.14,160.00,159.53,48.75,98.55,161.60,83.16,74.25,84.00,14.36,42.00,137.42,18.55,6.00,0.99,21.75,0.00
178.832,2820.50,13.73,3.14,160.00,159.53,48.75,98.55,161.60,83.16,74.25,84.00,14.36,42.00,137.42,18.55,6.00,0.99,21.75,0.00
178.985,2820.50,13.73,3.14,160.00,159.53,48.75,98.55,161.60,83.16,74.25,84.00,14.36,42.00,137.42,18.55,6.00,1.00,21.75,0.00
179.133,2820.50,13.73,3.14,160.00,159.53,48.75,98.55,161.60,83.16,74.25,84.00,14.36,42.00,137.42,18.55,6.00,1.00,24.00,0.00
179.285,2820.50,13.73,3.14,160.00,159.53,48.75,98.55,161.60,83.16,74.25,84.00,14.36,42.00,137.42,18.55,6.00,1.00,24.00,0.00
179.432,2826.00,13.73,3.14,160.00,159.53,48.75,98.55,161.60,83.16,74.25,84.00,14.36,42.00,137.42,18.55,6.00,1.00,24.00,0.00
179.585,2826.00,13.67,3.14,160.00,159.53,48.75,98.55,161.60,83.16,74.25,84.00,14.36,42.00,137.42,18.55,6.00,1.00,24.00,0.00
179.733,2826.00,13.67,2.72,160.00,159.53,48.75,98.55,161.60,83.16,74.25,84.00,14.36,42.00,137.42,18.55,6.00,1.00,24.00,0.00
179.885,2826.00,13.67,2.72,148.00,159.53,48.75,98.55,161.60,83.16,74.25,84.00,14.36,42.00,137.42,18.55,6.00,1.00,24.00,0.00
180.033,2826.00,13.67,2.72,148.00,147.97,48.75,98.55,161.60,83.16,74.25,84.00,14.36,42.00,137.42,18.55,6.00,1.00,24.00,0.00
180.185,2826.00,13.67,2.72,148.00,147.97,44.25,98.55,161.60,83.16,74.25,84.00,14.36,42.00,137.42,18.55,6.00,1.00,24.00,0.00
180.333,2826.00,13.67,2.72,148.00,147.97,44.25,98.45,161.60,83.16,74.25,84.00,14.36,42.00,137.42,18.55,6.00,1.00,24.00,0.00
180.483,2826.00,13.67,2.72,148.00,147.97,44.25,98.45,145.10,83.16,74.25,84.00,14.36,42.00,137.42,18.55,6.00,1.00,24.00,0.00
180.633,2826.00,13.67,2.72,148.00,147.97,44.25,98.45,145.10,83.26,74.25,84.00,14.36,42.00,137.42,18.55,6.00,1.00,24.00,0.00
180.785,2826.00,13.67,2.72,148.00,147.97,44.25,98.45,145.10,83.26,73.50,84.00,14.36,42.00,137.42,18.55,6.00,1.00,24.00,0.00
180.933,2826.00,13.67,2.72,148.00,147.97,44.25,98.45,145.10,83.26,73.50,84.00,14.36,42.00,137.42,18.55,6.00,1.00,24.00,0.00
181.085,2826.00,13.67,2.72,148.00,147.97,44.25,98.45,145.10,83.26,73.50,84.00,14.36,42.00,137.42,18.55,6.00,1.00,24.00,0.00
181.232,2826.00,13.67,2.72,148.00,147.97,44.25,98.45,145.10,83.26,73.50,84.00,14.36,41.50,137.42,18.55,6.00,1.00,24.00,0.00
181.383,2826.00,13.67,2.72,148.00,147.97,44.25,98.45,145.10,83.26,73.50,84.00,14.36,41.50,137.71,18.55,6.00,1.00,24.00,0.00
181.532,2826.00,13.67,2.72,148.00,147.97,44.25,98.45,145.10,83.26,73.50,84.00,14.36,41.50,137.71,18.34,6.00,1.00,24.00,0.00
181.685,2826.00,13.67,2.72,148.00,147.97,44.25,98.45,145.10,83.26,73.50,84.00,14.36,41.50,137.71,18.34,6.00,1.00,24.00,0.00
181.832,2826.00,13.67,2.72,148.00,147.97,44.25,98.45,145.10,83.26,73.50,84.00,14.36,41.50,137.71,18.34,6.00,0.99,24.00,0.00
181.982,2826.00,13.67,2.72,148.00,147.97,44.25,98.45,145.10,83.26,73.50,84.00,14.36,41.50,137.71,18.34,6.00,0.99,25.50,0.00
182.132,2826.00,13.67,2.72,148.00,147.97,44.25,98.45,145.10,83.26,73.50,84.00,14.36,41.50,137.71,18.34,6.00,0.99,25.50,0.00
182.285,2827.00,13.67,2.72,148.00,147.97,44.25,98.45,145.10,83.26,73.50,84.00,14.36,41.50,137.71,18.34,6.00,0.99,25.50,0.00
182.433,2827.00,13.66,2.72,148.00,147.97,44.25,98.45,145.10,83.26,73.50,84.00,14.36,41.50,137.71,18.34,6.00,0.99,25.50,0.00
182.585,2827.00,13.66,2.14,148.00,147.97,44.25,98.45,145.10,83.26,73.50,84.00,14.36,41.50,137.71,18.34,6.00,0.99,25.50,0.00
182.732,2827.00,13.66,2.14,132.00,147.97,44.25,98.45,145.10,83.26,73.50,84.00,14.36,41.50,137.71,18.34,6.00,0.99,25.50,0.00
182.885,2827.00,13.66,2.14,132.00,133.03,44.25,98.45,145.10,83.26,73.50,84.00,14.36,41.50,137.71,18.34,6.00,0.99,25.50,0.00
183.033,2827.00,13.66,2.14,132.00,133.03,40.50,98.45,145.10,83.26,73.50,84.00,14.36,41.50,137.71,18.34,6.00,0.99,25.50,0.00
183.184,2827.00,13.66,2.14,132.00,133.03,40.50,97.65,145.10,83.26,73.50,84.00,14.36,41.50,137.71,18.34,6.00,0.99,25.50,0.00
183.333,2827.00,13.66,2.14,132.00,133.03,40.50,97.65,132.60,83.26,73.50,84.00,14.36,41.50,137.71,18.34,6.00,0.99,25.50,0.00
183.485,2827.00,13.66,2.14,132.00,133.03,40.50,97.65,132.60,84.86,73.50,84.00,14.36,41.50,137.71,18.34,6.00,0.99,25.50,0.00
183.633,2827.00,13.66,2.14,132.00,133.03,40.50,97.65,132.60,84.86,72.75,84.00,14.36,41.50,137.71,18.34,6.00,0.99,25.50,0.00
183.785,2827.00,13.66,2.14,132.00,133.03,40.50,97.65,132.60,84.86,72.75,84.00,14.36,41.50,137.71,18.34,6.00,0.99,25.50,0.00
183.933,2827.00,13.66,2.14,132.00,133.03,40.50,97.65,132.60,84.86,72.75,84.00,14.36,41.50,137.71,18.34,6.00,0.99,25.50,0.00
184.085,2827.00,13.66,2.14,132.00,133.03,40.50,97.65,132.60,84.86,72.75,84.00,14.36,41.00,137.71,18.34,6.00,0.99,25.50,0.00
184.233,2827.00,13.66,2.14,132.00,133.03,40.50,97.65,132.60,84.86,72.75,84.00,14.36,41.00,137.76,18.34,6.00,0.99,25.50,0.00
184.385,2827.00,13.66,2.14,132.00,133.03,40.50,97.65,132.60,84.86,72.75,84.00,14.36,41.00,137.76,18.24,6.00,0.99,25.50,0.00
184.533,2827.00,13.66,2.14,132.00,133.03,40.50,97.65,132.60,84.86,72.75,84.00,14.36,41.00,137.76,18.24,6.00,0.99,25.50,0.00
184.685,2827.00,13.66,2.14,132.00,133.03,40.50,97.65,132.60,84.86,72.75,84.00,14.36,41.00,137.76,18.24,6.00,1.00,25.50,0.00
184.833,2827.00,13.66,2.14,132.00,133.03,40.50,97.65,132.60,84.86,72.75,84.00,14.36,41.00,137.76,18.24,6.00,1.00,27.75,0.00
184.983,2827.00,13.66,2.14,132.00,133.03,40.50,97.65,132.60,84.86,72.75,84.00,14.36,41.00,137.76,18.24,6.00,1.00,27.75,0.00
185.133,2832.00,13.66,2.14,132.00,133.03,40.50,97.65,132.60,84.86,72.75,84.00,14.36,41.00,137.76,18.24,6.00,1.00,27.75,0.00
185.285,2832.00,13.64,2.14,132.00,133.03,40.50,97.65,132.60,84.86,72.75,84.00,14.36,41.00,137.76,18.24,6.00,1.00,27.75,0.00
185.433,2832.00,13.64,1.60,132.00,133.03,40.50,97.65,132.60,84.86,72.75,84.00,14.36,41.00,137.76,18.24,6.00,1.00,27.75,0.00
185.585,2832.00,13.64,1.60,124.00,133.03,40.50,97.65,132.60,84.86,72.75,84.00,14.36,41.00,137.76,18.24,6.00,1.00,27.75,0.00
185.733,2832.00,13.64,1.60,124.00,118.72,40.50,97.65,132.60,84.86,72.75,84.00,14.36,41.00,137.76,18.24,6.00,1.00,27.75,0.00
185.885,2832.00,13.64,1.60,124.00,118.72,36.75,97.65,132.60,84.86,72.75,84.00,14.36,41.00,137.76,18.24,6.00,1.00,27.75,0.00
186.063,2832.00,13.64,1.60,124.00,118.72,36.75,96.15,132.60,84.86,72.75,84.00,14.36,41.00,137.76,18.24,6.00,1.00,27.75,0.00
186.213,2832.00,13.64,1.60,124.00,118.72,36.75,96.15,122.50,84.86,72.75,84.00,14.36,41.00,137.76,18.24,6.00,1.00,27.75,0.00
186.365,2832.00,13.64,1.60,124.00,118.72,36.75,96.15,122.50,88.26,72.75,84.00,14.36,41.00,137.76,18.24,6.00,1.00,27.75,0.00
186.513,2832.00,13.64,1.60,124.00,118.72,36.75,96.15,122.50,88.26,72.00,84.00,14.36,41.00,137.76,18.24,6.00,1.00,27.75,0.00
186.663,2832.00,13.64,1.60,124.00,118.72,36.75,96.15,122.50,88.26,72.00,84.00,14.36,41.00,137.76,18.24,6.00,1.00,27.75,0.00
186.813,2832.00,13.64,1.60,124.00,118.72,36.75,96.15,122.50,88.26,72.00,84.00,14.36,41.00,137.76,18.24,6.00,1.00,27.75,0.00
186.965,2832.00,13.64,1.60,124.00,118.72,36.75,96.15,122.50,88.26,72.00,84.00,14.36,41.00,137.76,18.24,6.00,1.00,27.75,0.00
187.113,2832.00,13.64,1.60,124.00,118.72,36.75,96.15,122.50,88.26,72.00,84.00,14.36,41.00,137.78,18.24,6.00,1.00,27.75,0.00
187.265,2832.00,13.64,1.60,124.00,118.72,36.75,96.15,122.50,88.26,72.00,84.00,14.36,41.00,137.78,18.37,6.00,1.00,27.75,0.00
187.413,2832.00,13.64,1.60,124.00,118.72,36.75,96.15,122.50,88.26,72.00,84.00,14.36,41.00,137.78,18.37,6.00,1.00,27.75,0.00
187.565,2832.00,13.64,1.60,124.00,118.72,36.75,96.15,122.50,88.26,72.00,84.00,14.36,41.00,137.78,18.37,6.00,1.00,27.75,0.00
187.713,2832.00,13.64,1.60,124.00,118.72,36.75,96.15,122.50,88.26,72.00,84.00,14.36,41.00,137.78,18.37,6.00,1.00,28.50,0.00
187.865,2832.00,13.64,1.60,124.00,118.72,36.75,96.15,122.50,88.26,72.00,84.00,14.36,41.00,137.78,18.37,6.00,1.00,28.50,0.00
188.013,2824.50,13.64,1.60,124.00,118.72,36.75,96.15,122.50,88.26,72.00,84.00,14.36,41.00,137.78,18.37,6.00,1.00,28.50,0.00
188.163,2824.50,13.59,1.60,124.00,118.72,36.75,96.15,122.50,88.26,72.00,84.00,14.36,41.00,137.78,18.37,6.00,1.00,28.50,0.00
188.313,2824.50,13.59,1.22,124.00,118.72,36.75,96.15,122.50,88.26,72.00,84.00,14.36,41.00,137.78,18.37,6.00,1.00,28.50,0.00
188.465,2824.50,13.59,1.22,116.00,118.72,36.75,96.15,122.50,88.26,72.00,84.00,14.36,41.00,137.78,18.37,6.00,1.00,28.50,0.00
188.612,2824.50,13.59,1.22,116.00,118.19,36.75,96.15,122.50,88.26,72.00,84.00,14.36,41.00,137.78,18.37,6.00,1.00,28.50,0.00
188.765,2824.50,13.59,1.22,116.00,118.19,36.00,96.15,122.50,88.26,72.00,84.00,14.36,41.00,137.78,18.37,6.00,1.00,28.50,0.00
188.913,2824.50,13.59,1.22,116.00,118.19,36.00,94.14,122.50,88.26,72.00,84.00,14.36,41.00,137.78,18.37,6.00,1.00,28.50,0.00
189.065,2824.50,13.59,1.22,116.00,118.19,36.00,94.14,121.30,88.26,72.00,84.00,14.36,41.00,137.78,18.37,6.00,1.00,28.50,0.00
189.213,2824.50,13.59,1.22,116.00,118.19,36.00,94.14,121.30,91.36,72.00,84.00,14.36,41.00,137.78,18.37,6.00,1.00,28.50,0.00
189.393,2824.50,13.59,1.22,116.00,118.19,36.00,94.14,121.30,91.36,71.25,84.00,14.36,41.00,137.78,18.37,6.00,1.00,28.50,0.00
189.543,2824.50,13.59,1.22,116.00,118.19,36.00,94.14,121.30,91.36,71.25,84.00,14.36,41.00,137.78,18.37,6.00,1.00,28.50,0.00
189.693,2824.50,13.59,1.22,116.00,118.19,36.00,94.14,121.30,91.36,71.25,84.00,14.36,41.00,137.78,18.37,6.00,1.00,28.50,0.00
189.842,2824.50,13.59,1.22,116.00,118.19,36.00,94.14,121.30,91.36,71.25,84.00,14.36,41.00,137.78,18.37,6.00,1.00,28.50,0.00
190.023,2824.50,13.59,1.22,116.00,118.19,36.00,94.14,121.30,91.36,71.25,84.00,14.36,41.00,137.73,18.37,6.00,1.00,28.50,0.00
190.174,2824.50,13.59,1.22,116.00,118.19,36.00,94.14,121.30,91.36,71.25,84.00,14.36,41.00,137.73,18.27,6.00,1.00,28.50,0.00
190.323,2824.50,13.59,1.22,116.00,118.19,36.00,94.14,121.30,91.36,71.25,84.00,14.36,41.00,137.73,18.27,6.00,1.00,28.50,0.00
190.473,2824.50,13.59,1.22,116.00,118.19,36.00,94.14,121.30,91.36,71.25,84.00,14.36,41.00,137.73,18.27,6.00,1.00,28.50,0.00
190.622,2824.50,13.59,1.22,116.00,118.19,36.00,94.14,121.30,91.36,71.25,84.00,14.36,41.00,137.73,18.27,6.00,1.00,29.25,0.00
190.774,2824.50,13.59,1.22,116.00,118.19,36.00,94.14,121.30,91.36,71.25,84.00,14.36,41.00,137.73,18.27,6.00,1.00,29.25,0.00
190.923,2821.50,13.59,1.22,116.00,118.19,36.00,94.14,121.30,91.36,71.25,84.00,14.36,41.00,137.73,18.27,6.00,1.00,29.25,0.00
191.074,2821.50,13.67,1.22,116.00,118.19,36.00,94.14,121.30,91.36,71.25,84.00,14.36,41.00,137.73,18.27,6.00,1.00,29.25,0.00
191.223,2821.50,13.67,1.09,116.00,118.19,36.00,94.14,121.30,91.36,71.25,84.00,14.36,41.00,137.73,18.27,6.00,1.00,29.25,0.00
191.374,2821.50,13.67,1.09,116.00,118.19,36.00,94.14,121.30,91.36,71.25,84.00,14.36,41.00,137.73,18.27,6.00,1.00,29.25,0.00
191.523,2821.50,13.67,1.09,116.00,114.44,36.00,94.14,121.30,91.36,71.25,84.00,14.36,41.00,137.73,18.27,6.00,1.00,29.25,0.00
191.673,2821.50,13.67,1.09,116.00,114.44,35.25,94.14,121.30,91.36,71.25,84.00,14.36,41.00,137.73,18.27,6.00,1.00,29.25,0.00
191.823,2821.50,13.67,1.09,116.00,114.44,35.25,92.05,121.30,91.36,71.25,84.00,14.36,41.00,137.73,18.27,6.00,1.00,29.25,0.00
191.974,2821.50,13.67,1.09,116.00,114.44,35.25,92.05,114.10,91.36,71.25,84.00,14.36,41.00,137.73,18.27,6.00,1.00,29.25,0.00
192.122,2821.50,13.67,1.09,116.00,114.44,35.25,92.05,114.10,93.16,71.25,84.00,14.36,41.00,137.73,18.27,6.00,1.00,29.25,0.00
192.274,2821.50,13.67,1.09,116.00,114.44,35.25,92.05,114.10,93.16,66.00,84.00,14.36,41.00,137.73,18.27,6.00,1.00,29.25,0.00
192.453,2821.50,13.67,1.09,116.00,114.44,35.25,92.05,114.10,93.16,66.00,84.00,14.36,41.00,137.73,18.27,6.00,1.00,29.25,0.00
192.603,2821.50,13.67,1.09,116.00,114.44,35.25,92.05,114.10,93.16,66.00,84.00,14.36,41.00,137.73,18.27,6.00,1.00,29.25,0.00
192.753,2821.50,13.67,1.09,116.00,114.44,35.25,92.05,114.10,93.16,66.00,84.00,14.36,41.00,137.73,18.27,6.00,1.00,29.25,0.00
192.903,2821.50,13.67,1.09,116.00,114.44,35.25,92.05,114.10,93.16,66.00,84.00,14.36,41.00,137.63,18.27,6.00,1.00,29.25,0.00
193.053,2821.50,13.67,1.09,116.00,114.44,35.25,92.05,114.10,93.16,66.00,84.00,14.36,41.00,137.63,18.18,6.00,1.00,29.25,0.00
193.203,2821.50,13.67,1.09,116.00,114.44,35.25,92.05,114.10,93.16,66.00,84.00,14.36,41.00,137.63,18.18,6.00,1.00,29.25,0.00
193.353,2821.50,13.67,1.09,116.00,114.44,35.25,92.05,114.10,93.16,66.00,84.00,14.36,41.00,137.63,18.18,6.00,1.00,29.25,0.00
193.503,2821.50,13.67,1.09,116.00,114.44,35.25,92.05,114.10,93.16,66.00,84.00,14.36,41.00,137.63,18.18,6.00,1.00,30.00,0.00
193.653,2821.50,13.67,1.09,116.00,114.44,35.25,92.05,114.10,93.16,66.00,84.00,14.36,41.00,137.63,18.18,6.00,1.00,30.00,0.00
193.803,2820.50,13.67,1.09,116.00,114.44,35.25,92.05,114.10,93.16,66.00,84.00,14.36,41.00,137.63,18.18,6.00,1.00,30.00,0.00
193.953,2820.50,13.57,1.09,116.00,114.44,35.25,92.05,114.10,93.16,66.00,84.00,14.36,41.00,137.63,18.18,6.00,1.00,30.00,0.00
194.103,2820.50,13.57,0.87,116.00,114.44,35.25,92.05,114.10,93.16,66.00,84.00,14.36,41.00,137.63,18.18,6.00,1.00,30.00,0.00
194.253,2820.50,13.57,0.87,108.00,114.44,35.25,92.05,114.10,93.16,66.00,84.00,14.36,41.00,137.63,18.18,6.00,1.00,30.00,0.00
194.403,2820.50,13.57,0.87,108.00,107.72,35.25,92.05,114.10,93.16,66.00,84.00,14.36,41.00,137.63,18.18,6.00,1.00,30.00,0.00
194.553,2820.50,13.57,0.87,108.00,107.72,33.75,92.05,114.10,93.16,66.00,84.00,14.36,41.00,137.63,18.18,6.00,1.00,30.00,0.00
194.703,2820.50,13.57,0.87,108.00,107.72,33.75,90.25,114.10,93.16,66.00,84.00,14.36,41.00,137.63,18.18,6.00,1.00,30.00,0.00
194.853,2820.50,13.57,0.87,108.00,107.72,33.75,90.25,111.10,93.16,66.00,84.00,14.36,41.00,137.63,18.18,6.00,1.00,30.00,0.00
195.003,2820.50,13.57,0.87,108.00,107.72,33.75,90.25,111.10,92.26,66.00,84.00,14.36,41.00,137.63,18.18,6.00,1.00,30.00,0.00
195.153,2820.50,13.57,0.87,108.00,107.72,33.75,90.25,111.10,92.26,60.75,84.00,14.36,41.00,137.63,18.18,6.00,1.00,30.00,0.00
195.303,2820.50,13.57,0.87,108.00,107.72,33.75,90.25,111.10,92.26,60.75,84.00,14.36,41.00,137.63,18.18,6.00,1.00,30.00,0.00
195.453,2820.50,13.57,0.87,108.00,107.72,33.75,90.25,111.10,92.26,60.75,84.00,14.36,41.00,137.63,18.18,6.00,1.00,30.00,0.00
195.603,2820.50,13.57,0.87,108.00,107.72,33.75,90.25,111.10,92.26,60.75,84.00,14.36,41.00,137.63,18.18,6.00,1.00,30.00,0.00
195.753,2820.50,13.57,0.87,108.00,107.72,33.75,90.25,111.10,92.26,60.75,84.00,14.36,41.00,137.33,18.18,6.00,1.00,30.00,0.00
195.902,2820.50,13.57,0.87,108.00,107.72,33.75,90.25,111.10,92.26,60.75,84.00,14.36,41.00,137.33,18.23,6.00,1.00,30.00,0.00
196.053,2820.50,13.57,0.87,108.00,107.72,33.75,90.25,111.10,92.26,60.75,84.00,14.36,41.00,137.33,18.23,6.00,1.00,30.00,0.00
196.203,2820.50,13.57,0.87,108.00,107.72,33.75,90.25,111.10,92.26,60.75,84.00,14.36,41.00,137.33,18.23,6.00,1.00,30.00,0.00
196.353,2820.50,13.57,0.87,108.00,107.72,33.75,90.25,111.10,92.26,60.75,84.00,14.36,41.00,137.33,18.23,6.00,1.00,30.75,0.00
196.503,2820.50,13.57,0.87,108.00,107.72,33.75,90.25,111.10,92.26,60.75,84.00,14.36,41.00,137.33,18.23,6.00,1.00,30.75,0.00
196.653,2814.50,13.57,0.87,108.00,107.72,33.75,90.25,111.10,92.26,60.75,84.00,14.36,41.00,137.33,18.23,6.00,1.00,30.75,0.00
196.803,2814.50,13.62,0.87,108.00,107.72,33.75,90.25,111.10,92.26,60.75,84.00,14.36,41.00,137.33,18.23,6.00,1.00,30.75,0.00
196.953,2814.50,13.62,0.83,108.00,107.72,33.75,90.25,111.10,92.26,60.75,84.00,14.36,41.00,137.33,18.23,6.00,1.00,30.75,0.00
197.103,2814.50,13.62,0.83,112.00,107.72,33.75,90.25,111.10,92.26,60.75,84.00,14.36,41.00,137.33,18.23,6.00,1.00,30.75,0.00
197.253,2814.50,13.62,0.83,112.00,110.97,33.75,90.25,111.10,92.26,60.75,84.00,14.36,41.00,137.33,18.23,6.00,1.00,30.75,0.00
197.402,2814.50,13.62,0.83,112.00,110.97,34.50,90.25,111.10,92.26,60.75,84.00,14.36,41.00,137.33,18.23,6.00,1.00,30.75,0.00
197.585,2814.50,13.62,0.83,112.00,110.97,34.50,88.65,111.10,92.26,60.75,84.00,14.36,41.00,137.33,18.23,6.00,1.00,30.75,0.00
197.733,2814.50,13.62,0.83,112.00,110.97,34.50,88.65,113.80,92.26,60.75,84.00,14.36,41.00,137.33,18.23,6.00,1.00,30.75,0.00
197.885,2814.50,13.62,0.83,112.00,110.97,34.50,88.65,113.80,90.26,60.75,84.00,14.36,41.00,137.33,18.23,6.00,1.00,30.75,0.00
198.033,2814.50,13.62,0.83,112.00,110.97,34.50,88.65,113.80,90.26,63.00,84.00,14.36,41.00,137.33,18.23,6.00,1.00,30.75,0.00
198.185,2814.50,13.62,0.83,112.00,110.97,34.50,88.65,113.80,90.26,63.00,85.00,14.36,41.00,137.33,18.23,6.00,1.00,30.75,0.00
198.333,2814.50,13.62,0.83,112.00,110.97,34.50,88.65,113.80,90.26,63.00,85.00,14.36,41.00,137.33,18.23,6.00,1.00,30.75,0.00
198.483,2814.50,13.62,0.83,112.00,110.97,34.50,88.65,113.80,90.26,63.00,85.00,14.36,41.00,137.33,18.23,6.00,1.00,30.75,0.00
198.633,2814.50,13.62,0.83,112.00,110.97,34.50,88.65,113.80,90.26,63.00,85.00,14.36,41.00,136.96,18.23,6.00,1.00,30.75,0.00
198.785,2814.50,13.62,0.83,112.00,110.97,34.50,88.65,113.80,90.26,63.00,85.00,14.36,41.00,136.96,17.99,6.00,1.00,30.75,0.00
198.933,2814.50,13.62,0.83,112.00,110.97,34.50,88.65,113.80,90.26,63.00,85.00,14.36,41.00,136.96,17.99,6.00,1.00,30.75,0.00
199.085,2814.50,13.62,0.83,112.00,110.97,34.50,88.65,113.80,90.26,63.00,85.00,14.36,41.00,136.96,17.99,6.00,1.00,30.75,0.00
199.233,2814.50,13.62,0.83,112.00,110.97,34.50,88.65,113.80,90.26,63.00,85.00,14.36,41.00,136.96,17.99,6.00,1.00,30.00,0.00
199.385,2814.50,13.62,0.83,112.00,110.97,34.50,88.65,113.80,90.26,63.00,85.00,14.36,41.00,136.96,17.99,6.00,1.00,30.00,0.00
199.533,2810.50,13.62,0.83,112.00,110.97,34.50,88.65,113.80,90.26,63.00,85.00,14.36,41.00,136.96,17.99,6.00,1.00,30.00,0.00
199.683,2810.50,13.55,0.83,112.00,110.97,34.50,88.65,113.80,90.26,63.00,85.00,14.36,41.00,136.96,17.99,6.00,1.00,30.00,0.00
199.833,2810.50,13.55,0.94,112.00,110.97,34.50,88.65,113.80,90.26,63.00,85.00,14.36,41.00,136.96,17.99,6.00,1.00,30.00,0.00
199.985,2810.50,13.55,0.94,112.00,110.97,34.50,88.65,113.80,90.26,63.00,85.00,14.36,41.00,136.96,17.99,6.00,1.00,30.00,0.00
200.133,2810.50,13.55,0.94,112.00,113.03,34.50,88.65,113.80,90.26,63.00,85.00,14.36,41.00,136.96,17.99,6.00,1.00,30.00,0.00
200.285,2810.50,13.55,0.94,112.00,113.03,35.25,88.65,113.80,90.26,63.00,85.00,14.36,41.00,136.96,17.99,6.00,1.00,30.00,0.00
200.433,2810.50,13.55,0.94,112.00,113.03,35.25,87.55,113.80,90.26,63.00,85.00,14.36,41.00,136.96,17.99,6.00,1.00,30.00,0.00
200.585,2810.50,13.55,0.94,112.00,113.03,35.25,87.55,119.20,90.26,63.00,85.00,14.36,41.00,136.96,17.99,6.00,1.00,30.00,0.00
200.733,2810.50,13.55,0.94,112.00,113.03,35.25,87.55,119.20,88.66,63.00,85.00,14.36,41.00,136.96,17.99,6.00,1.00,30.00,0.00
200.885,2810.50,13.55,0.94,112.00,113.03,35.25,87.55,119.20,88.66,66.00,85.00,14.36,41.00,136.96,17.99,6.00,1.00,30.00,0.00
201.033,2810.50,13.55,0.94,112.00,113.03,35.25,87.55,119.20,88.66,66.00,85.00,14.36,41.00,136.96,17.99,6.00,1.00,30.00,0.00
201.183,2810.50,13.55,0.94,112.00,113.03,35.25,87.55,119.20,88.66,66.00,85.00,14.36,41.00,136.96,17.99,6.00,1.00,30.00,0.00
201.333,2810.50,13.55,0.94,112.00,113.03,35.25,87.55,119.20,88.66,66.00,85.00,14.36,41.00,136.96,17.99,6.00,1.00,30.00,0.00
201.483,2810.50,13.55,0.94,112.00,113.03,35.25,87.55,119.20,88.66,66.00,85.00,14.36,41.00,136.60,17.99,6.00,1.00,30.00,0.00
201.633,2810.50,13.55,0.94,112.00,113.03,35.25,87.55,119.20,88.66,66.00,85.00,14.36,41.00,136.60,18.74,6.00,1.00,30.00,0.00
201.785,2810.50,13.55,0.94,112.00,113.03,35.25,87.55,119.20,88.66,66.00,85.00,14.36,41.00,136.60,18.74,6.00,1.00,30.00,0.00
201.933,2810.50,13.55,0.94,112.00,113.03,35.25,87.55,119.20,88.66,66.00,85.00,14.36,41.00,136.60,18.74,6.00,1.01,30.00,0.00
202.083,2810.50,13.55,0.94,112.00,113.03,35.25,87.55,119.20,88.66,66.00,85.00,14.36,41.00,136.60,18.74,6.00,1.01,27.00,0.00
202.232,2810.50,13.55,0.94,112.00,113.03,35.25,87.55,119.20,88.66,66.00,85.00,14.36,41.00,136.60,18.74,6.00,1.01,27.00,0.00
202.383,2804.50,13.55,0.94,112.00,113.03,35.25,87.55,119.20,88.66,66.00,85.00,14.36,41.00,136.60,18.74,6.00,1.01,27.00,0.00
202.533,2804.50,13.75,0.94,112.00,113.03,35.25,87.55,119.20,88.66,66.00,85.00,14.36,41.00,136.60,18.74,6.00,1.01,27.00,0.00
202.685,2804.50,13.75,1.61,112.00,113.03,35.25,87.55,119.20,88.66,66.00,85.00,14.36,41.00,136.60,18.74,6.00,1.01,27.00,0.00
202.833,2804.50,13.75,1.61,132.00,113.03,35.25,87.55,119.20,88.66,66.00,85.00,14.36,41.00,136.60,18.74,6.00,1.01,27.00,0.00
202.985,2804.50,13.75,1.61,132.00,131.81,35.25,87.55,119.20,88.66,66.00,85.00,14.36,41.00,136.60,18.74,6.00,1.01,27.00,0.00
203.133,2804.50,13.75,1.61,132.00,131.81,40.50,87.55,119.20,88.66,66.00,85.00,14.36,41.00,136.60,18.74,6.00,1.01,27.00,0.00
203.285,2804.50,13.75,1.61,132.00,131.81,40.50,86.94,119.20,88.66,66.00,85.00,14.36,41.00,136.60,18.74,6.00,1.01,27.00,0.00
203.432,2804.50,13.75,1.61,132.00,131.81,40.50,86.94,155.60,88.66,66.00,85.00,14.36,41.00,136.60,18.74,6.00,1.01,27.00,0.00
203.585,2804.50,13.75,1.61,132.00,131.81,40.50,86.94,155.60,89.06,66.00,85.00,14.36,41.00,136.60,18.74,6.00,1.01,27.00,0.00
203.733,2804.50,13.75,1.61,132.00,131.81,40.50,86.94,155.60,89.06,66.75,85.00,14.36,41.00,136.60,18.74,6.00,1.01,27.00,0.00
203.883,2804.50,13.75,1.61,132.00,131.81,40.50,86.94,155.60,89.06,66.75,85.00,14.36,41.00,136.60,18.74,6.00,1.01,27.00,0.00
204.033,2804.50,13.75,1.61,132.00,131.81,40.50,86.94,155.60,89.06,66.75,85.00,14.36,41.00,136.60,18.74,6.00,1.01,27.00,0.00
204.185,2804.50,13.75,1.61,132.00,131.81,40.50,86.94,155.60,89.06,66.75,85.00,14.36,41.50,136.60,18.74,6.00,1.01,27.00,0.00
204.333,2804.50,13.75,1.61,132.00,131.81,40.50,86.94,155.60,89.06,66.75,85.00,14.36,41.50,136.91,18.74,6.00,1.01,27.00,0.00
204.485,2804.50,13.75,1.61,132.00,131.81,40.50,86.94,155.60,89.06,66.75,85.00,14.36,41.50,136.91,17.38,6.00,1.01,27.00,0.00
204.633,2804.50,13.75,1.61,132.00,131.81,40.50,86.94,155.60,89.06,66.75,85.00,14.36,41.50,136.91,17.38,6.00,1.01,27.00,0.00
204.785,2804.50,13.75,1.61,132.00,131.81,40.50,86.94,155.60,89.06,66.75,85.00,14.36,41.50,136.91,17.38,6.00,0.99,27.00,0.00
204.933,2804.50,13.75,1.61,132.00,131.81,40.50,86.94,155.60,89.06,66.75,85.00,14.36,41.50,136.91,17.38,6.00,0.99,21.00,0.00
205.085,2804.50,13.75,1.61,132.00,131.81,40.50,86.94,155.60,89.06,66.75,85.00,14.36,41.50,136.91,17.38,6.00,0.99,21.00,0.00
205.265,2191.50,13.75,1.61,132.00,131.81,40.50,86.94,155.60,89.06,66.75,85.00,14.36,41.50,136.91,17.38,6.00,0.99,21.00,0.00
205.412,2191.50,13.87,1.61,132.00,131.81,40.50,86.94,155.60,89.06,66.75,85.00,14.36,41.50,136.91,17.38,6.00,0.99,21.00,0.00
205.565,2191.50,13.87,1.88,132.00,131.81,40.50,86.94,155.60,89.06,66.75,85.00,14.36,41.50,136.91,17.38,6.00,0.99,21.00,0.00
205.713,2191.50,13.87,1.88,124.00,131.81,40.50,86.94,155.60,89.06,66.75,85.00,14.36,41.50,136.91,17.38,6.00,0.99,21.00,0.00
205.863,2191.50,13.87,1.88,124.00,121.00,40.50,86.94,155.60,89.06,66.75,85.00,14.36,41.50,136.91,17.38,6.00,0.99,21.00,0.00
206.013,2191.50,13.87,1.88,124.00,121.00,48.00,86.94,155.60,89.06,66.75,85.00,14.36,41.50,136.91,17.38,6.00,0.99,21.00,0.00
206.165,2191.50,13.87,1.88,124.00,121.00,48.00,87.65,155.60,89.06,66.75,85.00,14.36,41.50,136.91,17.38,6.00,0.99,21.00,0.00
206.313,2191.50,13.87,1.88,124.00,121.00,48.00,87.65,122.60,89.06,66.75,85.00,14.36,41.50,136.91,17.38,6.00,0.99,21.00,0.00
206.465,2191.50,13.87,1.88,124.00,121.00,48.00,87.65,122.60,90.56,66.75,85.00,14.36,41.50,136.91,17.38,6.00,0.99,21.00,0.00
206.613,2191.50,13.87,1.88,124.00,121.00,48.00,87.65,122.60,90.56,66.75,85.00,14.36,41.50,136.91,17.38,6.00,0.99,21.00,0.00
206.765,2191.50,13.87,1.88,124.00,121.00,48.00,87.65,122.60,90.56,66.75,85.00,14.36,41.50,136.91,17.38,6.00,0.99,21.00,0.00
206.913,2191.50,13.87,1.88,124.00,121.00,48.00,87.65,122.60,90.56,66.75,85.00,14.36,41.50,136.91,17.38,6.00,0.99,21.00,0.00
207.065,2191.50,13.87,1.88,124.00,121.00,48.00,87.65,122.60,90.56,66.75,85.00,14.36,41.50,136.91,17.38,6.00,0.99,21.00,0.00
207.213,2191.50,13.87,1.88,124.00,121.00,48.00,87.65,122.60,90.56,66.75,85.00,14.36,41.50,136.70,17.38,6.00,0.99,21.00,0.00
207.365,2191.50,13.87,1.88,124.00,121.00,48.00,87.65,122.60,90.56,66.75,85.00,14.36,41.50,136.70,18.20,6.00,0.99,21.00,0.00
207.513,2191.50,13.87,1.88,124.00,121.00,48.00,87.65,122.60,90.56,66.75,85.00,14.36,41.50,136.70,18.20,6.00,0.99,21.00,0.00
207.665,2191.50,13.87,1.88,124.00,121.00,48.00,87.65,122.60,90.56,66.75,85.00,14.36,41.50,136.70,18.20,6.00,1.00,21.00,0.00
207.813,2191.50,13.87,1.88,124.00,121.00,48.00,87.65,122.60,90.56,66.75,85.00,14.36,41.50,136.70,18.20,6.00,1.00,21.00,0.00
207.965,2191.50,13.87,1.88,124.00,121.00,48.00,87.65,122.60,90.56,66.75,85.00,14.36,41.50,136.70,18.20,6.00,1.00,21.00,0.00
208.113,2196.50,13.87,1.88,124.00,121.00,48.00,87.65,122.60,90.56,66.75,85.00,14.36,41.50,136.70,18.20,6.00,1.00,21.00,0.00
208.265,2196.50,13.90,1.88,124.00,121.00,48.00,87.65,122.60,90.56,66.75,85.00,14.36,41.50,136.70,18.20,6.00,1.00,21.00,0.00
208.413,2196.50,13.90,2.04,124.00,121.00,48.00,87.65,122.60,90.56,66.75,85.00,14.36,41.50,136.70,18.20,6.00,1.00,21.00,0.00
208.565,2196.50,13.90,2.04,116.00,121.00,48.00,87.65,122.60,90.56,66.75,85.00,14.36,41.50,136.70,18.20,6.00,1.00,21.00,0.00
208.713,2196.50,13.90,2.04,116.00,119.00,48.00,87.65,122.60,90.56,66.75,85.00,14.36,41.50,136.70,18.20,6.00,1.00,21.00,0.00
208.865,2196.50,13.90,2.04,116.00,119.00,47.25,87.65,122.60,90.56,66.75,85.00,14.36,41.50,136.70,18.20,6.00,1.00,21.00,0.00
209.013,2196.50,13.90,2.04,116.00,119.00,47.25,88.26,122.60,90.56,66.75,85.00,14.36,41.50,136.70,18.20,6.00,1.00,21.00,0.00
209.165,2196.50,13.90,2.04,116.00,119.00,47.25,88.26,121.50,90.56,66.75,85.00,14.36,41.50,136.70,18.20,6.00,1.00,21.00,0.00
209.313,2196.50,13.90,2.04,116.00,119.00,47.25,88.26,121.50,92.26,66.75,85.00,14.36,41.50,136.70,18.20,6.00,1.00,21.00,0.00
209.463,2196.50,13.90,2.04,116.00,119.00,47.25,88.26,121.50,92.26,65.25,85.00,14.36,41.50,136.70,18.20,6.00,1.00,21.00,0.00
209.613,2196.50,13.90,2.04,116.00,119.00,47.25,88.26,121.50,92.26,65.25,85.00,14.36,41.50,136.70,18.20,6.00,1.00,21.00,0.00
209.765,2196.50,13.90,2.04,116.00,119.00,47.25,88.26,121.50,92.26,65.25,85.00,14.36,41.50,136.70,18.20,6.00,1.00,21.00,0.00
209.913,2196.50,13.90,2.04,116.00,119.00,47.25,88.26,121.50,92.26,65.25,85.00,14.36,41.50,136.70,18.20,6.00,1.00,21.00,0.00
210.065,2196.50,13.90,2.04,116.00,119.00,47.25,88.26,121.50,92.26,65.25,85.00,14.36,41.50,136.81,18.20,6.00,1.00,21.00,0.00
210.213,2196.50,13.90,2.04,116.00,119.00,47.25,88.26,121.50,92.26,65.25,85.00,14.36,41.50,136.81,18.10,6.00,1.00,21.00,0.00
210.365,2196.50,13.90,2.04,116.00,119.00,47.25,88.26,121.50,92.26,65.25,85.00,14.36,41.50,136.81,18.10,6.00,1.00,21.00,0.00
210.513,2196.50,13.90,2.04,116.00,119.00,47.25,88.26,121.50,92.26,65.25,85.00,14.36,41.50,136.81,18.10,6.00,0.99,21.00,0.00
210.665,2196.50,13.90,2.04,116.00,119.00,47.25,88.26,121.50,92.26,65.25,85.00,14.36,41.50,136.81,18.10,6.00,0.99,20.25,0.00
210.813,2196.50,13.90,2.04,116.00,119.00,47.25,88.26,121.50,92.26,65.25,85.00,14.36,41.50,136.81,18.10,6.00,0.99,20.25,0.00
210.965,2197.50,13.90,2.04,116.00,119.00,47.25,88.26,121.50,92.26,65.25,85.00,14.36,41.50,136.81,18.10,6.00,0.99,20.25,0.00
211.113,2197.50,13.89,2.04,116.00,119.00,47.25,88.26,121.50,92.26,65.25,85.00,14.36,41.50,136.81,18.10,6.00,0.99,20.25,0.00
211.265,2197.50,13.89,2.00,116.00,119.00,47.25,88.26,121.50,92.26,65.25,85.00,14.36,41.50,136.81,18.10,6.00,0.99,20.25,0.00
211.413,2197.50,13.89,2.00,120.00,119.00,47.25,88.26,121.50,92.26,65.25,85.00,14.36,41.50,136.81,18.10,6.00,0.99,20.25,0.00
211.565,2197.50,13.89,2.00,120.00,120.62,47.25,88.26,121.50,92.26,65.25,85.00,14.36,41.50,136.81,18.10,6.00,0.99,20.25,0.00
211.713,2197.50,13.89,2.00,120.00,120.62,48.00,88.26,121.50,92.26,65.25,85.00,14.36,41.50,136.81,18.10,6.00,0.99,20.25,0.00
211.865,2197.50,13.89,2.00,120.00,120.62,48.00,88.54,121.50,92.26,65.25,85.00,14.36,41.50,136.81,18.10,6.00,0.99,20.25,0.00
212.013,2197.50,13.89,2.00,120.00,120.62,48.00,88.54,123.20,92.26,65.25,85.00,14.36,41.50,136.81,18.10,6.00,0.99,20.25,0.00
212.165,2197.50,13.89,2.00,120.00,120.62,48.00,88.54,123.20,92.86,65.25,85.00,14.36,41.50,136.81,18.10,6.00,0.99,20.25,0.00
212.313,2197.50,13.89,2.00,120.00,120.62,48.00,88.54,123.20,92.86,62.25,85.00,14.36,41.50,136.81,18.10,6.00,0.99,20.25,0.00
212.465,2197.50,13.89,2.00,120.00,120.62,48.00,88.54,123.20,92.86,62.25,85.00,14.36,41.50,136.81,18.10,6.00,0.99,20.25,0.00
212.613,2197.50,13.89,2.00,120.00,120.62,48.00,88.54,123.20,92.86,62.25,85.00,14.36,41.50,136.81,18.10,6.00,0.99,20.25,0.00
212.763,2197.50,13.89,2.00,120.00,120.62,48.00,88.54,123.20,92.86,62.25,85.00,14.36,41.50,136.81,18.10,6.00,0.99,20.25,0.00
212.943,2197.50,13.89,2.00,120.00,120.62,48.00,88.54,123.20,92.86,62.25,85.00,14.36,41.50,137.09,18.10,6.00,0.99,20.25,0.00
213.093,2197.50,13.89,2.00,120.00,120.62,48.00,88.54,123.20,92.86,62.25,85.00,14.36,41.50,137.09,18.05,6.00,0.99,20.25,0.00
213.243,2197.50,13.89,2.00,120.00,120.62,48.00,88.54,123.20,92.86,62.25,85.00,14.36,41.50,137.09,18.05,6.00,0.99,20.25,0.00
213.393,2197.50,13.89,2.00,120.00,120.62,48.00,88.54,123.20,92.86,62.25,85.00,14.36,41.50,137.09,18.05,6.00,0.99,20.25,0.00
213.543,2197.50,13.89,2.00,120.00,120.62,48.00,88.54,123.20,92.86,62.25,85.00,14.36,41.50,137.09,18.05,6.00,0.99,19.50,0.00
213.693,2197.50,13.89,2.00,120.00,120.62,48.00,88.54,123.20,92.86,62.25,85.00,14.36,41.50,137.09,18.05,6.00,0.99,19.50,0.00
213.843,2197.00,13.89,2.00,120.00,120.62,48.00,88.54,123.20,92.86,62.25,85.00,14.36,41.50,137.09,18.05,6.00,0.99,19.50,0.00
213.993,2197.00,13.92,2.00,120.00,120.62,48.00,88.54,123.20,92.86,62.25,85.00,14.36,41.50,137.09,18.05,6.00,0.99,19.50,0.00
214.143,2197.00,13.92,2.12,120.00,120.62,48.00,88.54,123.20,92.86,62.25,85.00,14.36,41.50,137.09,18.05,6.00,0.99,19.50,0.00
214.293,2197.00,13.92,2.12,120.00,120.62,48.00,88.54,123.20,92.86,62.25,85.00,14.36,41.50,137.09,18.05,6.00,0.99,19.50,0.00
214.443,2197.00,13.92,2.12,120.00,120.06,48.00,88.54,123.20,92.86,62.25,85.00,14.36,41.50,137.09,18.05,6.00,0.99,19.50,0.00
214.593,2197.00,13.92,2.12,120.00,120.06,48.00,88.54,123.20,92.86,62.25,85.00,14.36,41.50,137.09,18.05,6.00,0.99,19.50,0.00
214.743,2197.00,13.92,2.12,120.00,120.06,48.00,88.65,123.20,92.86,62.25,85.00,14.36,41.50,137.09,18.05,6.00,0.99,19.50,0.00
214.893,2197.00,13.92,2.12,120.00,120.06,48.00,88.65,122.60,92.86,62.25,85.00,14.36,41.50,137.09,18.05,6.00,0.99,19.50,0.00
215.043,2197.00,13.92,2.12,120.00,120.06,48.00,88.65,122.60,92.26,62.25,85.00,14.36,41.50,137.09,18.05,6.00,0.99,19.50,0.00
215.193,2197.00,13.92,2.12,120.00,120.06,48.00,88.65,122.60,92.26,60.00,85.00,14.36,41.50,137.09,18.05,6.00,0.99,19.50,0.00
215.343,2197.00,13.92,2.12,120.00,120.06,48.00,88.65,122.60,92.26,60.00,85.00,14.36,41.50,137.09,18.05,6.00,0.99,19.50,0.00
215.493,2197.00,13.92,2.12,120.00,120.06,48.00,88.65,122.60,92.26,60.00,85.00,14.36,41.50,137.09,18.05,6.00,0.99,19.50,0.00
215.643,2197.00,13.92,2.12,120.00,120.06,48.00,88.65,122.60,92.26,60.00,85.00,14.36,41.50,137.09,18.05,6.00,0.99,19.50,0.00
215.793,2197.00,13.92,2.12,120.00,120.06,48.00,88.65,122.60,92.26,60.00,85.00,14.36,41.50,137.17,18.05,6.00,0.99,19.50,0.00
215.943,2197.00,13.92,2.12,120.00,120.06,48.00,88.65,122.60,92.26,60.00,85.00,14.36,41.50,137.17,18.15,6.00,0.99,19.50,0.00
216.093,2197.00,13.92,2.12,120.00,120.06,48.00,88.65,122.60,92.26,60.00,85.00,14.36,41.50,137.17,18.15,6.00,0.99,19.50,0.00
216.243,2197.00,13.92,2.12,120.00,120.06,48.00,88.65,122.60,92.26,60.00,85.00,14.36,41.50,137.17,18.15,6.00,0.99,19.50,0.00
216.393,2197.00,13.92,2.12,120.00,120.06,48.00,88.65,122.60,92.26,60.00,85.00,14.36,41.50,137.17,18.15,6.00,0.99,21.00,0.00
216.543,2197.00,13.92,2.12,120.00,120.06,48.00,88.65,122.60,92.26,60.00,85.00,14.36,41.50,137.17,18.15,6.00,0.99,21.00,0.00
216.693,2199.00,13.92,2.12,120.00,120.06,48.00,88.65,122.60,92.26,60.00,85.00,14.36,41.50,137.17,18.15,6.00,0.99,21.00,0.00
216.843,2199.00,13.85,2.12,120.00,120.06,48.00,88.65,122.60,92.26,60.00,85.00,14.36,41.50,137.17,18.15,6.00,0.99,21.00,0.00
216.993,2199.00,13.85,2.10,120.00,120.06,48.00,88.65,122.60,92.26,60.00,85.00,14.36,41.50,137.17,18.15,6.00,0.99,21.00,0.00
217.143,2199.00,13.85,2.10,120.00,120.06,48.00,88.65,122.60,92.26,60.00,85.00,14.36,41.50,137.17,18.15,6.00,0.99,21.00,0.00
217.293,2199.00,13.85,2.10,120.00,121.34,48.00,88.65,122.60,92.26,60.00,85.00,14.36,41.50,137.17,18.15,6.00,0.99,21.00,0.00
217.443,2199.00,13.85,2.10,120.00,121.34,48.00,88.65,122.60,92.26,60.00,85.00,14.36,41.50,137.17,18.15,6.00,0.99,21.00,0.00
217.593,2199.00,13.85,2.10,120.00,121.34,48.00,88.65,122.60,92.26,60.00,85.00,14.36,41.50,137.17,18.15,6.00,0.99,21.00,0.00
217.743,2199.00,13.85,2.10,120.00,121.34,48.00,88.65,120.50,92.26,60.00,85.00,14.36,41.50,137.17,18.15,6.00,0.99,21.00,0.00
217.893,2199.00,13.85,2.10,120.00,121.34,48.00,88.65,120.50,91.26,60.00,85.00,14.36,41.50,137.17,18.15,6.00,0.99,21.00,0.00
218.043,2199.00,13.85,2.10,120.00,121.34,48.00,88.65,120.50,91.26,58.50,85.00,14.36,41.50,137.17,18.15,6.00,0.99,21.00,0.00
218.193,2199.00,13.85,2.10,120.00,121.34,48.00,88.65,120.50,91.26,58.50,85.00,14.36,41.50,137.17,18.15,6.00,0.99,21.00,0.00
218.343,2199.00,13.85,2.10,120.00,121.34,48.00,88.65,120.50,91.26,58.50,85.00,14.36,41.50,137.17,18.15,6.00,0.99,21.00,0.00
218.493,2199.00,13.85,2.10,120.00,121.34,48.00,88.65,120.50,91.26,58.50,85.00,14.36,41.50,137.17,18.15,6.00,0.99,21.00,0.00
218.643,2199.00,13.85,2.10,120.00,121.34,48.00,88.65,120.50,91.26,58.50,85.00,14.36,41.50,137.57,18.15,6.00,0.99,21.00,0.00
218.793,2199.00,13.85,2.10,120.00,121.34,48.00,88.65,120.50,91.26,58.50,85.00,14.36,41.50,137.57,18.04,6.00,0.99,21.00,0.00
218.943,2199.00,13.85,2.10,120.00,121.34,48.00,88.65,120.50,91.26,58.50,85.00,14.36,41.50,137.57,18.04,6.00,0.99,21.00,0.00
219.093,2199.00,13.85,2.10,120.00,121.34,48.00,88.65,120.50,91.26,58.50,85.00,14.36,41.50,137.57,18.04,6.00,0.99,21.00,0.00
219.243,2199.00,13.85,2.10,120.00,121.34,48.00,88.65,120.50,91.26,58.50,85.00,14.36,41.50,137.57,18.04,6.00,0.99,19.50,0.00
219.393,2199.00,13.85,2.10,120.00,121.34,48.00,88.65,120.50,91.26,58.50,85.00,14.36,41.50,137.57,18.04,6.00,0.99,19.50,0.00
219.543,2203.00,13.85,2.10,120.00,121.34,48.00,88.65,120.50,91.26,58.50,85.00,14.36,41.50,137.57,18.04,6.00,0.99,19.50,0.00
219.693,2203.00,13.73,2.10,120.00,121.34,48.00,88.65,120.50,91.26,58.50,85.00,14.36,41.50,137.57,18.04,6.00,0.99,19.50,0.00
219.843,2203.00,13.73,1.74,120.00,121.34,48.00,88.65,120.50,91.26,58.50,85.00,14.36,41.50,137.57,18.04,6.00,0.99,19.50,0.00
219.993,2203.00,13.73,1.74,112.00,121.34,48.00,88.65,120.50,91.26,58.50,85.00,14.36,41.50,137.57,18.04,6.00,0.99,19.50,0.00
220.143,2203.00,13.73,1.74,112.00,109.47,48.00,88.65,120.50,91.26,58.50,85.00,14.36,41.50,137.57,18.04,6.00,0.99,19.50,0.00
220.293,2203.00,13.73,1.74,112.00,109.47,43.50,88.65,120.50,91.26,58.50,85.00,14.36,41.50,137.57,18.04,6.00,0.99,19.50,0.00
220.443,2203.00,13.73,1.74,112.00,109.47,43.50,88.54,120.50,91.26,58.50,85.00,14.36,41.50,137.57,18.04,6.00,0.99,19.50,0.00
220.623,2203.00,13.73,1.74,112.00,109.47,43.50,88.54,111.10,91.26,58.50,85.00,14.36,41.50,137.57,18.04,6.00,0.99,19.50,0.00
220.774,2203.00,13.73,1.74,112.00,109.47,43.50,88.54,111.10,90.36,58.50,85.00,14.36,41.50,137.57,18.04,6.00,0.99,19.50,0.00
220.923,2203.00,13.73,1.74,112.00,109.47,43.50,88.54,111.10,90.36,58.50,85.00,14.36,41.50,137.57,18.04,6.00,0.99,19.50,0.00
221.074,2203.00,13.73,1.74,112.00,109.47,43.50,88.54,111.10,90.36,58.50,85.00,14.36,41.50,137.57,18.04,6.00,0.99,19.50,0.00
221.223,2203.00,13.73,1.74,112.00,109.47,43.50,88.54,111.10,90.36,58.50,85.00,14.36,41.50,137.57,18.04,6.00,0.99,19.50,0.00
221.373,2203.00,13.73,1.74,112.00,109.47,43.50,88.54,111.10,90.36,58.50,85.00,14.36,41.50,137.57,18.04,6.00,0.99,19.50,0.00
221.523,2203.00,13.73,1.74,112.00,109.47,43.50,88.54,111.10,90.36,58.50,85.00,14.36,41.50,137.43,18.04,6.00,0.99,19.50,0.00
221.674,2203.00,13.73,1.74,112.00,109.47,43.50,88.54,111.10,90.36,58.50,85.00,14.36,41.50,137.43,17.59,6.00,0.99,19.50,0.00
221.823,2203.00,13.73,1.74,112.00,109.47,43.50,88.54,111.10,90.36,58.50,85.00,14.36,41.50,137.43,17.59,6.00,0.99,19.50,0.00
221.974,2203.00,13.73,1.74,112.00,109.47,43.50,88.54,111.10,90.36,58.50,85.00,14.36,41.50,137.43,17.59,6.00,1.00,19.50,0.00
222.123,2203.00,13.73,1.74,112.00,109.47,43.50,88.54,111.10,90.36,58.50,85.00,14.36,41.50,137.43,17.59,6.00,1.00,22.50,0.00
222.274,2203.00,13.73,1.74,112.00,109.47,43.50,88.54,111.10,90.36,58.50,85.00,14.36,41.50,137.43,17.59,6.00,1.00,22.50,0.00
222.423,2194.00,13.73,1.74,112.00,109.47,43.50,88.54,111.10,90.36,58.50,85.00,14.36,41.50,137.43,17.59,6.00,1.00,22.50,0.00
222.574,2194.00,13.77,1.74,112.00,109.47,43.50,88.54,111.10,90.36,58.50,85.00,14.36,41.50,137.43,17.59,6.00,1.00,22.50,0.00
222.723,2194.00,13.77,1.54,112.00,109.47,43.50,88.54,111.10,90.36,58.50,85.00,14.36,41.50,137.43,17.59,6.00,1.00,22.50,0.00
222.874,2194.00,13.77,1.54,108.00,109.47,43.50,88.54,111.10,90.36,58.50,85.00,14.36,41.50,137.43,17.59,6.00,1.00,22.50,0.00
223.023,2194.00,13.77,1.54,108.00,105.38,43.50,88.54,111.10,90.36,58.50,85.00,14.36,41.50,137.43,17.59,6.00,1.00,22.50,0.00
223.174,2194.00,13.77,1.54,108.00,105.38,43.50,88.54,111.10,90.36,58.50,85.00,14.36,41.50,137.43,17.59,6.00,1.00,22.50,0.00
223.323,2194.00,13.77,1.54,108.00,105.38,43.50,87.95,111.10,90.36,58.50,85.00,14.36,41.50,137.43,17.59,6.00,1.00,22.50,0.00
223.473,2194.00,13.77,1.54,108.00,105.38,43.50,87.95,110.10,90.36,58.50,85.00,14.36,41.50,137.43,17.59,6.00,1.00,22.50,0.00
223.623,2194.00,13.77,1.54,108.00,105.38,43.50,87.95,110.10,90.06,58.50,85.00,14.36,41.50,137.43,17.59,6.00,1.00,22.50,0.00
223.774,2194.00,13.77,1.54,108.00,105.38,43.50,87.95,110.10,90.06,59.25,85.00,14.36,41.50,137.43,17.59,6.00,1.00,22.50,0.00
223.923,2194.00,13.77,1.54,108.00,105.38,43.50,87.95,110.10,90.06,59.25,86.00,14.36,41.50,137.43,17.59,6.00,1.00,22.50,0.00
224.074,2194.00,13.77,1.54,108.00,105.38,43.50,87.95,110.10,90.06,59.25,86.00,14.36,41.50,137.43,17.59,6.00,1.00,22.50,0.00
224.223,2194.00,13.77,1.54,108.00,105.38,43.50,87.95,110.10,90.06,59.25,86.00,14.36,41.50,137.43,17.59,6.00,1.00,22.50,0.00
224.374,2194.00,13.77,1.54,108.00,105.38,43.50,87.95,110.10,90.06,59.25,86.00,14.36,41.50,137.04,17.59,6.00,1.00,22.50,0.00
224.523,2194.00,13.77,1.54,108.00,105.38,43.50,87.95,110.10,90.06,59.25,86.00,14.36,41.50,137.04,17.93,6.00,1.00,22.50,0.00
224.674,2194.00,13.77,1.54,108.00,105.38,43.50,87.95,110.10,90.06,59.25,86.00,14.36,41.50,137.04,17.93,6.00,1.00,22.50,0.00
224.823,2194.00,13.77,1.54,108.00,105.38,43.50,87.95,110.10,90.06,59.25,86.00,14.36,41.50,137.04,17.93,6.00,0.99,22.50,0.00
224.974,2194.00,13.77,1.54,108.00,105.38,43.50,87.95,110.10,90.06,59.25,86.00,14.36,41.50,137.04,17.93,6.00,0.99,18.00,0.00
225.123,2194.00,13.77,1.54,108.00,105.38,43.50,87.95,110.10,90.06,59.25,86.00,14.36,41.50,137.04,17.93,6.00,0.99,18.00,0.00
225.274,2194.50,13.77,1.54,108.00,105.38,43.50,87.95,110.10,90.06,59.25,86.00,14.36,41.50,137.04,17.93,6.00,0.99,18.00,0.00
225.423,2194.50,13.68,1.54,108.00,105.38,43.50,87.95,110.10,90.06,59.25,86.00,14.36,41.50,137.04,17.93,6.00,0.99,18.00,0.00
225.574,2194.50,13.68,1.86,108.00,105.38,43.50,87.95,110.10,90.06,59.25,86.00,14.36,41.50,137.04,17.93,6.00,0.99,18.00,0.00
225.723,2194.50,13.68,1.86,120.00,105.38,43.50,87.95,110.10,90.06,59.25,86.00,14.36,41.50,137.04,17.93,6.00,0.99,18.00,0.00
225.874,2194.50,13.68,1.86,120.00,117.78,43.50,87.95,110.10,90.06,59.25,86.00,14.36,41.50,137.04,17.93,6.00,0.99,18.00,0.00
226.023,2194.50,13.68,1.86,120.00,117.78,46.50,87.95,110.10,90.06,59.25,86.00,14.36,41.50,137.04,17.93,6.00,0.99,18.00,0.00
226.174,2194.50,13.68,1.86,120.00,117.78,46.50,87.34,110.10,90.06,59.25,86.00,14.36,41.50,137.04,17.93,6.00,0.99,18.00,0.00
226.323,2194.50,13.68,1.86,120.00,117.78,46.50,87.34,118.60,90.06,59.25,86.00,14.36,41.50,137.04,17.93,6.00,0.99,18.00,0.00
226.474,2194.50,13.68,1.86,120.00,117.78,46.50,87.34,118.60,90.46,59.25,86.00,14.36,41.50,137.04,17.93,6.00,0.99,18.00,0.00
226.623,2194.50,13.68,1.86,120.00,117.78,46.50,87.34,118.60,90.46,60.00,86.00,14.36,41.50,137.04,17.93,6.00,0.99,18.00,0.00
226.774,2194.50,13.68,1.86,120.00,117.78,46.50,87.34,118.60,90.46,60.00,86.00,14.36,41.50,137.04,17.93,6.00,0.99,18.00,0.00
226.923,2194.50,13.68,1.86,120.00,117.78,46.50,87.34,118.60,90.46,60.00,86.00,14.36,41.50,137.04,17.93,6.00,0.99,18.00,0.00
227.074,2194.50,13.68,1.86,120.00,117.78,46.50,87.34,118.60,90.46,60.00,86.00,14.36,41.50,137.04,17.93,6.00,0.99,18.00,0.00
227.223,2194.50,13.68,1.86,120.00,117.78,46.50,87.34,118.60,90.46,60.00,86.00,14.36,41.50,137.10,17.93,6.00,0.99,18.00,0.00
227.375,2194.50,13.68,1.86,120.00,117.78,46.50,87.34,118.60,90.46,60.00,86.00,14.36,41.50,137.10,17.88,6.00,0.99,18.00,0.00
227.523,2194.50,13.68,1.86,120.00,117.78,46.50,87.34,118.60,90.46,60.00,86.00,14.36,41.50,137.10,17.88,6.00,0.99,18.00,0.00
227.673,2194.50,13.68,1.86,120.00,117.78,46.50,87.34,118.60,90.46,60.00,86.00,14.36,41.50,137.10,17.88,6.00,0.99,18.00,0.00
227.823,2194.50,13.68,1.86,120.00,117.78,46.50,87.34,118.60,90.46,60.00,86.00,14.36,41.50,137.10,17.88,6.00,0.99,21.00,0.00
227.974,2194.50,13.68,1.86,120.00,117.78,46.50,87.34,118.60,90.46,60.00,86.00,14.36,41.50,137.10,17.88,6.00,0.99,21.00,0.00
228.123,2195.00,13.68,1.86,120.00,117.78,46.50,87.34,118.60,90.46,60.00,86.00,14.36,41.50,137.10,17.88,6.00,0.99,21.00,0.00
228.303,2195.00,13.86,1.86,120.00,117.78,46.50,87.34,118.60,90.46,60.00,86.00,14.36,41.50,137.10,17.88,6.00,0.99,21.00,0.00
228.453,2195.00,13.86,1.83,120.00,117.78,46.50,87.34,118.60,90.46,60.00,86.00,14.36,41.50,137.10,17.88,6.00,0.99,21.00,0.00
228.603,2195.00,13.86,1.83,116.00,117.78,46.50,87.34,118.60,90.46,60.00,86.00,14.36,41.50,137.10,17.88,6.00,0.99,21.00,0.00
228.753,2195.00,13.86,1.83,116.00,116.56,46.50,87.34,118.60,90.46,60.00,86.00,14.36,41.50,137.10,17.88,6.00,0.99,21.00,0.00
228.903,2195.00,13.86,1.83,116.00,116.56,45.75,87.34,118.60,90.46,60.00,86.00,14.36,41.50,137.10,17.88,6.00,0.99,21.00,0.00
229.053,2195.00,13.86,1.83,116.00,116.56,45.75,87.15,118.60,90.46,60.00,86.00,14.36,41.50,137.10,17.88,6.00,0.99,21.00,0.00
229.203,2195.00,13.86,1.83,116.00,116.56,45.75,87.15,118.90,90.46,60.00,86.00,14.36,41.50,137.10,17.88,6.00,0.99,21.00,0.00
229.353,2195.00,13.86,1.83,116.00,116.56,45.75,87.15,118.90,91.36,60.00,86.00,14.36,41.50,137.10,17.88,6.00,0.99,21.00,0.00
229.503,2195.00,13.86,1.83,116.00,116.56,45.75,87.15,118.90,91.36,59.25,86.00,14.36,41.50,137.10,17.88,6.00,0.99,21.00,0.00
229.653,2195.00,13.86,1.83,116.00,116.56,45.75,87.15,118.90,91.36,59.25,86.00,14.36,41.50,137.10,17.88,6.00,0.99,21.00,0.00
229.803,2195.00,13.86,1.83,116.00,116.56,45.75,87.15,118.90,91.36,59.25,86.00,14.36,41.50,137.10,17.88,6.00,0.99,21.00,0.00
229.953,2195.00,13.86,1.83,116.00,116.56,45.75,87.15,118.90,91.36,59.25,86.00,14.36,41.50,137.10,17.88,6.00,0.99,21.00,0.00
230.103,2195.00,13.86,1.83,116.00,116.56,45.75,87.15,118.90,91.36,59.25,86.00,14.36,41.50,137.06,17.88,6.00,0.99,21.00,0.00
230.253,2195.00,13.86,1.83,116.00,116.56,45.75,87.15,118.90,91.36,59.25,86.00,14.36,41.50,137.06,17.84,6.00,0.99,21.00,0.00
230.403,2195.00,13.86,1.83,116.00,116.56,45.75,87.15,118.90,91.36,59.25,86.00,14.36,41.50,137.06,17.84,6.00,0.99,21.00,0.00
230.553,2195.00,13.86,1.83,116.00,116.56,45.75,87.15,118.90,91.36,59.25,86.00,14.36,41.50,137.06,17.84,6.00,1.00,21.00,0.00
230.703,2195.00,13.86,1.83,116.00,116.56,45.75,87.15,118.90,91.36,59.25,86.00,14.36,41.50,137.06,17.84,6.00,1.00,19.50,0.00
230.885,2195.00,13.86,1.83,116.00,116.56,45.75,87.15,118.90,91.36,59.25,86.00,14.36,41.50,137.06,17.84,6.00,1.00,19.50,0.00
231.033,2192.00,13.86,1.83,116.00,116.56,45.75,87.15,118.90,91.36,59.25,86.00,14.36,41.50,137.06,17.84,6.00,1.00,19.50,0.00
231.185,2192.00,13.77,1.83,116.00,116.56,45.75,87.15,118.90,91.36,59.25,86.00,14.36,41.50,137.06,17.84,6.00,1.00,19.50,0.00
231.333,2192.00,13.77,1.83,116.00,116.56,45.75,87.15,118.90,91.36,59.25,86.00,14.36,41.50,137.06,17.84,6.00,1.00,19.50,0.00
231.483,2192.00,13.77,1.83,116.00,116.56,45.75,87.15,118.90,91.36,59.25,86.00,14.36,41.50,137.06,17.84,6.00,1.00,19.50,0.00
231.633,2192.00,13.77,1.83,116.00,114.75,45.75,87.15,118.90,91.36,59.25,86.00,14.36,41.50,137.06,17.84,6.00,1.00,19.50,0.00
231.785,2192.00,13.77,1.83,116.00,114.75,45.75,87.15,118.90,91.36,59.25,86.00,14.36,41.50,137.06,17.84,6.00,1.00,19.50,0.00
231.933,2192.00,13.77,1.83,116.00,114.75,45.75,86.94,118.90,91.36,59.25,86.00,14.36,41.50,137.06,17.84,6.00,1.00,19.50,0.00
232.085,2192.00,13.77,1.83,116.00,114.75,45.75,86.94,116.00,91.36,59.25,86.00,14.36,41.50,137.06,17.84,6.00,1.00,19.50,0.00
232.266,2192.00,13.77,1.83,116.00,114.75,45.75,86.94,116.00,92.26,59.25,86.00,14.36,41.50,137.06,17.84,6.00,1.00,19.50,0.00
232.413,2192.00,13.77,1.83,116.00,114.75,45.75,86.94,116.00,92.26,58.50,86.00,14.36,41.50,137.06,17.84,6.00,1.00,19.50,0.00
232.563,2192.00,13.77,1.83,116.00,114.75,45.75,86.94,116.00,92.26,58.50,86.00,14.36,41.50,137.06,17.84,6.00,1.00,19.50,0.00
232.713,2192.00,13.77,1.83,116.00,114.75,45.75,86.94,116.00,92.26,58.50,86.00,14.36,41.50,137.06,17.84,6.00,1.00,19.50,0.00
232.863,2192.00,13.77,1.83,116.00,114.75,45.75,86.94,116.00,92.26,58.50,86.00,14.36,41.50,137.06,17.84,6.00,1.00,19.50,0.00
233.013,2192.00,13.77,1.83,116.00,114.75,45.75,86.94,116.00,92.26,58.50,86.00,14.36,41.50,137.27,17.84,6.00,1.00,19.50,0.00
233.165,2192.00,13.77,1.83,116.00,114.75,45.75,86.94,116.00,92.26,58.50,86.00,14.36,41.50,137.27,17.70,6.00,1.00,19.50,0.00
233.313,2192.00,13.77,1.83,116.00,114.75,45.75,86.94,116.00,92.26,58.50,86.00,14.36,41.50,137.27,17.70,6.00,1.00,19.50,0.00
233.465,2192.00,13.77,1.83,116.00,114.75,45.75,86.94,116.00,92.26,58.50,86.00,14.36,41.50,137.27,17.70,6.00,0.99,19.50,0.00
233.613,2192.00,13.77,1.83,116.00,114.75,45.75,86.94,116.00,92.26,58.50,86.00,14.36,41.50,137.27,17.70,6.00,0.99,21.00,0.00
233.763,2192.00,13.77,1.83,116.00,114.75,45.75,86.94,116.00,92.26,58.50,86.00,14.36,41.50,137.27,17.70,6.00,0.99,21.00,0.00
233.913,2199.50,13.77,1.83,116.00,114.75,45.75,86.94,116.00,92.26,58.50,86.00,14.36,41.50,137.27,17.70,6.00,0.99,21.00,0.00
234.065,2199.50,13.75,1.83,116.00,114.75,45.75,86.94,116.00,92.26,58.50,86.00,14.36,41.50,137.27,17.70,6.00,0.99,21.00,0.00
234.213,2199.50,13.75,1.68,116.00,114.75,45.75,86.94,116.00,92.26,58.50,86.00,14.36,41.50,137.27,17.70,6.00,0.99,21.00,0.00
234.365,2199.50,13.75,1.68,112.00,114.75,45.75,86.94,116.00,92.26,58.50,86.00,14.36,41.50,137.27,17.70,6.00,0.99,21.00,0.00
234.513,2199.50,13.75,1.68,112.00,110.22,45.75,86.94,116.00,92.26,58.50,86.00,14.36,41.50,137.27,17.70,6.00,0.99,21.00,0.00
234.693,2199.50,13.75,1.68,112.00,110.22,43.50,86.94,116.00,92.26,58.50,86.00,14.36,41.50,137.27,17.70,6.00,0.99,21.00,0.00
234.844,2199.50,13.75,1.68,112.00,110.22,43.50,86.64,116.00,92.26,58.50,86.00,14.36,41.50,137.27,17.70,6.00,0.99,21.00,0.00
234.993,2199.50,13.75,1.68,112.00,110.22,43.50,86.64,112.70,92.26,58.50,86.00,14.36,41.50,137.27,17.70,6.00,0.99,21.00,0.00
235.143,2199.50,13.75,1.68,112.00,110.22,43.50,86.64,112.70,92.36,58.50,86.00,14.36,41.50,137.27,17.70,6.00,0.99,21.00,0.00
235.293,2199.50,13.75,1.68,112.00,110.22,43.50,86.64,112.70,92.36,56.25,86.00,14.36,41.50,137.27,17.70,6.00,0.99,21.00,0.00
235.443,2199.50,13.75,1.68,112.00,110.22,43.50,86.64,112.70,92.36,56.25,86.00,14.36,41.50,137.27,17.70,6.00,0.99,21.00,0.00
235.593,2199.50,13.75,1.68,112.00,110.22,43.50,86.64,112.70,92.36,56.25,86.00,14.36,41.50,137.27,17.70,6.00,0.99,21.00,0.00
235.743,2199.50,13.75,1.68,112.00,110.22,43.50,86.64,112.70,92.36,56.25,86.00,14.36,41.50,137.27,17.70,6.00,0.99,21.00,0.00
235.893,2199.50,13.75,1.68,112.00,110.22,43.50,86.64,112.70,92.36,56.25,86.00,14.36,41.50,137.26,17.70,6.00,0.99,21.00,0.00
236.043,2199.50,13.75,1.68,112.00,110.22,43.50,86.64,112.70,92.36,56.25,86.00,14.36,41.50,137.26,17.80,6.00,0.99,21.00,0.00
236.193,2199.50,13.75,1.68,112.00,110.22,43.50,86.64,112.70,92.36,56.25,86.00,14.36,41.50,137.26,17.80,6.00,0.99,21.00,0.00
236.343,2199.50,13.75,1.68,112.00,110.22,43.50,86.64,112.70,92.36,56.25,86.00,14.36,41.50,137.26,17.80,6.00,1.00,21.00,0.00
236.493,2199.50,13.75,1.68,112.00,110.22,43.50,86.64,112.70,92.36,56.25,86.00,14.36,41.50,137.26,17.80,6.00,1.00,22.50,0.00
236.643,2199.50,13.75,1.68,112.00,110.22,43.50,86.64,112.70,92.36,56.25,86.00,14.36,41.50,137.26,17.80,6.00,1.00,22.50,0.00
236.793,2194.50,13.75,1.68,112.00,110.22,43.50,86.64,112.70,92.36,56.25,86.00,14.36,41.50,137.26,17.80,6.00,1.00,22.50,0.00
236.943,2194.50,13.78,1.68,112.00,110.22,43.50,86.64,112.70,92.36,56.25,86.00,14.36,41.50,137.26,17.80,6.00,1.00,22.50,0.00
237.093,2194.50,13.78,1.62,112.00,110.22,43.50,86.64,112.70,92.36,56.25,86.00,14.36,41.50,137.26,17.80,6.00,1.00,22.50,0.00
237.243,2194.50,13.78,1.62,112.00,110.22,43.50,86.64,112.70,92.36,56.25,86.00,14.36,41.50,137.26,17.80,6.00,1.00,22.50,0.00
237.393,2194.50,13.78,1.62,112.00,111.66,43.50,86.64,112.70,92.36,56.25,86.00,14.36,41.50,137.26,17.80,6.00,1.00,22.50,0.00
237.543,2194.50,13.78,1.62,112.00,111.66,44.25,86.64,112.70,92.36,56.25,86.00,14.36,41.50,137.26,17.80,6.00,1.00,22.50,0.00
237.693,2194.50,13.78,1.62,112.00,111.66,44.25,86.15,112.70,92.36,56.25,86.00,14.36,41.50,137.26,17.80,6.00,1.00,22.50,0.00
237.843,2194.50,13.78,1.62,112.00,111.66,44.25,86.15,114.00,92.36,56.25,86.00,14.36,41.50,137.26,17.80,6.00,1.00,22.50,0.00
237.993,2194.50,13.78,1.62,112.00,111.66,44.25,86.15,114.00,91.96,56.25,86.00,14.36,41.50,137.26,17.80,6.00,1.00,22.50,0.00
238.143,2194.50,13.78,1.62,112.00,111.66,44.25,86.15,114.00,91.96,56.25,86.00,14.36,41.50,137.26,17.80,6.00,1.00,22.50,0.00
238.293,2194.50,13.78,1.62,112.00,111.66,44.25,86.15,114.00,91.96,56.25,86.00,14.36,41.50,137.26,17.80,6.00,1.00,22.50,0.00
238.443,2194.50,13.78,1.62,112.00,111.66,44.25,86.15,114.00,91.96,56.25,86.00,14.36,41.50,137.26,17.80,6.00,1.00,22.50,0.00
238.593,2194.50,13.78,1.62,112.00,111.66,44.25,86.15,114.00,91.96,56.25,86.00,14.36,41.50,137.26,17.80,6.00,1.00,22.50,0.00
238.743,2194.50,13.78,1.62,112.00,111.66,44.25,86.15,114.00,91.96,56.25,86.00,14.36,41.50,137.29,17.80,6.00,1.00,22.50,0.00
238.893,2194.50,13.78,1.62,112.00,111.66,44.25,86.15,114.00,91.96,56.25,86.00,14.36,41.50,137.29,17.88,6.00,1.00,22.50,0.00
239.043,2194.50,13.78,1.62,112.00,111.66,44.25,86.15,114.00,91.96,56.25,86.00,14.36,41.50,137.29,17.88,6.00,1.00,22.50,0.00
239.193,2194.50,13.78,1.62,112.00,111.66,44.25,86.15,114.00,91.96,56.25,86.00,14.36,41.50,137.29,17.88,6.00,1.00,22.50,0.00
239.343,2194.50,13.78,1.62,112.00,111.66,44.25,86.15,114.00,91.96,56.25,86.00,14.36,41.50,137.29,17.88,6.00,1.00,22.50,0.00
239.493,2194.50,13.78,1.62,112.00,111.66,44.25,86.15,114.00,91.96,56.25,86.00,14.36,41.50,137.29,17.88,6.00,1.00,22.50,0.00
239.643,2193.50,13.78,1.62,112.00,111.66,44.25,86.15,114.00,91.96,56.25,86.00,14.36,41.50,137.29,17.88,6.00,1.00,22.50,0.00
239.823,2193.50,13.75,1.62,112.00,111.66,44.25,86.15,114.00,91.96,56.25,86.00,14.36,41.50,137.29,17.88,6.00,1.00,22.50,0.00
239.974,2193.50,13.75,1.66,112.00,111.66,44.25,86.15,114.00,91.96,56.25,86.00,14.36,41.50,137.29,17.88,6.00,1.00,22.50,0.00
240.123,2193.50,13.75,1.66,112.00,111.66,44.25,86.15,114.00,91.96,56.25,86.00,14.36,41.50,137.29,17.88,6.00,1.00,22.50,0.00
240.273,2193.50,13.75,1.66,112.00,111.19,44.25,86.15,114.00,91.96,56.25,86.00,14.36,41.50,137.29,17.88,6.00,1.00,22.50,0.00
240.423,2193.50,13.75,1.66,112.00,111.19,44.25,86.15,114.00,91.96,56.25,86.00,14.36,41.50,137.29,17.88,6.00,1.00,22.50,0.00
240.574,2193.50,13.75,1.66,112.00,111.19,44.25,85.75,114.00,91.96,56.25,86.00,14.36,41.50,137.29,17.88,6.00,1.00,22.50,0.00
240.723,2193.50,13.75,1.66,112.00,111.19,44.25,85.75,114.90,91.96,56.25,86.00,14.36,41.50,137.29,17.88,6.00,1.00,22.50,0.00
240.874,2193.50,13.75,1.66,112.00,111.19,44.25,85.75,114.90,91.46,56.25,86.00,14.36,41.50,137.29,17.88,6.00,1.00,22.50,0.00
241.023,2193.50,13.75,1.66,112.00,111.19,44.25,85.75,114.90,91.46,55.50,86.00,14.36,41.50,137.29,17.88,6.00,1.00,22.50,0.00
241.175,2193.50,13.75,1.66,112.00,111.19,44.25,85.75,114.90,91.46,55.50,86.00,14.36,41.50,137.29,17.88,6.00,1.00,22.50,0.00
241.323,2193.50,13.75,1.66,112.00,111.19,44.25,85.75,114.90,91.46,55.50,86.00,14.36,41.50,137.29,17.88,6.00,1.00,22.50,0.00
241.474,2193.50,13.75,1.66,112.00,111.19,44.25,85.75,114.90,91.46,55.50,86.00,14.36,41.50,137.29,17.88,6.00,1.00,22.50,0.00
241.623,2193.50,13.75,1.66,112.00,111.19,44.25,85.75,114.90,91.46,55.50,86.00,14.36,41.50,137.09,17.88,6.00,1.00,22.50,0.00
241.774,2193.50,13.75,1.66,112.00,111.19,44.25,85.75,114.90,91.46,55.50,86.00,14.36,41.50,137.09,18.70,6.00,1.00,22.50,0.00
241.923,2193.50,13.75,1.66,112.00,111.19,44.25,85.75,114.90,91.46,55.50,86.00,14.36,41.50,137.09,18.70,6.00,1.00,22.50,0.00
242.074,2193.50,13.75,1.66,112.00,111.19,44.25,85.75,114.90,91.46,55.50,86.00,14.36,41.50,137.09,18.70,6.00,1.00,22.50,0.00
242.223,2193.50,13.75,1.66,112.00,111.19,44.25,85.75,114.90,91.46,55.50,86.00,14.36,41.50,137.09,18.70,6.00,1.00,16.50,0.00
242.374,2193.50,13.75,1.66,112.00,111.19,44.25,85.75,114.90,91.46,55.50,86.00,14.36,41.50,137.09,18.70,6.00,1.00,16.50,0.00
242.523,2189.00,13.75,1.66,112.00,111.19,44.25,85.75,114.90,91.46,55.50,86.00,14.36,41.50,137.09,18.70,6.00,1.00,16.50,0.00
242.674,2189.00,13.94,1.66,112.00,111.19,44.25,85.75,114.90,91.46,55.50,86.00,14.36,41.50,137.09,18.70,6.00,1.00,16.50,0.00
242.823,2189.00,13.94,2.04,112.00,111.19,44.25,85.75,114.90,91.46,55.50,86.00,14.36,41.50,137.09,18.70,6.00,1.00,16.50,0.00
242.974,2189.00,13.94,2.04,124.00,111.19,44.25,85.75,114.90,91.46,55.50,86.00,14.36,41.50,137.09,18.70,6.00,1.00,16.50,0.00
243.124,2189.00,13.94,2.04,124.00,117.19,44.25,85.75,114.90,91.46,55.50,86.00,14.36,41.50,137.09,18.70,6.00,1.00,16.50,0.00
243.274,2189.00,13.94,2.04,124.00,117.19,48.00,85.75,114.90,91.46,55.50,86.00,14.36,41.50,137.09,18.70,6.00,1.00,16.50,0.00
243.423,2189.00,13.94,2.04,124.00,117.19,48.00,85.44,114.90,91.46,55.50,86.00,14.36,41.50,137.09,18.70,6.00,1.00,16.50,0.00
243.573,2189.00,13.94,2.04,124.00,117.19,48.00,85.44,119.10,91.46,55.50,86.00,14.36,41.50,137.09,18.70,6.00,1.00,16.50,0.00
243.723,2189.00,13.94,2.04,124.00,117.19,48.00,85.44,119.10,91.06,55.50,86.00,14.36,41.50,137.09,18.70,6.00,1.00,16.50,0.00
243.873,2189.00,13.94,2.04,124.00,117.19,48.00,85.44,119.10,91.06,56.25,86.00,14.36,41.50,137.09,18.70,6.00,1.00,16.50,0.00
244.023,2189.00,13.94,2.04,124.00,117.19,48.00,85.44,119.10,91.06,56.25,86.00,14.36,41.50,137.09,18.70,6.00,1.00,16.50,0.00
244.173,2189.00,13.94,2.04,124.00,117.19,48.00,85.44,119.10,91.06,56.25,86.00,14.36,41.50,137.09,18.70,6.00,1.00,16.50,0.00
244.323,2189.00,13.94,2.04,124.00,117.19,48.00,85.44,119.10,91.06,56.25,86.00,14.36,41.50,137.09,18.70,6.00,1.00,16.50,0.00
244.474,2189.00,13.94,2.04,124.00,117.19,48.00,85.44,119.10,91.06,56.25,86.00,14.36,41.50,136.78,18.70,6.00,1.00,16.50,0.00
244.623,2189.00,13.94,2.04,124.00,117.19,48.00,85.44,119.10,91.06,56.25,86.00,14.36,41.50,136.78,18.57,6.00,1.00,16.50,0.00
244.774,2189.00,13.94,2.04,124.00,117.19,48.00,85.44,119.10,91.06,56.25,86.00,14.36,41.50,136.78,18.57,6.00,1.00,16.50,0.00
244.923,2189.00,13.94,2.04,124.00,117.19,48.00,85.44,119.10,91.06,56.25,86.00,14.36,41.50,136.78,18.57,6.00,0.99,16.50,0.00
245.074,2189.00,13.94,2.04,124.00,117.19,48.00,85.44,119.10,91.06,56.25,86.00,14.36,41.50,136.78,18.57,6.00,0.99,18.75,0.00
245.223,2189.00,13.94,2.04,124.00,117.19,48.00,85.44,119.10,91.06,56.25,86.00,14.36,41.50,136.78,18.57,6.00,0.99,18.75,0.00
245.374,2193.00,13.94,2.04,124.00,117.19,48.00,85.44,119.10,91.06,56.25,86.00,14.36,41.50,136.78,18.57,6.00,0.99,18.75,0.00
245.523,2193.00,13.92,2.04,124.00,117.19,48.00,85.44,119.10,91.06,56.25,86.00,14.36,41.50,136.78,18.57,6.00,0.99,18.75,0.00
245.676,2193.00,13.92,2.20,124.00,117.19,48.00,85.44,119.10,91.06,56.25,86.00,14.36,41.50,136.78,18.57,6.00,0.99,18.75,0.00
245.823,2193.00,13.92,2.20,124.00,117.19,48.00,85.44,119.10,91.06,56.25,86.00,14.36,41.50,136.78,18.57,6.00,0.99,18.75,0.00
245.974,2193.00,13.92,2.20,124.00,123.53,48.00,85.44,119.10,91.06,56.25,86.00,14.36,41.50,136.78,18.57,6.00,0.99,18.75,0.00
246.123,2193.00,13.92,2.20,124.00,123.53,48.75,85.44,119.10,91.06,56.25,86.00,14.36,41.50,136.78,18.57,6.00,0.99,18.75,0.00
246.274,2193.00,13.92,2.20,124.00,123.53,48.75,85.54,119.10,91.06,56.25,86.00,14.36,41.50,136.78,18.57,6.00,0.99,18.75,0.00
246.423,2193.00,13.92,2.20,124.00,123.53,48.75,85.54,126.50,91.06,56.25,86.00,14.36,41.50,136.78,18.57,6.00,0.99,18.75,0.00
246.574,2193.00,13.92,2.20,124.00,123.53,48.75,85.54,126.50,90.96,56.25,86.00,14.36,41.50,136.78,18.57,6.00,0.99,18.75,0.00
246.723,2193.00,13.92,2.20,124.00,123.53,48.75,85.54,126.50,90.96,56.25,86.00,14.36,41.50,136.78,18.57,6.00,0.99,18.75,0.00
246.874,2193.00,13.92,2.20,124.00,123.53,48.75,85.54,126.50,90.96,56.25,86.00,14.36,41.50,136.78,18.57,6.00,0.99,18.75,0.00
247.023,2193.00,13.92,2.20,124.00,123.53,48.75,85.54,126.50,90.96,56.25,86.00,14.36,41.50,136.78,18.57,6.00,0.99,18.75,0.00
247.173,2193.00,13.92,2.20,124.00,123.53,48.75,85.54,126.50,90.96,56.25,86.00,14.36,41.50,136.78,18.57,6.00,0.99,18.75,0.00
247.323,2193.00,13.92,2.20,124.00,123.53,48.75,85.54,126.50,90.96,56.25,86.00,14.36,41.50,136.85,18.57,6.00,0.99,18.75,0.00
247.503,2193.00,13.92,2.20,124.00,123.53,48.75,85.54,126.50,90.96,56.25,86.00,14.36,41.50,136.85,18.66,6.00,0.99,18.75,0.00
247.653,2193.00,13.92,2.20,124.00,123.53,48.75,85.54,126.50,90.96,56.25,86.00,14.36,41.50,136.85,18.66,6.00,0.99,18.75,0.00
247.803,2193.00,13.92,2.20,124.00,123.53,48.75,85.54,126.50,90.96,56.25,86.00,14.36,41.50,136.85,18.66,6.00,0.99,18.75,0.00
247.953,2193.00,13.92,2.20,124.00,123.53,48.75,85.54,126.50,90.96,56.25,86.00,14.36,41.50,136.85,18.66,6.00,0.99,18.00,0.00
248.103,2193.00,13.92,2.20,124.00,123.53,48.75,85.54,126.50,90.96,56.25,86.00,14.36,41.50,136.85,18.66,6.00,0.99,18.00,0.00
248.253,2193.50,13.92,2.20,124.00,123.53,48.75,85.54,126.50,90.96,56.25,86.00,14.36,41.50,136.85,18.66,6.00,0.99,18.00,0.00
248.403,2193.50,13.90,2.20,124.00,123.53,48.75,85.54,126.50,90.96,56.25,86.00,14.36,41.50,136.85,18.66,6.00,0.99,18.00,0.00
248.553,2193.50,13.90,2.34,124.00,123.53,48.75,85.54,126.50,90.96,56.25,86.00,14.36,41.50,136.85,18.66,6.00,0.99,18.00,0.00
248.703,2193.50,13.90,2.34,128.00,123.53,48.75,85.54,126.50,90.96,56.25,86.00,14.36,41.50,136.85,18.66,6.00,0.99,18.00,0.00
248.853,2193.50,13.90,2.34,128.00,129.03,48.75,85.54,126.50,90.96,56.25,86.00,14.36,41.50,136.85,18.66,6.00,0.99,18.00,0.00
249.003,2193.50,13.90,2.34,128.00,129.03,51.00,85.54,126.50,90.96,56.25,86.00,14.36,41.50,136.85,18.66,6.00,0.99,18.00,0.00
249.153,2193.50,13.90,2.34,128.00,129.03,51.00,85.84,126.50,90.96,56.25,86.00,14.36,41.50,136.85,18.66,6.00,0.99,18.00,0.00
249.303,2193.50,13.90,2.34,128.00,129.03,51.00,85.84,132.90,90.96,56.25,86.00,14.36,41.50,136.85,18.66,6.00,0.99,18.00,0.00
249.453,2193.50,13.90,2.34,128.00,129.03,51.00,85.84,132.90,91.16,56.25,86.00,14.36,41.50,136.85,18.66,6.00,0.99,18.00,0.00
249.603,2193.50,13.90,2.34,128.00,129.03,51.00,85.84,132.90,91.16,57.00,86.00,14.36,41.50,136.85,18.66,6.00,0.99,18.00,0.00
249.753,2193.50,13.90,2.34,128.00,129.03,51.00,85.84,132.90,91.16,57.00,86.00,14.36,41.50,136.85,18.66,6.00,0.99,18.00,0.00
249.903,2193.50,13.90,2.34,128.00,129.03,51.00,85.84,132.90,91.16,57.00,86.00,14.36,41.50,136.85,18.66,6.00,0.99,18.00,0.00
250.053,2193.50,13.90,2.34,128.00,129.03,51.00,85.84,132.90,91.16,57.00,86.00,14.36,41.50,136.85,18.66,6.00,0.99,18.00,0.00
250.203,2193.50,13.90,2.34,128.00,129.03,51.00,85.84,132.90,91.16,57.00,86.00,14.36,41.50,137.11,18.66,6.00,0.99,18.00,0.00
250.353,2193.50,13.90,2.34,128.00,129.03,51.00,85.84,132.90,91.16,57.00,86.00,14.36,41.50,137.11,18.29,6.00,0.99,18.00,0.00
250.503,2193.50,13.90,2.34,128.00,129.03,51.00,85.84,132.90,91.16,57.00,86.00,14.36,41.50,137.11,18.29,6.00,0.99,18.00,0.00
250.653,2193.50,13.90,2.34,128.00,129.03,51.00,85.84,132.90,91.16,57.00,86.00,14.36,41.50,137.11,18.29,6.00,0.99,18.00,0.00
250.803,2193.50,13.90,2.34,128.00,129.03,51.00,85.84,132.90,91.16,57.00,86.00,14.36,41.50,137.11,18.29,6.00,0.99,13.50,0.00
250.953,2193.50,13.90,2.34,128.00,129.03,51.00,85.84,132.90,91.16,57.00,86.00,14.36,41.50,137.11,18.29,6.00,0.99,13.50,0.00
251.103,2195.50,13.90,2.34,128.00,129.03,51.00,85.84,132.90,91.16,57.00,86.00,14.36,41.50,137.11,18.29,6.00,0.99,13.50,0.00
251.253,2195.50,13.79,2.34,128.00,129.03,51.00,85.84,132.90,91.16,57.00,86.00,14.36,41.50,137.11,18.29,6.00,0.99,13.50,0.00
251.403,2195.50,13.79,2.34,128.00,129.03,51.00,85.84,132.90,91.16,57.00,86.00,14.36,41.50,137.11,18.29,6.00,0.99,13.50,0.00
251.553,2195.50,13.79,2.34,120.00,129.03,51.00,85.84,132.90,91.16,57.00,86.00,14.36,41.50,137.11,18.29,6.00,0.99,13.50,0.00
251.703,2195.50,13.79,2.34,120.00,117.75,51.00,85.84,132.90,91.16,57.00,86.00,14.36,41.50,137.11,18.29,6.00,0.99,13.50,0.00
251.853,2195.50,13.79,2.34,120.00,117.75,46.50,85.84,132.90,91.16,57.00,86.00,14.36,41.50,137.11,18.29,6.00,0.99,13.50,0.00
252.003,2195.50,13.79,2.34,120.00,117.75,46.50,86.36,132.90,91.16,57.00,86.00,14.36,41.50,137.11,18.29,6.00,0.99,13.50,0.00
252.153,2195.50,13.79,2.34,120.00,117.75,46.50,86.36,118.60,91.16,57.00,86.00,14.36,41.50,137.11,18.29,6.00,0.99,13.50,0.00
252.303,2195.50,13.79,2.34,120.00,117.75,46.50,86.36,118.60,91.56,57.00,86.00,14.36,41.50,137.11,18.29,6.00,0.99,13.50,0.00
252.453,2195.50,13.79,2.34,120.00,117.75,46.50,86.36,118.60,91.56,56.25,86.00,14.36,41.50,137.11,18.29,6.00,0.99,13.50,0.00
252.603,2195.50,13.79,2.34,120.00,117.75,46.50,86.36,118.60,91.56,56.25,86.00,14.36,41.50,137.11,18.29,6.00,0.99,13.50,0.00
252.753,2195.50,13.79,2.34,120.00,117.75,46.50,86.36,118.60,91.56,56.25,86.00,14.36,41.50,137.11,18.29,6.00,0.99,13.50,0.00
252.903,2195.50,13.79,2.34,120.00,117.75,46.50,86.36,118.60,91.56,56.25,86.00,14.36,41.50,137.11,18.29,6.00,0.99,13.50,0.00
253.053,2195.50,13.79,2.34,120.00,117.75,46.50,86.36,118.60,91.56,56.25,86.00,14.36,41.50,137.56,18.29,6.00,0.99,13.50,0.00
253.203,2195.50,13.79,2.34,120.00,117.75,46.50,86.36,118.60,91.56,56.25,86.00,14.36,41.50,137.56,17.99,6.00,0.99,13.50,0.00
253.353,2195.50,13.79,2.34,120.00,117.75,46.50,86.36,118.60,91.56,56.25,86.00,14.36,41.50,137.56,17.99,6.00,0.99,13.50,0.00
253.503,2195.50,13.79,2.34,120.00,117.75,46.50,86.36,118.60,91.56,56.25,86.00,14.36,41.50,137.56,17.99,6.00,0.99,13.50,0.00
253.653,2195.50,13.79,2.34,120.00,117.75,46.50,86.36,118.60,91.56,56.25,86.00,14.36,41.50,137.56,17.99,6.00,0.99,19.50,0.00
253.803,2195.50,13.79,2.34,120.00,117.75,46.50,86.36,118.60,91.56,56.25,86.00,14.36,41.50,137.56,17.99,6.00,0.99,19.50,0.00
253.953,2202.50,13.79,2.34,120.00,117.75,46.50,86.36,118.60,91.56,56.25,86.00,14.36,41.50,137.56,17.99,6.00,0.99,19.50,0.00
254.103,2202.50,13.73,2.34,120.00,117.75,46.50,86.36,118.60,91.56,56.25,86.00,14.36,41.50,137.56,17.99,6.00,0.99,19.50,0.00
254.253,2202.50,13.73,1.85,120.00,117.75,46.50,86.36,118.60,91.56,56.25,86.00,14.36,41.50,137.56,17.99,6.00,0.99,19.50,0.00
254.403,2202.50,13.73,1.85,112.00,117.75,46.50,86.36,118.60,91.56,56.25,86.00,14.36,41.50,137.56,17.99,6.00,0.99,19.50,0.00
254.553,2202.50,13.73,1.85,112.00,112.47,46.50,86.36,118.60,91.56,56.25,86.00,14.36,41.50,137.56,17.99,6.00,0.99,19.50,0.00
254.703,2202.50,13.73,1.85,112.00,112.47,44.25,86.36,118.60,91.56,56.25,86.00,14.36,41.50,137.56,17.99,6.00,0.99,19.50,0.00
254.853,2202.50,13.73,1.85,112.00,112.47,44.25,86.24,118.60,91.56,56.25,86.00,14.36,41.50,137.56,17.99,6.00,0.99,19.50,0.00
255.003,2202.50,13.73,1.85,112.00,112.47,44.25,86.24,116.70,91.56,56.25,86.00,14.36,41.50,137.56,17.99,6.00,0.99,19.50,0.00
255.185,2202.50,13.73,1.85,112.00,112.47,44.25,86.24,116.70,92.26,56.25,86.00,14.36,41.50,137.56,17.99,6.00,0.99,19.50,0.00
255.333,2202.50,13.73,1.85,112.00,112.47,44.25,86.24,116.70,92.26,55.50,86.00,14.36,41.50,137.56,17.99,6.00,0.99,19.50,0.00
255.485,2202.50,13.73,1.85,112.00,112.47,44.25,86.24,116.70,92.26,55.50,87.00,14.36,41.50,137.56,17.99,6.00,0.99,19.50,0.00
255.633,2202.50,13.73,1.85,112.00,112.47,44.25,86.24,116.70,92.26,55.50,87.00,14.36,41.50,137.56,17.99,6.00,0.99,19.50,0.00
255.785,2202.50,13.73,1.85,112.00,112.47,44.25,86.24,116.70,92.26,55.50,87.00,14.36,41.50,137.56,17.99,6.00,0.99,19.50,0.00
255.933,2202.50,13.73,1.85,112.00,112.47,44.25,86.24,116.70,92.26,55.50,87.00,14.36,41.50,137.35,17.99,6.00,0.99,19.50,0.00
256.085,2202.50,13.73,1.85,112.00,112.47,44.25,86.24,116.70,92.26,55.50,87.00,14.36,41.50,137.35,18.30,6.00,0.99,19.50,0.00
256.233,2202.50,13.73,1.85,112.00,112.47,44.25,86.24,116.70,92.26,55.50,87.00,14.36,41.50,137.35,18.30,6.00,0.99,19.50,0.00
256.385,2202.50,13.73,1.85,112.00,112.47,44.25,86.24,116.70,92.26,55.50,87.00,14.36,41.50,137.35,18.30,6.00,1.00,19.50,0.00
256.533,2202.50,13.73,1.85,112.00,112.47,44.25,86.24,116.70,92.26,55.50,87.00,14.36,41.50,137.35,18.30,6.00,1.00,22.50,0.00
256.685,2202.50,13.73,1.85,112.00,112.47,44.25,86.24,116.70,92.26,55.50,87.00,14.36,41.50,137.35,18.30,6.00,1.00,22.50,0.00
256.833,2198.50,13.73,1.85,112.00,112.47,44.25,86.24,116.70,92.26,55.50,87.00,14.36,41.50,137.35,18.30,6.00,1.00,22.50,0.00
256.985,2198.50,13.78,1.85,112.00,112.47,44.25,86.24,116.70,92.26,55.50,87.00,14.36,41.50,137.35,18.30,6.00,1.00,22.50,0.00
257.133,2198.50,13.78,1.76,112.00,112.47,44.25,86.24,116.70,92.26,55.50,87.00,14.36,41.50,137.35,18.30,6.00,1.00,22.50,0.00
257.285,2198.50,13.78,1.76,112.00,112.47,44.25,86.24,116.70,92.26,55.50,87.00,14.36,41.50,137.35,18.30,6.00,1.00,22.50,0.00
257.433,2198.50,13.78,1.76,112.00,112.19,44.25,86.24,116.70,92.26,55.50,87.00,14.36,41.50,137.35,18.30,6.00,1.00,22.50,0.00
257.585,2198.50,13.78,1.76,112.00,112.19,44.25,86.24,116.70,92.26,55.50,87.00,14.36,41.50,137.35,18.30,6.00,1.00,22.50,0.00
257.733,2198.50,13.78,1.76,112.00,112.19,44.25,85.65,116.70,92.26,55.50,87.00,14.36,41.50,137.35,18.30,6.00,1.00,22.50,0.00
257.885,2198.50,13.78,1.76,112.00,112.19,44.25,85.65,114.00,92.26,55.50,87.00,14.36,41.50,137.35,18.30,6.00,1.00,22.50,0.00
258.033,2198.50,13.78,1.76,112.00,112.19,44.25,85.65,114.00,92.86,55.50,87.00,14.36,41.50,137.35,18.30,6.00,1.00,22.50,0.00
258.185,2198.50,13.78,1.76,112.00,112.19,44.25,85.65,114.00,92.86,55.50,87.00,14.36,41.50,137.35,18.30,6.00,1.00,22.50,0.00
258.333,2198.50,13.78,1.76,112.00,112.19,44.25,85.65,114.00,92.86,55.50,87.00,14.36,41.50,137.35,18.30,6.00,1.00,22.50,0.00
258.483,2198.50,13.78,1.76,112.00,112.19,44.25,85.65,114.00,92.86,55.50,87.00,14.36,41.50,137.35,18.30,6.00,1.00,22.50,0.00
258.633,2198.50,13.78,1.76,112.00,112.19,44.25,85.65,114.00,92.86,55.50,87.00,14.36,42.00,137.35,18.30,6.00,1.00,22.50,0.00
258.785,2198.50,13.78,1.76,112.00,112.19,44.25,85.65,114.00,92.86,55.50,87.00,14.36,42.00,137.35,18.30,6.00,1.00,22.50,0.00
258.933,2198.50,13.78,1.76,112.00,112.19,44.25,85.65,114.00,92.86,55.50,87.00,14.36,42.00,137.35,17.43,6.00,1.00,22.50,0.00
259.085,2198.50,13.78,1.76,112.00,112.19,44.25,85.65,114.00,92.86,55.50,87.00,14.36,42.00,137.35,17.43,6.00,1.00,22.50,0.00
259.233,2198.50,13.78,1.76,112.00,112.19,44.25,85.65,114.00,92.86,55.50,87.00,14.36,42.00,137.35,17.43,6.00,0.99,22.50,0.00
259.385,2198.50,13.78,1.76,112.00,112.19,44.25,85.65,114.00,92.86,55.50,87.00,14.36,42.00,137.35,17.43,6.00,0.99,22.50,0.00
259.533,2198.50,13.78,1.76,112.00,112.19,44.25,85.65,114.00,92.86,55.50,87.00,14.36,42.00,137.35,17.43,6.00,0.99,22.50,0.00
259.683,2205.00,13.78,1.76,112.00,112.19,44.25,85.65,114.00,92.86,55.50,87.00,14.36,42.00,137.35,17.43,6.00,0.99,22.50,0.00
259.833,2205.00,13.74,1.76,112.00,112.19,44.25,85.65,114.00,92.86,55.50,87.00,14.36,42.00,137.35,17.43,6.00,0.99,22.50,0.00
259.985,2205.00,13.74,1.55,112.00,112.19,44.25,85.65,114.00,92.86,55.50,87.00,14.36,42.00,137.35,17.43,6.00,0.99,22.50,0.00
260.133,2205.00,13.74,1.55,108.00,112.19,44.25,85.65,114.00,92.86,55.50,87.00,14.36,42.00,137.35,17.43,6.00,0.99,22.50,0.00
260.285,2205.00,13.74,1.55,108.00,105.94,44.25,85.65,114.00,92.86,55.50,87.00,14.36,42.00,137.35,17.43,6.00,0.99,22.50,0.00
260.433,2205.00,13.74,1.55,108.00,105.94,42.00,85.65,114.00,92.86,55.50,87.00,14.36,42.00,137.35,17.43,6.00,0.99,22.50,0.00
260.585,2205.00,13.74,1.55,108.00,105.94,42.00,85.05,114.00,92.86,55.50,87.00,14.36,42.00,137.35,17.43,6.00,0.99,22.50,0.00
260.733,2205.00,13.74,1.55,108.00,105.94,42.00,85.05,108.70,92.86,55.50,87.00,14.36,42.00,137.35,17.43,6.00,0.99,22.50,0.00
260.885,2205.00,13.74,1.55,108.00,105.94,42.00,85.05,108.70,90.86,55.50,87.00,14.36,42.00,137.35,17.43,6.00,0.99,22.50,0.00
261.033,2205.00,13.74,1.55,108.00,105.94,42.00,85.05,108.70,90.86,65.25,87.00,14.36,42.00,137.35,17.43,6.00,0.99,22.50,0.00
261.183,2205.00,13.74,1.55,108.00,105.94,42.00,85.05,108.70,90.86,65.25,87.00,14.36,42.00,137.35,17.43,6.00,0.99,22.50,0.00
261.333,2205.00,13.74,1.55,108.00,105.94,42.00,85.05,108.70,90.86,65.25,87.00,14.36,42.00,137.35,17.43,6.00,0.99,22.50,0.00
261.485,2205.00,13.74,1.55,108.00,105.94,42.00,85.05,108.70,90.86,65.25,87.00,14.36,42.00,137.35,17.43,6.00,0.99,22.50,0.00
261.633,2205.00,13.74,1.55,108.00,105.94,42.00,85.05,108.70,90.86,65.25,87.00,14.36,42.00,137.51,17.43,6.00,0.99,22.50,0.00
261.785,2205.00,13.74,1.55,108.00,105.94,42.00,85.05,108.70,90.86,65.25,87.00,14.36,42.00,137.51,17.26,6.00,0.99,22.50,0.00
261.933,2205.00,13.74,1.55,108.00,105.94,42.00,85.05,108.70,90.86,65.25,87.00,14.36,42.00,137.51,17.26,6.00,0.99,22.50,0.00
262.085,2205.00,13.74,1.55,108.00,105.94,42.00,85.05,108.70,90.86,65.25,87.00,14.36,42.00,137.51,17.26,6.00,1.00,22.50,0.00
262.233,2205.00,13.74,1.55,108.00,105.94,42.00,85.05,108.70,90.86,65.25,87.00,14.36,42.00,137.51,17.26,6.00,1.00,23.25,0.00
262.383,2205.00,13.74,1.55,108.00,105.94,42.00,85.05,108.70,90.86,65.25,87.00,14.36,42.00,137.51,17.26,6.00,1.00,23.25,0.00
262.533,2206.00,13.74,1.55,108.00,105.94,42.00,85.05,108.70,90.86,65.25,87.00,14.36,42.00,137.51,17.26,6.00,1.00,23.25,0.00
262.685,2206.00,13.62,1.55,108.00,105.94,42.00,85.05,108.70,90.86,65.25,87.00,14.36,42.00,137.51,17.26,6.00,1.00,23.25,0.00
262.863,2206.00,13.62,1.26,108.00,105.94,42.00,85.05,108.70,90.86,65.25,87.00,14.36,42.00,137.51,17.26,6.00,1.00,23.25,0.00
263.013,2206.00,13.62,1.26,104.00,105.94,42.00,85.05,108.70,90.86,65.25,87.00,14.36,42.00,137.51,17.26,6.00,1.00,23.25,0.00
263.166,2206.00,13.62,1.26,104.00,102.25,42.00,85.05,108.70,90.86,65.25,87.00,14.36,42.00,137.51,17.26,6.00,1.00,23.25,0.00
263.313,2206.00,13.62,1.26,104.00,102.25,39.75,85.05,108.70,90.86,65.25,87.00,14.36,42.00,137.51,17.26,6.00,1.00,23.25,0.00
263.465,2206.00,13.62,1.26,104.00,102.25,39.75,84.34,108.70,90.86,65.25,87.00,14.36,42.00,137.51,17.26,6.00,1.00,23.25,0.00
263.613,2206.00,13.62,1.26,104.00,102.25,39.75,84.34,102.90,90.86,65.25,87.00,14.36,42.00,137.51,17.26,6.00,1.00,23.25,0.00
263.765,2206.00,13.62,1.26,104.00,102.25,39.75,84.34,102.90,83.86,65.25,87.00,14.36,42.00,137.51,17.26,6.00,1.00,23.25,0.00
263.913,2206.00,13.62,1.26,104.00,102.25,39.75,84.34,102.90,83.86,75.75,87.00,14.36,42.00,137.51,17.26,6.00,1.00,23.25,0.00
264.065,2206.00,13.62,1.26,104.00,102.25,39.75,84.34,102.90,83.86,75.75,87.00,14.36,42.00,137.51,17.26,6.00,1.00,23.25,0.00
264.213,2206.00,13.62,1.26,104.00,102.25,39.75,84.34,102.90,83.86,75.75,87.00,14.36,42.00,137.51,17.26,6.00,1.00,23.25,0.00
264.365,2206.00,13.62,1.26,104.00,102.25,39.75,84.34,102.90,83.86,75.75,87.00,14.36,42.00,137.51,17.26,6.00,1.00,23.25,0.00
264.513,2206.00,13.62,1.26,104.00,102.25,39.75,84.34,102.90,83.86,75.75,87.00,14.36,42.00,137.10,17.26,6.00,1.00,23.25,0.00
264.665,2206.00,13.62,1.26,104.00,102.25,39.75,84.34,102.90,83.86,75.75,87.00,14.36,42.00,137.10,17.98,6.00,1.00,23.25,0.00
264.813,2206.00,13.62,1.26,104.00,102.25,39.75,84.34,102.90,83.86,75.75,87.00,14.36,42.00,137.10,17.98,6.00,1.00,23.25,0.00
264.965,2206.00,13.62,1.26,104.00,102.25,39.75,84.34,102.90,83.86,75.75,87.00,14.36,42.00,137.10,17.98,6.00,0.99,23.25,0.00
265.113,2206.00,13.62,1.26,104.00,102.25,39.75,84.34,102.90,83.86,75.75,87.00,14.36,42.00,137.10,17.98,6.00,0.99,22.50,0.00
265.263,2206.00,13.62,1.26,104.00,102.25,39.75,84.34,102.90,83.86,75.75,87.00,14.36,42.00,137.10,17.98,6.00,0.99,22.50,0.00
265.413,2195.00,13.62,1.26,104.00,102.25,39.75,84.34,102.90,83.86,75.75,87.00,14.36,42.00,137.10,17.98,6.00,0.99,22.50,0.00
265.563,2195.00,13.70,1.26,104.00,102.25,39.75,84.34,102.90,83.86,75.75,87.00,14.36,42.00,137.10,17.98,6.00,0.99,22.50,0.00
265.713,2195.00,13.70,1.38,104.00,102.25,39.75,84.34,102.90,83.86,75.75,87.00,14.36,42.00,137.10,17.98,6.00,0.99,22.50,0.00
265.863,2195.00,13.70,1.38,108.00,102.25,39.75,84.34,102.90,83.86,75.75,87.00,14.36,42.00,137.10,17.98,6.00,0.99,22.50,0.00
266.015,2195.00,13.70,1.38,108.00,108.16,39.75,84.34,102.90,83.86,75.75,87.00,14.36,42.00,137.10,17.98,6.00,0.99,22.50,0.00
266.165,2195.00,13.70,1.38,108.00,108.16,43.50,84.34,102.90,83.86,75.75,87.00,14.36,42.00,137.10,17.98,6.00,0.99,22.50,0.00
266.313,2195.00,13.70,1.38,108.00,108.16,43.50,83.76,102.90,83.86,75.75,87.00,14.36,42.00,137.10,17.98,6.00,0.99,22.50,0.00
266.465,2195.00,13.70,1.38,108.00,108.16,43.50,83.76,111.50,83.86,75.75,87.00,14.36,42.00,137.10,17.98,6.00,0.99,22.50,0.00
266.613,2195.00,13.70,1.38,108.00,108.16,43.50,83.76,111.50,83.76,75.75,87.00,14.36,42.00,137.10,17.98,6.00,0.99,22.50,0.00
266.763,2195.00,13.70,1.38,108.00,108.16,43.50,83.76,111.50,83.76,74.25,87.00,14.36,42.00,137.10,17.98,6.00,0.99,22.50,0.00
266.913,2195.00,13.70,1.38,108.00,108.16,43.50,83.76,111.50,83.76,74.25,87.00,14.36,42.00,137.10,17.98,6.00,0.99,22.50,0.00
267.065,2195.00,13.70,1.38,108.00,108.16,43.50,83.76,111.50,83.76,74.25,87.00,14.36,42.00,137.10,17.98,6.00,0.99,22.50,0.00
267.213,2195.00,13.70,1.38,108.00,108.16,43.50,83.76,111.50,83.76,74.25,87.00,14.36,42.00,137.10,17.98,6.00,0.99,22.50,0.00
267.365,2195.00,13.70,1.38,108.00,108.16,43.50,83.76,111.50,83.76,74.25,87.00,14.36,42.00,137.08,17.98,6.00,0.99,22.50,0.00
267.513,2195.00,13.70,1.38,108.00,108.16,43.50,83.76,111.50,83.76,74.25,87.00,14.36,42.00,137.08,17.46,6.00,0.99,22.50,0.00
267.666,2195.00,13.70,1.38,108.00,108.16,43.50,83.76,111.50,83.76,74.25,87.00,14.36,42.00,137.08,17.46,6.00,0.99,22.50,0.00
267.813,2195.00,13.70,1.38,108.00,108.16,43.50,83.76,111.50,83.76,74.25,87.00,14.36,42.00,137.08,17.46,6.00,1.00,22.50,0.00
267.965,2195.00,13.70,1.38,108.00,108.16,43.50,83.76,111.50,83.76,74.25,87.00,14.36,42.00,137.08,17.46,6.00,1.00,22.50,0.00
268.113,2195.00,13.70,1.38,108.00,108.16,43.50,83.76,111.50,83.76,74.25,87.00,14.36,42.00,137.08,17.46,6.00,1.00,22.50,0.00
268.265,2193.50,13.70,1.38,108.00,108.16,43.50,83.76,111.50,83.76,74.25,87.00,14.36,42.00,137.08,17.46,6.00,1.00,22.50,0.00
268.413,2193.50,13.67,1.38,108.00,108.16,43.50,83.76,111.50,83.76,74.25,87.00,14.36,42.00,137.08,17.46,6.00,1.00,22.50,0.00
268.563,2193.50,13.67,1.40,108.00,108.16,43.50,83.76,111.50,83.76,74.25,87.00,14.36,42.00,137.08,17.46,6.00,1.00,22.50,0.00
268.713,2193.50,13.67,1.40,104.00,108.16,43.50,83.76,111.50,83.76,74.25,87.00,14.36,42.00,137.08,17.46,6.00,1.00,22.50,0.00
268.865,2193.50,13.67,1.40,104.00,104.22,43.50,83.76,111.50,83.76,74.25,87.00,14.36,42.00,137.08,17.46,6.00,1.00,22.50,0.00
269.013,2193.50,13.67,1.40,104.00,104.22,41.25,83.76,111.50,83.76,74.25,87.00,14.36,42.00,137.08,17.46,6.00,1.00,22.50,0.00
269.163,2193.50,13.67,1.40,104.00,104.22,41.25,83.45,111.50,83.76,74.25,87.00,14.36,42.00,137.08,17.46,6.00,1.00,22.50,0.00
269.313,2193.50,13.67,1.40,104.00,104.22,41.25,83.45,107.20,83.76,74.25,87.00,14.36,42.00,137.08,17.46,6.00,1.00,22.50,0.00
269.465,2193.50,13.67,1.40,104.00,104.22,41.25,83.45,107.20,84.46,74.25,87.00,14.36,42.00,137.08,17.46,6.00,1.00,22.50,0.00
269.613,2193.50,13.67,1.40,104.00,104.22,41.25,83.45,107.20,84.46,70.50,87.00,14.36,42.00,137.08,17.46,6.00,1.00,22.50,0.00
269.765,2193.50,13.67,1.40,104.00,104.22,41.25,83.45,107.20,84.46,70.50,86.00,14.36,42.00,137.08,17.46,6.00,1.00,22.50,0.00
269.913,2193.50,13.67,1.40,104.00,104.22,41.25,83.45,107.20,84.46,70.50,86.00,14.37,42.00,137.08,17.46,6.00,1.00,22.50,0.00
270.065,2193.50,13.67,1.40,104.00,104.22,41.25,83.45,107.20,84.46,70.50,86.00,14.37,42.00,137.08,17.46,6.00,1.00,22.50,0.00
270.213,2193.50,13.67,1.40,104.00,104.22,41.25,83.45,107.20,84.46,70.50,86.00,14.37,42.00,136.92,17.46,6.00,1.00,22.50,0.00
270.365,2193.50,13.67,1.40,104.00,104.22,41.25,83.45,107.20,84.46,70.50,86.00,14.37,42.00,136.92,17.74,6.00,1.00,22.50,0.00
270.543,2193.50,13.67,1.40,104.00,104.22,41.25,83.45,107.20,84.46,70.50,86.00,14.37,42.00,136.92,17.74,6.00,1.00,22.50,0.00
270.693,2193.50,13.67,1.40,104.00,104.22,41.25,83.45,107.20,84.46,70.50,86.00,14.37,42.00,136.92,17.74,6.00,0.99,22.50,0.00
270.843,2193.50,13.67,1.40,104.00,104.22,41.25,83.45,107.20,84.46,70.50,86.00,14.37,42.00,136.92,17.74,6.00,0.99,22.50,0.00
270.993,2193.50,13.67,1.40,104.00,104.22,41.25,83.45,107.20,84.46,70.50,86.00,14.37,42.00,136.92,17.74,6.00,0.99,22.50,0.00
271.143,2191.50,13.67,1.40,104.00,104.22,41.25,83.45,107.20,84.46,70.50,86.00,14.37,42.00,136.92,17.74,6.00,0.99,22.50,0.00
271.293,2191.50,13.65,1.40,104.00,104.22,41.25,83.45,107.20,84.46,70.50,86.00,14.37,42.00,136.92,17.74,6.00,0.99,22.50,0.00
271.443,2191.50,13.65,1.45,104.00,104.22,41.25,83.45,107.20,84.46,70.50,86.00,14.37,42.00,136.92,17.74,6.00,0.99,22.50,0.00
271.593,2191.50,13.65,1.45,108.00,104.22,41.25,83.45,107.20,84.46,70.50,86.00,14.37,42.00,136.92,17.74,6.00,0.99,22.50,0.00
271.743,2191.50,13.65,1.45,108.00,109.12,41.25,83.45,107.20,84.46,70.50,86.00,14.37,42.00,136.92,17.74,6.00,0.99,22.50,0.00
271.893,2191.50,13.65,1.45,108.00,109.12,42.75,83.45,107.20,84.46,70.50,86.00,14.37,42.00,136.92,17.74,6.00,0.99,22.50,0.00
272.043,2191.50,13.65,1.45,108.00,109.12,42.75,83.36,107.20,84.46,70.50,86.00,14.37,42.00,136.92,17.74,6.00,0.99,22.50,0.00
272.193,2191.50,13.65,1.45,108.00,109.12,42.75,83.36,111.80,84.46,70.50,86.00,14.37,42.00,136.92,17.74,6.00,0.99,22.50,0.00
272.343,2191.50,13.65,1.45,108.00,109.12,42.75,83.36,111.80,84.56,70.50,86.00,14.37,42.00,136.92,17.74,6.00,0.99,22.50,0.00
272.493,2191.50,13.65,1.45,108.00,109.12,42.75,83.36,111.80,84.56,68.25,86.00,14.37,42.00,136.92,17.74,6.00,0.99,22.50,0.00
272.643,2191.50,13.65,1.45,108.00,109.12,42.75,83.36,111.80,84.56,68.25,86.00,14.37,42.00,136.92,17.74,6.00,0.99,22.50,0.00
272.793,2191.50,13.65,1.45,108.00,109.12,42.75,83.36,111.80,84.56,68.25,86.00,14.36,42.00,136.92,17.74,6.00,0.99,22.50,0.00
272.943,2191.50,13.65,1.45,108.00,109.12,42.75,83.36,111.80,84.56,68.25,86.00,14.36,42.00,136.92,17.74,6.00,0.99,22.50,0.00
273.093,2191.50,13.65,1.45,108.00,109.12,42.75,83.36,111.80,84.56,68.25,86.00,14.36,42.00,137.30,17.74,6.00,0.99,22.50,0.00
273.243,2191.50,13.65,1.45,108.00,109.12,42.75,83.36,111.80,84.56,68.25,86.00,14.36,42.00,137.30,17.70,6.00,0.99,22.50,0.00
273.393,2191.50,13.65,1.45,108.00,109.12,42.75,83.36,111.80,84.56,68.25,86.00,14.36,42.00,137.30,17.70,6.00,0.99,22.50,0.00
273.543,2191.50,13.65,1.45,108.00,109.12,42.75,83.36,111.80,84.56,68.25,86.00,14.36,42.00,137.30,17.70,6.00,0.99,22.50,0.00
273.693,2191.50,13.65,1.45,108.00,109.12,42.75,83.36,111.80,84.56,68.25,86.00,14.36,42.00,137.30,17.70,6.00,0.99,22.50,0.00
273.843,2191.50,13.65,1.45,108.00,109.12,42.75,83.36,111.80,84.56,68.25,86.00,14.36,42.00,137.30,17.70,6.00,0.99,22.50,0.00
273.993,2194.50,13.65,1.45,108.00,109.12,42.75,83.36,111.80,84.56,68.25,86.00,14.36,42.00,137.30,17.70,6.00,0.99,22.50,0.00
274.143,2194.50,13.68,1.45,108.00,109.12,42.75,83.36,111.80,84.56,68.25,86.00,14.36,42.00,137.30,17.70,6.00,0.99,22.50,0.00
274.293,2194.50,13.68,1.51,108.00,109.12,42.75,83.36,111.80,84.56,68.25,86.00,14.36,42.00,137.30,17.70,6.00,0.99,22.50,0.00
274.443,2194.50,13.68,1.51,112.00,109.12,42.75,83.36,111.80,84.56,68.25,86.00,14.36,42.00,137.30,17.70,6.00,0.99,22.50,0.00
274.593,2194.50,13.68,1.51,112.00,110.16,42.75,83.36,111.80,84.56,68.25,86.00,14.36,42.00,137.30,17.70,6.00,0.99,22.50,0.00
274.743,2194.50,13.68,1.51,112.00,110.16,44.25,83.36,111.80,84.56,68.25,86.00,14.36,42.00,137.30,17.70,6.00,0.99,22.50,0.00
274.893,2194.50,13.68,1.51,112.00,110.16,44.25,83.24,111.80,84.56,68.25,86.00,14.36,42.00,137.30,17.70,6.00,0.99,22.50,0.00
275.043,2194.50,13.68,1.51,112.00,110.16,44.25,83.24,113.00,84.56,68.25,86.00,14.36,42.00,137.30,17.70,6.00,0.99,22.50,0.00
275.193,2194.50,13.68,1.51,112.00,110.16,44.25,83.24,113.00,84.16,68.25,86.00,14.36,42.00,137.30,17.70,6.00,0.99,22.50,0.00
275.343,2194.50,13.68,1.51,112.00,110.16,44.25,83.24,113.00,84.16,67.50,86.00,14.36,42.00,137.30,17.70,6.00,0.99,22.50,0.00
275.493,2194.50,13.68,1.51,112.00,110.16,44.25,83.24,113.00,84.16,67.50,86.00,14.36,42.00,137.30,17.70,6.00,0.99,22.50,0.00
275.643,2194.50,13.68,1.51,112.00,110.16,44.25,83.24,113.00,84.16,67.50,86.00,14.36,42.00,137.30,17.70,6.00,0.99,22.50,0.00
275.793,2194.50,13.68,1.51,112.00,110.16,44.25,83.24,113.00,84.16,67.50,86.00,14.36,41.50,137.30,17.70,6.00,0.99,22.50,0.00
275.943,2194.50,13.68,1.51,112.00,110.16,44.25,83.24,113.00,84.16,67.50,86.00,14.36,41.50,136.64,17.70,6.00,0.99,22.50,0.00
276.093,2194.50,13.68,1.51,112.00,110.16,44.25,83.24,113.00,84.16,67.50,86.00,14.36,41.50,136.64,17.65,6.00,0.99,22.50,0.00
276.243,2194.50,13.68,1.51,112.00,110.16,44.25,83.24,113.00,84.16,67.50,86.00,14.36,41.50,136.64,17.65,6.00,0.99,22.50,0.00
276.393,2194.50,13.68,1.51,112.00,110.16,44.25,83.24,113.00,84.16,67.50,86.00,14.36,41.50,136.64,17.65,6.00,1.00,22.50,0.00
276.543,2194.50,13.68,1.51,112.00,110.16,44.25,83.24,113.00,84.16,67.50,86.00,14.36,41.50,136.64,17.65,6.00,1.00,21.75,0.00
276.693,2194.50,13.68,1.51,112.00,110.16,44.25,83.24,113.00,84.16,67.50,86.00,14.36,41.50,136.64,17.65,6.00,1.00,21.75,0.00
276.843,2189.50,13.68,1.51,112.00,110.16,44.25,83.24,113.00,84.16,67.50,86.00,14.36,41.50,136.64,17.65,6.00,1.00,21.75,0.00
276.993,2189.50,13.85,1.51,112.00,110.16,44.25,83.24,113.00,84.16,67.50,86.00,14.36,41.50,136.64,17.65,6.00,1.00,21.75,0.00
277.143,2189.50,13.85,1.71,112.00,110.16,44.25,83.24,113.00,84.16,67.50,86.00,14.36,41.50,136.64,17.65,6.00,1.00,21.75,0.00
277.293,2189.50,13.85,1.71,120.00,110.16,44.25,83.24,113.00,84.16,67.50,86.00,14.36,41.50,136.64,17.65,6.00,1.00,21.75,0.00
277.443,2189.50,13.85,1.71,120.00,122.69,44.25,83.24,113.00,84.16,67.50,86.00,14.36,41.50,136.64,17.65,6.00,1.00,21.75,0.00
277.593,2189.50,13.85,1.71,120.00,122.69,50.25,83.24,113.00,84.16,67.50,86.00,14.36,41.50,136.64,17.65,6.00,1.00,21.75,0.00
277.743,2189.50,13.85,1.71,120.00,122.69,50.25,83.24,113.00,84.16,67.50,86.00,14.36,41.50,136.64,17.65,6.00,1.00,21.75,0.00
277.893,2189.50,13.85,1.71,120.00,122.69,50.25,83.24,131.40,84.16,67.50,86.00,14.36,41.50,136.64,17.65,6.00,1.00,21.75,0.00
278.043,2189.50,13.85,1.71,120.00,122.69,50.25,83.24,131.40,85.26,67.50,86.00,14.36,41.50,136.64,17.65,6.00,1.00,21.75,0.00
278.223,2189.50,13.85,1.71,120.00,122.69,50.25,83.24,131.40,85.26,66.00,86.00,14.36,41.50,136.64,17.65,6.00,1.00,21.75,0.00
278.374,2189.50,13.85,1.71,120.00,122.69,50.25,83.24,131.40,85.26,66.00,86.00,14.36,41.50,136.64,17.65,6.00,1.00,21.75,0.00
278.523,2189.50,13.85,1.71,120.00,122.69,50.25,83.24,131.40,85.26,66.00,86.00,14.36,41.50,136.64,17.65,6.00,1.00,21.75,0.00
278.673,2189.50,13.85,1.71,120.00,122.69,50.25,83.24,131.40,85.26,66.00,86.00,14.36,41.50,136.64,17.65,6.00,1.00,21.75,0.00
278.823,2189.50,13.85,1.71,120.00,122.69,50.25,83.24,131.40,85.26,66.00,86.00,14.36,41.50,136.52,17.65,6.00,1.00,21.75,0.00
278.974,2189.50,13.85,1.71,120.00,122.69,50.25,83.24,131.40,85.26,66.00,86.00,14.36,41.50,136.52,18.38,6.00,1.00,21.75,0.00
279.123,2189.50,13.85,1.71,120.00,122.69,50.25,83.24,131.40,85.26,66.00,86.00,14.36,41.50,136.52,18.38,6.00,1.00,21.75,0.00
279.274,2189.50,13.85,1.71,120.00,122.69,50.25,83.24,131.40,85.26,66.00,86.00,14.36,41.50,136.52,18.38,6.00,0.99,21.75,0.00
279.423,2189.50,13.85,1.71,120.00,122.69,50.25,83.24,131.40,85.26,66.00,86.00,14.36,41.50,136.52,18.38,6.00,0.99,18.00,0.00
279.574,2189.50,13.85,1.71,120.00,122.69,50.25,83.24,131.40,85.26,66.00,86.00,14.36,41.50,136.52,18.38,6.00,0.99,18.00,0.00
279.723,2192.00,13.85,1.71,120.00,122.69,50.25,83.24,131.40,85.26,66.00,86.00,14.36,41.50,136.52,18.38,6.00,0.99,18.00,0.00
279.874,2192.00,13.92,1.71,120.00,122.69,50.25,83.24,131.40,85.26,66.00,86.00,14.36,41.50,136.52,18.38,6.00,0.99,18.00,0.00
280.023,2192.00,13.92,2.40,120.00,122.69,50.25,83.24,131.40,85.26,66.00,86.00,14.36,41.50,136.52,18.38,6.00,0.99,18.00,0.00
280.174,2192.00,13.92,2.40,128.00,122.69,50.25,83.24,131.40,85.26,66.00,86.00,14.36,41.50,136.52,18.38,6.00,0.99,18.00,0.00
280.323,2192.00,13.92,2.40,128.00,126.00,50.25,83.24,131.40,85.26,66.00,86.00,14.36,41.50,136.52,18.38,6.00,0.99,18.00,0.00
280.473,2192.00,13.92,2.40,128.00,126.00,49.50,83.24,131.40,85.26,66.00,86.00,14.36,41.50,136.52,18.38,6.00,0.99,18.00,0.00
280.623,2192.00,13.92,2.40,128.00,126.00,49.50,83.85,131.40,85.26,66.00,86.00,14.36,41.50,136.52,18.38,6.00,0.99,18.00,0.00
280.774,2192.00,13.92,2.40,128.00,126.00,49.50,83.85,126.70,85.26,66.00,86.00,14.36,41.50,136.52,18.38,6.00,0.99,18.00,0.00
280.923,2192.00,13.92,2.40,128.00,126.00,49.50,83.85,126.70,88.26,66.00,86.00,14.36,41.50,136.52,18.38,6.00,0.99,18.00,0.00
281.074,2192.00,13.92,2.40,128.00,126.00,49.50,83.85,126.70,88.26,65.25,86.00,14.36,41.50,136.52,18.38,6.00,0.99,18.00,0.00
281.223,2192.00,13.92,2.40,128.00,126.00,49.50,83.85,126.70,88.26,65.25,86.00,14.36,41.50,136.52,18.38,6.00,0.99,18.00,0.00
281.375,2192.00,13.92,2.40,128.00,126.00,49.50,83.85,126.70,88.26,65.25,86.00,14.36,41.50,136.52,18.38,6.00,0.99,18.00,0.00
281.523,2192.00,13.92,2.40,128.00,126.00,49.50,83.85,126.70,88.26,65.25,86.00,14.36,41.00,136.52,18.38,6.00,0.99,18.00,0.00
281.675,2192.00,13.92,2.40,128.00,126.00,49.50,83.85,126.70,88.26,65.25,86.00,14.36,41.00,137.25,18.38,6.00,0.99,18.00,0.00
281.823,2192.00,13.92,2.40,128.00,126.00,49.50,83.85,126.70,88.26,65.25,86.00,14.36,41.00,137.25,18.37,6.00,0.99,18.00,0.00
281.974,2192.00,13.92,2.40,128.00,126.00,49.50,83.85,126.70,88.26,65.25,86.00,14.36,41.00,137.25,18.37,6.00,0.99,18.00,0.00
282.123,2192.00,13.92,2.40,128.00,126.00,49.50,83.85,126.70,88.26,65.25,86.00,14.36,41.00,137.25,18.37,6.00,0.99,18.00,0.00
282.273,2192.00,13.92,2.40,128.00,126.00,49.50,83.85,126.70,88.26,65.25,86.00,14.36,41.00,137.25,18.37,6.00,0.99,18.00,0.00
282.423,2192.00,13.92,2.40,128.00,126.00,49.50,83.85,126.70,88.26,65.25,86.00,14.36,41.00,137.25,18.37,6.00,0.99,18.00,0.00
282.575,2195.00,13.92,2.40,128.00,126.00,49.50,83.85,126.70,88.26,65.25,86.00,14.36,41.00,137.25,18.37,6.00,0.99,18.00,0.00
282.723,2195.00,13.88,2.40,128.00,126.00,49.50,83.85,126.70,88.26,65.25,86.00,14.36,41.00,137.25,18.37,6.00,0.99,18.00,0.00
282.875,2195.00,13.88,2.29,128.00,126.00,49.50,83.85,126.70,88.26,65.25,86.00,14.36,41.00,137.25,18.37,6.00,0.99,18.00,0.00
283.023,2195.00,13.88,2.29,128.00,126.00,49.50,83.85,126.70,88.26,65.25,86.00,14.36,41.00,137.25,18.37,6.00,0.99,18.00,0.00
283.174,2195.00,13.88,2.29,128.00,128.16,49.50,83.85,126.70,88.26,65.25,86.00,14.36,41.00,137.25,18.37,6.00,0.99,18.00,0.00
283.323,2195.00,13.88,2.29,128.00,128.16,50.25,83.85,126.70,88.26,65.25,86.00,14.36,41.00,137.25,18.37,6.00,0.99,18.00,0.00
283.475,2195.00,13.88,2.29,128.00,128.16,50.25,84.55,126.70,88.26,65.25,86.00,14.36,41.00,137.25,18.37,6.00,0.99,18.00,0.00
283.623,2195.00,13.88,2.29,128.00,128.16,50.25,84.55,132.00,88.26,65.25,86.00,14.36,41.00,137.25,18.37,6.00,0.99,18.00,0.00
283.775,2195.00,13.88,2.29,128.00,128.16,50.25,84.55,132.00,91.26,65.25,86.00,14.36,41.00,137.25,18.37,6.00,0.99,18.00,0.00
283.923,2195.00,13.88,2.29,128.00,128.16,50.25,84.55,132.00,91.26,64.50,86.00,14.36,41.00,137.25,18.37,6.00,0.99,18.00,0.00
284.073,2195.00,13.88,2.29,128.00,128.16,50.25,84.55,132.00,91.26,64.50,86.00,14.36,41.00,137.25,18.37,6.00,0.99,18.00,0.00
284.223,2195.00,13.88,2.29,128.00,128.16,50.25,84.55,132.00,91.26,64.50,86.00,14.36,41.00,137.25,18.37,6.00,0.99,18.00,0.00
284.375,2195.00,13.88,2.29,128.00,128.16,50.25,84.55,132.00,91.26,64.50,86.00,14.36,41.00,137.25,18.37,6.00,0.99,18.00,0.00
284.523,2195.00,13.88,2.29,128.00,128.16,50.25,84.55,132.00,91.26,64.50,86.00,14.36,41.00,137.07,18.37,6.00,0.99,18.00,0.00
284.674,2195.00,13.88,2.29,128.00,128.16,50.25,84.55,132.00,91.26,64.50,86.00,14.36,41.00,137.07,18.63,6.00,0.99,18.00,0.00
284.823,2195.00,13.88,2.29,128.00,128.16,50.25,84.55,132.00,91.26,64.50,86.00,14.36,41.00,137.07,18.63,6.00,0.99,18.00,0.00
284.974,2195.00,13.88,2.29,128.00,128.16,50.25,84.55,132.00,91.26,64.50,86.00,14.36,41.00,137.07,18.63,6.00,1.00,18.00,0.00
285.123,2195.00,13.88,2.29,128.00,128.16,50.25,84.55,132.00,91.26,64.50,86.00,14.36,41.00,137.07,18.63,6.00,1.00,15.00,0.00
285.275,2195.00,13.88,2.29,128.00,128.16,50.25,84.55,132.00,91.26,64.50,86.00,14.36,41.00,137.07,18.63,6.00,1.00,15.00,0.00
285.423,2195.00,13.88,2.29,128.00,128.16,50.25,84.55,132.00,91.26,64.50,86.00,14.36,41.00,137.07,18.63,6.00,1.00,15.00,0.00
285.574,2195.00,13.95,2.29,128.00,128.16,50.25,84.55,132.00,91.26,64.50,86.00,14.36,41.00,137.07,18.63,6.00,1.00,15.00,0.00
285.723,2195.00,13.95,2.48,128.00,128.16,50.25,84.55,132.00,91.26,64.50,86.00,14.36,41.00,137.07,18.63,6.00,1.00,15.00,0.00
285.903,2195.00,13.95,2.48,128.00,128.16,50.25,84.55,132.00,91.26,64.50,86.00,14.36,41.00,137.07,18.63,6.00,1.00,15.00,0.00
286.053,2195.00,13.95,2.48,128.00,131.16,50.25,84.55,132.00,91.26,64.50,86.00,14.36,41.00,137.07,18.63,6.00,1.00,15.00,0.00
286.203,2195.00,13.95,2.48,128.00,131.16,52.50,84.55,132.00,91.26,64.50,86.00,14.36,41.00,137.07,18.63,6.00,1.00,15.00,0.00
286.353,2195.00,13.95,2.48,128.00,131.16,52.50,84.95,132.00,91.26,64.50,86.00,14.36,41.00,137.07,18.63,6.00,1.00,15.00,0.00
286.503,2195.00,13.95,2.48,128.00,131.16,52.50,84.95,138.30,91.26,64.50,86.00,14.36,41.00,137.07,18.63,6.00,1.00,15.00,0.00
286.653,2195.00,13.95,2.48,128.00,131.16,52.50,84.95,138.30,93.86,64.50,86.00,14.36,41.00,137.07,18.63,6.00,1.00,15.00,0.00
286.803,2195.00,13.95,2.48,128.00,131.16,52.50,84.95,138.30,93.86,64.50,86.00,14.36,41.00,137.07,18.63,6.00,1.00,15.00,0.00
286.953,2195.00,13.95,2.48,128.00,131.16,52.50,84.95,138.30,93.86,64.50,86.00,14.36,41.00,137.07,18.63,6.00,1.00,15.00,0.00
287.103,2195.00,13.95,2.48,128.00,131.16,52.50,84.95,138.30,93.86,64.50,86.00,14.36,41.00,137.07,18.63,6.00,1.00,15.00,0.00
287.253,2195.00,13.95,2.48,128.00,131.16,52.50,84.95,138.30,93.86,64.50,86.00,14.36,41.00,137.07,18.63,6.00,1.00,15.00,0.00
287.403,2195.00,13.95,2.48,128.00,131.16,52.50,84.95,138.30,93.86,64.50,86.00,14.36,41.00,137.00,18.63,6.00,1.00,15.00,0.00
287.553,2195.00,13.95,2.48,128.00,131.16,52.50,84.95,138.30,93.86,64.50,86.00,14.36,41.00,137.00,19.57,6.00,1.00,15.00,0.00
287.703,2195.00,13.95,2.48,128.00,131.16,52.50,84.95,138.30,93.86,64.50,86.00,14.36,41.00,137.00,19.57,6.00,1.00,15.00,0.00
287.853,2195.00,13.95,2.48,128.00,131.16,52.50,84.95,138.30,93.86,64.50,86.00,14.36,41.00,137.00,19.57,6.00,0.99,15.00,0.00
288.003,2195.00,13.95,2.48,128.00,131.16,52.50,84.95,138.30,93.86,64.50,86.00,14.36,41.00,137.00,19.57,6.00,0.99,10.50,0.00
288.153,2195.00,13.95,2.48,128.00,131.16,52.50,84.95,138.30,93.86,64.50,86.00,14.36,41.00,137.00,19.57,6.00,0.99,10.50,0.00
288.303,2189.00,13.95,2.48,128.00,131.16,52.50,84.95,138.30,93.86,64.50,86.00,14.36,41.00,137.00,19.57,6.00,0.99,10.50,0.00
288.454,2189.00,14.04,2.48,128.00,131.16,52.50,84.95,138.30,93.86,64.50,86.00,14.36,41.00,137.00,19.57,6.00,0.99,10.50,0.00
288.603,2189.00,14.04,2.85,128.00,131.16,52.50,84.95,138.30,93.86,64.50,86.00,14.36,41.00,137.00,19.57,6.00,0.99,10.50,0.00
288.753,2189.00,14.04,2.85,144.00,131.16,52.50,84.95,138.30,93.86,64.50,86.00,14.36,41.00,137.00,19.57,6.00,0.99,10.50,0.00
288.903,2189.00,14.04,2.85,144.00,146.69,52.50,84.95,138.30,93.86,64.50,86.00,14.36,41.00,137.00,19.57,6.00,0.99,10.50,0.00
289.053,2189.00,14.04,2.85,144.00,146.69,57.00,84.95,138.30,93.86,64.50,86.00,14.36,41.00,137.00,19.57,6.00,0.99,10.50,0.00
289.203,2189.00,14.04,2.85,144.00,146.69,57.00,85.54,138.30,93.86,64.50,86.00,14.36,41.00,137.00,19.57,6.00,0.99,10.50,0.00
289.353,2189.00,14.04,2.85,144.00,146.69,57.00,85.54,147.20,93.86,64.50,86.00,14.36,41.00,137.00,19.57,6.00,0.99,10.50,0.00
289.503,2189.00,14.04,2.85,144.00,146.69,57.00,85.54,147.20,95.26,64.50,86.00,14.36,41.00,137.00,19.57,6.00,0.99,10.50,0.00
289.653,2189.00,14.04,2.85,144.00,146.69,57.00,85.54,147.20,95.26,61.50,86.00,14.36,41.00,137.00,19.57,6.00,0.99,10.50,0.00
289.803,2189.00,14.04,2.85,144.00,146.69,57.00,85.54,147.20,95.26,61.50,86.00,14.36,41.00,137.00,19.57,6.00,0.99,10.50,0.00
289.953,2189.00,14.04,2.85,144.00,146.69,57.00,85.54,147.20,95.26,61.50,86.00,14.36,41.00,137.00,19.57,6.00,0.99,10.50,0.00
290.103,2189.00,14.04,2.85,144.00,146.69,57.00,85.54,147.20,95.26,61.50,86.00,14.36,41.00,137.00,19.57,6.00,0.99,10.50,0.00
290.254,2189.00,14.04,2.85,144.00,146.69,57.00,85.54,147.20,95.26,61.50,86.00,14.36,41.00,136.89,19.57,6.00,0.99,10.50,0.00
290.403,2189.00,14.04,2.85,144.00,146.69,57.00,85.54,147.20,95.26,61.50,86.00,14.36,41.00,136.89,20.15,6.00,0.99,10.50,0.00
290.553,2189.00,14.04,2.85,144.00,146.69,57.00,85.54,147.20,95.26,61.50,86.00,14.36,41.00,136.89,20.15,6.00,0.99,10.50,0.00
290.703,2189.00,14.04,2.85,144.00,146.69,57.00,85.54,147.20,95.26,61.50,86.00,14.36,41.00,136.89,20.15,6.00,0.99,10.50,0.00
290.853,2189.00,14.04,2.85,144.00,146.69,57.00,85.54,147.20,95.26,61.50,86.00,14.36,41.00,136.89,20.15,6.00,0.99,9.00,0.00
291.003,2189.00,14.04,2.85,144.00,146.69,57.00,85.54,147.20,95.26,61.50,86.00,14.36,41.00,136.89,20.15,6.00,0.99,9.00,0.00
291.153,2194.00,14.04,2.85,144.00,146.69,57.00,85.54,147.20,95.26,61.50,86.00,14.36,41.00,136.89,20.15,6.00,0.99,9.00,0.00
291.303,2194.00,14.54,2.85,144.00,146.69,57.00,85.54,147.20,95.26,61.50,86.00,14.36,41.00,136.89,20.15,6.00,0.99,9.00,0.00
291.453,2194.00,14.54,3.11,144.00,146.69,57.00,85.54,147.20,95.26,61.50,86.00,14.36,41.00,136.89,20.15,6.00,0.99,9.00,0.00
291.603,2194.00,14.54,3.11,148.00,146.69,57.00,85.54,147.20,95.26,61.50,86.00,14.36,41.00,136.89,20.15,6.00,0.99,9.00,0.00
291.753,2194.00,14.54,3.11,148.00,148.72,57.00,85.54,147.20,95.26,61.50,86.00,14.36,41.00,136.89,20.15,6.00,0.99,9.00,0.00
291.903,2194.00,14.54,3.11,148.00,148.72,57.75,85.54,147.20,95.26,61.50,86.00,14.36,41.00,136.89,20.15,6.00,0.99,9.00,0.00
292.054,2194.00,14.54,3.11,148.00,148.72,57.75,86.15,147.20,95.26,61.50,86.00,14.36,41.00,136.89,20.15,6.00,0.99,9.00,0.00
292.203,2194.00,14.54,3.11,148.00,148.72,57.75,86.15,146.20,95.26,61.50,86.00,14.36,41.00,136.89,20.15,6.00,0.99,9.00,0.00
292.353,2194.00,14.54,3.11,148.00,148.72,57.75,86.15,146.20,95.56,61.50,86.00,14.36,41.00,136.89,20.15,6.00,0.99,9.00,0.00
292.503,2194.00,14.54,3.11,148.00,148.72,57.75,86.15,146.20,95.56,56.25,86.00,14.36,41.00,136.89,20.15,6.00,0.99,9.00,0.00
292.653,2194.00,14.54,3.11,148.00,148.72,57.75,86.15,146.20,95.56,56.25,86.00,14.36,41.00,136.89,20.15,6.00,0.99,9.00,0.00
292.803,2194.00,14.54,3.11,148.00,148.72,57.75,86.15,146.20,95.56,56.25,86.00,14.36,41.00,136.89,20.15,6.00,0.99,9.00,0.00
292.953,2194.00,14.54,3.11,148.00,148.72,57.75,86.15,146.20,95.56,56.25,86.00,14.36,41.00,136.89,20.15,6.00,0.99,9.00,0.00
293.103,2194.00,14.54,3.11,148.00,148.72,57.75,86.15,146.20,95.56,56.25,86.00,14.36,41.00,137.15,20.15,6.00,0.99,9.00,0.00
293.253,2194.00,14.54,3.11,148.00,148.72,57.75,86.15,146.20,95.56,56.25,86.00,14.36,41.00,137.15,19.16,6.00,0.99,9.00,0.00
293.403,2194.00,14.54,3.11,148.00,148.72,57.75,86.15,146.20,95.56,56.25,86.00,14.36,41.00,137.15,19.16,6.00,0.99,9.00,0.00
293.585,2194.00,14.54,3.11,148.00,148.72,57.75,86.15,146.20,95.56,56.25,86.00,14.36,41.00,137.15,19.16,6.00,0.99,9.00,0.00
293.734,2194.00,14.54,3.11,148.00,148.72,57.75,86.15,146.20,95.56,56.25,86.00,14.36,41.00,137.15,19.16,6.00,0.99,8.25,0.00
293.884,2194.00,14.54,3.11,148.00,148.72,57.75,86.15,146.20,95.56,56.25,86.00,14.36,41.00,137.15,19.16,6.00,0.99,8.25,0.00
294.033,2198.50,14.54,3.11,148.00,148.72,57.75,86.15,146.20,95.56,56.25,86.00,14.36,41.00,137.15,19.16,6.00,0.99,8.25,0.00
294.186,2198.50,13.94,3.11,148.00,148.72,57.75,86.15,146.20,95.56,56.25,86.00,14.36,41.00,137.15,19.16,6.00,0.99,8.25,0.00
294.333,2198.50,13.94,2.86,148.00,148.72,57.75,86.15,146.20,95.56,56.25,86.00,14.36,41.00,137.15,19.16,6.00,0.99,8.25,0.00
294.486,2198.50,13.94,2.86,136.00,148.72,57.75,86.15,146.20,95.56,56.25,86.00,14.36,41.00,137.15,19.16,6.00,0.99,8.25,0.00
294.633,2198.50,13.94,2.86,136.00,137.59,57.75,86.15,146.20,95.56,56.25,86.00,14.36,41.00,137.15,19.16,6.00,0.99,8.25,0.00
294.786,2198.50,13.94,2.86,136.00,137.59,54.00,86.15,146.20,95.56,56.25,86.00,14.36,41.00,137.15,19.16,6.00,0.99,8.25,0.00
294.933,2198.50,13.94,2.86,136.00,137.59,54.00,86.76,146.20,95.56,56.25,86.00,14.36,41.00,137.15,19.16,6.00,0.99,8.25,0.00
295.085,2198.50,13.94,2.86,136.00,137.59,54.00,86.76,140.90,95.56,56.25,86.00,14.36,41.00,137.15,19.16,6.00,0.99,8.25,0.00
295.234,2198.50,13.94,2.86,136.00,137.59,54.00,86.76,140.90,94.16,56.25,86.00,14.36,41.00,137.15,19.16,6.00,0.99,8.25,0.00
295.384,2198.50,13.94,2.86,136.00,137.59,54.00,86.76,140.90,94.16,55.50,86.00,14.36,41.00,137.15,19.16,6.00,0.99,8.25,0.00
295.533,2198.50,13.94,2.86,136.00,137.59,54.00,86.76,140.90,94.16,55.50,87.00,14.36,41.00,137.15,19.16,6.00,0.99,8.25,0.00
295.686,2198.50,13.94,2.86,136.00,137.59,54.00,86.76,140.90,94.16,55.50,87.00,14.36,41.00,137.15,19.16,6.00,0.99,8.25,0.00
295.833,2198.50,13.94,2.86,136.00,137.59,54.00,86.76,140.90,94.16,55.50,87.00,14.36,41.00,137.15,19.16,6.00,0.99,8.25,0.00
295.986,2198.50,13.94,2.86,136.00,137.59,54.00,86.76,140.90,94.16,55.50,87.00,14.36,41.00,137.31,19.16,6.00,0.99,8.25,0.00
296.134,2198.50,13.94,2.86,136.00,137.59,54.00,86.76,140.90,94.16,55.50,87.00,14.36,41.00,137.31,19.01,6.00,0.99,8.25,0.00
296.285,2198.50,13.94,2.86,136.00,137.59,54.00,86.76,140.90,94.16,55.50,87.00,14.36,41.00,137.31,19.01,6.00,0.99,8.25,0.00
296.433,2198.50,13.94,2.86,136.00,137.59,54.00,86.76,140.90,94.16,55.50,87.00,14.36,41.00,137.31,19.01,6.00,1.00,8.25,0.00
296.585,2198.50,13.94,2.86,136.00,137.59,54.00,86.76,140.90,94.16,55.50,87.00,14.36,41.00,137.31,19.01,6.00,1.00,15.00,0.00
296.733,2198.50,13.94,2.86,136.00,137.59,54.00,86.76,140.90,94.16,55.50,87.00,14.36,41.00,137.31,19.01,6.00,1.00,15.00,0.00
296.886,2197.50,13.94,2.86,136.00,137.59,54.00,86.76,140.90,94.16,55.50,87.00,14.36,41.00,137.31,19.01,6.00,1.00,15.00,0.00
297.033,2197.50,13.94,2.86,136.00,137.59,54.00,86.76,140.90,94.16,55.50,87.00,14.36,41.00,137.31,19.01,6.00,1.00,15.00,0.00
297.183,2197.50,13.94,2.65,136.00,137.59,54.00,86.76,140.90,94.16,55.50,87.00,14.36,41.00,137.31,19.01,6.00,1.00,15.00,0.00
297.333,2197.50,13.94,2.65,128.00,137.59,54.00,86.76,140.90,94.16,55.50,87.00,14.36,41.00,137.31,19.01,6.00,1.00,15.00,0.00
297.486,2197.50,13.94,2.65,128.00,131.34,54.00,86.76,140.90,94.16,55.50,87.00,14.36,41.00,137.31,19.01,6.00,1.00,15.00,0.00
297.633,2197.50,13.94,2.65,128.00,131.34,51.75,86.76,140.90,94.16,55.50,87.00,14.36,41.00,137.31,19.01,6.00,1.00,15.00,0.00
297.784,2197.50,13.94,2.65,128.00,131.34,51.75,86.85,140.90,94.16,55.50,87.00,14.36,41.00,137.31,19.01,6.00,1.00,15.00,0.00
297.934,2197.50,13.94,2.65,128.00,131.34,51.75,86.85,134.20,94.16,55.50,87.00,14.36,41.00,137.31,19.01,6.00,1.00,15.00,0.00
298.086,2197.50,13.94,2.65,128.00,131.34,51.75,86.85,134.20,92.36,55.50,87.00,14.36,41.00,137.31,19.01,6.00,1.00,15.00,0.00
298.233,2197.50,13.94,2.65,128.00,131.34,51.75,86.85,134.20,92.36,59.25,87.00,14.36,41.00,137.31,19.01,6.00,1.00,15.00,0.00
298.386,2197.50,13.94,2.65,128.00,131.34,51.75,86.85,134.20,92.36,59.25,87.00,14.36,41.00,137.31,19.01,6.00,1.00,15.00,0.00
298.533,2197.50,13.94,2.65,128.00,131.34,51.75,86.85,134.20,92.36,59.25,87.00,14.35,41.00,137.31,19.01,6.00,1.00,15.00,0.00
298.685,2197.50,13.94,2.65,128.00,131.34,51.75,86.85,134.20,92.36,59.25,87.00,14.35,41.00,137.31,19.01,6.00,1.00,15.00,0.00
298.833,2197.50,13.94,2.65,128.00,131.34,51.75,86.85,134.20,92.36,59.25,87.00,14.35,41.00,137.39,19.01,6.00,1.00,15.00,0.00
298.986,2197.50,13.94,2.65,128.00,131.34,51.75,86.85,134.20,92.36,59.25,87.00,14.35,41.00,137.39,18.41,6.00,1.00,15.00,0.00
299.134,2197.50,13.94,2.65,128.00,131.34,51.75,86.85,134.20,92.36,59.25,87.00,14.35,41.00,137.39,18.41,6.00,1.00,15.00,0.00
299.285,2197.50,13.94,2.65,128.00,131.34,51.75,86.85,134.20,92.36,59.25,87.00,14.35,41.00,137.39,18.41,6.00,0.99,15.00,0.00
299.434,2197.50,13.94,2.65,128.00,131.34,51.75,86.85,134.20,92.36,59.25,87.00,14.35,41.00,137.39,18.41,6.00,0.99,15.75,0.00
299.586,2197.50,13.94,2.65,128.00,131.34,51.75,86.85,134.20,92.36,59.25,87.00,14.35,41.00,137.39,18.41,6.00,0.99,15.75,0.00
299.733,2201.50,13.94,2.65,128.00,131.34,51.75,86.85,134.20,92.36,59.25,87.00,14.35,41.00,137.39,18.41,6.00,0.99,15.75,0.00
299.884,2201.50,13.82,2.65,128.00,131.34,51.75,86.85,134.20,92.36,59.25,87.00,14.35,41.00,137.39,18.41,6.00,0.99,15.75,0.00
300.034,2201.50,13.82,2.43,128.00,131.34,51.75,86.85,134.20,92.36,59.25,87.00,14.35,41.00,137.39,18.41,6.00,0.99,15.75,0.00
300.186,2201.50,13.82,2.43,124.00,131.34,51.75,86.85,134.20,92.36,59.25,87.00,14.35,41.00,137.39,18.41,6.00,0.99,15.75,0.00
300.334,2201.50,13.82,2.43,124.00,124.94,51.75,86.85,134.20,92.36,59.25,87.00,14.35,41.00,137.39,18.41,6.00,0.99,15.75,0.00
300.486,2201.50,13.82,2.43,124.00,124.94,48.75,86.85,134.20,92.36,59.25,87.00,14.35,41.00,137.39,18.41,6.00,0.99,15.75,0.00
300.634,2201.50,13.82,2.43,124.00,124.94,48.75,86.76,134.20,92.36,59.25,87.00,14.35,41.00,137.39,18.41,6.00,0.99,15.75,0.00
300.786,2201.50,13.82,2.43,124.00,124.94,48.75,86.76,125.30,92.36,59.25,87.00,14.35,41.00,137.39,18.41,6.00,0.99,15.75,0.00
300.934,2201.50,13.82,2.43,124.00,124.94,48.75,86.76,125.30,91.56,59.25,87.00,14.35,41.00,137.39,18.41,6.00,0.99,15.75,0.00
301.086,2201.50,13.82,2.43,124.00,124.94,48.75,86.76,125.30,91.56,62.25,87.00,14.35,41.00,137.39,18.41,6.00,0.99,15.75,0.00
301.265,2201.50,13.82,2.43,124.00,124.94,48.75,86.76,125.30,91.56,62.25,87.00,14.35,41.00,137.39,18.41,6.00,0.99,15.75,0.00
301.414,2201.50,13.82,2.43,124.00,124.94,48.75,86.76,125.30,91.56,62.25,87.00,14.35,41.00,137.39,18.41,6.00,0.99,15.75,0.00
301.566,2201.50,13.82,2.43,124.00,124.94,48.75,86.76,125.30,91.56,62.25,87.00,14.35,41.00,137.39,18.41,6.00,0.99,15.75,0.00
301.714,2201.50,13.82,2.43,124.00,124.94,48.75,86.76,125.30,91.56,62.25,87.00,14.35,41.00,137.45,18.41,6.00,0.99,15.75,0.00
301.866,2201.50,13.82,2.43,124.00,124.94,48.75,86.76,125.30,91.56,62.25,87.00,14.35,41.00,137.45,18.35,6.00,0.99,15.75,0.00
302.013,2201.50,13.82,2.43,124.00,124.94,48.75,86.76,125.30,91.56,62.25,87.00,14.35,41.00,137.45,18.35,6.00,0.99,15.75,0.00
302.163,2201.50,13.82,2.43,124.00,124.94,48.75,86.76,125.30,91.56,62.25,87.00,14.35,41.00,137.45,18.35,6.00,1.00,15.75,0.00
302.314,2201.50,13.82,2.43,124.00,124.94,48.75,86.76,125.30,91.56,62.25,87.00,14.35,41.00,137.45,18.35,6.00,1.00,14.25,0.00
302.466,2201.50,13.82,2.43,124.00,124.94,48.75,86.76,125.30,91.56,62.25,87.00,14.35,41.00,137.45,18.35,6.00,1.00,14.25,0.00
302.613,2195.00,13.82,2.43,124.00,124.94,48.75,86.76,125.30,91.56,62.25,87.00,14.35,41.00,137.45,18.35,6.00,1.00,14.25,0.00
302.766,2195.00,13.88,2.43,124.00,124.94,48.75,86.76,125.30,91.56,62.25,87.00,14.35,41.00,137.45,18.35,6.00,1.00,14.25,0.00
302.913,2195.00,13.88,2.28,124.00,124.94,48.75,86.76,125.30,91.56,62.25,87.00,14.35,41.00,137.45,18.35,6.00,1.00,14.25,0.00
303.065,2195.00,13.88,2.28,124.00,124.94,48.75,86.76,125.30,91.56,62.25,87.00,14.35,41.00,137.45,18.35,6.00,1.00,14.25,0.00
303.213,2195.00,13.88,2.28,124.00,123.06,48.75,86.76,125.30,91.56,62.25,87.00,14.35,41.00,137.45,18.35,6.00,1.00,14.25,0.00
303.363,2195.00,13.88,2.28,124.00,123.06,48.75,86.76,125.30,91.56,62.25,87.00,14.35,41.00,137.45,18.35,6.00,1.00,14.25,0.00
303.513,2195.00,13.88,2.28,124.00,123.06,48.75,86.45,125.30,91.56,62.25,87.00,14.35,41.00,137.45,18.35,6.00,1.00,14.25,0.00
303.666,2195.00,13.88,2.28,124.00,123.06,48.75,86.45,125.40,91.56,62.25,87.00,14.35,41.00,137.45,18.35,6.00,1.00,14.25,0.00
303.814,2195.00,13.88,2.28,124.00,123.06,48.75,86.45,125.40,91.36,62.25,87.00,14.35,41.00,137.45,18.35,6.00,1.00,14.25,0.00
303.966,2195.00,13.88,2.28,124.00,123.06,48.75,86.45,125.40,91.36,63.75,87.00,14.35,41.00,137.45,18.35,6.00,1.00,14.25,0.00
304.113,2195.00,13.88,2.28,124.00,123.06,48.75,86.45,125.40,91.36,63.75,87.00,14.35,41.00,137.45,18.35,6.00,1.00,14.25,0.00
304.263,2195.00,13.88,2.28,124.00,123.06,48.75,86.45,125.40,91.36,63.75,87.00,14.35,41.00,137.45,18.35,6.00,1.00,14.25,0.00
304.414,2195.00,13.88,2.28,124.00,123.06,48.75,86.45,125.40,91.36,63.75,87.00,14.35,41.50,137.45,18.35,6.00,1.00,14.25,0.00
304.566,2195.00,13.88,2.28,124.00,123.06,48.75,86.45,125.40,91.36,63.75,87.00,14.35,41.50,137.46,18.35,6.00,1.00,14.25,0.00
304.714,2195.00,13.88,2.28,124.00,123.06,48.75,86.45,125.40,91.36,63.75,87.00,14.35,41.50,137.46,18.02,6.00,1.00,14.25,0.00
304.866,2195.00,13.88,2.28,124.00,123.06,48.75,86.45,125.40,91.36,63.75,87.00,14.35,41.50,137.46,18.02,6.00,1.00,14.25,0.00
305.013,2195.00,13.88,2.28,124.00,123.06,48.75,86.45,125.40,91.36,63.75,87.00,14.35,41.50,137.46,18.02,6.00,1.00,14.25,0.00
305.166,2195.00,13.88,2.28,124.00,123.06,48.75,86.45,125.40,91.36,63.75,87.00,14.35,41.50,137.46,18.02,6.00,1.00,19.50,0.00
305.314,2195.00,13.88,2.28,124.00,123.06,48.75,86.45,125.40,91.36,63.75,87.00,14.35,41.50,137.46,18.02,6.00,1.00,19.50,0.00
305.463,2198.50,13.88,2.28,124.00,123.06,48.75,86.45,125.40,91.36,63.75,87.00,14.35,41.50,137.46,18.02,6.00,1.00,19.50,0.00
305.643,2198.50,13.78,2.28,124.00,123.06,48.75,86.45,125.40,91.36,63.75,87.00,14.35,41.50,137.46,18.02,6.00,1.00,19.50,0.00
305.793,2198.50,13.78,1.99,124.00,123.06,48.75,86.45,125.40,91.36,63.75,87.00,14.35,41.50,137.46,18.02,6.00,1.00,19.50,0.00
305.944,2198.50,13.78,1.99,116.00,123.06,48.75,86.45,125.40,91.36,63.75,87.00,14.35,41.50,137.46,18.02,6.00,1.00,19.50,0.00
306.093,2198.50,13.78,1.99,116.00,116.50,48.75,86.45,125.40,91.36,63.75,87.00,14.35,41.50,137.46,18.02,6.00,1.00,19.50,0.00
306.244,2198.50,13.78,1.99,116.00,116.50,45.75,86.45,125.40,91.36,63.75,87.00,14.35,41.50,137.46,18.02,6.00,1.00,19.50,0.00
306.394,2198.50,13.78,1.99,116.00,116.50,45.75,85.96,125.40,91.36,63.75,87.00,14.35,41.50,137.46,18.02,6.00,1.00,19.50,0.00
306.544,2198.50,13.78,1.99,116.00,116.50,45.75,85.96,118.60,91.36,63.75,87.00,14.35,41.50,137.46,18.02,6.00,1.00,19.50,0.00
306.694,2198.50,13.78,1.99,116.00,116.50,45.75,85.96,118.60,91.56,63.75,87.00,14.35,41.50,137.46,18.02,6.00,1.00,19.50,0.00
306.844,2198.50,13.78,1.99,116.00,116.50,45.75,85.96,118.60,91.56,63.00,87.00,14.35,41.50,137.46,18.02,6.00,1.00,19.50,0.00
306.994,2198.50,13.78,1.99,116.00,116.50,45.75,85.96,118.60,91.56,63.00,87.00,14.35,41.50,137.46,18.02,6.00,1.00,19.50,0.00
307.144,2198.50,13.78,1.99,116.00,116.50,45.75,85.96,118.60,91.56,63.00,87.00,14.35,41.50,137.46,18.02,6.00,1.00,19.50,0.00
307.293,2198.50,13.78,1.99,116.00,116.50,45.75,85.96,118.60,91.56,63.00,87.00,14.35,41.50,137.46,18.02,6.00,1.00,19.50,0.00
307.444,2198.50,13.78,1.99,116.00,116.50,45.75,85.96,118.60,91.56,63.00,87.00,14.35,41.50,137.52,18.02,6.00,1.00,19.50,0.00
307.594,2198.50,13.78,1.99,116.00,116.50,45.75,85.96,118.60,91.56,63.00,87.00,14.35,41.50,137.52,18.07,6.00,1.00,19.50,0.00
307.775,2198.50,13.78,1.99,116.00,116.50,45.75,85.96,118.60,91.56,63.00,87.00,14.35,41.50,137.52,18.07,6.00,1.00,19.50,0.00
307.924,2198.50,13.78,1.99,116.00,116.50,45.75,85.96,118.60,91.56,63.00,87.00,14.35,41.50,137.52,18.07,6.00,0.99,19.50,0.00
308.075,2198.50,13.78,1.99,116.00,116.50,45.75,85.96,118.60,91.56,63.00,87.00,14.35,41.50,137.52,18.07,6.00,0.99,22.50,0.00
308.224,2198.50,13.78,1.99,116.00,116.50,45.75,85.96,118.60,91.56,63.00,87.00,14.35,41.50,137.52,18.07,6.00,0.99,22.50,0.00
308.375,2202.50,13.78,1.99,116.00,116.50,45.75,85.96,118.60,91.56,63.00,87.00,14.35,41.50,137.52,18.07,6.00,0.99,22.50,0.00
308.524,2202.50,13.73,1.99,116.00,116.50,45.75,85.96,118.60,91.56,63.00,87.00,14.35,41.50,137.52,18.07,6.00,0.99,22.50,0.00
308.674,2202.50,13.73,1.80,116.00,116.50,45.75,85.96,118.60,91.56,63.00,87.00,14.35,41.50,137.52,18.07,6.00,0.99,22.50,0.00
308.825,2202.50,13.73,1.80,112.00,116.50,45.75,85.96,118.60,91.56,63.00,87.00,14.35,41.50,137.52,18.07,6.00,0.99,22.50,0.00
308.975,2202.50,13.73,1.80,112.00,109.34,45.75,85.96,118.60,91.56,63.00,87.00,14.35,41.50,137.52,18.07,6.00,0.99,22.50,0.00
309.124,2202.50,13.73,1.80,112.00,109.34,42.75,85.96,118.60,91.56,63.00,87.00,14.35,41.50,137.52,18.07,6.00,0.99,22.50,0.00
309.274,2202.50,13.73,1.80,112.00,109.34,42.75,85.44,118.60,91.56,63.00,87.00,14.35,41.50,137.52,18.07,6.00,0.99,22.50,0.00
309.424,2202.50,13.73,1.80,112.00,109.34,42.75,85.44,110.50,91.56,63.00,87.00,14.35,41.50,137.52,18.07,6.00,0.99,22.50,0.00
309.575,2202.50,13.73,1.80,112.00,109.34,42.75,85.44,110.50,92.06,63.00,87.00,14.35,41.50,137.52,18.07,6.00,0.99,22.50,0.00
309.724,2202.50,13.73,1.80,112.00,109.34,42.75,85.44,110.50,92.06,62.25,87.00,14.35,41.50,137.52,18.07,6.00,0.99,22.50,0.00
309.875,2202.50,13.73,1.80,112.00,109.34,42.75,85.44,110.50,92.06,62.25,87.00,14.35,41.50,137.52,18.07,6.00,0.99,22.50,0.00
310.024,2202.50,13.73,1.80,112.00,109.34,42.75,85.44,110.50,92.06,62.25,87.00,14.35,41.50,137.52,18.07,6.00,0.99,22.50,0.00
310.174,2202.50,13.73,1.80,112.00,109.34,42.75,85.44,110.50,92.06,62.25,87.00,14.35,41.50,137.52,18.07,6.00,0.99,22.50,0.00
310.324,2202.50,13.73,1.80,112.00,109.34,42.75,85.44,110.50,92.06,62.25,87.00,14.35,41.50,137.62,18.07,6.00,0.99,22.50,0.00
310.475,2202.50,13.73,1.80,112.00,109.34,42.75,85.44,110.50,92.06,62.25,87.00,14.35,41.50,137.62,17.13,6.00,0.99,22.50,0.00
310.623,2202.50,13.73,1.80,112.00,109.34,42.75,85.44,110.50,92.06,62.25,87.00,14.35,41.50,137.62,17.13,6.00,0.99,22.50,0.00
310.775,2202.50,13.73,1.80,112.00,109.34,42.75,85.44,110.50,92.06,62.25,87.00,14.35,41.50,137.62,17.13,6.00,1.00,22.50,0.00
310.924,2202.50,13.73,1.80,112.00,109.34,42.75,85.44,110.50,92.06,62.25,87.00,14.35,41.50,137.62,17.13,6.00,1.00,23.25,0.00
311.075,2202.50,13.73,1.80,112.00,109.34,42.75,85.44,110.50,92.06,62.25,87.00,14.35,41.50,137.62,17.13,6.00,1.00,23.25,0.00
311.224,2205.50,13.73,1.80,112.00,109.34,42.75,85.44,110.50,92.06,62.25,87.00,14.35,41.50,137.62,17.13,6.00,1.00,23.25,0.00
311.375,2205.50,13.62,1.80,112.00,109.34,42.75,85.44,110.50,92.06,62.25,87.00,14.35,41.50,137.62,17.13,6.00,1.00,23.25,0.00
311.524,2205.50,13.62,1.28,112.00,109.34,42.75,85.44,110.50,92.06,62.25,87.00,14.35,41.50,137.62,17.13,6.00,1.00,23.25,0.00
311.675,2205.50,13.62,1.28,96.00,109.34,42.75,85.44,110.50,92.06,62.25,87.00,14.35,41.50,137.62,17.13,6.00,1.00,23.25,0.00
311.824,2205.50,13.62,1.28,96.00,95.28,42.75,85.44,110.50,92.06,62.25,87.00,14.35,41.50,137.62,17.13,6.00,1.00,23.25,0.00
311.975,2205.50,13.62,1.28,96.00,95.28,38.25,85.44,110.50,92.06,62.25,87.00,14.35,41.50,137.62,17.13,6.00,1.00,23.25,0.00
312.123,2205.50,13.62,1.28,96.00,95.28,38.25,84.65,110.50,92.06,62.25,87.00,14.35,41.50,137.62,17.13,6.00,1.00,23.25,0.00
312.274,2205.50,13.62,1.28,96.00,95.28,38.25,84.65,99.00,92.06,62.25,87.00,14.35,41.50,137.62,17.13,6.00,1.00,23.25,0.00
312.424,2205.50,13.62,1.28,96.00,95.28,38.25,84.65,99.00,92.26,62.25,87.00,14.35,41.50,137.62,17.13,6.00,1.00,23.25,0.00
312.575,2205.50,13.62,1.28,96.00,95.28,38.25,84.65,99.00,92.26,61.50,87.00,14.35,41.50,137.62,17.13,6.00,1.00,23.25,0.00
312.724,2205.50,13.62,1.28,96.00,95.28,38.25,84.65,99.00,92.26,61.50,87.00,14.35,41.50,137.62,17.13,6.00,1.00,23.25,0.00
312.904,2205.50,13.62,1.28,96.00,95.28,38.25,84.65,99.00,92.26,61.50,87.00,14.35,41.50,137.62,17.13,6.00,1.00,23.25,0.00
313.054,2205.50,13.62,1.28,96.00,95.28,38.25,84.65,99.00,92.26,61.50,87.00,14.35,41.50,137.62,17.13,6.00,1.00,23.25,0.00
313.204,2205.50,13.62,1.28,96.00,95.28,38.25,84.65,99.00,92.26,61.50,87.00,14.35,41.50,137.61,17.13,6.00,1.00,23.25,0.00
313.354,2205.50,13.62,1.28,96.00,95.28,38.25,84.65,99.00,92.26,61.50,87.00,14.35,41.50,137.61,17.35,6.00,1.00,23.25,0.00
313.504,2205.50,13.62,1.28,96.00,95.28,38.25,84.65,99.00,92.26,61.50,87.00,14.35,41.50,137.61,17.35,6.00,1.00,23.25,0.00
313.654,2205.50,13.62,1.28,96.00,95.28,38.25,84.65,99.00,92.26,61.50,87.00,14.35,41.50,137.61,17.35,6.00,1.00,23.25,0.00
313.804,2205.50,13.62,1.28,96.00,95.28,38.25,84.65,99.00,92.26,61.50,87.00,14.35,41.50,137.61,17.35,6.00,1.00,24.00,0.00
313.954,2205.50,13.62,1.28,96.00,95.28,38.25,84.65,99.00,92.26,61.50,87.00,14.35,41.50,137.61,17.35,6.00,1.00,24.00,0.00
314.104,2203.50,13.62,1.28,96.00,95.28,38.25,84.65,99.00,92.26,61.50,87.00,14.35,41.50,137.61,17.35,6.00,1.00,24.00,0.00
314.254,2203.50,13.56,1.28,96.00,95.28,38.25,84.65,99.00,92.26,61.50,87.00,14.35,41.50,137.61,17.35,6.00,1.00,24.00,0.00
314.404,2203.50,13.56,1.02,96.00,95.28,38.25,84.65,99.00,92.26,61.50,87.00,14.35,41.50,137.61,17.35,6.00,1.00,24.00,0.00
314.554,2203.50,13.56,1.02,96.00,95.28,38.25,84.65,99.00,92.26,61.50,87.00,14.35,41.50,137.61,17.35,6.00,1.00,24.00,0.00
314.703,2203.50,13.56,1.02,96.00,93.88,38.25,84.65,99.00,92.26,61.50,87.00,14.35,41.50,137.61,17.35,6.00,1.00,24.00,0.00
314.854,2203.50,13.56,1.02,96.00,93.88,36.75,84.65,99.00,92.26,61.50,87.00,14.35,41.50,137.61,17.35,6.00,1.00,24.00,0.00
315.004,2203.50,13.56,1.02,96.00,93.88,36.75,83.45,99.00,92.26,61.50,87.00,14.35,41.50,137.61,17.35,6.00,1.00,24.00,0.00
315.154,2203.50,13.56,1.02,96.00,93.88,36.75,83.45,96.60,92.26,61.50,87.00,14.35,41.50,137.61,17.35,6.00,1.00,24.00,0.00
315.334,2203.50,13.56,1.02,96.00,93.88,36.75,83.45,96.60,92.26,61.50,87.00,14.35,41.50,137.61,17.35,6.00,1.00,24.00,0.00
315.486,2203.50,13.56,1.02,96.00,93.88,36.75,83.45,96.60,92.26,60.75,87.00,14.35,41.50,137.61,17.35,6.00,1.00,24.00,0.00
315.634,2203.50,13.56,1.02,96.00,93.88,36.75,83.45,96.60,92.26,60.75,87.00,14.35,41.50,137.61,17.35,6.00,1.00,24.00,0.00
315.786,2203.50,13.56,1.02,96.00,93.88,36.75,83.45,96.60,92.26,60.75,87.00,14.35,41.50,137.61,17.35,6.00,1.00,24.00,0.00
315.934,2203.50,13.56,1.02,96.00,93.88,36.75,83.45,96.60,92.26,60.75,87.00,14.35,41.50,137.61,17.35,6.00,1.00,24.00,0.00
316.086,2203.50,13.56,1.02,96.00,93.88,36.75,83.45,96.60,92.26,60.75,87.00,14.35,41.50,137.53,17.35,6.00,1.00,24.00,0.00
316.234,2203.50,13.56,1.02,96.00,93.88,36.75,83.45,96.60,92.26,60.75,87.00,14.35,41.50,137.53,16.77,6.00,1.00,24.00,0.00
316.386,2203.50,13.56,1.02,96.00,93.88,36.75,83.45,96.60,92.26,60.75,87.00,14.35,41.50,137.53,16.77,6.00,1.00,24.00,0.00
316.534,2203.50,13.56,1.02,96.00,93.88,36.75,83.45,96.60,92.26,60.75,87.00,14.35,41.50,137.53,16.77,6.00,0.99,24.00,0.00
316.686,2203.50,13.56,1.02,96.00,93.88,36.75,83.45,96.60,92.26,60.75,87.00,14.35,41.50,137.53,16.77,6.00,0.99,25.50,0.00
316.834,2203.50,13.56,1.02,96.00,93.88,36.75,83.45,96.60,92.26,60.75,87.00,14.35,41.50,137.53,16.77,6.00,0.99,25.50,0.00
316.983,2206.00,13.56,1.02,96.00,93.88,36.75,83.45,96.60,92.26,60.75,87.00,14.35,41.50,137.53,16.77,6.00,0.99,25.50,0.00
317.134,2206.00,13.61,1.02,96.00,93.88,36.75,83.45,96.60,92.26,60.75,87.00,14.35,41.50,137.53,16.77,6.00,0.99,25.50,0.00
317.283,2206.00,13.61,0.79,96.00,93.88,36.75,83.45,96.60,92.26,60.75,87.00,14.35,41.50,137.53,16.77,6.00,0.99,25.50,0.00
317.434,2206.00,13.61,0.79,88.00,93.88,36.75,83.45,96.60,92.26,60.75,87.00,14.35,41.50,137.53,16.77,6.00,0.99,25.50,0.00
317.586,2206.00,13.61,0.79,88.00,84.78,36.75,83.45,96.60,92.26,60.75,87.00,14.35,41.50,137.53,16.77,6.00,0.99,25.50,0.00
317.734,2206.00,13.61,0.79,88.00,84.78,35.25,83.45,96.60,92.26,60.75,87.00,14.35,41.50,137.53,16.77,6.00,0.99,25.50,0.00
317.886,2206.00,13.61,0.79,88.00,84.78,35.25,82.26,96.60,92.26,60.75,87.00,14.35,41.50,137.53,16.77,6.00,0.99,25.50,0.00
318.034,2206.00,13.61,0.79,88.00,84.78,35.25,82.26,93.20,92.26,60.75,87.00,14.35,41.50,137.53,16.77,6.00,0.99,25.50,0.00
318.186,2206.00,13.61,0.79,88.00,84.78,35.25,82.26,93.20,91.96,60.75,87.00,14.35,41.50,137.53,16.77,6.00,0.99,25.50,0.00
318.334,2206.00,13.61,0.79,88.00,84.78,35.25,82.26,93.20,91.96,60.00,87.00,14.35,41.50,137.53,16.77,6.00,0.99,25.50,0.00
318.484,2206.00,13.61,0.79,88.00,84.78,35.25,82.26,93.20,91.96,60.00,87.00,14.35,41.50,137.53,16.77,6.00,0.99,25.50,0.00
318.634,2206.00,13.61,0.79,88.00,84.78,35.25,82.26,93.20,91.96,60.00,87.00,14.35,41.50,137.53,16.77,6.00,0.99,25.50,0.00
318.786,2206.00,13.61,0.79,88.00,84.78,35.25,82.26,93.20,91.96,60.00,87.00,14.35,41.50,137.53,16.77,6.00,0.99,25.50,0.00
318.934,2206.00,13.61,0.79,88.00,84.78,35.25,82.26,93.20,91.96,60.00,87.00,14.35,41.50,137.49,16.77,6.00,0.99,25.50,0.00
319.086,2206.00,13.61,0.79,88.00,84.78,35.25,82.26,93.20,91.96,60.00,87.00,14.35,41.50,137.49,17.52,6.00,0.99,25.50,0.00
319.234,2206.00,13.61,0.79,88.00,84.78,35.25,82.26,93.20,91.96,60.00,87.00,14.35,41.50,137.49,17.52,6.00,0.99,25.50,0.00
319.386,2206.00,13.61,0.79,88.00,84.78,35.25,82.26,93.20,91.96,60.00,87.00,14.35,41.50,137.49,17.52,6.00,1.00,25.50,0.00
319.534,2206.00,13.61,0.79,88.00,84.78,35.25,82.26,93.20,91.96,60.00,87.00,14.35,41.50,137.49,17.52,6.00,1.00,24.00,0.00
319.686,2206.00,13.61,0.79,88.00,84.78,35.25,82.26,93.20,91.96,60.00,87.00,14.35,41.50,137.49,17.52,6.00,1.00,24.00,0.00
319.834,2200.00,13.61,0.79,88.00,84.78,35.25,82.26,93.20,91.96,60.00,87.00,14.35,41.50,137.49,17.52,6.00,1.00,24.00,0.00
319.986,2200.00,13.62,0.79,88.00,84.78,35.25,82.26,93.20,91.96,60.00,87.00,14.35,41.50,137.49,17.52,6.00,1.00,24.00,0.00
320.134,2200.00,13.62,0.98,88.00,84.78,35.25,82.26,93.20,91.96,60.00,87.00,14.35,41.50,137.49,17.52,6.00,1.00,24.00,0.00
320.286,2200.00,13.62,0.98,92.00,84.78,35.25,82.26,93.20,91.96,60.00,87.00,14.35,41.50,137.49,17.52,6.00,1.00,24.00,0.00
320.466,2200.00,13.62,0.98,92.00,91.91,35.25,82.26,93.20,91.96,60.00,87.00,14.35,41.50,137.49,17.52,6.00,1.00,24.00,0.00
320.614,2200.00,13.62,0.98,92.00,91.91,35.25,82.26,93.20,91.96,60.00,87.00,14.35,41.50,137.49,17.52,6.00,1.00,24.00,0.00
320.764,2200.00,13.62,0.98,92.00,91.91,35.25,81.25,93.20,91.96,60.00,87.00,14.35,41.50,137.49,17.52,6.00,1.00,24.00,0.00
320.914,2200.00,13.62,0.98,92.00,91.91,35.25,81.25,90.40,91.96,60.00,87.00,14.35,41.50,137.49,17.52,6.00,1.00,24.00,0.00
321.066,2200.00,13.62,0.98,92.00,91.91,35.25,81.25,90.40,91.76,60.00,87.00,14.35,41.50,137.49,17.52,6.00,1.00,24.00,0.00
321.214,2200.00,13.62,0.98,92.00,91.91,35.25,81.25,90.40,91.76,60.75,87.00,14.35,41.50,137.49,17.52,6.00,1.00,24.00,0.00
321.366,2200.00,13.62,0.98,92.00,91.91,35.25,81.25,90.40,91.76,60.75,87.00,14.35,41.50,137.49,17.52,6.00,1.00,24.00,0.00
321.514,2200.00,13.62,0.98,92.00,91.91,35.25,81.25,90.40,91.76,60.75,87.00,14.35,41.50,137.49,17.52,6.00,1.00,24.00,0.00
321.664,2200.00,13.62,0.98,92.00,91.91,35.25,81.25,90.40,91.76,60.75,87.00,14.35,41.50,137.49,17.52,6.00,1.00,24.00,0.00
321.814,2200.00,13.62,0.98,92.00,91.91,35.25,81.25,90.40,91.76,60.75,87.00,14.35,41.50,137.53,17.52,6.00,1.00,24.00,0.00
321.966,2200.00,13.62,0.98,92.00,91.91,35.25,81.25,90.40,91.76,60.75,87.00,14.35,41.50,137.53,17.18,6.00,1.00,24.00,0.00
322.114,2200.00,13.62,0.98,92.00,91.91,35.25,81.25,90.40,91.76,60.75,87.00,14.35,41.50,137.53,17.18,6.00,1.00,24.00,0.00
322.264,2200.00,13.62,0.98,92.00,91.91,35.25,81.25,90.40,91.76,60.75,87.00,14.35,41.50,137.53,17.18,6.00,1.00,24.00,0.00
322.414,2200.00,13.62,0.98,92.00,91.91,35.25,81.25,90.40,91.76,60.75,87.00,14.35,41.50,137.53,17.18,6.00,1.00,25.50,0.00
322.566,2200.00,13.62,0.98,92.00,91.91,35.25,81.25,90.40,91.76,60.75,87.00,14.35,41.50,137.53,17.18,6.00,1.00,25.50,0.00
322.714,2204.00,13.62,0.98,92.00,91.91,35.25,81.25,90.40,91.76,60.75,87.00,14.35,41.50,137.53,17.18,6.00,1.00,25.50,0.00
322.866,2204.00,13.62,0.98,92.00,91.91,35.25,81.25,90.40,91.76,60.75,87.00,14.35,41.50,137.53,17.18,6.00,1.00,25.50,0.00
323.014,2204.00,13.62,0.75,92.00,91.91,35.25,81.25,90.40,91.76,60.75,87.00,14.35,41.50,137.53,17.18,6.00,1.00,25.50,0.00
323.164,2204.00,13.62,0.75,88.00,91.91,35.25,81.25,90.40,91.76,60.75,87.00,14.35,41.50,137.53,17.18,6.00,1.00,25.50,0.00
323.314,2204.00,13.62,0.75,88.00,91.53,35.25,81.25,90.40,91.76,60.75,87.00,14.35,41.50,137.53,17.18,6.00,1.00,25.50,0.00
323.464,2204.00,13.62,0.75,88.00,91.53,35.25,81.25,90.40,91.76,60.75,87.00,14.35,41.50,137.53,17.18,6.00,1.00,25.50,0.00
323.614,2204.00,13.62,0.75,88.00,91.53,35.25,80.45,90.40,91.76,60.75,87.00,14.35,41.50,137.53,17.18,6.00,1.00,25.50,0.00
323.766,2204.00,13.62,0.75,88.00,91.53,35.25,80.45,90.90,91.76,60.75,87.00,14.35,41.50,137.53,17.18,6.00,1.00,25.50,0.00
323.914,2204.00,13.62,0.75,88.00,91.53,35.25,80.45,90.90,91.46,60.75,87.00,14.35,41.50,137.53,17.18,6.00,1.00,25.50,0.00
324.066,2204.00,13.62,0.75,88.00,91.53,35.25,80.45,90.90,91.46,60.75,87.00,14.35,41.50,137.53,17.18,6.00,1.00,25.50,0.00
324.214,2204.00,13.62,0.75,88.00,91.53,35.25,80.45,90.90,91.46,60.75,87.00,14.35,41.50,137.53,17.18,6.00,1.00,25.50,0.00
324.364,2204.00,13.62,0.75,88.00,91.53,35.25,80.45,90.90,91.46,60.75,87.00,14.35,41.50,137.53,17.18,6.00,1.00,25.50,0.00
324.514,2204.00,13.62,0.75,88.00,91.53,35.25,80.45,90.90,91.46,60.75,87.00,14.35,41.50,137.53,17.18,6.00,1.00,25.50,0.00
324.666,2204.00,13.62,0.75,88.00,91.53,35.25,80.45,90.90,91.46,60.75,87.00,14.35,41.50,137.16,17.18,6.00,1.00,25.50,0.00
324.814,2204.00,13.62,0.75,88.00,91.53,35.25,80.45,90.90,91.46,60.75,87.00,14.35,41.50,137.16,18.15,6.00,1.00,25.50,0.00
324.964,2204.00,13.62,0.75,88.00,91.53,35.25,80.45,90.90,91.46,60.75,87.00,14.35,41.50,137.16,18.15,6.00,1.00,25.50,0.00
325.113,2204.00,13.62,0.75,88.00,91.53,35.25,80.45,90.90,91.46,60.75,87.00,14.35,41.50,137.16,18.15,6.00,1.00,25.50,0.00
325.266,2204.00,13.62,0.75,88.00,91.53,35.25,80.45,90.90,91.46,60.75,87.00,14.35,41.50,137.16,18.15,6.00,1.00,23.25,0.00
325.414,2204.00,13.62,0.75,88.00,91.53,35.25,80.45,90.90,91.46,60.75,87.00,14.35,41.50,137.16,18.15,6.00,1.00,23.25,0.00
325.566,2191.00,13.62,0.75,88.00,91.53,35.25,80.45,90.90,91.46,60.75,87.00,14.35,41.50,137.16,18.15,6.00,1.00,23.25,0.00
325.714,2191.00,13.69,0.75,88.00,91.53,35.25,80.45,90.90,91.46,60.75,87.00,14.35,41.50,137.16,18.15,6.00,1.00,23.25,0.00
325.866,2191.00,13.69,1.21,88.00,91.53,35.25,80.45,90.90,91.46,60.75,87.00,14.35,41.50,137.16,18.15,6.00,1.00,23.25,0.00
326.014,2191.00,13.69,1.21,108.00,91.53,35.25,80.45,90.90,91.46,60.75,87.00,14.35,41.50,137.16,18.15,6.00,1.00,23.25,0.00
326.166,2191.00,13.69,1.21,108.00,109.16,35.25,80.45,90.90,91.46,60.75,87.00,14.35,41.50,137.16,18.15,6.00,1.00,23.25,0.00
326.314,2191.00,13.69,1.21,108.00,109.16,43.50,80.45,90.90,91.46,60.75,87.00,14.35,41.50,137.16,18.15,6.00,1.00,23.25,0.00
326.464,2191.00,13.69,1.21,108.00,109.16,43.50,79.75,90.90,91.46,60.75,87.00,14.35,41.50,137.16,18.15,6.00,1.00,23.25,0.00
326.614,2191.00,13.69,1.21,108.00,109.16,43.50,79.75,111.60,91.46,60.75,87.00,14.35,41.50,137.16,18.15,6.00,1.00,23.25,0.00
326.766,2191.00,13.69,1.21,108.00,109.16,43.50,79.75,111.60,91.16,60.75,87.00,14.35,41.50,137.16,18.15,6.00,1.00,23.25,0.00
326.914,2191.00,13.69,1.21,108.00,109.16,43.50,79.75,111.60,91.16,60.75,87.00,14.35,41.50,137.16,18.15,6.00,1.00,23.25,0.00
327.066,2191.00,13.69,1.21,108.00,109.16,43.50,79.75,111.60,91.16,60.75,87.00,14.35,41.50,137.16,18.15,6.00,1.00,23.25,0.00
327.214,2191.00,13.69,1.21,108.00,109.16,43.50,79.75,111.60,91.16,60.75,87.00,14.35,41.50,137.16,18.15,6.00,1.00,23.25,0.00
327.366,2191.00,13.69,1.21,108.00,109.16,43.50,79.75,111.60,91.16,60.75,87.00,14.35,41.50,137.16,18.15,6.00,1.00,23.25,0.00
327.514,2191.00,13.69,1.21,108.00,109.16,43.50,79.75,111.60,91.16,60.75,87.00,14.35,41.50,136.68,18.15,6.00,1.00,23.25,0.00
327.666,2191.00,13.69,1.21,108.00,109.16,43.50,79.75,111.60,91.16,60.75,87.00,14.35,41.50,136.68,18.29,6.00,1.00,23.25,0.00
327.814,2191.00,13.69,1.21,108.00,109.16,43.50,79.75,111.60,91.16,60.75,87.00,14.35,41.50,136.68,18.29,6.00,1.00,23.25,0.00
327.964,2191.00,13.69,1.21,108.00,109.16,43.50,79.75,111.60,91.16,60.75,87.00,14.35,41.50,136.68,18.29,6.00,0.99,23.25,0.00
328.144,2191.00,13.69,1.21,108.00,109.16,43.50,79.75,111.60,91.16,60.75,87.00,14.35,41.50,136.68,18.29,6.00,0.99,22.50,0.00
328.294,2191.00,13.69,1.21,108.00,109.16,43.50,79.75,111.60,91.16,60.75,87.00,14.35,41.50,136.68,18.29,6.00,0.99,22.50,0.00
328.443,2190.50,13.69,1.21,108.00,109.16,43.50,79.75,111.60,91.16,60.75,87.00,14.35,41.50,136.68,18.29,6.00,0.99,22.50,0.00
328.594,2190.50,13.76,1.21,108.00,109.16,43.50,79.75,111.60,91.16,60.75,87.00,14.35,41.50,136.68,18.29,6.00,0.99,22.50,0.00
328.743,2190.50,13.76,1.66,108.00,109.16,43.50,79.75,111.60,91.16,60.75,87.00,14.35,41.50,136.68,18.29,6.00,0.99,22.50,0.00
328.895,2190.50,13.76,1.66,112.00,109.16,43.50,79.75,111.60,91.16,60.75,87.00,14.35,41.50,136.68,18.29,6.00,0.99,22.50,0.00
329.044,2190.50,13.76,1.66,112.00,112.50,43.50,79.75,111.60,91.16,60.75,87.00,14.35,41.50,136.68,18.29,6.00,0.99,22.50,0.00
329.194,2190.50,13.76,1.66,112.00,112.50,45.00,79.75,111.60,91.16,60.75,87.00,14.35,41.50,136.68,18.29,6.00,0.99,22.50,0.00
329.344,2190.50,13.76,1.66,112.00,112.50,45.00,80.05,111.60,91.16,60.75,87.00,14.35,41.50,136.68,18.29,6.00,0.99,22.50,0.00
329.494,2190.50,13.76,1.66,112.00,112.50,45.00,80.05,106.00,91.16,60.75,87.00,14.35,41.50,136.68,18.29,6.00,0.99,22.50,0.00
329.644,2190.50,13.76,1.66,112.00,112.50,45.00,80.05,106.00,91.06,60.75,87.00,14.35,41.50,136.68,18.29,6.00,0.99,22.50,0.00
329.794,2190.50,13.76,1.66,112.00,112.50,45.00,80.05,106.00,91.06,60.00,87.00,14.35,41.50,136.68,18.29,6.00,0.99,22.50,0.00
329.944,2190.50,13.76,1.66,112.00,112.50,45.00,80.05,106.00,91.06,60.00,87.00,14.35,41.50,136.68,18.29,6.00,0.99,22.50,0.00
330.094,2190.50,13.76,1.66,112.00,112.50,45.00,80.05,106.00,91.06,60.00,87.00,14.36,41.50,136.68,18.29,6.00,0.99,22.50,0.00
330.244,2190.50,13.76,1.66,112.00,112.50,45.00,80.05,106.00,91.06,60.00,87.00,14.36,41.50,136.68,18.29,6.00,0.99,22.50,0.00
330.394,2190.50,13.76,1.66,112.00,112.50,45.00,80.05,106.00,91.06,60.00,87.00,14.36,41.50,136.32,18.29,6.00,0.99,22.50,0.00
330.544,2190.50,13.76,1.66,112.00,112.50,45.00,80.05,106.00,91.06,60.00,87.00,14.36,41.50,136.32,16.88,6.00,0.99,22.50,0.00
330.694,2190.50,13.76,1.66,112.00,112.50,45.00,80.05,106.00,91.06,60.00,87.00,14.36,41.50,136.32,16.88,6.00,0.99,22.50,0.00
330.844,2190.50,13.76,1.66,112.00,112.50,45.00,80.05,106.00,91.06,60.00,87.00,14.36,41.50,136.32,16.88,6.00,1.00,22.50,0.00
330.994,2190.50,13.76,1.66,112.00,112.50,45.00,80.05,106.00,91.06,60.00,87.00,14.36,41.50,136.32,16.88,6.00,1.00,24.00,0.00
331.144,2190.50,13.76,1.66,112.00,112.50,45.00,80.05,106.00,91.06,60.00,87.00,14.36,41.50,136.32,16.88,6.00,1.00,24.00,0.00
331.294,2178.00,13.76,1.66,112.00,112.50,45.00,80.05,106.00,91.06,60.00,87.00,14.36,41.50,136.32,16.88,6.00,1.00,24.00,0.00
331.444,2178.00,13.62,1.66,112.00,112.50,45.00,80.05,106.00,91.06,60.00,87.00,14.36,41.50,136.32,16.88,6.00,1.00,24.00,0.00
331.593,2178.00,13.62,1.10,112.00,112.50,45.00,80.05,106.00,91.06,60.00,87.00,14.36,41.50,136.32,16.88,6.00,1.00,24.00,0.00
331.744,2178.00,13.62,1.10,92.00,112.50,45.00,80.05,106.00,91.06,60.00,87.00,14.36,41.50,136.32,16.88,6.00,1.00,24.00,0.00
331.924,2178.00,13.62,1.10,92.00,89.06,45.00,80.05,106.00,91.06,60.00,87.00,14.36,41.50,136.32,16.88,6.00,1.00,24.00,0.00
332.104,2178.00,13.62,1.10,92.00,89.06,36.00,80.05,106.00,91.06,60.00,87.00,14.36,41.50,136.32,16.88,6.00,1.00,24.00,0.00
332.254,2178.00,13.62,1.10,92.00,89.06,36.00,80.45,106.00,91.06,60.00,87.00,14.36,41.50,136.32,16.88,6.00,1.00,24.00,0.00
332.404,2178.00,13.62,1.10,92.00,89.06,36.00,80.45,94.10,91.06,60.00,87.00,14.36,41.50,136.32,16.88,6.00,1.00,24.00,0.00
332.554,2178.00,13.62,1.10,92.00,89.06,36.00,80.45,94.10,91.26,60.00,87.00,14.36,41.50,136.32,16.88,6.00,1.00,24.00,0.00
332.704,2178.00,13.62,1.10,92.00,89.06,36.00,80.45,94.10,91.26,59.25,87.00,14.36,41.50,136.32,16.88,6.00,1.00,24.00,0.00
332.854,2178.00,13.62,1.10,92.00,89.06,36.00,80.45,94.10,91.26,59.25,87.00,14.36,41.50,136.32,16.88,6.00,1.00,24.00,0.00
333.004,2178.00,13.62,1.10,92.00,89.06,36.00,80.45,94.10,91.26,59.25,87.00,14.36,41.50,136.32,16.88,6.00,1.00,24.00,0.00
333.154,2178.00,13.62,1.10,92.00,89.06,36.00,80.45,94.10,91.26,59.25,87.00,14.36,41.50,136.32,16.88,6.00,1.00,24.00,0.00
333.304,2178.00,13.62,1.10,92.00,89.06,36.00,80.45,94.10,91.26,59.25,87.00,14.36,41.50,135.20,16.88,6.00,1.00,24.00,0.00
333.454,2178.00,13.62,1.10,92.00,89.06,36.00,80.45,94.10,91.26,59.25,87.00,14.36,41.50,135.20,17.59,6.00,1.00,24.00,0.00
333.604,2178.00,13.62,1.10,92.00,89.06,36.00,80.45,94.10,91.26,59.25,87.00,14.36,41.50,135.20,17.59,6.00,1.00,24.00,0.00
333.754,2178.00,13.62,1.10,92.00,89.06,36.00,80.45,94.10,91.26,59.25,87.00,14.36,41.50,135.20,17.59,6.00,0.99,24.00,0.00
333.904,2178.00,13.62,1.10,92.00,89.06,36.00,80.45,94.10,91.26,59.25,87.00,14.36,41.50,135.20,17.59,6.00,0.99,24.00,0.00
334.054,2178.00,13.62,1.10,92.00,89.06,36.00,80.45,94.10,91.26,59.25,87.00,14.36,41.50,135.20,17.59,6.00,0.99,24.00,0.00
334.204,2156.00,13.62,1.10,92.00,89.06,36.00,80.45,94.10,91.26,59.25,87.00,14.36,41.50,135.20,17.59,6.00,0.99,24.00,0.00
334.354,2156.00,13.62,1.10,92.00,89.06,36.00,80.45,94.10,91.26,59.25,87.00,14.36,41.50,135.20,17.59,6.00,0.99,24.00,0.00
334.534,2156.00,13.62,0.90,92.00,89.06,36.00,80.45,94.10,91.26,59.25,87.00,14.36,41.50,135.20,17.59,6.00,0.99,24.00,0.00
334.686,2156.00,13.62,0.90,92.00,89.06,36.00,80.45,94.10,91.26,59.25,87.00,14.36,41.50,135.20,17.59,6.00,0.99,24.00,0.00
334.834,2156.00,13.62,0.90,92.00,93.62,36.00,80.45,94.10,91.26,59.25,87.00,14.36,41.50,135.20,17.59,6.00,0.99,24.00,0.00
334.986,2156.00,13.62,0.90,92.00,93.62,38.25,80.45,94.10,91.26,59.25,87.00,14.36,41.50,135.20,17.59,6.00,0.99,24.00,0.00
335.134,2156.00,13.62,0.90,92.00,93.62,38.25,80.05,94.10,91.26,59.25,87.00,14.36,41.50,135.20,17.59,6.00,0.99,24.00,0.00
335.286,2156.00,13.62,0.90,92.00,93.62,38.25,80.05,97.50,91.26,59.25,87.00,14.36,41.50,135.20,17.59,6.00,0.99,24.00,0.00
335.434,2156.00,13.62,0.90,92.00,93.62,38.25,80.05,97.50,91.46,59.25,87.00,14.36,41.50,135.20,17.59,6.00,0.99,24.00,0.00
335.586,2156.00,13.62,0.90,92.00,93.62,38.25,80.05,97.50,91.46,57.75,87.00,14.36,41.50,135.20,17.59,6.00,0.99,24.00,0.00
335.734,2156.00,13.62,0.90,92.00,93.62,38.25,80.05,97.50,91.46,57.75,87.00,14.36,41.50,135.20,17.59,6.00,0.99,24.00,0.00
335.884,2156.00,13.62,0.90,92.00,93.62,38.25,80.05,97.50,91.46,57.75,87.00,14.36,41.50,135.20,17.59,6.00,0.99,24.00,0.00
336.034,2156.00,13.62,0.90,92.00,93.62,38.25,80.05,97.50,91.46,57.75,87.00,14.36,42.00,135.20,17.59,6.00,0.99,24.00,0.00
336.186,2156.00,13.62,0.90,92.00,93.62,38.25,80.05,97.50,91.46,57.75,87.00,14.36,42.00,133.89,17.59,6.00,0.99,24.00,0.00
336.334,2156.00,13.62,0.90,92.00,93.62,38.25,80.05,97.50,91.46,57.75,87.00,14.36,42.00,133.89,17.91,6.00,0.99,24.00,0.00
336.486,2156.00,13.62,0.90,92.00,93.62,38.25,80.05,97.50,91.46,57.75,87.00,14.36,42.00,133.89,17.91,6.00,0.99,24.00,0.00
336.634,2156.00,13.62,0.90,92.00,93.62,38.25,80.05,97.50,91.46,57.75,87.00,14.36,42.00,133.89,17.91,6.00,0.99,24.00,0.00
336.786,2156.00,13.62,0.90,92.00,93.62,38.25,80.05,97.50,91.46,57.75,87.00,14.36,42.00,133.89,17.91,6.00,0.99,22.50,0.00
336.934,2156.00,13.62,0.90,92.00,93.62,38.25,80.05,97.50,91.46,57.75,87.00,14.36,42.00,133.89,17.91,6.00,0.99,22.50,0.00
337.086,2141.50,13.62,0.90,92.00,93.62,38.25,80.05,97.50,91.46,57.75,87.00,14.36,42.00,133.89,17.91,6.00,0.99,22.50,0.00
337.234,2141.50,13.66,0.90,92.00,93.62,38.25,80.05,97.50,91.46,57.75,87.00,14.36,42.00,133.89,17.91,6.00,0.99,22.50,0.00
337.386,2141.50,13.66,1.08,92.00,93.62,38.25,80.05,97.50,91.46,57.75,87.00,14.36,42.00,133.89,17.91,6.00,0.99,22.50,0.00
337.534,2141.50,13.66,1.08,96.00,93.62,38.25,80.05,97.50,91.46,57.75,87.00,14.36,42.00,133.89,17.91,6.00,0.99,22.50,0.00
337.686,2141.50,13.66,1.08,96.00,97.41,38.25,80.05,97.50,91.46,57.75,87.00,14.36,42.00,133.89,17.91,6.00,0.99,22.50,0.00
337.834,2141.50,13.66,1.08,96.00,97.41,40.50,80.05,97.50,91.46,57.75,87.00,14.36,42.00,133.89,17.91,6.00,0.99,22.50,0.00
337.984,2141.50,13.66,1.08,96.00,97.41,40.50,79.44,97.50,91.46,57.75,87.00,14.36,42.00,133.89,17.91,6.00,0.99,22.50,0.00
338.134,2141.50,13.66,1.08,96.00,97.41,40.50,79.44,100.50,91.46,57.75,87.00,14.36,42.00,133.89,17.91,6.00,0.99,22.50,0.00
338.286,2141.50,13.66,1.08,96.00,97.41,40.50,79.44,100.50,85.76,57.75,87.00,14.36,42.00,133.89,17.91,6.00,0.99,22.50,0.00
338.434,2141.50,13.66,1.08,96.00,97.41,40.50,79.44,100.50,85.76,69.75,87.00,14.36,42.00,133.89,17.91,6.00,0.99,22.50,0.00
338.586,2141.50,13.66,1.08,96.00,97.41,40.50,79.44,100.50,85.76,69.75,87.00,14.36,42.00,133.89,17.91,6.00,0.99,22.50,0.00
338.734,2141.50,13.66,1.08,96.00,97.41,40.50,79.44,100.50,85.76,69.75,87.00,14.36,42.00,133.89,17.91,6.00,0.99,22.50,0.00
338.886,2141.50,13.66,1.08,96.00,97.41,40.50,79.44,100.50,85.76,69.75,87.00,14.36,42.00,133.89,17.91,6.00,0.99,22.50,0.00
339.034,2141.50,13.66,1.08,96.00,97.41,40.50,79.44,100.50,85.76,69.75,87.00,14.36,42.00,133.42,17.91,6.00,0.99,22.50,0.00
339.186,2141.50,13.66,1.08,96.00,97.41,40.50,79.44,100.50,85.76,69.75,87.00,14.36,42.00,133.42,17.23,6.00,0.99,22.50,0.00
339.334,2141.50,13.66,1.08,96.00,97.41,40.50,79.44,100.50,85.76,69.75,87.00,14.36,42.00,133.42,17.23,6.00,0.99,22.50,0.00
339.486,2141.50,13.66,1.08,96.00,97.41,40.50,79.44,100.50,85.76,69.75,87.00,14.36,42.00,133.42,17.23,6.00,1.00,22.50,0.00
339.666,2141.50,13.66,1.08,96.00,97.41,40.50,79.44,100.50,85.76,69.75,87.00,14.36,42.00,133.42,17.23,6.00,1.00,24.00,0.00
339.814,2141.50,13.66,1.08,96.00,97.41,40.50,79.44,100.50,85.76,69.75,87.00,14.36,42.00,133.42,17.23,6.00,1.00,24.00,0.00
339.966,2133.00,13.66,1.08,96.00,97.41,40.50,79.44,100.50,85.76,69.75,87.00,14.36,42.00,133.42,17.23,6.00,1.00,24.00,0.00
340.114,2133.00,13.65,1.08,96.00,97.41,40.50,79.44,100.50,85.76,69.75,87.00,14.36,42.00,133.42,17.23,6.00,1.00,24.00,0.00
340.266,2133.00,13.65,1.00,96.00,97.41,40.50,79.44,100.50,85.76,69.75,87.00,14.36,42.00,133.42,17.23,6.00,1.00,24.00,0.00
340.414,2133.00,13.65,1.00,92.00,97.41,40.50,79.44,100.50,85.76,69.75,87.00,14.36,42.00,133.42,17.23,6.00,1.00,24.00,0.00
340.564,2133.00,13.65,1.00,92.00,86.72,40.50,79.44,100.50,85.76,69.75,87.00,14.36,42.00,133.42,17.23,6.00,1.00,24.00,0.00
340.714,2133.00,13.65,1.00,92.00,86.72,33.00,79.44,100.50,85.76,69.75,87.00,14.36,42.00,133.42,17.23,6.00,1.00,24.00,0.00
340.866,2133.00,13.65,1.00,92.00,86.72,33.00,79.26,100.50,85.76,69.75,87.00,14.36,42.00,133.42,17.23,6.00,1.00,24.00,0.00
341.014,2133.00,13.65,1.00,92.00,86.72,33.00,79.26,82.30,85.76,69.75,87.00,14.36,42.00,133.42,17.23,6.00,1.00,24.00,0.00
341.164,2133.00,13.65,1.00,92.00,86.72,33.00,79.26,82.30,82.46,69.75,87.00,14.36,42.00,133.42,17.23,6.00,1.00,24.00,0.00
341.314,2133.00,13.65,1.00,92.00,86.72,33.00,79.26,82.30,82.46,73.50,87.00,14.36,42.00,133.42,17.23,6.00,1.00,24.00,0.00
341.466,2133.00,13.65,1.00,92.00,86.72,33.00,79.26,82.30,82.46,73.50,87.00,14.36,42.00,133.42,17.23,6.00,1.00,24.00,0.00
341.614,2133.00,13.65,1.00,92.00,86.72,33.00,79.26,82.30,82.46,73.50,87.00,14.36,42.00,133.42,17.23,6.00,1.00,24.00,0.00
341.766,2133.00,13.65,1.00,92.00,86.72,33.00,79.26,82.30,82.46,73.50,87.00,14.36,42.00,133.42,17.23,6.00,1.00,24.00,0.00
341.914,2133.00,13.65,1.00,92.00,86.72,33.00,79.26,82.30,82.46,73.50,87.00,14.36,42.00,132.42,17.23,6.00,1.00,24.00,0.00
342.066,2133.00,13.65,1.00,92.00,86.72,33.00,79.26,82.30,82.46,73.50,87.00,14.36,42.00,132.42,17.10,6.00,1.00,24.00,0.00
342.214,2133.00,13.65,1.00,92.00,86.72,33.00,79.26,82.30,82.46,73.50,87.00,14.36,42.00,132.42,17.10,6.00,1.00,24.00,0.00
342.366,2133.00,13.65,1.00,92.00,86.72,33.00,79.26,82.30,82.46,73.50,87.00,14.36,42.00,132.42,17.10,6.00,1.00,24.00,0.00
342.514,2133.00,13.65,1.00,92.00,86.72,33.00,79.26,82.30,82.46,73.50,87.00,14.36,42.00,132.42,17.10,6.00,1.00,24.75,0.00
342.666,2133.00,13.65,1.00,92.00,86.72,33.00,79.26,82.30,82.46,73.50,87.00,14.36,42.00,132.42,17.10,6.00,1.00,24.75,0.00
342.814,2117.50,13.65,1.00,92.00,86.72,33.00,79.26,82.30,82.46,73.50,87.00,14.36,42.00,132.42,17.10,6.00,1.00,24.75,0.00
342.964,2117.50,13.62,1.00,92.00,86.72,33.00,79.26,82.30,82.46,73.50,87.00,14.36,42.00,132.42,17.10,6.00,1.00,24.75,0.00
343.114,2117.50,13.62,0.48,92.00,86.72,33.00,79.26,82.30,82.46,73.50,87.00,14.36,42.00,132.42,17.10,6.00,1.00,24.75,0.00
343.266,2117.50,13.62,0.48,84.00,86.72,33.00,79.26,82.30,82.46,73.50,87.00,14.36,42.00,132.42,17.10,6.00,1.00,24.75,0.00
343.414,2117.50,13.62,0.48,84.00,85.09,33.00,79.26,82.30,82.46,73.50,87.00,14.36,42.00,132.42,17.10,6.00,1.00,24.75,0.00
343.566,2117.50,13.62,0.48,84.00,85.09,35.25,79.26,82.30,82.46,73.50,87.00,14.36,42.00,132.42,17.10,6.00,1.00,24.75,0.00
343.714,2117.50,13.62,0.48,84.00,85.09,35.25,78.86,82.30,82.46,73.50,87.00,14.36,42.00,132.42,17.10,6.00,1.00,24.75,0.00
343.866,2117.50,13.62,0.48,84.00,85.09,35.25,78.86,89.00,82.46,73.50,87.00,14.36,42.00,132.42,17.10,6.00,1.00,24.75,0.00
344.014,2117.50,13.62,0.48,84.00,85.09,35.25,78.86,89.00,83.06,73.50,87.00,14.36,42.00,132.42,17.10,6.00,1.00,24.75,0.00
344.164,2117.50,13.62,0.48,84.00,85.09,35.25,78.86,89.00,83.06,72.00,87.00,14.36,42.00,132.42,17.10,6.00,1.00,24.75,0.00
344.314,2117.50,13.62,0.48,84.00,85.09,35.25,78.86,89.00,83.06,72.00,87.00,14.36,42.00,132.42,17.10,6.00,1.00,24.75,0.00
344.466,2117.50,13.62,0.48,84.00,85.09,35.25,78.86,89.00,83.06,72.00,87.00,14.36,42.00,132.42,17.10,6.00,1.00,24.75,0.00
344.614,2117.50,13.62,0.48,84.00,85.09,35.25,78.86,89.00,83.06,72.00,87.00,14.36,42.00,132.42,17.10,6.00,1.00,24.75,0.00
344.767,2117.50,13.62,0.48,84.00,85.09,35.25,78.86,89.00,83.06,72.00,87.00,14.36,42.00,131.62,17.10,6.00,1.00,24.75,0.00
344.914,2117.50,13.62,0.48,84.00,85.09,35.25,78.86,89.00,83.06,72.00,87.00,14.36,42.00,131.62,17.54,6.00,1.00,24.75,0.00
345.066,2117.50,13.62,0.48,84.00,85.09,35.25,78.86,89.00,83.06,72.00,87.00,14.36,42.00,131.62,17.54,6.00,1.00,24.75,0.00
345.214,2117.50,13.62,0.48,84.00,85.09,35.25,78.86,89.00,83.06,72.00,87.00,14.36,42.00,131.62,17.54,6.00,1.00,24.75,0.00
345.367,2117.50,13.62,0.48,84.00,85.09,35.25,78.86,89.00,83.06,72.00,87.00,14.36,42.00,131.62,17.54,6.00,1.00,24.00,0.00
345.514,2117.50,13.62,0.48,84.00,85.09,35.25,78.86,89.00,83.06,72.00,87.00,14.36,42.00,131.62,17.54,6.00,1.00,24.00,0.00
345.666,2102.50,13.62,0.48,84.00,85.09,35.25,78.86,89.00,83.06,72.00,87.00,14.36,42.00,131.62,17.54,6.00,1.00,24.00,0.00
345.814,2102.50,13.62,0.48,84.00,85.09,35.25,78.86,89.00,83.06,72.00,87.00,14.36,42.00,131.62,17.54,6.00,1.00,24.00,0.00
345.966,2102.50,13.62,0.68,84.00,85.09,35.25,78.86,89.00,83.06,72.00,87.00,14.36,42.00,131.62,17.54,6.00,1.00,24.00,0.00
346.114,2102.50,13.62,0.68,92.00,85.09,35.25,78.86,89.00,83.06,72.00,87.00,14.36,42.00,131.62,17.54,6.00,1.00,24.00,0.00
346.266,2102.50,13.62,0.68,92.00,90.16,35.25,78.86,89.00,83.06,72.00,87.00,14.36,42.00,131.62,17.54,6.00,1.00,24.00,0.00
346.414,2102.50,13.62,0.68,92.00,90.16,37.50,78.86,89.00,83.06,72.00,87.00,14.36,42.00,131.62,17.54,6.00,1.00,24.00,0.00
346.566,2102.50,13.62,0.68,92.00,90.16,37.50,78.25,89.00,83.06,72.00,87.00,14.36,42.00,131.62,17.54,6.00,1.00,24.00,0.00
346.714,2102.50,13.62,0.68,92.00,90.16,37.50,78.25,93.20,83.06,72.00,87.00,14.36,42.00,131.62,17.54,6.00,1.00,24.00,0.00
346.866,2102.50,13.62,0.68,92.00,90.16,37.50,78.25,93.20,83.86,72.00,87.00,14.36,42.00,131.62,17.54,6.00,1.00,24.00,0.00
347.014,2102.50,13.62,0.68,92.00,90.16,37.50,78.25,93.20,83.86,68.25,87.00,14.36,42.00,131.62,17.54,6.00,1.00,24.00,0.00
347.166,2102.50,13.62,0.68,92.00,90.16,37.50,78.25,93.20,83.86,68.25,87.00,14.36,42.00,131.62,17.54,6.00,1.00,24.00,0.00
347.344,2102.50,13.62,0.68,92.00,90.16,37.50,78.25,93.20,83.86,68.25,87.00,14.36,42.00,131.62,17.54,6.00,1.00,24.00,0.00
347.494,2102.50,13.62,0.68,92.00,90.16,37.50,78.25,93.20,83.86,68.25,87.00,14.36,41.50,131.62,17.54,6.00,1.00,24.00,0.00
347.644,2102.50,13.62,0.68,92.00,90.16,37.50,78.25,93.20,83.86,68.25,87.00,14.36,41.50,131.62,17.54,6.00,1.00,24.00,0.00
347.794,2102.50,13.62,0.68,92.00,90.16,37.50,78.25,93.20,83.86,68.25,87.00,14.36,41.50,131.62,16.02,6.00,1.00,24.00,0.00
347.944,2102.50,13.62,0.68,92.00,90.16,37.50,78.25,93.20,83.86,68.25,87.00,14.36,41.50,131.62,16.02,6.00,1.00,24.00,0.00
348.094,2102.50,13.62,0.68,92.00,90.16,37.50,78.25,93.20,83.86,68.25,87.00,14.36,41.50,131.62,16.02,6.00,0.99,24.00,0.00
348.244,2102.50,13.62,0.68,92.00,90.16,37.50,78.25,93.20,83.86,68.25,87.00,14.36,41.50,131.62,16.02,6.00,0.99,24.75,0.00
348.394,2102.50,13.62,0.68,92.00,90.16,37.50,78.25,93.20,83.86,68.25,87.00,14.36,41.50,131.62,16.02,6.00,0.99,24.75,0.00
348.544,2098.00,13.62,0.68,92.00,90.16,37.50,78.25,93.20,83.86,68.25,87.00,14.36,41.50,131.62,16.02,6.00,0.99,24.75,0.00
348.695,2098.00,13.62,0.68,92.00,90.16,37.50,78.25,93.20,83.86,68.25,87.00,14.36,41.50,131.62,16.02,6.00,0.99,24.75,0.00
348.904,2098.00,13.62,0.39,92.00,90.16,37.50,78.25,93.20,83.86,68.25,87.00,14.36,41.50,131.62,16.02,6.00,0.99,24.75,0.00
349.114,2098.00,13.62,0.39,76.00,90.16,37.50,78.25,93.20,83.86,68.25,87.00,14.36,41.50,131.62,16.02,6.00,0.99,24.75,0.00
349.266,2098.00,13.62,0.39,76.00,75.19,37.50,78.25,93.20,83.86,68.25,87.00,14.36,41.50,131.62,16.02,6.00,0.99,24.75,0.00
349.414,2098.00,13.62,0.39,76.00,75.19,31.50,78.25,93.20,83.86,68.25,87.00,14.36,41.50,131.62,16.02,6.00,0.99,24.75,0.00
349.566,2098.00,13.62,0.39,76.00,75.19,31.50,77.85,93.20,83.86,68.25,87.00,14.36,41.50,131.62,16.02,6.00,0.99,24.75,0.00
349.714,2098.00,13.62,0.39,76.00,75.19,31.50,77.85,81.00,83.86,68.25,87.00,14.36,41.50,131.62,16.02,6.00,0.99,24.75,0.00
349.894,2098.00,13.62,0.39,76.00,75.19,31.50,77.85,81.00,85.26,68.25,87.00,14.36,41.50,131.62,16.02,6.00,0.99,24.75,0.00
350.044,2098.00,13.62,0.39,76.00,75.19,31.50,77.85,81.00,85.26,66.00,87.00,14.36,41.50,131.62,16.02,6.00,0.99,24.75,0.00
350.194,2098.00,13.62,0.39,76.00,75.19,31.50,77.85,81.00,85.26,66.00,87.00,14.36,41.50,131.62,16.02,6.00,0.99,24.75,0.00
350.344,2098.00,13.62,0.39,76.00,75.19,31.50,77.85,81.00,85.26,66.00,87.00,14.36,41.50,131.62,16.02,6.00,0.99,24.75,0.00
350.494,2098.00,13.62,0.39,76.00,75.19,31.50,77.85,81.00,85.26,66.00,87.00,14.36,41.50,131.62,16.02,6.00,0.99,24.75,0.00
350.644,2098.00,13.62,0.39,76.00,75.19,31.50,77.85,81.00,85.26,66.00,87.00,14.36,41.50,130.10,16.02,6.00,0.99,24.75,0.00
350.794,2098.00,13.62,0.39,76.00,75.19,31.50,77.85,81.00,85.26,66.00,87.00,14.36,41.50,130.10,17.34,6.00,0.99,24.75,0.00
350.944,2098.00,13.62,0.39,76.00,75.19,31.50,77.85,81.00,85.26,66.00,87.00,14.36,41.50,130.10,17.34,6.00,0.99,24.75,0.00
351.094,2098.00,13.62,0.39,76.00,75.19,31.50,77.85,81.00,85.26,66.00,87.00,14.36,41.50,130.10,17.34,6.00,1.00,24.75,0.00
351.244,2098.00,13.62,0.39,76.00,75.19,31.50,77.85,81.00,85.26,66.00,87.00,14.36,41.50,130.10,17.34,6.00,1.00,24.75,0.00
351.394,2098.00,13.62,0.39,76.00,75.19,31.50,77.85,81.00,85.26,66.00,87.00,14.36,41.50,130.10,17.34,6.00,1.00,24.75,0.00
351.544,2079.00,13.62,0.39,76.00,75.19,31.50,77.85,81.00,85.26,66.00,87.00,14.36,41.50,130.10,17.34,6.00,1.00,24.75,0.00
351.694,2079.00,13.67,0.39,76.00,75.19,31.50,77.85,81.00,85.26,66.00,87.00,14.36,41.50,130.10,17.34,6.00,1.00,24.75,0.00
351.844,2079.00,13.67,0.30,76.00,75.19,31.50,77.85,81.00,85.26,66.00,87.00,14.36,41.50,130.10,17.34,6.00,1.00,24.75,0.00
351.994,2079.00,13.67,0.30,84.00,75.19,31.50,77.85,81.00,85.26,66.00,87.00,14.36,41.50,130.10,17.34,6.00,1.00,24.75,0.00
352.144,2079.00,13.67,0.30,84.00,81.50,31.50,77.85,81.00,85.26,66.00,87.00,14.36,41.50,130.10,17.34,6.00,1.00,24.75,0.00
352.294,2079.00,13.67,0.30,84.00,81.50,35.25,77.85,81.00,85.26,66.00,87.00,14.36,41.50,130.10,17.34,6.00,1.00,24.75,0.00
352.444,2079.00,13.67,0.30,84.00,81.50,35.25,77.05,81.00,85.26,66.00,87.00,14.36,41.50,130.10,17.34,6.00,1.00,24.75,0.00
352.594,2079.00,13.67,0.30,84.00,81.50,35.25,77.05,86.00,85.26,66.00,87.00,14.36,41.50,130.10,17.34,6.00,1.00,24.75,0.00
352.744,2079.00,13.67,0.30,84.00,81.50,35.25,77.05,86.00,87.96,66.00,87.00,14.36,41.50,130.10,17.34,6.00,1.00,24.75,0.00
352.894,2079.00,13.67,0.30,84.00,81.50,35.25,77.05,86.00,87.96,63.75,87.00,14.36,41.50,130.10,17.34,6.00,1.00,24.75,0.00
353.044,2079.00,13.67,0.30,84.00,81.50,35.25,77.05,86.00,87.96,63.75,87.00,14.36,41.50,130.10,17.34,6.00,1.00,24.75,0.00
353.314,2079.00,13.67,0.30,84.00,81.50,35.25,77.05,86.00,87.96,63.75,87.00,14.36,41.50,130.10,17.34,6.00,1.00,24.75,0.00
353.464,2079.00,13.67,0.30,84.00,81.50,35.25,77.05,86.00,87.96,63.75,87.00,14.36,41.50,130.10,17.34,6.00,1.00,24.75,0.00
353.614,2079.00,13.67,0.30,84.00,81.50,35.25,77.05,86.00,87.96,63.75,87.00,14.36,41.50,128.90,17.34,6.00,1.00,24.75,0.00
353.765,2079.00,13.67,0.30,84.00,81.50,35.25,77.05,86.00,87.96,63.75,87.00,14.36,41.50,128.90,17.13,6.00,1.00,24.75,0.00
353.914,2079.00,13.67,0.30,84.00,81.50,35.25,77.05,86.00,87.96,63.75,87.00,14.36,41.50,128.90,17.13,6.00,1.00,24.75,0.00
354.066,2079.00,13.67,0.30,84.00,81.50,35.25,77.05,86.00,87.96,63.75,87.00,14.36,41.50,128.90,17.13,6.00,1.00,24.75,0.00
354.214,2079.00,13.67,0.30,84.00,81.50,35.25,77.05,86.00,87.96,63.75,87.00,14.36,41.50,128.90,17.13,6.00,1.00,24.00,0.00
354.364,2079.00,13.67,0.30,84.00,81.50,35.25,77.05,86.00,87.96,63.75,87.00,14.36,41.50,128.90,17.13,6.00,1.00,24.00,0.00
354.514,2062.50,13.67,0.30,84.00,81.50,35.25,77.05,86.00,87.96,63.75,87.00,14.36,41.50,128.90,17.13,6.00,1.00,24.00,0.00
354.666,2062.50,13.65,0.30,84.00,81.50,35.25,77.05,86.00,87.96,63.75,87.00,14.36,41.50,128.90,17.13,6.00,1.00,24.00,0.00
354.814,2062.50,13.65,0.54,84.00,81.50,35.25,77.05,86.00,87.96,63.75,87.00,14.36,41.50,128.90,17.13,6.00,1.00,24.00,0.00
354.964,2062.50,13.65,0.54,88.00,81.50,35.25,77.05,86.00,87.96,63.75,87.00,14.36,41.50,128.90,17.13,6.00,1.00,24.00,0.00
355.144,2062.50,13.65,0.54,88.00,90.28,35.25,77.05,86.00,87.96,63.75,87.00,14.36,41.50,128.90,17.13,6.00,1.00,24.00,0.00
355.294,2062.50,13.65,0.54,88.00,90.28,39.00,77.05,86.00,87.96,63.75,87.00,14.36,41.50,128.90,17.13,6.00,1.00,24.00,0.00
355.444,2062.50,13.65,0.54,88.00,90.28,39.00,76.35,86.00,87.96,63.75,87.00,14.36,41.50,128.90,17.13,6.00,1.00,24.00,0.00
355.594,2062.50,13.65,0.54,88.00,90.28,39.00,76.35,94.20,87.96,63.75,87.00,14.36,41.50,128.90,17.13,6.00,1.00,24.00,0.00
355.744,2062.50,13.65,0.54,88.00,90.28,39.00,76.35,94.20,90.76,63.75,87.00,14.36,41.50,128.90,17.13,6.00,1.00,24.00,0.00
355.894,2062.50,13.65,0.54,88.00,90.28,39.00,76.35,94.20,90.76,63.00,87.00,14.36,41.50,128.90,17.13,6.00,1.00,24.00,0.00
356.044,2062.50,13.65,0.54,88.00,90.28,39.00,76.35,94.20,90.76,63.00,87.00,14.36,41.50,128.90,17.13,6.00,1.00,24.00,0.00
356.194,2062.50,13.65,0.54,88.00,90.28,39.00,76.35,94.20,90.76,63.00,87.00,14.36,41.50,128.90,17.13,6.00,1.00,24.00,0.00
356.344,2062.50,13.65,0.54,88.00,90.28,39.00,76.35,94.20,90.76,63.00,87.00,14.36,41.50,128.90,17.13,6.00,1.00,24.00,0.00
356.494,2062.50,13.65,0.54,88.00,90.28,39.00,76.35,94.20,90.76,63.00,87.00,14.36,41.50,128.44,17.13,6.00,1.00,24.00,0.00
356.644,2062.50,13.65,0.54,88.00,90.28,39.00,76.35,94.20,90.76,63.00,87.00,14.36,41.50,128.44,16.82,6.00,1.00,24.00,0.00
356.794,2062.50,13.65,0.54,88.00,90.28,39.00,76.35,94.20,90.76,63.00,87.00,14.36,41.50,128.44,16.82,6.00,1.00,24.00,0.00
356.944,2062.50,13.65,0.54,88.00,90.28,39.00,76.35,94.20,90.76,63.00,87.00,14.36,41.50,128.44,16.82,6.00,0.99,24.00,0.00
357.094,2062.50,13.65,0.54,88.00,90.28,39.00,76.35,94.20,90.76,63.00,87.00,14.36,41.50,128.44,16.82,6.00,0.99,24.00,0.00
357.244,2062.50,13.65,0.54,88.00,90.28,39.00,76.35,94.20,90.76,63.00,87.00,14.36,41.50,128.44,16.82,6.00,0.99,24.00,0.00
357.394,2052.50,13.65,0.54,88.00,90.28,39.00,76.35,94.20,90.76,63.00,87.00,14.36,41.50,128.44,16.82,6.00,0.99,24.00,0.00
357.576,2052.50,13.60,0.54,88.00,90.28,39.00,76.35,94.20,90.76,63.00,87.00,14.36,41.50,128.44,16.82,6.00,0.99,24.00,0.00
357.724,2052.50,13.60,0.69,88.00,90.28,39.00,76.35,94.20,90.76,63.00,87.00,14.36,41.50,128.44,16.82,6.00,0.99,24.00,0.00
357.877,2052.50,13.60,0.69,92.00,90.28,39.00,76.35,94.20,90.76,63.00,87.00,14.36,41.50,128.44,16.82,6.00,0.99,24.00,0.00
358.024,2052.50,13.60,0.69,92.00,90.59,39.00,76.35,94.20,90.76,63.00,87.00,14.36,41.50,128.44,16.82,6.00,0.99,24.00,0.00
358.175,2052.50,13.60,0.69,92.00,90.59,38.25,76.35,94.20,90.76,63.00,87.00,14.36,41.50,128.44,16.82,6.00,0.99,24.00,0.00
358.324,2052.50,13.60,0.69,92.00,90.59,38.25,76.26,94.20,90.76,63.00,87.00,14.36,41.50,128.44,16.82,6.00,0.99,24.00,0.00
358.475,2052.50,13.60,0.69,92.00,90.59,38.25,76.26,93.30,90.76,63.00,87.00,14.36,41.50,128.44,16.82,6.00,0.99,24.00,0.00
358.624,2052.50,13.60,0.69,92.00,90.59,38.25,76.26,93.30,92.96,63.00,87.00,14.36,41.50,128.44,16.82,6.00,0.99,24.00,0.00
358.775,2052.50,13.60,0.69,92.00,90.59,38.25,76.26,93.30,92.96,63.00,87.00,14.36,41.50,128.44,16.82,6.00,0.99,24.00,0.00
358.924,2052.50,13.60,0.69,92.00,90.59,38.25,76.26,93.30,92.96,63.00,87.00,14.36,41.50,128.44,16.82,6.00,0.99,24.00,0.00
359.075,2052.50,13.60,0.69,92.00,90.59,38.25,76.26,93.30,92.96,63.00,87.00,14.36,41.50,128.44,16.82,6.00,0.99,24.00,0.00
359.224,2052.50,13.60,0.69,92.00,90.59,38.25,76.26,93.30,92.96,63.00,87.00,14.36,41.50,128.44,16.82,6.00,0.99,24.00,0.00
359.375,2052.50,13.60,0.69,92.00,90.59,38.25,76.26,93.30,92.96,63.00,87.00,14.36,41.50,127.88,16.82,6.00,0.99,24.00,0.00
359.524,2052.50,13.60,0.69,92.00,90.59,38.25,76.26,93.30,92.96,63.00,87.00,14.36,41.50,127.88,17.34,6.00,0.99,24.00,0.00
359.675,2052.50,13.60,0.69,92.00,90.59,38.25,76.26,93.30,92.96,63.00,87.00,14.36,41.50,127.88,17.34,6.00,0.99,24.00,0.00
359.824,2052.50,13.60,0.69,92.00,90.59,38.25,76.26,93.30,92.96,63.00,87.00,14.36,41.50,127.88,17.34,6.00,0.99,24.00,0.00
359.975,2052.50,13.60,0.69,92.00,90.59,38.25,76.26,93.30,92.96,63.00,87.00,14.36,41.50,127.88,17.34,6.00,0.99,24.00,0.00
360.124,2052.50,13.60,0.69,92.00,90.59,38.25,76.26,93.30,92.96,63.00,87.00,14.36,41.50,127.88,17.34,6.00,0.99,24.00,0.00
360.275,2044.00,13.60,0.69,92.00,90.59,38.25,76.26,93.30,92.96,63.00,87.00,14.36,41.50,127.88,17.34,6.00,0.99,24.00,0.00
360.424,2044.00,13.64,0.69,92.00,90.59,38.25,76.26,93.30,92.96,63.00,87.00,14.36,41.50,127.88,17.34,6.00,0.99,24.00,0.00
360.575,2044.00,13.64,0.76,92.00,90.59,38.25,76.26,93.30,92.96,63.00,87.00,14.36,41.50,127.88,17.34,6.00,0.99,24.00,0.00
360.724,2044.00,13.64,0.76,88.00,90.59,38.25,76.26,93.30,92.96,63.00,87.00,14.36,41.50,127.88,17.34,6.00,0.99,24.00,0.00
360.875,2044.00,13.64,0.76,88.00,88.81,38.25,76.26,93.30,92.96,63.00,87.00,14.36,41.50,127.88,17.34,6.00,0.99,24.00,0.00
361.024,2044.00,13.64,0.76,88.00,88.81,38.25,76.26,93.30,92.96,63.00,87.00,14.36,41.50,127.88,17.34,6.00,0.99,24.00,0.00
361.174,2044.00,13.64,0.76,88.00,88.81,38.25,76.14,93.30,92.96,63.00,87.00,14.36,41.50,127.88,17.34,6.00,0.99,24.00,0.00
361.324,2044.00,13.64,0.76,88.00,88.81,38.25,76.14,91.80,92.96,63.00,87.00,14.36,41.50,127.88,17.34,6.00,0.99,24.00,0.00
361.475,2044.00,13.64,0.76,88.00,88.81,38.25,76.14,91.80,94.06,63.00,87.00,14.36,41.50,127.88,17.34,6.00,0.99,24.00,0.00
361.624,2044.00,13.64,0.76,88.00,88.81,38.25,76.14,91.80,94.06,60.75,87.00,14.36,41.50,127.88,17.34,6.00,0.99,24.00,0.00
361.774,2044.00,13.64,0.76,88.00,88.81,38.25,76.14,91.80,94.06,60.75,87.00,14.36,41.50,127.88,17.34,6.00,0.99,24.00,0.00
361.924,2044.00,13.64,0.76,88.00,88.81,38.25,76.14,91.80,94.06,60.75,87.00,14.36,41.50,127.88,17.34,6.00,0.99,24.00,0.00
362.075,2044.00,13.64,0.76,88.00,88.81,38.25,76.14,91.80,94.06,60.75,87.00,14.36,41.50,127.88,17.34,6.00,0.99,24.00,0.00
362.224,2044.00,13.64,0.76,88.00,88.81,38.25,76.14,91.80,94.06,60.75,87.00,14.36,41.50,127.57,17.34,6.00,0.99,24.00,0.00
362.374,2044.00,13.64,0.76,88.00,88.81,38.25,76.14,91.80,94.06,60.75,87.00,14.36,41.50,127.57,17.23,6.00,0.99,24.00,0.00
362.524,2044.00,13.64,0.76,88.00,88.81,38.25,76.14,91.80,94.06,60.75,87.00,14.36,41.50,127.57,17.23,6.00,0.99,24.00,0.00
362.704,2044.00,13.64,0.76,88.00,88.81,38.25,76.14,91.80,94.06,60.75,87.00,14.36,41.50,127.57,17.23,6.00,0.99,24.00,0.00
362.854,2044.00,13.64,0.76,88.00,88.81,38.25,76.14,91.80,94.06,60.75,87.00,14.36,41.50,127.57,17.23,6.00,0.99,24.00,0.00
363.004,2044.00,13.64,0.76,88.00,88.81,38.25,76.14,91.80,94.06,60.75,87.00,14.36,41.50,127.57,17.23,6.00,0.99,24.00,0.00
363.154,2040.50,13.64,0.76,88.00,88.81,38.25,76.14,91.80,94.06,60.75,87.00,14.36,41.50,127.57,17.23,6.00,0.99,24.00,0.00
363.304,2040.50,13.69,0.76,88.00,88.81,38.25,76.14,91.80,94.06,60.75,87.00,14.36,41.50,127.57,17.23,6.00,0.99,24.00,0.00
363.454,2040.50,13.69,0.79,88.00,88.81,38.25,76.14,91.80,94.06,60.75,87.00,14.36,41.50,127.57,17.23,6.00,0.99,24.00,0.00
363.604,2040.50,13.69,0.79,92.00,88.81,38.25,76.14,91.80,94.06,60.75,87.00,14.36,41.50,127.57,17.23,6.00,0.99,24.00,0.00
363.754,2040.50,13.69,0.79,92.00,91.62,38.25,76.14,91.80,94.06,60.75,87.00,14.36,41.50,127.57,17.23,6.00,0.99,24.00,0.00
363.904,2040.50,13.69,0.79,92.00,91.62,39.75,76.14,91.80,94.06,60.75,87.00,14.36,41.50,127.57,17.23,6.00,0.99,24.00,0.00
364.054,2040.50,13.69,0.79,92.00,91.62,39.75,75.95,91.80,94.06,60.75,87.00,14.36,41.50,127.57,17.23,6.00,0.99,24.00,0.00
364.204,2040.50,13.69,0.79,92.00,91.62,39.75,75.95,95.10,94.06,60.75,87.00,14.36,41.50,127.57,17.23,6.00,0.99,24.00,0.00
364.355,2040.50,13.69,0.79,92.00,91.62,39.75,75.95,95.10,94.36,60.75,87.00,14.36,41.50,127.57,17.23,6.00,0.99,24.00,0.00
364.504,2040.50,13.69,0.79,92.00,91.62,39.75,75.95,95.10,94.36,58.50,87.00,14.36,41.50,127.57,17.23,6.00,0.99,24.00,0.00
364.654,2040.50,13.69,0.79,92.00,91.62,39.75,75.95,95.10,94.36,58.50,87.00,14.36,41.50,127.57,17.23,6.00,0.99,24.00,0.00
364.804,2040.50,13.69,0.79,92.00,91.62,39.75,75.95,95.10,94.36,58.50,87.00,14.36,41.50,127.57,17.23,6.00,0.99,24.00,0.00
364.954,2040.50,13.69,0.79,92.00,91.62,39.75,75.95,95.10,94.36,58.50,87.00,14.36,41.50,127.57,17.23,6.00,0.99,24.00,0.00
365.104,2040.50,13.69,0.79,92.00,91.62,39.75,75.95,95.10,94.36,58.50,87.00,14.36,41.50,127.33,17.23,6.00,0.99,24.00,0.00
365.254,2040.50,13.69,0.79,92.00,91.62,39.75,75.95,95.10,94.36,58.50,87.00,14.36,41.50,127.33,17.55,6.00,0.99,24.00,0.00
365.404,2040.50,13.69,0.79,92.00,91.62,39.75,75.95,95.10,94.36,58.50,87.00,14.36,41.50,127.33,17.55,6.00,0.99,24.00,0.00
365.554,2040.50,13.69,0.79,92.00,91.62,39.75,75.95,95.10,94.36,58.50,87.00,14.36,41.50,127.33,17.55,6.00,1.00,24.00,0.00
365.704,2040.50,13.69,0.79,92.00,91.62,39.75,75.95,95.10,94.36,58.50,87.00,14.36,41.50,127.33,17.55,6.00,1.00,21.75,0.00
365.854,2040.50,13.69,0.79,92.00,91.62,39.75,75.95,95.10,94.36,58.50,87.00,14.36,41.50,127.33,17.55,6.00,1.00,21.75,0.00
366.004,2040.00,13.69,0.79,92.00,91.62,39.75,75.95,95.10,94.36,58.50,87.00,14.36,41.50,127.33,17.55,6.00,1.00,21.75,0.00
366.154,2040.00,13.66,0.79,92.00,91.62,39.75,75.95,95.10,94.36,58.50,87.00,14.36,41.50,127.33,17.55,6.00,1.00,21.75,0.00
366.304,2040.00,13.66,1.02,92.00,91.62,39.75,75.95,95.10,94.36,58.50,87.00,14.36,41.50,127.33,17.55,6.00,1.00,21.75,0.00
366.454,2040.00,13.66,1.02,100.00,91.62,39.75,75.95,95.10,94.36,58.50,87.00,14.36,41.50,127.33,17.55,6.00,1.00,21.75,0.00
366.604,2040.00,13.66,1.02,100.00,98.12,39.75,75.95,95.10,94.36,58.50,87.00,14.36,41.50,127.33,17.55,6.00,1.00,21.75,0.00
366.754,2040.00,13.66,1.02,100.00,98.12,42.00,75.95,95.10,94.36,58.50,87.00,14.36,41.50,127.33,17.55,6.00,1.00,21.75,0.00
366.904,2040.00,13.66,1.02,100.00,98.12,42.00,75.86,95.10,94.36,58.50,87.00,14.36,41.50,127.33,17.55,6.00,1.00,21.75,0.00
367.054,2040.00,13.66,1.02,100.00,98.12,42.00,75.86,100.90,94.36,58.50,87.00,14.36,41.50,127.33,17.55,6.00,1.00,21.75,0.00
367.204,2040.00,13.66,1.02,100.00,98.12,42.00,75.86,100.90,94.26,58.50,87.00,14.36,41.50,127.33,17.55,6.00,1.00,21.75,0.00
367.354,2040.00,13.66,1.02,100.00,98.12,42.00,75.86,100.90,94.26,55.50,87.00,14.36,41.50,127.33,17.55,6.00,1.00,21.75,0.00
367.504,2040.00,13.66,1.02,100.00,98.12,42.00,75.86,100.90,94.26,55.50,87.00,14.36,41.50,127.33,17.55,6.00,1.00,21.75,0.00
367.654,2040.00,13.66,1.02,100.00,98.12,42.00,75.86,100.90,94.26,55.50,87.00,14.36,41.50,127.33,17.55,6.00,1.00,21.75,0.00
367.804,2040.00,13.66,1.02,100.00,98.12,42.00,75.86,100.90,94.26,55.50,87.00,14.36,41.50,127.33,17.55,6.00,1.00,21.75,0.00
367.954,2040.00,13.66,1.02,100.00,98.12,42.00,75.86,100.90,94.26,55.50,87.00,14.36,41.50,127.22,17.55,6.00,1.00,21.75,0.00
368.104,2040.00,13.66,1.02,100.00,98.12,42.00,75.86,100.90,94.26,55.50,87.00,14.36,41.50,127.22,16.96,6.00,1.00,21.75,0.00
368.254,2040.00,13.66,1.02,100.00,98.12,42.00,75.86,100.90,94.26,55.50,87.00,14.36,41.50,127.22,16.96,6.00,1.00,21.75,0.00
368.404,2040.00,13.66,1.02,100.00,98.12,42.00,75.86,100.90,94.26,55.50,87.00,14.36,41.50,127.22,16.96,6.00,1.00,21.75,0.00
368.554,2040.00,13.66,1.02,100.00,98.12,42.00,75.86,100.90,94.26,55.50,87.00,14.36,41.50,127.22,16.96,6.00,1.00,21.75,0.00
368.704,2040.00,13.66,1.02,100.00,98.12,42.00,75.86,100.90,94.26,55.50,87.00,14.36,41.50,127.22,16.96,6.00,1.00,21.75,0.00
368.854,2036.50,13.66,1.02,100.00,98.12,42.00,75.86,100.90,94.26,55.50,87.00,14.36,41.50,127.22,16.96,6.00,1.00,21.75,0.00
369.004,2036.50,13.69,1.02,100.00,98.12,42.00,75.86,100.90,94.26,55.50,87.00,14.36,41.50,127.22,16.96,6.00,1.00,21.75,0.00
369.154,2036.50,13.69,0.86,100.00,98.12,42.00,75.86,100.90,94.26,55.50,87.00,14.36,41.50,127.22,16.96,6.00,1.00,21.75,0.00
369.304,2036.50,13.69,0.86,92.00,98.12,42.00,75.86,100.90,94.26,55.50,87.00,14.36,41.50,127.22,16.96,6.00,1.00,21.75,0.00
369.454,2036.50,13.69,0.86,92.00,91.97,42.00,75.86,100.90,94.26,55.50,87.00,14.36,41.50,127.22,16.96,6.00,1.00,21.75,0.00
369.604,2036.50,13.69,0.86,92.00,91.97,39.75,75.86,100.90,94.26,55.50,87.00,14.36,41.50,127.22,16.96,6.00,1.00,21.75,0.00
369.754,2036.50,13.69,0.86,92.00,91.97,39.75,75.95,100.90,94.26,55.50,87.00,14.36,41.50,127.22,16.96,6.00,1.00,21.75,0.00
369.904,2036.50,13.69,0.86,92.00,91.97,39.75,75.95,94.40,94.26,55.50,87.00,14.36,41.50,127.22,16.96,6.00,1.00,21.75,0.00
370.054,2036.50,13.69,0.86,92.00,91.97,39.75,75.95,94.40,93.96,55.50,87.00,14.36,41.50,127.22,16.96,6.00,1.00,21.75,0.00
370.204,2036.50,13.69,0.86,92.00,91.97,39.75,75.95,94.40,93.96,53.25,87.00,14.36,41.50,127.22,16.96,6.00,1.00,21.75,0.00
370.386,2036.50,13.69,0.86,92.00,91.97,39.75,75.95,94.40,93.96,53.25,87.00,14.36,41.50,127.22,16.96,6.00,1.00,21.75,0.00
370.534,2036.50,13.69,0.86,92.00,91.97,39.75,75.95,94.40,93.96,53.25,87.00,14.36,41.50,127.22,16.96,6.00,1.00,21.75,0.00
370.686,2036.50,13.69,0.86,92.00,91.97,39.75,75.95,94.40,93.96,53.25,87.00,14.36,41.50,127.22,16.96,6.00,1.00,21.75,0.00
370.834,2036.50,13.69,0.86,92.00,91.97,39.75,75.95,94.40,93.96,53.25,87.00,14.36,41.50,127.67,16.96,6.00,1.00,21.75,0.00
370.984,2036.50,13.69,0.86,92.00,91.97,39.75,75.95,94.40,93.96,53.25,87.00,14.36,41.50,127.67,16.96,6.00,1.00,21.75,0.00
371.134,2036.50,13.69,0.86,92.00,91.97,39.75,75.95,94.40,93.96,53.25,87.00,14.36,41.50,127.67,16.96,6.00,1.00,21.75,0.00
371.286,2036.50,13.69,0.86,92.00,91.97,39.75,75.95,94.40,93.96,53.25,87.00,14.36,41.50,127.67,16.96,6.00,0.99,21.75,0.00
371.434,2036.50,13.69,0.86,92.00,91.97,39.75,75.95,94.40,93.96,53.25,87.00,14.36,41.50,127.67,16.96,6.00,0.99,24.00,0.00
371.586,2036.50,13.69,0.86,92.00,91.97,39.75,75.95,94.40,93.96,53.25,87.00,14.36,41.50,127.67,16.96,6.00,0.99,24.00,0.00
371.734,2045.00,13.69,0.86,92.00,91.97,39.75,75.95,94.40,93.96,53.25,87.00,14.36,41.50,127.67,16.96,6.00,0.99,24.00,0.00
371.886,2045.00,13.62,0.86,92.00,91.97,39.75,75.95,94.40,93.96,53.25,87.00,14.36,41.50,127.67,16.96,6.00,0.99,24.00,0.00
372.034,2045.00,13.62,0.75,92.00,91.97,39.75,75.95,94.40,93.96,53.25,87.00,14.36,41.50,127.67,16.96,6.00,0.99,24.00,0.00
372.184,2045.00,13.62,0.75,88.00,91.97,39.75,75.95,94.40,93.96,53.25,87.00,14.36,41.50,127.67,16.96,6.00,0.99,24.00,0.00
372.334,2045.00,13.62,0.75,88.00,86.00,39.75,75.95,94.40,93.96,53.25,87.00,14.36,41.50,127.67,16.96,6.00,0.99,24.00,0.00
372.484,2045.00,13.62,0.75,88.00,86.00,36.75,75.95,94.40,93.96,53.25,87.00,14.36,41.50,127.67,16.96,6.00,0.99,24.00,0.00
372.634,2045.00,13.62,0.75,88.00,86.00,36.75,75.74,94.40,93.96,53.25,87.00,14.36,41.50,127.67,16.96,6.00,0.99,24.00,0.00
372.786,2045.00,13.62,0.75,88.00,86.00,36.75,75.74,88.50,93.96,53.25,87.00,14.36,41.50,127.67,16.96,6.00,0.99,24.00,0.00
372.934,2045.00,13.62,0.75,88.00,86.00,36.75,75.74,88.50,93.66,53.25,87.00,14.36,41.50,127.67,16.96,6.00,0.99,24.00,0.00
373.086,2045.00,13.62,0.75,88.00,86.00,36.75,75.74,88.50,93.66,52.50,87.00,14.36,41.50,127.67,16.96,6.00,0.99,24.00,0.00
373.234,2045.00,13.62,0.75,88.00,86.00,36.75,75.74,88.50,93.66,52.50,87.00,14.36,41.50,127.67,16.96,6.00,0.99,24.00,0.00
373.386,2045.00,13.62,0.75,88.00,86.00,36.75,75.74,88.50,93.66,52.50,87.00,14.36,41.50,127.67,16.96,6.00,0.99,24.00,0.00
373.534,2045.00,13.62,0.75,88.00,86.00,36.75,75.74,88.50,93.66,52.50,87.00,14.36,41.50,127.67,16.96,6.00,0.99,24.00,0.00
373.686,2045.00,13.62,0.75,88.00,86.00,36.75,75.74,88.50,93.66,52.50,87.00,14.36,41.50,127.60,16.96,6.00,0.99,24.00,0.00
373.834,2045.00,13.62,0.75,88.00,86.00,36.75,75.74,88.50,93.66,52.50,87.00,14.36,41.50,127.60,16.77,6.00,0.99,24.00,0.00
373.986,2045.00,13.62,0.75,88.00,86.00,36.75,75.74,88.50,93.66,52.50,87.00,14.36,41.50,127.60,16.77,6.00,0.99,24.00,0.00
374.134,2045.00,13.62,0.75,88.00,86.00,36.75,75.74,88.50,93.66,52.50,87.00,14.36,41.50,127.60,16.77,6.00,0.99,24.00,0.00
374.286,2045.00,13.62,0.75,88.00,86.00,36.75,75.74,88.50,93.66,52.50,87.00,14.36,41.50,127.60,16.77,6.00,0.99,24.00,0.00
374.434,2045.00,13.62,0.75,88.00,86.00,36.75,75.74,88.50,93.66,52.50,87.00,14.36,41.50,127.60,16.77,6.00,0.99,24.00,0.00
374.586,2041.50,13.62,0.75,88.00,86.00,36.75,75.74,88.50,93.66,52.50,87.00,14.36,41.50,127.60,16.77,6.00,0.99,24.00,0.00
374.734,2041.50,13.62,0.75,88.00,86.00,36.75,75.74,88.50,93.66,52.50,87.00,14.36,41.50,127.60,16.77,6.00,0.99,24.00,0.00
374.886,2041.50,13.62,0.58,88.00,86.00,36.75,75.74,88.50,93.66,52.50,87.00,14.36,41.50,127.60,16.77,6.00,0.99,24.00,0.00
375.034,2041.50,13.62,0.58,84.00,86.00,36.75,75.74,88.50,93.66,52.50,87.00,14.36,41.50,127.60,16.77,6.00,0.99,24.00,0.00
375.186,2041.50,13.62,0.58,84.00,83.78,36.75,75.74,88.50,93.66,52.50,87.00,14.36,41.50,127.60,16.77,6.00,0.99,24.00,0.00
375.334,2041.50,13.62,0.58,84.00,83.78,36.00,75.74,88.50,93.66,52.50,87.00,14.36,41.50,127.60,16.77,6.00,0.99,24.00,0.00
375.486,2041.50,13.62,0.58,84.00,83.78,36.00,75.46,88.50,93.66,52.50,87.00,14.36,41.50,127.60,16.77,6.00,0.99,24.00,0.00
375.634,2041.50,13.62,0.58,84.00,83.78,36.00,75.46,87.00,93.66,52.50,87.00,14.36,41.50,127.60,16.77,6.00,0.99,24.00,0.00
375.786,2041.50,13.62,0.58,84.00,83.78,36.00,75.46,87.00,93.26,52.50,87.00,14.36,41.50,127.60,16.77,6.00,0.99,24.00,0.00
375.934,2041.50,13.62,0.58,84.00,83.78,36.00,75.46,87.00,93.26,52.50,87.00,14.36,41.50,127.60,16.77,6.00,0.99,24.00,0.00
376.086,2041.50,13.62,0.58,84.00,83.78,36.00,75.46,87.00,93.26,52.50,87.00,14.36,41.50,127.60,16.77,6.00,0.99,24.00,0.00
376.234,2041.50,13.62,0.58,84.00,83.78,36.00,75.46,87.00,93.26,52.50,87.00,14.36,41.50,127.60,16.77,6.00,0.99,24.00,0.00
376.386,2041.50,13.62,0.58,84.00,83.78,36.00,75.46,87.00,93.26,52.50,87.00,14.36,41.50,127.60,16.77,6.00,0.99,24.00,0.00
376.534,2041.50,13.62,0.58,84.00,83.78,36.00,75.46,87.00,93.26,52.50,87.00,14.36,41.50,127.50,16.77,6.00,0.99,24.00,0.00
376.686,2041.50,13.62,0.58,84.00,83.78,36.00,75.46,87.00,93.26,52.50,87.00,14.36,41.50,127.50,16.96,6.00,0.99,24.00,0.00
376.834,2041.50,13.62,0.58,84.00,83.78,36.00,75.46,87.00,93.26,52.50,87.00,14.36,41.50,127.50,16.96,6.00,0.99,24.00,0.00
376.986,2041.50,13.62,0.58,84.00,83.78,36.00,75.46,87.00,93.26,52.50,87.00,14.36,41.50,127.50,16.96,6.00,0.99,24.00,0.00
377.134,2041.50,13.62,0.58,84.00,83.78,36.00,75.46,87.00,93.26,52.50,87.00,14.36,41.50,127.50,16.96,6.00,0.99,24.00,0.00
377.286,2041.50,13.62,0.58,84.00,83.78,36.00,75.46,87.00,93.26,52.50,87.00,14.36,41.50,127.50,16.96,6.00,0.99,24.00,0.00
377.434,2040.50,13.62,0.58,84.00,83.78,36.00,75.46,87.00,93.26,52.50,87.00,14.36,41.50,127.50,16.96,6.00,0.99,24.00,0.00
377.586,2040.50,13.65,0.58,84.00,83.78,36.00,75.46,87.00,93.26,52.50,87.00,14.36,41.50,127.50,16.96,6.00,0.99,24.00,0.00
377.734,2040.50,13.65,0.56,84.00,83.78,36.00,75.46,87.00,93.26,52.50,87.00,14.36,41.50,127.50,16.96,6.00,0.99,24.00,0.00
377.886,2040.50,13.65,0.56,84.00,83.78,36.00,75.46,87.00,93.26,52.50,87.00,14.36,41.50,127.50,16.96,6.00,0.99,24.00,0.00
378.066,2040.50,13.65,0.56,84.00,83.50,36.00,75.46,87.00,93.26,52.50,87.00,14.36,41.50,127.50,16.96,6.00,0.99,24.00,0.00
378.214,2040.50,13.65,0.56,84.00,83.50,36.00,75.46,87.00,93.26,52.50,87.00,14.36,41.50,127.50,16.96,6.00,0.99,24.00,0.00
378.366,2040.50,13.65,0.56,84.00,83.50,36.00,74.85,87.00,93.26,52.50,87.00,14.36,41.50,127.50,16.96,6.00,0.99,24.00,0.00
378.514,2040.50,13.65,0.56,84.00,83.50,36.00,74.85,86.70,93.26,52.50,87.00,14.36,41.50,127.50,16.96,6.00,0.99,24.00,0.00
378.666,2040.50,13.65,0.56,84.00,83.50,36.00,74.85,86.70,92.86,52.50,87.00,14.36,41.50,127.50,16.96,6.00,0.99,24.00,0.00
378.814,2040.50,13.65,0.56,84.00,83.50,36.00,74.85,86.70,92.86,53.25,87.00,14.36,41.50,127.50,16.96,6.00,0.99,24.00,0.00
378.966,2040.50,13.65,0.56,84.00,83.50,36.00,74.85,86.70,92.86,53.25,87.00,14.36,41.50,127.50,16.96,6.00,0.99,24.00,0.00
379.114,2040.50,13.65,0.56,84.00,83.50,36.00,74.85,86.70,92.86,53.25,87.00,14.36,41.50,127.50,16.96,6.00,0.99,24.00,0.00
379.266,2040.50,13.65,0.56,84.00,83.50,36.00,74.85,86.70,92.86,53.25,87.00,14.36,41.50,127.50,16.96,6.00,0.99,24.00,0.00
379.414,2040.50,13.65,0.56,84.00,83.50,36.00,74.85,86.70,92.86,53.25,87.00,14.36,41.50,127.46,16.96,6.00,0.99,24.00,0.00
379.566,2040.50,13.65,0.56,84.00,83.50,36.00,74.85,86.70,92.86,53.25,87.00,14.36,41.50,127.46,17.10,6.00,0.99,24.00,0.00
379.714,2040.50,13.65,0.56,84.00,83.50,36.00,74.85,86.70,92.86,53.25,87.00,14.36,41.50,127.46,17.10,6.00,0.99,24.00,0.00
379.866,2040.50,13.65,0.56,84.00,83.50,36.00,74.85,86.70,92.86,53.25,87.00,14.36,41.50,127.46,17.10,6.00,1.00,24.00,0.00
380.014,2040.50,13.65,0.56,84.00,83.50,36.00,74.85,86.70,92.86,53.25,87.00,14.36,41.50,127.46,17.10,6.00,1.00,24.00,0.00
380.164,2040.50,13.65,0.56,84.00,83.50,36.00,74.85,86.70,92.86,53.25,87.00,14.36,41.50,127.46,17.10,6.00,1.00,24.00,0.00
380.314,2041.00,13.65,0.56,84.00,83.50,36.00,74.85,86.70,92.86,53.25,87.00,14.36,41.50,127.46,17.10,6.00,1.00,24.00,0.00
380.464,2041.00,13.62,0.56,84.00,83.50,36.00,74.85,86.70,92.86,53.25,87.00,14.36,41.50,127.46,17.10,6.00,1.00,24.00,0.00
380.614,2041.00,13.62,0.59,84.00,83.50,36.00,74.85,86.70,92.86,53.25,87.00,14.36,41.50,127.46,17.10,6.00,1.00,24.00,0.00
380.764,2041.00,13.62,0.59,84.00,83.50,36.00,74.85,86.70,92.86,53.25,87.00,14.36,41.50,127.46,17.10,6.00,1.00,24.00,0.00
380.914,2041.00,13.62,0.59,84.00,85.19,36.00,74.85,86.70,92.86,53.25,87.00,14.36,41.50,127.46,17.10,6.00,1.00,24.00,0.00
381.066,2041.00,13.62,0.59,84.00,85.19,36.75,74.85,86.70,92.86,53.25,87.00,14.36,41.50,127.46,17.10,6.00,1.00,24.00,0.00
381.214,2041.00,13.62,0.59,84.00,85.19,36.75,74.45,86.70,92.86,53.25,87.00,14.36,41.50,127.46,17.10,6.00,1.00,24.00,0.00
381.366,2041.00,13.62,0.59,84.00,85.19,36.75,74.45,87.50,92.86,53.25,87.00,14.36,41.50,127.46,17.10,6.00,1.00,24.00,0.00
381.514,2041.00,13.62,0.59,84.00,85.19,36.75,74.45,87.50,92.46,53.25,87.00,14.36,41.50,127.46,17.10,6.00,1.00,24.00,0.00
381.666,2041.00,13.62,0.59,84.00,85.19,36.75,74.45,87.50,92.46,53.25,87.00,14.36,41.50,127.46,17.10,6.00,1.00,24.00,0.00
381.814,2041.00,13.62,0.59,84.00,85.19,36.75,74.45,87.50,92.46,53.25,88.00,14.36,41.50,127.46,17.10,6.00,1.00,24.00,0.00
381.966,2041.00,13.62,0.59,84.00,85.19,36.75,74.45,87.50,92.46,53.25,88.00,14.36,41.50,127.46,17.10,6.00,1.00,24.00,0.00
382.114,2041.00,13.62,0.59,84.00,85.19,36.75,74.45,87.50,92.46,53.25,88.00,14.36,41.50,127.46,17.10,6.00,1.00,24.00,0.00
382.264,2041.00,13.62,0.59,84.00,85.19,36.75,74.45,87.50,92.46,53.25,88.00,14.36,41.50,127.55,17.10,6.00,1.00,24.00,0.00
382.414,2041.00,13.62,0.59,84.00,85.19,36.75,74.45,87.50,92.46,53.25,88.00,14.36,41.50,127.55,16.80,6.00,1.00,24.00,0.00
382.566,2041.00,13.62,0.59,84.00,85.19,36.75,74.45,87.50,92.46,53.25,88.00,14.36,41.50,127.55,16.80,6.00,1.00,24.00,0.00
382.714,2041.00,13.62,0.59,84.00,85.19,36.75,74.45,87.50,92.46,53.25,88.00,14.36,41.50,127.55,16.80,6.00,1.00,24.00,0.00
382.866,2041.00,13.62,0.59,84.00,85.19,36.75,74.45,87.50,92.46,53.25,88.00,14.36,41.50,127.55,16.80,6.00,1.00,24.00,0.00
383.014,2041.00,13.62,0.59,84.00,85.19,36.75,74.45,87.50,92.46,53.25,88.00,14.36,41.50,127.55,16.80,6.00,1.00,24.00,0.00
383.167,2041.50,13.62,0.59,84.00,85.19,36.75,74.45,87.50,92.46,53.25,88.00,14.36,41.50,127.55,16.80,6.00,1.00,24.00,0.00
383.314,2041.50,13.64,0.59,84.00,85.19,36.75,74.45,87.50,92.46,53.25,88.00,14.36,41.50,127.55,16.80,6.00,1.00,24.00,0.00
383.464,2041.50,13.64,0.56,84.00,85.19,36.75,74.45,87.50,92.46,53.25,88.00,14.36,41.50,127.55,16.80,6.00,1.00,24.00,0.00
383.614,2041.50,13.64,0.56,84.00,85.19,36.75,74.45,87.50,92.46,53.25,88.00,14.36,41.50,127.55,16.80,6.00,1.00,24.00,0.00
383.764,2041.50,13.64,0.56,84.00,81.78,36.75,74.45,87.50,92.46,53.25,88.00,14.36,41.50,127.55,16.80,6.00,1.00,24.00,0.00
383.914,2041.50,13.64,0.56,84.00,81.78,35.25,74.45,87.50,92.46,53.25,88.00,14.36,41.50,127.55,16.80,6.00,1.00,24.00,0.00
384.066,2041.50,13.64,0.56,84.00,81.78,35.25,74.15,87.50,92.46,53.25,88.00,14.36,41.50,127.55,16.80,6.00,1.00,24.00,0.00
384.214,2041.50,13.64,0.56,84.00,81.78,35.25,74.15,84.00,92.46,53.25,88.00,14.36,41.50,127.55,16.80,6.00,1.00,24.00,0.00
384.367,2041.50,13.64,0.56,84.00,81.78,35.25,74.15,84.00,92.26,53.25,88.00,14.36,41.50,127.55,16.80,6.00,1.00,24.00,0.00
384.514,2041.50,13.64,0.56,84.00,81.78,35.25,74.15,84.00,92.26,53.25,88.00,14.36,41.50,127.55,16.80,6.00,1.00,24.00,0.00
384.666,2041.50,13.64,0.56,84.00,81.78,35.25,74.15,84.00,92.26,53.25,88.00,14.36,41.50,127.55,16.80,6.00,1.00,24.00,0.00
384.814,2041.50,13.64,0.56,84.00,81.78,35.25,74.15,84.00,92.26,53.25,88.00,14.36,41.50,127.55,16.80,6.00,1.00,24.00,0.00
384.966,2041.50,13.64,0.56,84.00,81.78,35.25,74.15,84.00,92.26,53.25,88.00,14.36,41.50,127.55,16.80,6.00,1.00,24.00,0.00
385.114,2041.50,13.64,0.56,84.00,81.78,35.25,74.15,84.00,92.26,53.25,88.00,14.36,41.50,127.67,16.80,6.00,1.00,24.00,0.00
385.264,2041.50,13.64,0.56,84.00,81.78,35.25,74.15,84.00,92.26,53.25,88.00,14.36,41.50,127.67,16.96,6.00,1.00,24.00,0.00
385.414,2041.50,13.64,0.56,84.00,81.78,35.25,74.15,84.00,92.26,53.25,88.00,14.36,41.50,127.67,16.96,6.00,1.00,24.00,0.00
385.566,2041.50,13.64,0.56,84.00,81.78,35.25,74.15,84.00,92.26,53.25,88.00,14.36,41.50,127.67,16.96,6.00,1.00,24.00,0.00
385.744,2041.50,13.64,0.56,84.00,81.78,35.25,74.15,84.00,92.26,53.25,88.00,14.36,41.50,127.67,16.96,6.00,1.00,24.75,0.00
385.894,2041.50,13.64,0.56,84.00,81.78,35.25,74.15,84.00,92.26,53.25,88.00,14.36,41.50,127.67,16.96,6.00,1.00,24.75,0.00
386.044,2042.50,13.64,0.56,84.00,81.78,35.25,74.15,84.00,92.26,53.25,88.00,14.36,41.50,127.67,16.96,6.00,1.00,24.75,0.00
386.194,2042.50,13.61,0.56,84.00,81.78,35.25,74.15,84.00,92.26,53.25,88.00,14.36,41.50,127.67,16.96,6.00,1.00,24.75,0.00
386.344,2042.50,13.61,0.34,84.00,81.78,35.25,74.15,84.00,92.26,53.25,88.00,14.36,41.50,127.67,16.96,6.00,1.00,24.75,0.00
386.494,2042.50,13.61,0.34,80.00,81.78,35.25,74.15,84.00,92.26,53.25,88.00,14.36,41.50,127.67,16.96,6.00,1.00,24.75,0.00
386.644,2042.50,13.61,0.34,80.00,78.19,35.25,74.15,84.00,92.26,53.25,88.00,14.36,41.50,127.67,16.96,6.00,1.00,24.75,0.00
386.794,2042.50,13.61,0.34,80.00,78.19,33.75,74.15,84.00,92.26,53.25,88.00,14.36,41.50,127.67,16.96,6.00,1.00,24.75,0.00
386.943,2042.50,13.61,0.34,80.00,78.19,33.75,73.75,84.00,92.26,53.25,88.00,14.36,41.50,127.67,16.96,6.00,1.00,24.75,0.00
387.094,2042.50,13.61,0.34,80.00,78.19,33.75,73.75,80.80,92.26,53.25,88.00,14.36,41.50,127.67,16.96,6.00,1.00,24.75,0.00
387.244,2042.50,13.61,0.34,80.00,78.19,33.75,73.75,80.80,92.06,53.25,88.00,14.36,41.50,127.67,16.96,6.00,1.00,24.75,0.00
387.394,2042.50,13.61,0.34,80.00,78.19,33.75,73.75,80.80,92.06,53.25,88.00,14.36,41.50,127.67,16.96,6.00,1.00,24.75,0.00
387.544,2042.50,13.61,0.34,80.00,78.19,33.75,73.75,80.80,92.06,53.25,88.00,14.36,41.50,127.67,16.96,6.00,1.00,24.75,0.00
387.694,2042.50,13.61,0.34,80.00,78.19,33.75,73.75,80.80,92.06,53.25,88.00,14.36,41.50,127.67,16.96,6.00,1.00,24.75,0.00
387.844,2042.50,13.61,0.34,80.00,78.19,33.75,73.75,80.80,92.06,53.25,88.00,14.36,41.50,127.67,16.96,6.00,1.00,24.75,0.00
387.994,2042.50,13.61,0.34,80.00,78.19,33.75,73.75,80.80,92.06,53.25,88.00,14.36,41.50,127.55,16.96,6.00,1.00,24.75,0.00
388.144,2042.50,13.61,0.34,80.00,78.19,33.75,73.75,80.80,92.06,53.25,88.00,14.36,41.50,127.55,17.09,6.00,1.00,24.75,0.00
388.294,2042.50,13.61,0.34,80.00,78.19,33.75,73.75,80.80,92.06,53.25,88.00,14.36,41.50,127.55,17.09,6.00,1.00,24.75,0.00
388.444,2042.50,13.61,0.34,80.00,78.19,33.75,73.75,80.80,92.06,53.25,88.00,14.36,41.50,127.55,17.09,6.00,0.99,24.75,0.00
388.594,2042.50,13.61,0.34,80.00,78.19,33.75,73.75,80.80,92.06,53.25,88.00,14.36,41.50,127.55,17.09,6.00,0.99,24.75,0.00
388.744,2042.50,13.61,0.34,80.00,78.19,33.75,73.75,80.80,92.06,53.25,88.00,14.36,41.50,127.55,17.09,6.00,0.99,24.75,0.00
388.894,2041.00,13.61,0.34,80.00,78.19,33.75,73.75,80.80,92.06,53.25,88.00,14.36,41.50,127.55,17.09,6.00,0.99,24.75,0.00
389.044,2041.00,13.65,0.34,80.00,78.19,33.75,73.75,80.80,92.06,53.25,88.00,14.36,41.50,127.55,17.09,6.00,0.99,24.75,0.00
389.194,2041.00,13.65,0.27,80.00,78.19,33.75,73.75,80.80,92.06,53.25,88.00,14.36,41.50,127.55,17.09,6.00,0.99,24.75,0.00
389.344,2041.00,13.65,0.27,80.00,78.19,33.75,73.75,80.80,92.06,53.25,88.00,14.36,41.50,127.55,17.09,6.00,0.99,24.75,0.00
389.495,2041.00,13.65,0.27,80.00,78.97,33.75,73.75,80.80,92.06,53.25,88.00,14.36,41.50,127.55,17.09,6.00,0.99,24.75,0.00
389.644,2041.00,13.65,0.27,80.00,78.97,34.50,73.75,80.80,92.06,53.25,88.00,14.36,41.50,127.55,17.09,6.00,0.99,24.75,0.00
389.794,2041.00,13.65,0.27,80.00,78.97,34.50,73.26,80.80,92.06,53.25,88.00,14.36,41.50,127.55,17.09,6.00,0.99,24.75,0.00
389.943,2041.00,13.65,0.27,80.00,78.97,34.50,73.26,77.80,92.06,53.25,88.00,14.36,41.50,127.55,17.09,6.00,0.99,24.75,0.00
390.094,2041.00,13.65,0.27,80.00,78.97,34.50,73.26,77.80,91.86,53.25,88.00,14.36,41.50,127.55,17.09,6.00,0.99,24.75,0.00
390.244,2041.00,13.65,0.27,80.00,78.97,34.50,73.26,77.80,91.86,53.25,88.00,14.36,41.50,127.55,17.09,6.00,0.99,24.75,0.00
390.394,2041.00,13.65,0.27,80.00,78.97,34.50,73.26,77.80,91.86,53.25,88.00,14.36,41.50,127.55,17.09,6.00,0.99,24.75,0.00
390.544,2041.00,13.65,0.27,80.00,78.97,34.50,73.26,77.80,91.86,53.25,88.00,14.36,41.50,127.55,17.09,6.00,0.99,24.75,0.00
390.694,2041.00,13.65,0.27,80.00,78.97,34.50,73.26,77.80,91.86,53.25,88.00,14.36,41.50,127.55,17.09,6.00,0.99,24.75,0.00
390.844,2041.00,13.65,0.27,80.00,78.97,34.50,73.26,77.80,91.86,53.25,88.00,14.36,41.50,127.10,17.09,6.00,0.99,24.75,0.00
390.994,2041.00,13.65,0.27,80.00,78.97,34.50,73.26,77.80,91.86,53.25,88.00,14.36,41.50,127.10,16.41,6.00,0.99,24.75,0.00
391.144,2041.00,13.65,0.27,80.00,78.97,34.50,73.26,77.80,91.86,53.25,88.00,14.36,41.50,127.10,16.41,6.00,0.99,24.75,0.00
391.294,2041.00,13.65,0.27,80.00,78.97,34.50,73.26,77.80,91.86,53.25,88.00,14.36,41.50,127.10,16.41,6.00,1.00,24.75,0.00
391.444,2041.00,13.65,0.27,80.00,78.97,34.50,73.26,77.80,91.86,53.25,88.00,14.36,41.50,127.10,16.41,6.00,1.00,24.75,0.00
391.594,2041.00,13.65,0.27,80.00,78.97,34.50,73.26,77.80,91.86,53.25,88.00,14.36,41.50,127.10,16.41,6.00,1.00,24.75,0.00
391.744,2036.50,13.65,0.27,80.00,78.97,34.50,73.26,77.80,91.86,53.25,88.00,14.36,41.50,127.10,16.41,6.00,1.00,24.75,0.00
391.894,2036.50,13.62,0.27,80.00,78.97,34.50,73.26,77.80,91.86,53.25,88.00,14.36,41.50,127.10,16.41,6.00,1.00,24.75,0.00
392.044,2036.50,13.62,0.14,80.00,78.97,34.50,73.26,77.80,91.86,53.25,88.00,14.36,41.50,127.10,16.41,6.00,1.00,24.75,0.00
392.194,2036.50,13.62,0.14,80.00,78.97,34.50,73.26,77.80,91.86,53.25,88.00,14.36,41.50,127.10,16.41,6.00,1.00,24.75,0.00
392.344,2036.50,13.62,0.14,80.00,78.59,34.50,73.26,77.80,91.86,53.25,88.00,14.36,41.50,127.10,16.41,6.00,1.00,24.75,0.00
392.494,2036.50,13.62,0.14,80.00,78.59,33.75,73.26,77.80,91.86,53.25,88.00,14.36,41.50,127.10,16.41,6.00,1.00,24.75,0.00
392.644,2036.50,13.62,0.14,80.00,78.59,33.75,72.74,77.80,91.86,53.25,88.00,14.36,41.50,127.10,16.41,6.00,1.00,24.75,0.00
392.794,2036.50,13.62,0.14,80.00,78.59,33.75,72.74,81.40,91.86,53.25,88.00,14.36,41.50,127.10,16.41,6.00,1.00,24.75,0.00
392.944,2036.50,13.62,0.14,80.00,78.59,33.75,72.74,81.40,91.66,53.25,88.00,14.36,41.50,127.10,16.41,6.00,1.00,24.75,0.00
393.094,2036.50,13.62,0.14,80.00,78.59,33.75,72.74,81.40,91.66,53.25,88.00,14.36,41.50,127.10,16.41,6.00,1.00,24.75,0.00
393.244,2036.50,13.62,0.14,80.00,78.59,33.75,72.74,81.40,91.66,53.25,88.00,14.36,41.50,127.10,16.41,6.00,1.00,24.75,0.00
393.424,2036.50,13.62,0.14,80.00,78.59,33.75,72.74,81.40,91.66,53.25,88.00,14.36,41.50,127.10,16.41,6.00,1.00,24.75,0.00
393.575,2036.50,13.62,0.14,80.00,78.59,33.75,72.74,81.40,91.66,53.25,88.00,14.36,41.50,127.10,16.41,6.00,1.00,24.75,0.00
393.724,2036.50,13.62,0.14,80.00,78.59,33.75,72.74,81.40,91.66,53.25,88.00,14.36,41.50,127.01,16.41,6.00,1.00,24.75,0.00
393.875,2036.50,13.62,0.14,80.00,78.59,33.75,72.74,81.40,91.66,53.25,88.00,14.36,41.50,127.01,16.85,6.00,1.00,24.75,0.00
394.024,2036.50,13.62,0.14,80.00,78.59,33.75,72.74,81.40,91.66,53.25,88.00,14.36,41.50,127.01,16.85,6.00,1.00,24.75,0.00
394.175,2036.50,13.62,0.14,80.00,78.59,33.75,72.74,81.40,91.66,53.25,88.00,14.36,41.50,127.01,16.85,6.00,1.00,24.75,0.00
394.324,2036.50,13.62,0.14,80.00,78.59,33.75,72.74,81.40,91.66,53.25,88.00,14.36,41.50,127.01,16.85,6.00,1.00,24.00,0.00
394.474,2036.50,13.62,0.14,80.00,78.59,33.75,72.74,81.40,91.66,53.25,88.00,14.36,41.50,127.01,16.85,6.00,1.00,24.00,0.00
394.624,2034.50,13.62,0.14,80.00,78.59,33.75,72.74,81.40,91.66,53.25,88.00,14.36,41.50,127.01,16.85,6.00,1.00,24.00,0.00
394.775,2034.50,13.66,0.14,80.00,78.59,33.75,72.74,81.40,91.66,53.25,88.00,14.36,41.50,127.01,16.85,6.00,1.00,24.00,0.00
394.924,2034.50,13.66,0.33,80.00,78.59,33.75,72.74,81.40,91.66,53.25,88.00,14.36,41.50,127.01,16.85,6.00,1.00,24.00,0.00
395.075,2034.50,13.66,0.33,80.00,78.59,33.75,72.74,81.40,91.66,53.25,88.00,14.36,41.50,127.01,16.85,6.00,1.00,24.00,0.00
395.224,2034.50,13.66,0.33,80.00,82.22,33.75,72.74,81.40,91.66,53.25,88.00,14.36,41.50,127.01,16.85,6.00,1.00,24.00,0.00
395.375,2034.50,13.66,0.33,80.00,82.22,36.00,72.74,81.40,91.66,53.25,88.00,14.36,41.50,127.01,16.85,6.00,1.00,24.00,0.00
395.524,2034.50,13.66,0.33,80.00,82.22,36.00,72.25,81.40,91.66,53.25,88.00,14.36,41.50,127.01,16.85,6.00,1.00,24.00,0.00
395.675,2034.50,13.66,0.33,80.00,82.22,36.00,72.25,85.30,91.66,53.25,88.00,14.36,41.50,127.01,16.85,6.00,1.00,24.00,0.00
395.824,2034.50,13.66,0.33,80.00,82.22,36.00,72.25,85.30,91.36,53.25,88.00,14.36,41.50,127.01,16.85,6.00,1.00,24.00,0.00
395.975,2034.50,13.66,0.33,80.00,82.22,36.00,72.25,85.30,91.36,53.25,88.00,14.36,41.50,127.01,16.85,6.00,1.00,24.00,0.00
396.124,2034.50,13.66,0.33,80.00,82.22,36.00,72.25,85.30,91.36,53.25,88.00,14.36,41.50,127.01,16.85,6.00,1.00,24.00,0.00
396.275,2034.50,13.66,0.33,80.00,82.22,36.00,72.25,85.30,91.36,53.25,88.00,14.36,41.50,127.01,16.85,6.00,1.00,24.00,0.00
396.424,2034.50,13.66,0.33,80.00,82.22,36.00,72.25,85.30,91.36,53.25,88.00,14.36,41.50,127.01,16.85,6.00,1.00,24.00,0.00
396.574,2034.50,13.66,0.33,80.00,82.22,36.00,72.25,85.30,91.36,53.25,88.00,14.36,41.50,127.31,16.85,6.00,1.00,24.00,0.00
396.724,2034.50,13.66,0.33,80.00,82.22,36.00,72.25,85.30,91.36,53.25,88.00,14.36,41.50,127.31,16.45,6.00,1.00,24.00,0.00
396.875,2034.50,13.66,0.33,80.00,82.22,36.00,72.25,85.30,91.36,53.25,88.00,14.36,41.50,127.31,16.45,6.00,1.00,24.00,0.00
397.024,2034.50,13.66,0.33,80.00,82.22,36.00,72.25,85.30,91.36,53.25,88.00,14.36,41.50,127.31,16.45,6.00,0.99,24.00,0.00
397.175,2034.50,13.66,0.33,80.00,82.22,36.00,72.25,85.30,91.36,53.25,88.00,14.36,41.50,127.31,16.45,6.00,0.99,24.75,0.00
397.324,2034.50,13.66,0.33,80.00,82.22,36.00,72.25,85.30,91.36,53.25,88.00,14.36,41.50,127.31,16.45,6.00,0.99,24.75,0.00
397.475,2035.50,13.66,0.33,80.00,82.22,36.00,72.25,85.30,91.36,53.25,88.00,14.36,41.50,127.31,16.45,6.00,0.99,24.75,0.00
397.624,2035.50,13.59,0.33,80.00,82.22,36.00,72.25,85.30,91.36,53.25,88.00,14.36,41.50,127.31,16.45,6.00,0.99,24.75,0.00
397.774,2035.50,13.59,0.31,80.00,82.22,36.00,72.25,85.30,91.36,53.25,88.00,14.36,41.50,127.31,16.45,6.00,0.99,24.75,0.00
397.924,2035.50,13.59,0.31,76.00,82.22,36.00,72.25,85.30,91.36,53.25,88.00,14.36,41.50,127.31,16.45,6.00,0.99,24.75,0.00
398.074,2035.50,13.59,0.31,76.00,75.81,36.00,72.25,85.30,91.36,53.25,88.00,14.36,41.50,127.31,16.45,6.00,0.99,24.75,0.00
398.224,2035.50,13.59,0.31,76.00,75.81,32.25,72.25,85.30,91.36,53.25,88.00,14.36,41.50,127.31,16.45,6.00,0.99,24.75,0.00
398.375,2035.50,13.59,0.31,76.00,75.81,32.25,71.94,85.30,91.36,53.25,88.00,14.36,41.50,127.31,16.45,6.00,0.99,24.75,0.00
398.524,2035.50,13.59,0.31,76.00,75.81,32.25,71.94,78.00,91.36,53.25,88.00,14.36,41.50,127.31,16.45,6.00,0.99,24.75,0.00
398.675,2035.50,13.59,0.31,76.00,75.81,32.25,71.94,78.00,91.26,53.25,88.00,14.36,41.50,127.31,16.45,6.00,0.99,24.75,0.00
398.823,2035.50,13.59,0.31,76.00,75.81,32.25,71.94,78.00,91.26,53.25,88.00,14.36,41.50,127.31,16.45,6.00,0.99,24.75,0.00
398.975,2035.50,13.59,0.31,76.00,75.81,32.25,71.94,78.00,91.26,53.25,88.00,14.36,41.50,127.31,16.45,6.00,0.99,24.75,0.00
399.124,2035.50,13.59,0.31,76.00,75.81,32.25,71.94,78.00,91.26,53.25,88.00,14.36,41.50,127.31,16.45,6.00,0.99,24.75,0.00
399.275,2035.50,13.59,0.31,76.00,75.81,32.25,71.94,78.00,91.26,53.25,88.00,14.36,41.50,127.31,16.45,6.00,0.99,24.75,0.00
399.424,2035.50,13.59,0.31,76.00,75.81,32.25,71.94,78.00,91.26,53.25,88.00,14.36,41.50,126.89,16.45,6.00,0.99,24.75,0.00
399.575,2035.50,13.59,0.31,76.00,75.81,32.25,71.94,78.00,91.26,53.25,88.00,14.36,41.50,126.89,17.30,6.00,0.99,24.75,0.00
399.724,2035.50,13.59,0.31,76.00,75.81,32.25,71.94,78.00,91.26,53.25,88.00,14.36,41.50,126.89,17.30,6.00,0.99,24.75,0.00
399.875,2035.50,13.59,0.31,76.00,75.81,32.25,71.94,78.00,91.26,53.25,88.00,14.36,41.50,126.89,17.30,6.00,1.00,24.75,0.00
400.024,2035.50,13.59,0.31,76.00,75.81,32.25,71.94,78.00,91.26,53.25,88.00,14.36,41.50,126.89,17.30,6.00,1.00,24.00,0.00
400.175,2035.50,13.59,0.31,76.00,75.81,32.25,71.94,78.00,91.26,53.25,88.00,14.36,41.50,126.89,17.30,6.00,1.00,24.00,0.00
400.323,2035.50,13.59,0.31,76.00,75.81,32.25,71.94,78.00,91.26,53.25,88.00,14.36,41.50,126.89,17.30,6.00,1.00,24.00,0.00
400.475,2035.50,13.66,0.31,76.00,75.81,32.25,71.94,78.00,91.26,53.25,88.00,14.36,41.50,126.89,17.30,6.00,1.00,24.00,0.00
400.624,2035.50,13.66,0.36,76.00,75.81,32.25,71.94,78.00,91.26,53.25,88.00,14.36,41.50,126.89,17.30,6.00,1.00,24.00,0.00
400.775,2035.50,13.66,0.36,84.00,75.81,32.25,71.94,78.00,91.26,53.25,88.00,14.36,41.50,126.89,17.30,6.00,1.00,24.00,0.00
400.924,2035.50,13.66,0.36,84.00,86.06,32.25,71.94,78.00,91.26,53.25,88.00,14.36,41.50,126.89,17.30,6.00,1.00,24.00,0.00
401.104,2035.50,13.66,0.36,84.00,86.06,36.75,71.94,78.00,91.26,53.25,88.00,14.36,41.50,126.89,17.30,6.00,1.00,24.00,0.00
401.254,2035.50,13.66,0.36,84.00,86.06,36.75,71.76,78.00,91.26,53.25,88.00,14.36,41.50,126.89,17.30,6.00,1.00,24.00,0.00
401.404,2035.50,13.66,0.36,84.00,86.06,36.75,71.76,87.80,91.26,53.25,88.00,14.36,41.50,126.89,17.30,6.00,1.00,24.00,0.00
401.554,2035.50,13.66,0.36,84.00,86.06,36.75,71.76,87.80,91.16,53.25,88.00,14.36,41.50,126.89,17.30,6.00,1.00,24.00,0.00
401.704,2035.50,13.66,0.36,84.00,86.06,36.75,71.76,87.80,91.16,53.25,88.00,14.36,41.50,126.89,17.30,6.00,1.00,24.00,0.00
401.854,2035.50,13.66,0.36,84.00,86.06,36.75,71.76,87.80,91.16,53.25,88.00,14.36,41.50,126.89,17.30,6.00,1.00,24.00,0.00
402.004,2035.50,13.66,0.36,84.00,86.06,36.75,71.76,87.80,91.16,53.25,88.00,14.36,41.50,126.89,17.30,6.00,1.00,24.00,0.00
402.154,2035.50,13.66,0.36,84.00,86.06,36.75,71.76,87.80,91.16,53.25,88.00,14.36,41.50,126.89,17.30,6.00,1.00,24.00,0.00
402.304,2035.50,13.66,0.36,84.00,86.06,36.75,71.76,87.80,91.16,53.25,88.00,14.36,41.50,127.01,17.30,6.00,1.00,24.00,0.00
402.454,2035.50,13.66,0.36,84.00,86.06,36.75,71.76,87.80,91.16,53.25,88.00,14.36,41.50,127.01,17.07,6.00,1.00,24.00,0.00
402.604,2035.50,13.66,0.36,84.00,86.06,36.75,71.76,87.80,91.16,53.25,88.00,14.36,41.50,127.01,17.07,6.00,1.00,24.00,0.00
402.754,2035.50,13.66,0.36,84.00,86.06,36.75,71.76,87.80,91.16,53.25,88.00,14.36,41.50,127.01,17.07,6.00,0.99,24.00,0.00
402.904,2035.50,13.66,0.36,84.00,86.06,36.75,71.76,87.80,91.16,53.25,88.00,14.36,41.50,127.01,17.07,6.00,0.99,24.00,0.00
403.054,2035.50,13.66,0.36,84.00,86.06,36.75,71.76,87.80,91.16,53.25,88.00,14.36,41.50,127.01,17.07,6.00,0.99,24.00,0.00
403.204,2034.50,13.66,0.36,84.00,86.06,36.75,71.76,87.80,91.16,53.25,88.00,14.36,41.50,127.01,17.07,6.00,0.99,24.00,0.00
403.354,2034.50,13.67,0.36,84.00,86.06,36.75,71.76,87.80,91.16,53.25,88.00,14.36,41.50,127.01,17.07,6.00,0.99,24.00,0.00
403.504,2034.50,13.67,0.59,84.00,86.06,36.75,71.76,87.80,91.16,53.25,88.00,14.36,41.50,127.01,17.07,6.00,0.99,24.00,0.00
403.654,2034.50,13.67,0.59,84.00,86.06,36.75,71.76,87.80,91.16,53.25,88.00,14.36,41.50,127.01,17.07,6.00,0.99,24.00,0.00
403.804,2034.50,13.67,0.59,84.00,85.56,36.75,71.76,87.80,91.16,53.25,88.00,14.36,41.50,127.01,17.07,6.00,0.99,24.00,0.00
403.954,2034.50,13.67,0.59,84.00,85.56,36.75,71.76,87.80,91.16,53.25,88.00,14.36,41.50,127.01,17.07,6.00,0.99,24.00,0.00
404.104,2034.50,13.67,0.59,84.00,85.56,36.75,71.64,87.80,91.16,53.25,88.00,14.36,41.50,127.01,17.07,6.00,0.99,24.00,0.00
404.254,2034.50,13.67,0.59,84.00,85.56,36.75,71.64,87.20,91.16,53.25,88.00,14.36,41.50,127.01,17.07,6.00,0.99,24.00,0.00
404.404,2034.50,13.67,0.59,84.00,85.56,36.75,71.64,87.20,91.26,53.25,88.00,14.36,41.50,127.01,17.07,6.00,0.99,24.00,0.00
404.554,2034.50,13.67,0.59,84.00,85.56,36.75,71.64,87.20,91.26,53.25,88.00,14.36,41.50,127.01,17.07,6.00,0.99,24.00,0.00
404.704,2034.50,13.67,0.59,84.00,85.56,36.75,71.64,87.20,91.26,53.25,88.00,14.36,41.50,127.01,17.07,6.00,0.99,24.00,0.00
404.854,2034.50,13.67,0.59,84.00,85.56,36.75,71.64,87.20,91.26,53.25,88.00,14.37,41.50,127.01,17.07,6.00,0.99,24.00,0.00
405.004,2034.50,13.67,0.59,84.00,85.56,36.75,71.64,87.20,91.26,53.25,88.00,14.37,41.50,127.01,17.07,6.00,0.99,24.00,0.00
405.154,2034.50,13.67,0.59,84.00,85.56,36.75,71.64,87.20,91.26,53.25,88.00,14.37,41.50,126.96,17.07,6.00,0.99,24.00,0.00
405.304,2034.50,13.67,0.59,84.00,85.56,36.75,71.64,87.20,91.26,53.25,88.00,14.37,41.50,126.96,16.84,6.00,0.99,24.00,0.00
405.454,2034.50,13.67,0.59,84.00,85.56,36.75,71.64,87.20,91.26,53.25,88.00,14.37,41.50,126.96,16.84,6.00,0.99,24.00,0.00
405.604,2034.50,13.67,0.59,84.00,85.56,36.75,71.64,87.20,91.26,53.25,88.00,14.37,41.50,126.96,16.84,6.00,1.00,24.00,0.00
405.754,2034.50,13.67,0.59,84.00,85.56,36.75,71.64,87.20,91.26,53.25,88.00,14.37,41.50,126.96,16.84,6.00,1.00,24.00,0.00
405.904,2034.50,13.67,0.59,84.00,85.56,36.75,71.64,87.20,91.26,53.25,88.00,14.37,41.50,126.96,16.84,6.00,1.00,24.00,0.00
406.054,2035.50,13.67,0.59,84.00,85.56,36.75,71.64,87.20,91.26,53.25,88.00,14.37,41.50,126.96,16.84,6.00,1.00,24.00,0.00
406.204,2035.50,13.65,0.59,84.00,85.56,36.75,71.64,87.20,91.26,53.25,88.00,14.37,41.50,126.96,16.84,6.00,1.00,24.00,0.00
406.354,2035.50,13.65,0.63,84.00,85.56,36.75,71.64,87.20,91.26,53.25,88.00,14.37,41.50,126.96,16.84,6.00,1.00,24.00,0.00
406.504,2035.50,13.65,0.63,88.00,85.56,36.75,71.64,87.20,91.26,53.25,88.00,14.37,41.50,126.96,16.84,6.00,1.00,24.00,0.00
406.654,2035.50,13.65,0.63,88.00,88.00,36.75,71.64,87.20,91.26,53.25,88.00,14.37,41.50,126.96,16.84,6.00,1.00,24.00,0.00
406.804,2035.50,13.65,0.63,88.00,88.00,38.25,71.64,87.20,91.26,53.25,88.00,14.37,41.50,126.96,16.84,6.00,1.00,24.00,0.00
406.954,2035.50,13.65,0.63,88.00,88.00,38.25,71.85,87.20,91.26,53.25,88.00,14.37,41.50,126.96,16.84,6.00,1.00,24.00,0.00
407.104,2035.50,13.65,0.63,88.00,88.00,38.25,71.85,90.70,91.26,53.25,88.00,14.37,41.50,126.96,16.84,6.00,1.00,24.00,0.00
407.254,2035.50,13.65,0.63,88.00,88.00,38.25,71.85,90.70,91.46,53.25,88.00,14.37,41.50,126.96,16.84,6.00,1.00,24.00,0.00
407.404,2035.50,13.65,0.63,88.00,88.00,38.25,71.85,90.70,91.46,53.25,88.00,14.37,41.50,126.96,16.84,6.00,1.00,24.00,0.00
407.554,2035.50,13.65,0.63,88.00,88.00,38.25,71.85,90.70,91.46,53.25,88.00,14.37,41.50,126.96,16.84,6.00,1.00,24.00,0.00
407.704,2035.50,13.65,0.63,88.00,88.00,38.25,71.85,90.70,91.46,53.25,88.00,14.37,41.50,126.96,16.84,6.00,1.00,24.00,0.00
407.854,2035.50,13.65,0.63,88.00,88.00,38.25,71.85,90.70,91.46,53.25,88.00,14.37,41.50,126.96,16.84,6.00,1.00,24.00,0.00
408.004,2035.50,13.65,0.63,88.00,88.00,38.25,71.85,90.70,91.46,53.25,88.00,14.37,41.50,127.28,16.84,6.00,1.00,24.00,0.00
408.154,2035.50,13.65,0.63,88.00,88.00,38.25,71.85,90.70,91.46,53.25,88.00,14.37,41.50,127.28,17.21,6.00,1.00,24.00,0.00
408.304,2035.50,13.65,0.63,88.00,88.00,38.25,71.85,90.70,91.46,53.25,88.00,14.37,41.50,127.28,17.21,6.00,1.00,24.00,0.00
408.454,2035.50,13.65,0.63,88.00,88.00,38.25,71.85,90.70,91.46,53.25,88.00,14.37,41.50,127.28,17.21,6.00,1.00,24.00,0.00
408.604,2035.50,13.65,0.63,88.00,88.00,38.25,71.85,90.70,91.46,53.25,88.00,14.37,41.50,127.28,17.21,6.00,1.00,24.00,0.00
408.786,2035.50,13.65,0.63,88.00,88.00,38.25,71.85,90.70,91.46,53.25,88.00,14.37,41.50,127.28,17.21,6.00,1.00,24.00,0.00
408.934,2040.00,13.65,0.63,88.00,88.00,38.25,71.85,90.70,91.46,53.25,88.00,14.37,41.50,127.28,17.21,6.00,1.00,24.00,0.00
409.086,2040.00,13.69,0.63,88.00,88.00,38.25,71.85,90.70,91.46,53.25,88.00,14.37,41.50,127.28,17.21,6.00,1.00,24.00,0.00
409.234,2040.00,13.69,0.70,88.00,88.00,38.25,71.85,90.70,91.46,53.25,88.00,14.37,41.50,127.28,17.21,6.00,1.00,24.00,0.00
409.386,2040.00,13.69,0.70,88.00,88.00,38.25,71.85,90.70,91.46,53.25,88.00,14.37,41.50,127.28,17.21,6.00,1.00,24.00,0.00
409.534,2040.00,13.69,0.70,88.00,88.41,38.25,71.85,90.70,91.46,53.25,88.00,14.37,41.50,127.28,17.21,6.00,1.00,24.00,0.00
409.686,2040.00,13.69,0.70,88.00,88.41,37.50,71.85,90.70,91.46,53.25,88.00,14.37,41.50,127.28,17.21,6.00,1.00,24.00,0.00
409.834,2040.00,13.69,0.70,88.00,88.41,37.50,71.94,90.70,91.46,53.25,88.00,14.37,41.50,127.28,17.21,6.00,1.00,24.00,0.00
409.986,2040.00,13.69,0.70,88.00,88.41,37.50,71.94,90.20,91.46,53.25,88.00,14.37,41.50,127.28,17.21,6.00,1.00,24.00,0.00
410.134,2040.00,13.69,0.70,88.00,88.41,37.50,71.94,90.20,91.86,53.25,88.00,14.37,41.50,127.28,17.21,6.00,1.00,24.00,0.00
410.286,2040.00,13.69,0.70,88.00,88.41,37.50,71.94,90.20,91.86,53.25,88.00,14.37,41.50,127.28,17.21,6.00,1.00,24.00,0.00
410.434,2040.00,13.69,0.70,88.00,88.41,37.50,71.94,90.20,91.86,53.25,88.00,14.37,41.50,127.28,17.21,6.00,1.00,24.00,0.00
410.584,2040.00,13.69,0.70,88.00,88.41,37.50,71.94,90.20,91.86,53.25,88.00,14.37,41.50,127.28,17.21,6.00,1.00,24.00,0.00
410.734,2040.00,13.69,0.70,88.00,88.41,37.50,71.94,90.20,91.86,53.25,88.00,14.37,41.00,127.28,17.21,6.00,1.00,24.00,0.00
410.886,2040.00,13.69,0.70,88.00,88.41,37.50,71.94,90.20,91.86,53.25,88.00,14.37,41.00,127.40,17.21,6.00,1.00,24.00,0.00
411.034,2040.00,13.69,0.70,88.00,88.41,37.50,71.94,90.20,91.86,53.25,88.00,14.37,41.00,127.40,16.93,6.00,1.00,24.00,0.00
411.186,2040.00,13.69,0.70,88.00,88.41,37.50,71.94,90.20,91.86,53.25,88.00,14.37,41.00,127.40,16.93,6.00,1.00,24.00,0.00
411.334,2040.00,13.69,0.70,88.00,88.41,37.50,71.94,90.20,91.86,53.25,88.00,14.37,41.00,127.40,16.93,6.00,1.00,24.00,0.00
411.486,2040.00,13.69,0.70,88.00,88.41,37.50,71.94,90.20,91.86,53.25,88.00,14.37,41.00,127.40,16.93,6.00,1.00,24.00,0.00
411.634,2040.00,13.69,0.70,88.00,88.41,37.50,71.94,90.20,91.86,53.25,88.00,14.37,41.00,127.40,16.93,6.00,1.00,24.00,0.00
411.786,2040.00,13.69,0.70,88.00,88.41,37.50,71.94,90.20,91.86,53.25,88.00,14.37,41.00,127.40,16.93,6.00,1.00,24.00,0.00
411.934,2040.00,13.64,0.70,88.00,88.41,37.50,71.94,90.20,91.86,53.25,88.00,14.37,41.00,127.40,16.93,6.00,1.00,24.00,0.00
412.084,2040.00,13.64,0.67,88.00,88.41,37.50,71.94,90.20,91.86,53.25,88.00,14.37,41.00,127.40,16.93,6.00,1.00,24.00,0.00
412.234,2040.00,13.64,0.67,88.00,88.41,37.50,71.94,90.20,91.86,53.25,88.00,14.37,41.00,127.40,16.93,6.00,1.00,24.00,0.00
412.386,2040.00,13.64,0.67,88.00,86.81,37.50,71.94,90.20,91.86,53.25,88.00,14.37,41.00,127.40,16.93,6.00,1.00,24.00,0.00
412.534,2040.00,13.64,0.67,88.00,86.81,37.50,71.94,90.20,91.86,53.25,88.00,14.37,41.00,127.40,16.93,6.00,1.00,24.00,0.00
412.686,2040.00,13.64,0.67,88.00,86.81,37.50,72.15,90.20,91.86,53.25,88.00,14.37,41.00,127.40,16.93,6.00,1.00,24.00,0.00
412.834,2040.00,13.64,0.67,88.00,86.81,37.50,72.15,88.90,91.86,53.25,88.00,14.37,41.00,127.40,16.93,6.00,1.00,24.00,0.00
412.986,2040.00,13.64,0.67,88.00,86.81,37.50,72.15,88.90,92.06,53.25,88.00,14.37,41.00,127.40,16.93,6.00,1.00,24.00,0.00
413.134,2040.00,13.64,0.67,88.00,86.81,37.50,72.15,88.90,92.06,53.25,88.00,14.37,41.00,127.40,16.93,6.00,1.00,24.00,0.00
413.286,2040.00,13.64,0.67,88.00,86.81,37.50,72.15,88.90,92.06,53.25,88.00,14.37,41.00,127.40,16.93,6.00,1.00,24.00,0.00
413.434,2040.00,13.64,0.67,88.00,86.81,37.50,72.15,88.90,92.06,53.25,88.00,14.37,41.00,127.40,16.93,6.00,1.00,24.00,0.00
413.586,2040.00,13.64,0.67,88.00,86.81,37.50,72.15,88.90,92.06,53.25,88.00,14.37,41.00,127.40,16.93,6.00,1.00,24.00,0.00
413.734,2040.00,13.64,0.67,88.00,86.81,37.50,72.15,88.90,92.06,53.25,88.00,14.37,41.00,127.58,16.93,6.00,1.00,24.00,0.00
413.886,2040.00,13.64,0.67,88.00,86.81,37.50,72.15,88.90,92.06,53.25,88.00,14.37,41.00,127.58,16.87,6.00,1.00,24.00,0.00
414.034,2040.00,13.64,0.67,88.00,86.81,37.50,72.15,88.90,92.06,53.25,88.00,14.37,41.00,127.58,16.87,6.00,1.00,24.00,0.00
414.186,2040.00,13.64,0.67,88.00,86.81,37.50,72.15,88.90,92.06,53.25,88.00,14.37,41.00,127.58,16.87,6.00,0.99,24.00,0.00
414.334,2040.00,13.64,0.67,88.00,86.81,37.50,72.15,88.90,92.06,53.25,88.00,14.37,41.00,127.58,16.87,6.00,0.99,24.00,0.00
414.486,2040.00,13.64,0.67,88.00,86.81,37.50,72.15,88.90,92.06,53.25,88.00,14.37,41.00,127.58,16.87,6.00,0.99,24.00,0.00
414.634,2046.00,13.64,0.67,88.00,86.81,37.50,72.15,88.90,92.06,53.25,88.00,14.37,41.00,127.58,16.87,6.00,0.99,24.00,0.00
414.786,2046.00,13.64,0.67,88.00,86.81,37.50,72.15,88.90,92.06,53.25,88.00,14.37,41.00,127.58,16.87,6.00,0.99,24.00,0.00
414.934,2046.00,13.64,0.61,88.00,86.81,37.50,72.15,88.90,92.06,53.25,88.00,14.37,41.00,127.58,16.87,6.00,0.99,24.00,0.00
415.086,2046.00,13.64,0.61,84.00,86.81,37.50,72.15,88.90,92.06,53.25,88.00,14.37,41.00,127.58,16.87,6.00,0.99,24.00,0.00
415.234,2046.00,13.64,0.61,84.00,82.62,37.50,72.15,88.90,92.06,53.25,88.00,14.37,41.00,127.58,16.87,6.00,0.99,24.00,0.00
415.386,2046.00,13.64,0.61,84.00,82.62,36.75,72.15,88.90,92.06,53.25,88.00,14.37,41.00,127.58,16.87,6.00,0.99,24.00,0.00
415.534,2046.00,13.64,0.61,84.00,82.62,36.75,72.15,88.90,92.06,53.25,88.00,14.37,41.00,127.58,16.87,6.00,0.99,24.00,0.00
415.686,2046.00,13.64,0.61,84.00,82.62,36.75,72.15,86.50,92.06,53.25,88.00,14.37,41.00,127.58,16.87,6.00,0.99,24.00,0.00
415.834,2046.00,13.64,0.61,84.00,82.62,36.75,72.15,86.50,92.16,53.25,88.00,14.37,41.00,127.58,16.87,6.00,0.99,24.00,0.00
415.986,2046.00,13.64,0.61,84.00,82.62,36.75,72.15,86.50,92.16,53.25,88.00,14.37,41.00,127.58,16.87,6.00,0.99,24.00,0.00
416.134,2046.00,13.64,0.61,84.00,82.62,36.75,72.15,86.50,92.16,53.25,88.00,14.37,41.00,127.58,16.87,6.00,0.99,24.00,0.00
416.286,2046.00,13.64,0.61,84.00,82.62,36.75,72.15,86.50,92.16,53.25,88.00,14.37,41.00,127.58,16.87,6.00,0.99,24.00,0.00
416.464,2046.00,13.64,0.61,84.00,82.62,36.75,72.15,86.50,92.16,53.25,88.00,14.37,41.00,127.58,16.87,6.00,0.99,24.00,0.00
416.614,2046.00,13.64,0.61,84.00,82.62,36.75,72.15,86.50,92.16,53.25,88.00,14.37,41.00,127.61,16.87,6.00,0.99,24.00,0.00
416.766,2046.00,13.64,0.61,84.00,82.62,36.75,72.15,86.50,92.16,53.25,88.00,14.37,41.00,127.61,16.98,6.00,0.99,24.00,0.00
416.914,2046.00,13.64,0.61,84.00,82.62,36.75,72.15,86.50,92.16,53.25,88.00,14.37,41.00,127.61,16.98,6.00,0.99,24.00,0.00
417.066,2046.00,13.64,0.61,84.00,82.62,36.75,72.15,86.50,92.16,53.25,88.00,14.37,41.00,127.61,16.98,6.00,0.99,24.00,0.00
417.214,2046.00,13.64,0.61,84.00,82.62,36.75,72.15,86.50,92.16,53.25,88.00,14.37,41.00,127.61,16.98,6.00,0.99,24.00,0.00
417.364,2046.00,13.64,0.61,84.00,82.62,36.75,72.15,86.50,92.16,53.25,88.00,14.37,41.00,127.61,16.98,6.00,0.99,24.00,0.00
417.514,2043.00,13.64,0.61,84.00,82.62,36.75,72.15,86.50,92.16,53.25,88.00,14.37,41.00,127.61,16.98,6.00,0.99,24.00,0.00
417.666,2043.00,13.63,0.61,84.00,82.62,36.75,72.15,86.50,92.16,53.25,88.00,14.37,41.00,127.61,16.98,6.00,0.99,24.00,0.00
417.814,2043.00,13.63,0.59,84.00,82.62,36.75,72.15,86.50,92.16,53.25,88.00,14.37,41.00,127.61,16.98,6.00,0.99,24.00,0.00
417.966,2043.00,13.63,0.59,84.00,82.62,36.75,72.15,86.50,92.16,53.25,88.00,14.37,41.00,127.61,16.98,6.00,0.99,24.00,0.00
418.114,2043.00,13.63,0.59,84.00,82.44,36.75,72.15,86.50,92.16,53.25,88.00,14.37,41.00,127.61,16.98,6.00,0.99,24.00,0.00
418.266,2043.00,13.63,0.59,84.00,82.44,35.25,72.15,86.50,92.16,53.25,88.00,14.37,41.00,127.61,16.98,6.00,0.99,24.00,0.00
418.414,2043.00,13.63,0.59,84.00,82.44,35.25,72.04,86.50,92.16,53.25,88.00,14.37,41.00,127.61,16.98,6.00,0.99,24.00,0.00
418.564,2043.00,13.63,0.59,84.00,82.44,35.25,72.04,84.00,92.16,53.25,88.00,14.37,41.00,127.61,16.98,6.00,0.99,24.00,0.00
418.714,2043.00,13.63,0.59,84.00,82.44,35.25,72.04,84.00,92.16,53.25,88.00,14.37,41.00,127.61,16.98,6.00,0.99,24.00,0.00
418.866,2043.00,13.63,0.59,84.00,82.44,35.25,72.04,84.00,92.16,52.50,88.00,14.37,41.00,127.61,16.98,6.00,0.99,24.00,0.00
419.014,2043.00,13.63,0.59,84.00,82.44,35.25,72.04,84.00,92.16,52.50,88.00,14.37,41.00,127.61,16.98,6.00,0.99,24.00,0.00
419.166,2043.00,13.63,0.59,84.00,82.44,35.25,72.04,84.00,92.16,52.50,88.00,14.37,41.00,127.61,16.98,6.00,0.99,24.00,0.00
419.314,2043.00,13.63,0.59,84.00,82.44,35.25,72.04,84.00,92.16,52.50,88.00,14.37,41.00,127.61,16.98,6.00,0.99,24.00,0.00
419.466,2043.00,13.63,0.59,84.00,82.44,35.25,72.04,84.00,92.16,52.50,88.00,14.37,41.00,127.50,16.98,6.00,0.99,24.00,0.00
419.614,2043.00,13.63,0.59,84.00,82.44,35.25,72.04,84.00,92.16,52.50,88.00,14.37,41.00,127.50,16.60,6.00,0.99,24.00,0.00
419.764,2043.00,13.63,0.59,84.00,82.44,35.25,72.04,84.00,92.16,52.50,88.00,14.37,41.00,127.50,16.60,6.00,0.99,24.00,0.00
419.914,2043.00,13.63,0.59,84.00,82.44,35.25,72.04,84.00,92.16,52.50,88.00,14.37,41.00,127.50,16.60,6.00,1.00,24.00,0.00
420.066,2043.00,13.63,0.59,84.00,82.44,35.25,72.04,84.00,92.16,52.50,88.00,14.37,41.00,127.50,16.60,6.00,1.00,24.75,0.00
420.214,2043.00,13.63,0.59,84.00,82.44,35.25,72.04,84.00,92.16,52.50,88.00,14.37,41.00,127.50,16.60,6.00,1.00,24.75,0.00
420.366,2041.00,13.63,0.59,84.00,82.44,35.25,72.04,84.00,92.16,52.50,88.00,14.37,41.00,127.50,16.60,6.00,1.00,24.75,0.00
420.514,2041.00,13.63,0.59,84.00,82.44,35.25,72.04,84.00,92.16,52.50,88.00,14.37,41.00,127.50,16.60,6.00,1.00,24.75,0.00
420.666,2041.00,13.63,0.38,84.00,82.44,35.25,72.04,84.00,92.16,52.50,88.00,14.37,41.00,127.50,16.60,6.00,1.00,24.75,0.00
420.814,2041.00,13.63,0.38,80.00,82.44,35.25,72.04,84.00,92.16,52.50,88.00,14.37,41.00,127.50,16.60,6.00,1.00,24.75,0.00
420.966,2041.00,13.63,0.38,80.00,78.66,35.25,72.04,84.00,92.16,52.50,88.00,14.37,41.00,127.50,16.60,6.00,1.00,24.75,0.00
421.114,2041.00,13.63,0.38,80.00,78.66,33.75,72.04,84.00,92.16,52.50,88.00,14.37,41.00,127.50,16.60,6.00,1.00,24.75,0.00
421.266,2041.00,13.63,0.38,80.00,78.66,33.75,71.85,84.00,92.16,52.50,88.00,14.37,41.00,127.50,16.60,6.00,1.00,24.75,0.00
421.414,2041.00,13.63,0.38,80.00,78.66,33.75,71.85,80.70,92.16,52.50,88.00,14.37,41.00,127.50,16.60,6.00,1.00,24.75,0.00
421.566,2041.00,13.63,0.38,80.00,78.66,33.75,71.85,80.70,92.26,52.50,88.00,14.37,41.00,127.50,16.60,6.00,1.00,24.75,0.00
421.714,2041.00,13.63,0.38,80.00,78.66,33.75,71.85,80.70,92.26,52.50,88.00,14.37,41.00,127.50,16.60,6.00,1.00,24.75,0.00
421.866,2041.00,13.63,0.38,80.00,78.66,33.75,71.85,80.70,92.26,52.50,88.00,14.37,41.00,127.50,16.60,6.00,1.00,24.75,0.00
422.014,2041.00,13.63,0.38,80.00,78.66,33.75,71.85,80.70,92.26,52.50,88.00,14.37,41.00,127.50,16.60,6.00,1.00,24.75,0.00
422.166,2041.00,13.63,0.38,80.00,78.66,33.75,71.85,80.70,92.26,52.50,88.00,14.37,41.00,127.50,16.60,6.00,1.00,24.75,0.00
422.314,2041.00,13.63,0.38,80.00,78.66,33.75,71.85,80.70,92.26,52.50,88.00,14.37,41.00,127.55,16.60,6.00,1.00,24.75,0.00
422.466,2041.00,13.63,0.38,80.00,78.66,33.75,71.85,80.70,92.26,52.50,88.00,14.37,41.00,127.55,16.82,6.00,1.00,24.75,0.00
422.614,2041.00,13.63,0.38,80.00,78.66,33.75,71.85,80.70,92.26,52.50,88.00,14.37,41.00,127.55,16.82,6.00,1.00,24.75,0.00
422.766,2041.00,13.63,0.38,80.00,78.66,33.75,71.85,80.70,92.26,52.50,88.00,14.37,41.00,127.55,16.82,6.00,1.00,24.75,0.00
422.914,2041.00,13.63,0.38,80.00,78.66,33.75,71.85,80.70,92.26,52.50,88.00,14.37,41.00,127.55,16.82,6.00,1.00,24.75,0.00
423.066,2041.00,13.63,0.38,80.00,78.66,33.75,71.85,80.70,92.26,52.50,88.00,14.37,41.00,127.55,16.82,6.00,1.00,24.75,0.00
423.214,2042.50,13.63,0.38,80.00,78.66,33.75,71.85,80.70,92.26,52.50,88.00,14.37,41.00,127.55,16.82,6.00,1.00,24.75,0.00
423.364,2042.50,13.61,0.38,80.00,78.66,33.75,71.85,80.70,92.26,52.50,88.00,14.37,41.00,127.55,16.82,6.00,1.00,24.75,0.00
423.514,2042.50,13.61,0.19,80.00,78.66,33.75,71.85,80.70,92.26,52.50,88.00,14.37,41.00,127.55,16.82,6.00,1.00,24.75,0.00
423.666,2042.50,13.61,0.19,76.00,78.66,33.75,71.85,80.70,92.26,52.50,88.00,14.37,41.00,127.55,16.82,6.00,1.00,24.75,0.00
423.814,2042.50,13.61,0.19,76.00,77.81,33.75,71.85,80.70,92.26,52.50,88.00,14.37,41.00,127.55,16.82,6.00,1.00,24.75,0.00
423.966,2042.50,13.61,0.19,76.00,77.81,33.75,71.85,80.70,92.26,52.50,88.00,14.37,41.00,127.55,16.82,6.00,1.00,24.75,0.00
424.144,2042.50,13.61,0.19,76.00,77.81,33.75,71.36,80.70,92.26,52.50,88.00,14.37,41.00,127.55,16.82,6.00,1.00,24.75,0.00
424.294,2042.50,13.61,0.19,76.00,77.81,33.75,71.36,80.10,92.26,52.50,88.00,14.37,41.00,127.55,16.82,6.00,1.00,24.75,0.00
424.444,2042.50,13.61,0.19,76.00,77.81,33.75,71.36,80.10,92.26,52.50,88.00,14.37,41.00,127.55,16.82,6.00,1.00,24.75,0.00
424.594,2042.50,13.61,0.19,76.00,77.81,33.75,71.36,80.10,92.26,52.50,88.00,14.37,41.00,127.55,16.82,6.00,1.00,24.75,0.00
424.744,2042.50,13.61,0.19,76.00,77.81,33.75,71.36,80.10,92.26,52.50,88.00,14.37,41.00,127.55,16.82,6.00,1.00,24.75,0.00
424.894,2042.50,13.61,0.19,76.00,77.81,33.75,71.36,80.10,92.26,52.50,88.00,14.37,41.00,127.55,16.82,6.00,1.00,24.75,0.00
425.044,2042.50,13.61,0.19,76.00,77.81,33.75,71.36,80.10,92.26,52.50,88.00,14.37,41.00,127.55,16.82,6.00,1.00,24.75,0.00
425.194,2042.50,13.61,0.19,76.00,77.81,33.75,71.36,80.10,92.26,52.50,88.00,14.37,41.00,126.46,16.82,6.00,1.00,24.75,0.00
425.344,2042.50,13.61,0.19,76.00,77.81,33.75,71.36,80.10,92.26,52.50,88.00,14.37,41.00,126.46,17.18,6.00,1.00,24.75,0.00
425.494,2042.50,13.61,0.19,76.00,77.81,33.75,71.36,80.10,92.26,52.50,88.00,14.37,41.00,126.46,17.18,6.00,1.00,24.75,0.00
425.644,2042.50,13.61,0.19,76.00,77.81,33.75,71.36,80.10,92.26,52.50,88.00,14.37,41.00,126.46,17.18,6.00,1.01,24.75,0.00
425.794,2042.50,13.61,0.19,76.00,77.81,33.75,71.36,80.10,92.26,52.50,88.00,14.37,41.00,126.46,17.18,6.00,1.01,24.75,0.00
425.944,2042.50,13.61,0.19,76.00,77.81,33.75,71.36,80.10,92.26,52.50,88.00,14.37,41.00,126.46,17.18,6.00,1.01,24.75,0.00
426.094,2037.50,13.61,0.19,76.00,77.81,33.75,71.36,80.10,92.26,52.50,88.00,14.37,41.00,126.46,17.18,6.00,1.01,24.75,0.00
426.244,2037.50,13.62,0.19,76.00,77.81,33.75,71.36,80.10,92.26,52.50,88.00,14.37,41.00,126.46,17.18,6.00,1.01,24.75,0.00
426.394,2037.50,13.62,0.19,76.00,77.81,33.75,71.36,80.10,92.26,52.50,88.00,14.37,41.00,126.46,17.18,6.00,1.01,24.75,0.00
426.544,2037.50,13.62,0.19,80.00,77.81,33.75,71.36,80.10,92.26,52.50,88.00,14.37,41.00,126.46,17.18,6.00,1.01,24.75,0.00
426.694,2037.50,13.62,0.19,80.00,80.00,33.75,71.36,80.10,92.26,52.50,88.00,14.37,41.00,126.46,17.18,6.00,1.01,24.75,0.00
426.844,2037.50,13.62,0.19,80.00,80.00,35.25,71.36,80.10,92.26,52.50,88.00,14.37,41.00,126.46,17.18,6.00,1.01,24.75,0.00
426.994,2037.50,13.62,0.19,80.00,80.00,35.25,70.84,80.10,92.26,52.50,88.00,14.37,41.00,126.46,17.18,6.00,1.01,24.75,0.00
427.144,2037.50,13.62,0.19,80.00,80.00,35.25,70.84,86.70,92.26,52.50,88.00,14.37,41.00,126.46,17.18,6.00,1.01,24.75,0.00
427.294,2037.50,13.62,0.19,80.00,80.00,35.25,70.84,86.70,92.16,52.50,88.00,14.37,41.00,126.46,17.18,6.00,1.01,24.75,0.00
427.444,2037.50,13.62,0.19,80.00,80.00,35.25,70.84,86.70,92.16,52.50,88.00,14.37,41.00,126.46,17.18,6.00,1.01,24.75,0.00
427.594,2037.50,13.62,0.19,80.00,80.00,35.25,70.84,86.70,92.16,52.50,88.00,14.37,41.00,126.46,17.18,6.00,1.01,24.75,0.00
427.744,2037.50,13.62,0.19,80.00,80.00,35.25,70.84,86.70,92.16,52.50,88.00,14.37,41.00,126.46,17.18,6.00,1.01,24.75,0.00
427.894,2037.50,13.62,0.19,80.00,80.00,35.25,70.84,86.70,92.16,52.50,88.00,14.37,41.00,126.46,17.18,6.00,1.01,24.75,0.00
428.044,2037.50,13.62,0.19,80.00,80.00,35.25,70.84,86.70,92.16,52.50,88.00,14.37,41.00,126.99,17.18,6.00,1.01,24.75,0.00
428.194,2037.50,13.62,0.19,80.00,80.00,35.25,70.84,86.70,92.16,52.50,88.00,14.37,41.00,126.99,17.52,6.00,1.01,24.75,0.00
428.344,2037.50,13.62,0.19,80.00,80.00,35.25,70.84,86.70,92.16,52.50,88.00,14.37,41.00,126.99,17.52,6.00,1.01,24.75,0.00
428.494,2037.50,13.62,0.19,80.00,80.00,35.25,70.84,86.70,92.16,52.50,88.00,14.37,41.00,126.99,17.52,6.00,0.99,24.75,0.00
428.644,2037.50,13.62,0.19,80.00,80.00,35.25,70.84,86.70,92.16,52.50,88.00,14.37,41.00,126.99,17.52,6.00,0.99,22.50,0.00
428.794,2037.50,13.62,0.19,80.00,80.00,35.25,70.84,86.70,92.16,52.50,88.00,14.37,41.00,126.99,17.52,6.00,0.99,22.50,0.00
428.944,2031.50,13.62,0.19,80.00,80.00,35.25,70.84,86.70,92.16,52.50,88.00,14.37,41.00,126.99,17.52,6.00,0.99,22.50,0.00
429.094,2031.50,13.71,0.19,80.00,80.00,35.25,70.84,86.70,92.16,52.50,88.00,14.37,41.00,126.99,17.52,6.00,0.99,22.50,0.00
429.244,2031.50,13.71,0.75,80.00,80.00,35.25,70.84,86.70,92.16,52.50,88.00,14.37,41.00,126.99,17.52,6.00,0.99,22.50,0.00
429.394,2031.50,13.71,0.75,92.00,80.00,35.25,70.84,86.70,92.16,52.50,88.00,14.37,41.00,126.99,17.52,6.00,0.99,22.50,0.00
429.544,2031.50,13.71,0.75,92.00,92.22,35.25,70.84,86.70,92.16,52.50,88.00,14.37,41.00,126.99,17.52,6.00,0.99,22.50,0.00
429.694,2031.50,13.71,0.75,92.00,92.22,39.75,70.84,86.70,92.16,52.50,88.00,14.37,41.00,126.99,17.52,6.00,0.99,22.50,0.00
429.844,2031.50,13.71,0.75,92.00,92.22,39.75,70.54,86.70,92.16,52.50,88.00,14.37,41.00,126.99,17.52,6.00,0.99,22.50,0.00
429.994,2031.50,13.71,0.75,92.00,92.22,39.75,70.54,94.30,92.16,52.50,88.00,14.37,41.00,126.99,17.52,6.00,0.99,22.50,0.00
430.144,2031.50,13.71,0.75,92.00,92.22,39.75,70.54,94.30,92.16,52.50,88.00,14.37,41.00,126.99,17.52,6.00,0.99,22.50,0.00
430.294,2031.50,13.71,0.75,92.00,92.22,39.75,70.54,94.30,92.16,52.50,88.00,14.37,41.00,126.99,17.52,6.00,0.99,22.50,0.00
430.444,2031.50,13.71,0.75,92.00,92.22,39.75,70.54,94.30,92.16,52.50,88.00,14.37,41.00,126.99,17.52,6.00,0.99,22.50,0.00
430.594,2031.50,13.71,0.75,92.00,92.22,39.75,70.54,94.30,92.16,52.50,88.00,14.37,41.00,126.99,17.52,6.00,0.99,22.50,0.00
430.744,2031.50,13.71,0.75,92.00,92.22,39.75,70.54,94.30,92.16,52.50,88.00,14.37,41.00,126.99,17.52,6.00,0.99,22.50,0.00
430.894,2031.50,13.71,0.75,92.00,92.22,39.75,70.54,94.30,92.16,52.50,88.00,14.37,41.00,127.11,17.52,6.00,0.99,22.50,0.00
431.044,2031.50,13.71,0.75,92.00,92.22,39.75,70.54,94.30,92.16,52.50,88.00,14.37,41.00,127.11,16.98,6.00,0.99,22.50,0.00
431.194,2031.50,13.71,0.75,92.00,92.22,39.75,70.54,94.30,92.16,52.50,88.00,14.37,41.00,127.11,16.98,6.00,0.99,22.50,0.00
431.344,2031.50,13.71,0.75,92.00,92.22,39.75,70.54,94.30,92.16,52.50,88.00,14.37,41.00,127.11,16.98,6.00,0.99,22.50,0.00
431.494,2031.50,13.71,0.75,92.00,92.22,39.75,70.54,94.30,92.16,52.50,88.00,14.37,41.00,127.11,16.98,6.00,0.99,24.00,0.00
431.644,2031.50,13.71,0.75,92.00,92.22,39.75,70.54,94.30,92.16,52.50,88.00,14.37,41.00,127.11,16.98,6.00,0.99,24.00,0.00
431.824,2039.50,13.71,0.75,92.00,92.22,39.75,70.54,94.30,92.16,52.50,88.00,14.37,41.00,127.11,16.98,6.00,0.99,24.00,0.00
431.975,2039.50,13.68,0.75,92.00,92.22,39.75,70.54,94.30,92.16,52.50,88.00,14.37,41.00,127.11,16.98,6.00,0.99,24.00,0.00
432.124,2039.50,13.68,0.79,92.00,92.22,39.75,70.54,94.30,92.16,52.50,88.00,14.37,41.00,127.11,16.98,6.00,0.99,24.00,0.00
432.275,2039.50,13.68,0.79,88.00,92.22,39.75,70.54,94.30,92.16,52.50,88.00,14.37,41.00,127.11,16.98,6.00,0.99,24.00,0.00
432.424,2039.50,13.68,0.79,88.00,88.81,39.75,70.54,94.30,92.16,52.50,88.00,14.37,41.00,127.11,16.98,6.00,0.99,24.00,0.00
432.576,2039.50,13.68,0.79,88.00,88.81,38.25,70.54,94.30,92.16,52.50,88.00,14.37,41.00,127.11,16.98,6.00,0.99,24.00,0.00
432.724,2039.50,13.68,0.79,88.00,88.81,38.25,70.96,94.30,92.16,52.50,88.00,14.37,41.00,127.11,16.98,6.00,0.99,24.00,0.00
432.875,2039.50,13.68,0.79,88.00,88.81,38.25,70.96,91.30,92.16,52.50,88.00,14.37,41.00,127.11,16.98,6.00,0.99,24.00,0.00
433.024,2039.50,13.68,0.79,88.00,88.81,38.25,70.96,91.30,92.16,52.50,88.00,14.37,41.00,127.11,16.98,6.00,0.99,24.00,0.00
433.176,2039.50,13.68,0.79,88.00,88.81,38.25,70.96,91.30,92.16,53.25,88.00,14.37,41.00,127.11,16.98,6.00,0.99,24.00,0.00
433.324,2039.50,13.68,0.79,88.00,88.81,38.25,70.96,91.30,92.16,53.25,88.00,14.37,41.00,127.11,16.98,6.00,0.99,24.00,0.00
433.476,2039.50,13.68,0.79,88.00,88.81,38.25,70.96,91.30,92.16,53.25,88.00,14.37,41.00,127.11,16.98,6.00,0.99,24.00,0.00
433.624,2039.50,13.68,0.79,88.00,88.81,38.25,70.96,91.30,92.16,53.25,88.00,14.37,41.00,127.11,16.98,6.00,0.99,24.00,0.00
433.776,2039.50,13.68,0.79,88.00,88.81,38.25,70.96,91.30,92.16,53.25,88.00,14.37,41.00,127.51,16.98,6.00,0.99,24.00,0.00
433.924,2039.50,13.68,0.79,88.00,88.81,38.25,70.96,91.30,92.16,53.25,88.00,14.37,41.00,127.51,16.85,6.00,0.99,24.00,0.00
434.076,2039.50,13.68,0.79,88.00,88.81,38.25,70.96,91.30,92.16,53.25,88.00,14.37,41.00,127.51,16.85,6.00,0.99,24.00,0.00
434.224,2039.50,13.68,0.79,88.00,88.81,38.25,70.96,91.30,92.16,53.25,88.00,14.37,41.00,127.51,16.85,6.00,1.01,24.00,0.00
434.375,2039.50,13.68,0.79,88.00,88.81,38.25,70.96,91.30,92.16,53.25,88.00,14.37,41.00,127.51,16.85,6.00,1.01,24.00,0.00
434.524,2039.50,13.68,0.79,88.00,88.81,38.25,70.96,91.30,92.16,53.25,88.00,14.37,41.00,127.51,16.85,6.00,1.01,24.00,0.00
434.676,2043.00,13.68,0.79,88.00,88.81,38.25,70.96,91.30,92.16,53.25,88.00,14.37,41.00,127.51,16.85,6.00,1.01,24.00,0.00
434.824,2043.00,13.64,0.79,88.00,88.81,38.25,70.96,91.30,92.16,53.25,88.00,14.37,41.00,127.51,16.85,6.00,1.01,24.00,0.00
434.975,2043.00,13.64,0.67,88.00,88.81,38.25,70.96,91.30,92.16,53.25,88.00,14.37,41.00,127.51,16.85,6.00,1.01,24.00,0.00
435.124,2043.00,13.64,0.67,88.00,88.81,38.25,70.96,91.30,92.16,53.25,88.00,14.37,41.00,127.51,16.85,6.00,1.01,24.00,0.00
435.275,2043.00,13.64,0.67,88.00,85.91,38.25,70.96,91.30,92.16,53.25,88.00,14.37,41.00,127.51,16.85,6.00,1.01,24.00,0.00
435.424,2043.00,13.64,0.67,88.00,85.91,36.75,70.96,91.30,92.16,53.25,88.00,14.37,41.00,127.51,16.85,6.00,1.01,24.00,0.00
435.575,2043.00,13.64,0.67,88.00,85.91,36.75,71.24,91.30,92.16,53.25,88.00,14.37,41.00,127.51,16.85,6.00,1.01,24.00,0.00
435.724,2043.00,13.64,0.67,88.00,85.91,36.75,71.24,87.50,92.16,53.25,88.00,14.37,41.00,127.51,16.85,6.00,1.01,24.00,0.00
435.875,2043.00,13.64,0.67,88.00,85.91,36.75,71.24,87.50,92.16,53.25,88.00,14.37,41.00,127.51,16.85,6.00,1.01,24.00,0.00
436.024,2043.00,13.64,0.67,88.00,85.91,36.75,71.24,87.50,92.16,53.25,88.00,14.37,41.00,127.51,16.85,6.00,1.01,24.00,0.00
436.175,2043.00,13.64,0.67,88.00,85.91,36.75,71.24,87.50,92.16,53.25,88.00,14.37,41.00,127.51,16.85,6.00,1.01,24.00,0.00
436.325,2043.00,13.64,0.67,88.00,85.91,36.75,71.24,87.50,92.16,53.25,88.00,14.37,41.00,127.51,16.85,6.00,1.01,24.00,0.00
436.475,2043.00,13.64,0.67,88.00,85.91,36.75,71.24,87.50,92.16,53.25,88.00,14.37,41.00,127.51,16.85,6.00,1.01,24.00,0.00
436.624,2043.00,13.64,0.67,88.00,85.91,36.75,71.24,87.50,92.16,53.25,88.00,14.37,41.00,127.67,16.85,6.00,1.01,24.00,0.00
436.776,2043.00,13.64,0.67,88.00,85.91,36.75,71.24,87.50,92.16,53.25,88.00,14.37,41.00,127.67,16.68,6.00,1.01,24.00,0.00
436.924,2043.00,13.64,0.67,88.00,85.91,36.75,71.24,87.50,92.16,53.25,88.00,14.37,41.00,127.67,16.68,6.00,1.01,24.00,0.00
437.075,2043.00,13.64,0.67,88.00,85.91,36.75,71.24,87.50,92.16,53.25,88.00,14.37,41.00,127.67,16.68,6.00,0.99,24.00,0.00
437.224,2043.00,13.64,0.67,88.00,85.91,36.75,71.24,87.50,92.16,53.25,88.00,14.37,41.00,127.67,16.68,6.00,0.99,24.00,0.00
437.376,2043.00,13.64,0.67,88.00,85.91,36.75,71.24,87.50,92.16,53.25,88.00,14.37,41.00,127.67,16.68,6.00,0.99,24.00,0.00
437.524,2044.00,13.64,0.67,88.00,85.91,36.75,71.24,87.50,92.16,53.25,88.00,14.37,41.00,127.67,16.68,6.00,0.99,24.00,0.00
437.674,2044.00,13.65,0.67,88.00,85.91,36.75,71.24,87.50,92.16,53.25,88.00,14.37,41.00,127.67,16.68,6.00,0.99,24.00,0.00
437.824,2044.00,13.65,0.51,88.00,85.91,36.75,71.24,87.50,92.16,53.25,88.00,14.37,41.00,127.67,16.68,6.00,0.99,24.00,0.00
437.976,2044.00,13.65,0.51,80.00,85.91,36.75,71.24,87.50,92.16,53.25,88.00,14.37,41.00,127.67,16.68,6.00,0.99,24.00,0.00
438.124,2044.00,13.65,0.51,80.00,80.22,36.75,71.24,87.50,92.16,53.25,88.00,14.37,41.00,127.67,16.68,6.00,0.99,24.00,0.00
438.276,2044.00,13.65,0.51,80.00,80.22,34.50,71.24,87.50,92.16,53.25,88.00,14.37,41.00,127.67,16.68,6.00,0.99,24.00,0.00
438.424,2044.00,13.65,0.51,80.00,80.22,34.50,71.24,87.50,92.16,53.25,88.00,14.37,41.00,127.67,16.68,6.00,0.99,24.00,0.00
438.575,2044.00,13.65,0.51,80.00,80.22,34.50,71.24,81.90,92.16,53.25,88.00,14.37,41.00,127.67,16.68,6.00,0.99,24.00,0.00
438.724,2044.00,13.65,0.51,80.00,80.22,34.50,71.24,81.90,92.36,53.25,88.00,14.37,41.00,127.67,16.68,6.00,0.99,24.00,0.00
438.876,2044.00,13.65,0.51,80.00,80.22,34.50,71.24,81.90,92.36,53.25,88.00,14.37,41.00,127.67,16.68,6.00,0.99,24.00,0.00
439.024,2044.00,13.65,0.51,80.00,80.22,34.50,71.24,81.90,92.36,53.25,88.00,14.37,41.00,127.67,16.68,6.00,0.99,24.00,0.00
439.176,2044.00,13.65,0.51,80.00,80.22,34.50,71.24,81.90,92.36,53.25,88.00,14.37,41.00,127.67,16.68,6.00,0.99,24.00,0.00
439.324,2044.00,13.65,0.51,80.00,80.22,34.50,71.24,81.90,92.36,53.25,88.00,14.37,41.50,127.67,16.68,6.00,0.99,24.00,0.00
439.504,2044.00,13.65,0.51,80.00,80.22,34.50,71.24,81.90,92.36,53.25,88.00,14.37,41.50,127.74,16.68,6.00,0.99,24.00,0.00
439.686,2044.00,13.65,0.51,80.00,80.22,34.50,71.24,81.90,92.36,53.25,88.00,14.37,41.50,127.74,16.55,6.00,0.99,24.00,0.00
439.834,2044.00,13.65,0.51,80.00,80.22,34.50,71.24,81.90,92.36,53.25,88.00,14.37,41.50,127.74,16.55,6.00,0.99,24.00,0.00
439.987,2044.00,13.65,0.51,80.00,80.22,34.50,71.24,81.90,92.36,53.25,88.00,14.37,41.50,127.74,16.55,6.00,0.99,24.00,0.00
440.134,2044.00,13.65,0.51,80.00,80.22,34.50,71.24,81.90,92.36,53.25,88.00,14.37,41.50,127.74,16.55,6.00,0.99,24.75,0.00
440.286,2044.00,13.65,0.51,80.00,80.22,34.50,71.24,81.90,92.36,53.25,88.00,14.37,41.50,127.74,16.55,6.00,0.99,24.75,0.00
440.434,2044.00,13.65,0.51,80.00,80.22,34.50,71.24,81.90,92.36,53.25,88.00,14.37,41.50,127.74,16.55,6.00,0.99,24.75,0.00
440.586,2044.00,13.65,0.51,80.00,80.22,34.50,71.24,81.90,92.36,53.25,88.00,14.37,41.50,127.74,16.55,6.00,0.99,24.75,0.00
440.734,2044.00,13.65,0.26,80.00,80.22,34.50,71.24,81.90,92.36,53.25,88.00,14.37,41.50,127.74,16.55,6.00,0.99,24.75,0.00
440.887,2044.00,13.65,0.26,76.00,80.22,34.50,71.24,81.90,92.36,53.25,88.00,14.37,41.50,127.74,16.55,6.00,0.99,24.75,0.00
441.034,2044.00,13.65,0.26,76.00,75.97,34.50,71.24,81.90,92.36,53.25,88.00,14.37,41.50,127.74,16.55,6.00,0.99,24.75,0.00
