Time,"Engine speed","Intake manifold absolute pressure","Boost pressure","Air mass flow","Mass flow through throttle valve bank 1","Relative air filling","Intake air temperature before throttle valve, measured","Air mass flow participating in combustion","Coolant temperature","Engine radiator outlet temperature (coolant)","Oil temperature","Ambient pressure","Ambient temperature","Vehicle speed","Throttle valve angle related to the lower stop","Actual gear","Lambda actual value","Actual ignition angle","Condition brake test switch actuated","Intake air temperature","Is position electrical wastegate (0: WG closed, 100 WG open)"
0.000,0,0,0,0,0,0,0,22.00,0,0,0,0,0,0,0,0,0,0,0,0,0
0.151,0,0,0,0,0,0,0,22.00,87.36,0,0,0,0,0,0,0,0,0,0,0,0
0.300,0,0,0,0,0,0,0,22.00,87.36,42.75,0,0,0,0,0,0,0,0,0,0,0
0.451,0,0,0,0,0,0,0,22.00,87.36,42.75,82.00,0,0,0,0,0,0,0,0,0,0
0.600,0,0,0,0,0,0,0,22.00,87.36,42.75,82.00,14.24,0,0,0,0,0,0,0,0,0
0.751,0,0,0,0,0,0,0,22.00,87.36,42.75,82.00,14.24,35.50,0,0,0,0,0,0,0,0
0.900,0,0,0,0,0,0,0,22.00,87.36,42.75,82.00,14.24,35.50,19.65,0,0,0,0,0,0,0
1.051,0,0,0,0,0,0,0,22.00,87.36,42.75,82.00,14.24,35.50,19.65,13.38,0,0,0,0,0,0
1.200,0,0,0,0,0,0,0,22.00,87.36,42.75,82.00,14.24,35.50,19.65,13.38,2.00,0,0,0,0,0
1.351,0,0,0,0,0,0,0,22.00,87.36,42.75,82.00,14.24,35.50,19.65,13.38,2.00,0.98,0,0,0,0
1.500,0,0,0,0,0,0,0,22.00,87.36,42.75,82.00,14.24,35.50,19.65,13.38,2.00,0.98,15.75,0,0,0
1.651,0,0,0,0,0,0,0,22.00,87.36,42.75,82.00,14.24,35.50,19.65,13.38,2.00,0.98,15.75,0.00,0,0
1.800,0,0,0,0,0,0,0,22.00,87.36,42.75,82.00,14.24,35.50,19.65,13.38,2.00,0.98,15.75,0.00,42.75,0
1.951,0,0,0,0,0,0,0,22.00,87.36,42.75,82.00,14.24,35.50,19.65,13.38,2.00,0.98,15.75,0.00,42.75,0.00
2.100,1924.50,0,0,0,0,0,0,22.00,87.36,42.75,82.00,14.24,35.50,19.65,13.38,2.00,0.98,15.75,0.00,42.75,0.00
2.250,1924.50,13.53,0,0,0,0,0,22.00,87.36,42.75,82.00,14.24,35.50,19.65,13.38,2.00,0.98,15.75,0.00,42.75,0.00
2.400,1924.50,13.53,0.24,0,0,0,0,22.00,87.36,42.75,82.00,14.24,35.50,19.65,13.38,2.00,0.98,15.75,0.00,42.75,0.00
2.550,1924.50,13.53,0.24,60.00,0,0,0,22.00,87.36,42.75,82.00,14.24,35.50,19.65,13.38,2.00,0.98,15.75,0.00,42.75,0.00
2.700,1924.50,13.53,0.24,60.00,63.69,0,0,22.00,87.36,42.75,82.00,14.24,35.50,19.65,13.38,2.00,0.98,15.75,0.00,42.75,0.00
2.880,1924.50,13.53,0.24,60.00,63.69,27.00,0,22.00,87.36,42.75,82.00,14.24,35.50,19.65,13.38,2.00,0.98,15.75,0.00,42.75,0.00
3.030,1924.50,13.53,0.24,60.00,63.69,27.00,51.15,22.00,87.36,42.75,82.00,14.24,35.50,19.65,13.38,2.00,0.98,15.75,0.00,42.75,0.00
3.180,1924.50,13.53,0.24,60.00,63.69,27.00,51.15,59.70,87.36,42.75,82.00,14.24,35.50,19.65,13.38,2.00,0.98,15.75,0.00,42.75,0.00
3.330,1924.50,13.53,0.24,60.00,63.69,27.00,51.15,59.70,87.36,42.75,82.00,14.24,35.50,19.65,13.38,2.00,0.98,15.75,0.00,42.75,0.00
3.480,1924.50,13.53,0.24,60.00,63.69,27.00,51.15,59.70,87.36,42.75,82.00,14.24,35.50,19.65,13.38,2.00,0.98,15.75,0.00,42.75,0.00
3.630,1924.50,13.53,0.24,60.00,63.69,27.00,51.15,59.70,87.36,42.75,82.00,14.24,35.50,19.65,13.38,2.00,0.98,15.75,0.00,42.75,0.00
3.780,1924.50,13.53,0.24,60.00,63.69,27.00,51.15,59.70,87.36,42.75,82.00,14.24,35.50,19.65,13.38,2.00,0.98,15.75,0.00,42.75,0.00
3.930,1924.50,13.53,0.24,60.00,63.69,27.00,51.15,59.70,87.36,42.75,82.00,14.24,35.50,19.65,13.38,2.00,0.98,15.75,0.00,42.75,0.00
4.080,1924.50,13.53,0.24,60.00,63.69,27.00,51.15,59.70,87.36,42.75,82.00,14.24,35.50,28.92,13.38,2.00,0.98,15.75,0.00,42.75,0.00
4.230,1924.50,13.53,0.24,60.00,63.69,27.00,51.15,59.70,87.36,42.75,82.00,14.24,35.50,28.92,16.98,2.00,0.98,15.75,0.00,42.75,0.00
4.380,1924.50,13.53,0.24,60.00,63.69,27.00,51.15,59.70,87.36,42.75,82.00,14.24,35.50,28.92,16.98,3.00,0.98,15.75,0.00,42.75,0.00
4.530,1924.50,13.53,0.24,60.00,63.69,27.00,51.15,59.70,87.36,42.75,82.00,14.24,35.50,28.92,16.98,3.00,0.98,15.75,0.00,42.75,0.00
4.680,1924.50,13.53,0.24,60.00,63.69,27.00,51.15,59.70,87.36,42.75,82.00,14.24,35.50,28.92,16.98,3.00,0.98,21.00,0.00,42.75,0.00
4.830,1924.50,13.53,0.24,60.00,63.69,27.00,51.15,59.70,87.36,42.75,82.00,14.24,35.50,28.92,16.98,3.00,0.98,21.00,0.00,42.75,0.00
4.980,1924.50,13.53,0.24,60.00,63.69,27.00,51.15,59.70,87.36,42.75,82.00,14.24,35.50,28.92,16.98,3.00,0.98,21.00,0.00,42.00,0.00
5.130,1924.50,13.53,0.24,60.00,63.69,27.00,51.15,59.70,87.36,42.75,82.00,14.24,35.50,28.92,16.98,3.00,0.98,21.00,0.00,42.00,0.00
5.280,1824.00,13.53,0.24,60.00,63.69,27.00,51.15,59.70,87.36,42.75,82.00,14.24,35.50,28.92,16.98,3.00,0.98,21.00,0.00,42.00,0.00
5.430,1824.00,13.50,0.24,60.00,63.69,27.00,51.15,59.70,87.36,42.75,82.00,14.24,35.50,28.92,16.98,3.00,0.98,21.00,0.00,42.00,0.00
5.580,1824.00,13.50,0.56,60.00,63.69,27.00,51.15,59.70,87.36,42.75,82.00,14.24,35.50,28.92,16.98,3.00,0.98,21.00,0.00,42.00,0.00
5.730,1824.00,13.50,0.56,64.00,63.69,27.00,51.15,59.70,87.36,42.75,82.00,14.24,35.50,28.92,16.98,3.00,0.98,21.00,0.00,42.00,0.00
5.880,1824.00,13.50,0.56,64.00,66.34,27.00,51.15,59.70,87.36,42.75,82.00,14.24,35.50,28.92,16.98,3.00,0.98,21.00,0.00,42.00,0.00
6.030,1824.00,13.50,0.56,64.00,66.34,33.75,51.15,59.70,87.36,42.75,82.00,14.24,35.50,28.92,16.98,3.00,0.98,21.00,0.00,42.00,0.00
6.180,1824.00,13.50,0.56,64.00,66.34,33.75,50.94,59.70,87.36,42.75,82.00,14.24,35.50,28.92,16.98,3.00,0.98,21.00,0.00,42.00,0.00
6.330,1824.00,13.50,0.56,64.00,66.34,33.75,50.94,85.80,87.36,42.75,82.00,14.24,35.50,28.92,16.98,3.00,0.98,21.00,0.00,42.00,0.00
6.480,1824.00,13.50,0.56,64.00,66.34,33.75,50.94,85.80,87.56,42.75,82.00,14.24,35.50,28.92,16.98,3.00,0.98,21.00,0.00,42.00,0.00
6.630,1824.00,13.50,0.56,64.00,66.34,33.75,50.94,85.80,87.56,42.75,82.00,14.24,35.50,28.92,16.98,3.00,0.98,21.00,0.00,42.00,0.00
6.780,1824.00,13.50,0.56,64.00,66.34,33.75,50.94,85.80,87.56,42.75,82.00,14.24,35.50,28.92,16.98,3.00,0.98,21.00,0.00,42.00,0.00
6.930,1824.00,13.50,0.56,64.00,66.34,33.75,50.94,85.80,87.56,42.75,82.00,14.24,35.50,28.92,16.98,3.00,0.98,21.00,0.00,42.00,0.00
7.080,1824.00,13.50,0.56,64.00,66.34,33.75,50.94,85.80,87.56,42.75,82.00,14.24,35.50,28.92,16.98,3.00,0.98,21.00,0.00,42.00,0.00
7.230,1824.00,13.50,0.56,64.00,66.34,33.75,50.94,85.80,87.56,42.75,82.00,14.24,35.50,39.46,16.98,3.00,0.98,21.00,0.00,42.00,0.00
7.379,1824.00,13.50,0.56,64.00,66.34,33.75,50.94,85.80,87.56,42.75,82.00,14.24,35.50,39.46,17.09,3.00,0.98,21.00,0.00,42.00,0.00
7.530,1824.00,13.50,0.56,64.00,66.34,33.75,50.94,85.80,87.56,42.75,82.00,14.24,35.50,39.46,17.09,4.00,0.98,21.00,0.00,42.00,0.00
7.680,1824.00,13.50,0.56,64.00,66.34,33.75,50.94,85.80,87.56,42.75,82.00,14.24,35.50,39.46,17.09,4.00,1.00,21.00,0.00,42.00,0.00
7.830,1824.00,13.50,0.56,64.00,66.34,33.75,50.94,85.80,87.56,42.75,82.00,14.24,35.50,39.46,17.09,4.00,1.00,23.25,0.00,42.00,0.00
7.980,1824.00,13.50,0.56,64.00,66.34,33.75,50.94,85.80,87.56,42.75,82.00,14.24,35.50,39.46,17.09,4.00,1.00,23.25,0.00,42.00,0.00
8.130,1824.00,13.50,0.56,64.00,66.34,33.75,50.94,85.80,87.56,42.75,82.00,14.24,35.50,39.46,17.09,4.00,1.00,23.25,0.00,42.00,0.00
8.280,1824.00,13.50,0.56,64.00,66.34,33.75,50.94,85.80,87.56,42.75,82.00,14.24,35.50,39.46,17.09,4.00,1.00,23.25,0.00,42.00,0.00
8.430,1887.00,13.50,0.56,64.00,66.34,33.75,50.94,85.80,87.56,42.75,82.00,14.24,35.50,39.46,17.09,4.00,1.00,23.25,0.00,42.00,0.00
8.580,1887.00,13.56,0.56,64.00,66.34,33.75,50.94,85.80,87.56,42.75,82.00,14.24,35.50,39.46,17.09,4.00,1.00,23.25,0.00,42.00,0.00
8.730,1887.00,13.56,1.03,64.00,66.34,33.75,50.94,85.80,87.56,42.75,82.00,14.24,35.50,39.46,17.09,4.00,1.00,23.25,0.00,42.00,0.00
8.880,1887.00,13.56,1.03,84.00,66.34,33.75,50.94,85.80,87.56,42.75,82.00,14.24,35.50,39.46,17.09,4.00,1.00,23.25,0.00,42.00,0.00
9.030,1887.00,13.56,1.03,84.00,83.75,33.75,50.94,85.80,87.56,42.75,82.00,14.24,35.50,39.46,17.09,4.00,1.00,23.25,0.00,42.00,0.00
9.180,1887.00,13.56,1.03,84.00,83.75,38.25,50.94,85.80,87.56,42.75,82.00,14.24,35.50,39.46,17.09,4.00,1.00,23.25,0.00,42.00,0.00
9.330,1887.00,13.56,1.03,84.00,83.75,38.25,51.46,85.80,87.56,42.75,82.00,14.24,35.50,39.46,17.09,4.00,1.00,23.25,0.00,42.00,0.00
9.480,1887.00,13.56,1.03,84.00,83.75,38.25,51.46,97.80,87.56,42.75,82.00,14.24,35.50,39.46,17.09,4.00,1.00,23.25,0.00,42.00,0.00
9.630,1887.00,13.56,1.03,84.00,83.75,38.25,51.46,97.80,88.06,42.75,82.00,14.24,35.50,39.46,17.09,4.00,1.00,23.25,0.00,42.00,0.00
9.780,1887.00,13.56,1.03,84.00,83.75,38.25,51.46,97.80,88.06,42.75,82.00,14.24,35.50,39.46,17.09,4.00,1.00,23.25,0.00,42.00,0.00
9.930,1887.00,13.56,1.03,84.00,83.75,38.25,51.46,97.80,88.06,42.75,83.00,14.24,35.50,39.46,17.09,4.00,1.00,23.25,0.00,42.00,0.00
10.080,1887.00,13.56,1.03,84.00,83.75,38.25,51.46,97.80,88.06,42.75,83.00,14.24,35.50,39.46,17.09,4.00,1.00,23.25,0.00,42.00,0.00
10.230,1887.00,13.56,1.03,84.00,83.75,38.25,51.46,97.80,88.06,42.75,83.00,14.24,35.50,39.46,17.09,4.00,1.00,23.25,0.00,42.00,0.00
10.380,1887.00,13.56,1.03,84.00,83.75,38.25,51.46,97.80,88.06,42.75,83.00,14.24,35.50,49.43,17.09,4.00,1.00,23.25,0.00,42.00,0.00
10.562,1887.00,13.56,1.03,84.00,83.75,38.25,51.46,97.80,88.06,42.75,83.00,14.24,35.50,49.43,16.41,4.00,1.00,23.25,0.00,42.00,0.00
10.710,1887.00,13.56,1.03,84.00,83.75,38.25,51.46,97.80,88.06,42.75,83.00,14.24,35.50,49.43,16.41,5.00,1.00,23.25,0.00,42.00,0.00
10.862,1887.00,13.56,1.03,84.00,83.75,38.25,51.46,97.80,88.06,42.75,83.00,14.24,35.50,49.43,16.41,5.00,0.98,23.25,0.00,42.00,0.00
11.009,1887.00,13.56,1.03,84.00,83.75,38.25,51.46,97.80,88.06,42.75,83.00,14.24,35.50,49.43,16.41,5.00,0.98,21.00,0.00,42.00,0.00
11.160,1887.00,13.56,1.03,84.00,83.75,38.25,51.46,97.80,88.06,42.75,83.00,14.24,35.50,49.43,16.41,5.00,0.98,21.00,0.00,42.00,0.00
11.310,1887.00,13.56,1.03,84.00,83.75,38.25,51.46,97.80,88.06,42.75,83.00,14.24,35.50,49.43,16.41,5.00,0.98,21.00,0.00,42.00,0.00
11.462,1887.00,13.56,1.03,84.00,83.75,38.25,51.46,97.80,88.06,42.75,83.00,14.24,35.50,49.43,16.41,5.00,0.98,21.00,0.00,42.00,0.00
11.610,1754.50,13.56,1.03,84.00,83.75,38.25,51.46,97.80,88.06,42.75,83.00,14.24,35.50,49.43,16.41,5.00,0.98,21.00,0.00,42.00,0.00
11.762,1754.50,13.57,1.03,84.00,83.75,38.25,51.46,97.80,88.06,42.75,83.00,14.24,35.50,49.43,16.41,5.00,0.98,21.00,0.00,42.00,0.00
11.910,1754.50,13.57,1.15,84.00,83.75,38.25,51.46,97.80,88.06,42.75,83.00,14.24,35.50,49.43,16.41,5.00,0.98,21.00,0.00,42.00,0.00
12.062,1754.50,13.57,1.15,80.00,83.75,38.25,51.46,97.80,88.06,42.75,83.00,14.24,35.50,49.43,16.41,5.00,0.98,21.00,0.00,42.00,0.00
12.210,1754.50,13.57,1.15,80.00,78.38,38.25,51.46,97.80,88.06,42.75,83.00,14.24,35.50,49.43,16.41,5.00,0.98,21.00,0.00,42.00,0.00
12.362,1754.50,13.57,1.15,80.00,78.38,38.25,51.46,97.80,88.06,42.75,83.00,14.24,35.50,49.43,16.41,5.00,0.98,21.00,0.00,42.00,0.00
12.510,1754.50,13.57,1.15,80.00,78.38,38.25,52.44,97.80,88.06,42.75,83.00,14.24,35.50,49.43,16.41,5.00,0.98,21.00,0.00,42.00,0.00
12.662,1754.50,13.57,1.15,80.00,78.38,38.25,52.44,87.30,88.06,42.75,83.00,14.24,35.50,49.43,16.41,5.00,0.98,21.00,0.00,42.00,0.00
12.810,1754.50,13.57,1.15,80.00,78.38,38.25,52.44,87.30,88.66,42.75,83.00,14.24,35.50,49.43,16.41,5.00,0.98,21.00,0.00,42.00,0.00
12.962,1754.50,13.57,1.15,80.00,78.38,38.25,52.44,87.30,88.66,42.75,83.00,14.24,35.50,49.43,16.41,5.00,0.98,21.00,0.00,42.00,0.00
13.110,1754.50,13.57,1.15,80.00,78.38,38.25,52.44,87.30,88.66,42.75,83.00,14.24,35.50,49.43,16.41,5.00,0.98,21.00,0.00,42.00,0.00
13.260,1754.50,13.57,1.15,80.00,78.38,38.25,52.44,87.30,88.66,42.75,83.00,14.24,35.50,49.43,16.41,5.00,0.98,21.00,0.00,42.00,0.00
13.410,1754.50,13.57,1.15,80.00,78.38,38.25,52.44,87.30,88.66,42.75,83.00,14.24,35.50,49.43,16.41,5.00,0.98,21.00,0.00,42.00,0.00
13.560,1754.50,13.57,1.15,80.00,78.38,38.25,52.44,87.30,88.66,42.75,83.00,14.24,35.50,58.17,16.41,5.00,0.98,21.00,0.00,42.00,0.00
13.710,1754.50,13.57,1.15,80.00,78.38,38.25,52.44,87.30,88.66,42.75,83.00,14.24,35.50,58.17,18.38,5.00,0.98,21.00,0.00,42.00,0.00
13.862,1754.50,13.57,1.15,80.00,78.38,38.25,52.44,87.30,88.66,42.75,83.00,14.24,35.50,58.17,18.38,6.00,0.98,21.00,0.00,42.00,0.00
14.010,1754.50,13.57,1.15,80.00,78.38,38.25,52.44,87.30,88.66,42.75,83.00,14.24,35.50,58.17,18.38,6.00,1.00,21.00,0.00,42.00,0.00
14.162,1754.50,13.57,1.15,80.00,78.38,38.25,52.44,87.30,88.66,42.75,83.00,14.24,35.50,58.17,18.38,6.00,1.00,16.50,0.00,42.00,0.00
14.310,1754.50,13.57,1.15,80.00,78.38,38.25,52.44,87.30,88.66,42.75,83.00,14.24,35.50,58.17,18.38,6.00,1.00,16.50,0.00,42.00,0.00
14.462,1754.50,13.57,1.15,80.00,78.38,38.25,52.44,87.30,88.66,42.75,83.00,14.24,35.50,58.17,18.38,6.00,1.00,16.50,0.00,42.00,0.00
14.610,1754.50,13.57,1.15,80.00,78.38,38.25,52.44,87.30,88.66,42.75,83.00,14.24,35.50,58.17,18.38,6.00,1.00,16.50,0.00,42.00,0.00
14.762,1543.50,13.57,1.15,80.00,78.38,38.25,52.44,87.30,88.66,42.75,83.00,14.24,35.50,58.17,18.38,6.00,1.00,16.50,0.00,42.00,0.00
14.910,1543.50,13.57,1.15,80.00,78.38,38.25,52.44,87.30,88.66,42.75,83.00,14.24,35.50,58.17,18.38,6.00,1.00,16.50,0.00,42.00,0.00
15.062,1543.50,13.57,1.48,80.00,78.38,38.25,52.44,87.30,88.66,42.75,83.00,14.24,35.50,58.17,18.38,6.00,1.00,16.50,0.00,42.00,0.00
15.210,1543.50,13.57,1.48,80.00,78.38,38.25,52.44,87.30,88.66,42.75,83.00,14.24,35.50,58.17,18.38,6.00,1.00,16.50,0.00,42.00,0.00
15.362,1543.50,13.57,1.48,80.00,81.19,38.25,52.44,87.30,88.66,42.75,83.00,14.24,35.50,58.17,18.38,6.00,1.00,16.50,0.00,42.00,0.00
15.510,1543.50,13.57,1.48,80.00,81.19,45.00,52.44,87.30,88.66,42.75,83.00,14.24,35.50,58.17,18.38,6.00,1.00,16.50,0.00,42.00,0.00
15.662,1543.50,13.57,1.48,80.00,81.19,45.00,53.36,87.30,88.66,42.75,83.00,14.24,35.50,58.17,18.38,6.00,1.00,16.50,0.00,42.00,0.00
15.810,1543.50,13.57,1.48,80.00,81.19,45.00,53.36,84.10,88.66,42.75,83.00,14.24,35.50,58.17,18.38,6.00,1.00,16.50,0.00,42.00,0.00
15.960,1543.50,13.57,1.48,80.00,81.19,45.00,53.36,84.10,89.56,42.75,83.00,14.24,35.50,58.17,18.38,6.00,1.00,16.50,0.00,42.00,0.00
16.110,1543.50,13.57,1.48,80.00,81.19,45.00,53.36,84.10,89.56,42.75,83.00,14.24,35.50,58.17,18.38,6.00,1.00,16.50,0.00,42.00,0.00
16.262,1543.50,13.57,1.48,80.00,81.19,45.00,53.36,84.10,89.56,42.75,83.00,14.24,35.50,58.17,18.38,6.00,1.00,16.50,0.00,42.00,0.00
16.410,1543.50,13.57,1.48,80.00,81.19,45.00,53.36,84.10,89.56,42.75,83.00,14.24,35.50,58.17,18.38,6.00,1.00,16.50,0.00,42.00,0.00
16.562,1543.50,13.57,1.48,80.00,81.19,45.00,53.36,84.10,89.56,42.75,83.00,14.24,35.50,58.17,18.38,6.00,1.00,16.50,0.00,42.00,0.00
16.710,1543.50,13.57,1.48,80.00,81.19,45.00,53.36,84.10,89.56,42.75,83.00,14.24,35.50,65.57,18.38,6.00,1.00,16.50,0.00,42.00,0.00
16.862,1543.50,13.57,1.48,80.00,81.19,45.00,53.36,84.10,89.56,42.75,83.00,14.24,35.50,65.57,17.09,6.00,1.00,16.50,0.00,42.00,0.00
17.010,1543.50,13.57,1.48,80.00,81.19,45.00,53.36,84.10,89.56,42.75,83.00,14.24,35.50,65.57,17.09,6.00,1.00,16.50,0.00,42.00,0.00
17.160,1543.50,13.57,1.48,80.00,81.19,45.00,53.36,84.10,89.56,42.75,83.00,14.24,35.50,65.57,17.09,6.00,1.00,16.50,0.00,42.00,0.00
17.310,1543.50,13.57,1.48,80.00,81.19,45.00,53.36,84.10,89.56,42.75,83.00,14.24,35.50,65.57,17.09,6.00,1.00,19.50,0.00,42.00,0.00
17.462,1543.50,13.57,1.48,80.00,81.19,45.00,53.36,84.10,89.56,42.75,83.00,14.24,35.50,65.57,17.09,6.00,1.00,19.50,0.00,42.00,0.00
17.610,1543.50,13.57,1.48,80.00,81.19,45.00,53.36,84.10,89.56,42.75,83.00,14.24,35.50,65.57,17.09,6.00,1.00,19.50,0.00,42.00,0.00
17.762,1543.50,13.57,1.48,80.00,81.19,45.00,53.36,84.10,89.56,42.75,83.00,14.24,35.50,65.57,17.09,6.00,1.00,19.50,0.00,42.00,0.00
17.910,1720.50,13.57,1.48,80.00,81.19,45.00,53.36,84.10,89.56,42.75,83.00,14.24,35.50,65.57,17.09,6.00,1.00,19.50,0.00,42.00,0.00
18.062,1720.50,13.60,1.48,80.00,81.19,45.00,53.36,84.10,89.56,42.75,83.00,14.24,35.50,65.57,17.09,6.00,1.00,19.50,0.00,42.00,0.00
18.240,1720.50,13.60,1.35,80.00,81.19,45.00,53.36,84.10,89.56,42.75,83.00,14.24,35.50,65.57,17.09,6.00,1.00,19.50,0.00,42.00,0.00
18.390,1720.50,13.60,1.35,80.00,81.19,45.00,53.36,84.10,89.56,42.75,83.00,14.24,35.50,65.57,17.09,6.00,1.00,19.50,0.00,42.00,0.00
18.540,1720.50,13.60,1.35,80.00,80.69,45.00,53.36,84.10,89.56,42.75,83.00,14.24,35.50,65.57,17.09,6.00,1.00,19.50,0.00,42.00,0.00
18.690,1720.50,13.60,1.35,80.00,80.69,40.50,53.36,84.10,89.56,42.75,83.00,14.24,35.50,65.57,17.09,6.00,1.00,19.50,0.00,42.00,0.00
18.840,1720.50,13.60,1.35,80.00,80.69,40.50,54.15,84.10,89.56,42.75,83.00,14.24,35.50,65.57,17.09,6.00,1.00,19.50,0.00,42.00,0.00
18.990,1720.50,13.60,1.35,80.00,80.69,40.50,54.15,84.00,89.56,42.75,83.00,14.24,35.50,65.57,17.09,6.00,1.00,19.50,0.00,42.00,0.00
19.140,1720.50,13.60,1.35,80.00,80.69,40.50,54.15,84.00,90.36,42.75,83.00,14.24,35.50,65.57,17.09,6.00,1.00,19.50,0.00,42.00,0.00
19.290,1720.50,13.60,1.35,80.00,80.69,40.50,54.15,84.00,90.36,42.75,83.00,14.24,35.50,65.57,17.09,6.00,1.00,19.50,0.00,42.00,0.00
19.440,1720.50,13.60,1.35,80.00,80.69,40.50,54.15,84.00,90.36,42.75,83.00,14.24,35.50,65.57,17.09,6.00,1.00,19.50,0.00,42.00,0.00
19.590,1720.50,13.60,1.35,80.00,80.69,40.50,54.15,84.00,90.36,42.75,83.00,14.24,35.50,65.57,17.09,6.00,1.00,19.50,0.00,42.00,0.00
19.740,1720.50,13.60,1.35,80.00,80.69,40.50,54.15,84.00,90.36,42.75,83.00,14.24,35.50,65.57,17.09,6.00,1.00,19.50,0.00,42.00,0.00
19.890,1720.50,13.60,1.35,80.00,80.69,40.50,54.15,84.00,90.36,42.75,83.00,14.24,35.50,72.04,17.09,6.00,1.00,19.50,0.00,42.00,0.00
20.040,1720.50,13.60,1.35,80.00,80.69,40.50,54.15,84.00,90.36,42.75,83.00,14.24,35.50,72.04,17.43,6.00,1.00,19.50,0.00,42.00,0.00
20.190,1720.50,13.60,1.35,80.00,80.69,40.50,54.15,84.00,90.36,42.75,83.00,14.24,35.50,72.04,17.43,6.00,1.00,19.50,0.00,42.00,0.00
20.340,1720.50,13.60,1.35,80.00,80.69,40.50,54.15,84.00,90.36,42.75,83.00,14.24,35.50,72.04,17.43,6.00,0.98,19.50,0.00,42.00,0.00
20.490,1720.50,13.60,1.35,80.00,80.69,40.50,54.15,84.00,90.36,42.75,83.00,14.24,35.50,72.04,17.43,6.00,0.98,15.75,0.00,42.00,0.00
20.640,1720.50,13.60,1.35,80.00,80.69,40.50,54.15,84.00,90.36,42.75,83.00,14.24,35.50,72.04,17.43,6.00,0.98,15.75,0.00,42.00,0.00
20.790,1720.50,13.60,1.35,80.00,80.69,40.50,54.15,84.00,90.36,42.75,83.00,14.24,35.50,72.04,17.43,6.00,0.98,15.75,0.00,42.00,0.00
20.940,1720.50,13.60,1.35,80.00,80.69,40.50,54.15,84.00,90.36,42.75,83.00,14.24,35.50,72.04,17.43,6.00,0.98,15.75,0.00,42.00,19.14
21.090,1786.00,13.60,1.35,80.00,80.69,40.50,54.15,84.00,90.36,42.75,83.00,14.24,35.50,72.04,17.43,6.00,0.98,15.75,0.00,42.00,19.14
21.240,1786.00,13.44,1.35,80.00,80.69,40.50,54.15,84.00,90.36,42.75,83.00,14.24,35.50,72.04,17.43,6.00,0.98,15.75,0.00,42.00,19.14
21.390,1786.00,13.44,0.62,80.00,80.69,40.50,54.15,84.00,90.36,42.75,83.00,14.24,35.50,72.04,17.43,6.00,0.98,15.75,0.00,42.00,19.14
21.540,1786.00,13.44,0.62,24.00,80.69,40.50,54.15,84.00,90.36,42.75,83.00,14.24,35.50,72.04,17.43,6.00,0.98,15.75,0.00,42.00,19.14
21.690,1786.00,13.44,0.62,24.00,24.59,40.50,54.15,84.00,90.36,42.75,83.00,14.24,35.50,72.04,17.43,6.00,0.98,15.75,0.00,42.00,19.14
21.840,1786.00,13.44,0.62,24.00,24.59,12.00,54.15,84.00,90.36,42.75,83.00,14.24,35.50,72.04,17.43,6.00,0.98,15.75,0.00,42.00,19.14
21.990,1786.00,13.44,0.62,24.00,24.59,12.00,54.46,84.00,90.36,42.75,83.00,14.24,35.50,72.04,17.43,6.00,0.98,15.75,0.00,42.00,19.14
22.140,1786.00,13.44,0.62,24.00,24.59,12.00,54.46,24.10,90.36,42.75,83.00,14.24,35.50,72.04,17.43,6.00,0.98,15.75,0.00,42.00,19.14
22.290,1786.00,13.44,0.62,24.00,24.59,12.00,54.46,24.10,91.16,42.75,83.00,14.24,35.50,72.04,17.43,6.00,0.98,15.75,0.00,42.00,19.14
22.440,1786.00,13.44,0.62,24.00,24.59,12.00,54.46,24.10,91.16,42.75,83.00,14.24,35.50,72.04,17.43,6.00,0.98,15.75,0.00,42.00,19.14
22.590,1786.00,13.44,0.62,24.00,24.59,12.00,54.46,24.10,91.16,42.75,83.00,14.24,35.50,72.04,17.43,6.00,0.98,15.75,0.00,42.00,19.14
22.740,1786.00,13.44,0.62,24.00,24.59,12.00,54.46,24.10,91.16,42.75,83.00,14.24,35.50,72.04,17.43,6.00,0.98,15.75,0.00,42.00,19.14
22.890,1786.00,13.44,0.62,24.00,24.59,12.00,54.46,24.10,91.16,42.75,83.00,14.24,35.50,72.04,17.43,6.00,0.98,15.75,0.00,42.00,19.14
23.040,1786.00,13.44,0.62,24.00,24.59,12.00,54.46,24.10,91.16,42.75,83.00,14.24,35.50,69.02,17.43,6.00,0.98,15.75,0.00,42.00,19.14
23.190,1786.00,13.44,0.62,24.00,24.59,12.00,54.46,24.10,91.16,42.75,83.00,14.24,35.50,69.02,8.48,6.00,0.98,15.75,0.00,42.00,19.14
23.340,1786.00,13.44,0.62,24.00,24.59,12.00,54.46,24.10,91.16,42.75,83.00,14.24,35.50,69.02,8.48,6.00,0.98,15.75,0.00,42.00,19.14
23.490,1786.00,13.44,0.62,24.00,24.59,12.00,54.46,24.10,91.16,42.75,83.00,14.24,35.50,69.02,8.48,6.00,13.09,15.75,0.00,42.00,19.14
23.640,1786.00,13.44,0.62,24.00,24.59,12.00,54.46,24.10,91.16,42.75,83.00,14.24,35.50,69.02,8.48,6.00,13.09,-15.75,0.00,42.00,19.14
23.790,1786.00,13.44,0.62,24.00,24.59,12.00,54.46,24.10,91.16,42.75,83.00,14.24,35.50,69.02,8.48,6.00,13.09,-15.75,0.00,42.00,19.14
23.940,1786.00,13.44,0.62,24.00,24.59,12.00,54.46,24.10,91.16,42.75,83.00,14.24,35.50,69.02,8.48,6.00,13.09,-15.75,0.00,42.00,19.14
24.090,1786.00,13.44,0.62,24.00,24.59,12.00,54.46,24.10,91.16,42.75,83.00,14.24,35.50,69.02,8.48,6.00,13.09,-15.75,0.00,42.00,0.00
24.240,1663.50,13.44,0.62,24.00,24.59,12.00,54.46,24.10,91.16,42.75,83.00,14.24,35.50,69.02,8.48,6.00,13.09,-15.75,0.00,42.00,0.00
24.390,1663.50,13.51,0.62,24.00,24.59,12.00,54.46,24.10,91.16,42.75,83.00,14.24,35.50,69.02,8.48,6.00,13.09,-15.75,0.00,42.00,0.00
24.540,1663.50,13.51,0.24,24.00,24.59,12.00,54.46,24.10,91.16,42.75,83.00,14.24,35.50,69.02,8.48,6.00,13.09,-15.75,0.00,42.00,0.00
24.690,1663.50,13.51,0.24,20.00,24.59,12.00,54.46,24.10,91.16,42.75,83.00,14.24,35.50,69.02,8.48,6.00,13.09,-15.75,0.00,42.00,0.00
24.840,1663.50,13.51,0.24,20.00,22.62,12.00,54.46,24.10,91.16,42.75,83.00,14.24,35.50,69.02,8.48,6.00,13.09,-15.75,0.00,42.00,0.00
24.990,1663.50,13.51,0.24,20.00,22.62,11.25,54.46,24.10,91.16,42.75,83.00,14.24,35.50,69.02,8.48,6.00,13.09,-15.75,0.00,42.00,0.00
25.140,1663.50,13.51,0.24,20.00,22.62,11.25,54.15,24.10,91.16,42.75,83.00,14.24,35.50,69.02,8.48,6.00,13.09,-15.75,0.00,42.00,0.00
25.290,1663.50,13.51,0.24,20.00,22.62,11.25,54.15,22.50,91.16,42.75,83.00,14.24,35.50,69.02,8.48,6.00,13.09,-15.75,0.00,42.00,0.00
25.440,1663.50,13.51,0.24,20.00,22.62,11.25,54.15,22.50,91.56,42.75,83.00,14.24,35.50,69.02,8.48,6.00,13.09,-15.75,0.00,42.00,0.00
25.590,1663.50,13.51,0.24,20.00,22.62,11.25,54.15,22.50,91.56,42.75,83.00,14.24,35.50,69.02,8.48,6.00,13.09,-15.75,0.00,42.00,0.00
25.740,1663.50,13.51,0.24,20.00,22.62,11.25,54.15,22.50,91.56,42.75,83.00,14.24,35.50,69.02,8.48,6.00,13.09,-15.75,0.00,42.00,0.00
26.040,1663.50,13.51,0.24,20.00,22.62,11.25,54.15,22.50,91.56,42.75,83.00,14.24,35.50,69.02,8.48,6.00,13.09,-15.75,0.00,42.00,0.00
26.190,1663.50,13.51,0.24,20.00,22.62,11.25,54.15,22.50,91.56,42.75,83.00,14.24,35.50,69.02,8.48,6.00,13.09,-15.75,0.00,42.00,0.00
26.340,1663.50,13.51,0.24,20.00,22.62,11.25,54.15,22.50,91.56,42.75,83.00,14.24,35.50,64.55,8.48,6.00,13.09,-15.75,0.00,42.00,0.00
26.490,1663.50,13.51,0.24,20.00,22.62,11.25,54.15,22.50,91.56,42.75,83.00,14.24,35.50,64.55,8.51,6.00,13.09,-15.75,0.00,42.00,0.00
26.640,1663.50,13.51,0.24,20.00,22.62,11.25,54.15,22.50,91.56,42.75,83.00,14.24,35.50,64.55,8.51,6.00,13.09,-15.75,0.00,42.00,0.00
26.790,1663.50,13.51,0.24,20.00,22.62,11.25,54.15,22.50,91.56,42.75,83.00,14.24,35.50,64.55,8.51,6.00,16.00,-15.75,0.00,42.00,0.00
26.940,1663.50,13.51,0.24,20.00,22.62,11.25,54.15,22.50,91.56,42.75,83.00,14.24,35.50,64.55,8.51,6.00,16.00,-16.50,0.00,42.00,0.00
27.090,1663.50,13.51,0.24,20.00,22.62,11.25,54.15,22.50,91.56,42.75,83.00,14.24,35.50,64.55,8.51,6.00,16.00,-16.50,0.00,42.00,0.00
27.240,1663.50,13.51,0.24,20.00,22.62,11.25,54.15,22.50,91.56,42.75,83.00,14.24,35.50,64.55,8.51,6.00,16.00,-16.50,0.00,42.00,0.00
27.390,1663.50,13.51,0.24,20.00,22.62,11.25,54.15,22.50,91.56,42.75,83.00,14.24,35.50,64.55,8.51,6.00,16.00,-16.50,0.00,42.00,0.00
27.540,1553.00,13.51,0.24,20.00,22.62,11.25,54.15,22.50,91.56,42.75,83.00,14.24,35.50,64.55,8.51,6.00,16.00,-16.50,0.00,42.00,0.00
27.690,1553.00,13.47,0.24,20.00,22.62,11.25,54.15,22.50,91.56,42.75,83.00,14.24,35.50,64.55,8.51,6.00,16.00,-16.50,0.00,42.00,0.00
27.840,1553.00,13.47,0.17,20.00,22.62,11.25,54.15,22.50,91.56,42.75,83.00,14.24,35.50,64.55,8.51,6.00,16.00,-16.50,0.00,42.00,0.00
27.990,1553.00,13.47,0.17,36.00,22.62,11.25,54.15,22.50,91.56,42.75,83.00,14.24,35.50,64.55,8.51,6.00,16.00,-16.50,0.00,42.00,0.00
28.140,1553.00,13.47,0.17,36.00,29.84,11.25,54.15,22.50,91.56,42.75,83.00,14.24,35.50,64.55,8.51,6.00,16.00,-16.50,0.00,42.00,0.00
28.290,1553.00,13.47,0.17,36.00,29.84,12.75,54.15,22.50,91.56,42.75,83.00,14.24,35.50,64.55,8.51,6.00,16.00,-16.50,0.00,42.00,0.00
28.472,1553.00,13.47,0.17,36.00,29.84,12.75,53.76,22.50,91.56,42.75,83.00,14.24,35.50,64.55,8.51,6.00,16.00,-16.50,0.00,42.00,0.00
28.620,1553.00,13.47,0.17,36.00,29.84,12.75,53.76,29.80,91.56,42.75,83.00,14.24,35.50,64.55,8.51,6.00,16.00,-16.50,0.00,42.00,0.00
28.772,1553.00,13.47,0.17,36.00,29.84,12.75,53.76,29.80,91.06,42.75,83.00,14.24,35.50,64.55,8.51,6.00,16.00,-16.50,0.00,42.00,0.00
28.920,1553.00,13.47,0.17,36.00,29.84,12.75,53.76,29.80,91.06,42.75,83.00,14.24,35.50,64.55,8.51,6.00,16.00,-16.50,0.00,42.00,0.00
29.072,1553.00,13.47,0.17,36.00,29.84,12.75,53.76,29.80,91.06,42.75,83.00,14.24,35.50,64.55,8.51,6.00,16.00,-16.50,0.00,42.00,0.00
29.220,1553.00,13.47,0.17,36.00,29.84,12.75,53.76,29.80,91.06,42.75,83.00,14.25,35.50,64.55,8.51,6.00,16.00,-16.50,0.00,42.00,0.00
29.372,1553.00,13.47,0.17,36.00,29.84,12.75,53.76,29.80,91.06,42.75,83.00,14.25,35.50,64.55,8.51,6.00,16.00,-16.50,0.00,42.00,0.00
29.520,1553.00,13.47,0.17,36.00,29.84,12.75,53.76,29.80,91.06,42.75,83.00,14.25,35.50,60.41,8.51,6.00,16.00,-16.50,0.00,42.00,0.00
29.672,1553.00,13.47,0.17,36.00,29.84,12.75,53.76,29.80,91.06,42.75,83.00,14.25,35.50,60.41,14.25,6.00,16.00,-16.50,0.00,42.00,0.00
29.820,1553.00,13.47,0.17,36.00,29.84,12.75,53.76,29.80,91.06,42.75,83.00,14.25,35.50,60.41,14.25,5.00,16.00,-16.50,0.00,42.00,0.00
29.972,1553.00,13.47,0.17,36.00,29.84,12.75,53.76,29.80,91.06,42.75,83.00,14.25,35.50,60.41,14.25,5.00,0.88,-16.50,0.00,42.00,0.00
30.120,1553.00,13.47,0.17,36.00,29.84,12.75,53.76,29.80,91.06,42.75,83.00,14.25,35.50,60.41,14.25,5.00,0.88,12.00,0.00,42.00,0.00
30.272,1553.00,13.47,0.17,36.00,29.84,12.75,53.76,29.80,91.06,42.75,83.00,14.25,35.50,60.41,14.25,5.00,0.88,12.00,0.00,42.00,0.00
30.420,1553.00,13.47,0.17,36.00,29.84,12.75,53.76,29.80,91.06,42.75,83.00,14.25,35.50,60.41,14.25,5.00,0.88,12.00,0.00,42.75,0.00
30.572,1553.00,13.47,0.17,36.00,29.84,12.75,53.76,29.80,91.06,42.75,83.00,14.25,35.50,60.41,14.25,5.00,0.88,12.00,0.00,42.75,18.75
30.720,1968.00,13.47,0.17,36.00,29.84,12.75,53.76,29.80,91.06,42.75,83.00,14.25,35.50,60.41,14.25,5.00,0.88,12.00,0.00,42.75,18.75
30.870,1968.00,13.50,0.17,36.00,29.84,12.75,53.76,29.80,91.06,42.75,83.00,14.25,35.50,60.41,14.25,5.00,0.88,12.00,0.00,42.75,18.75
31.020,1968.00,13.50,0.24,36.00,29.84,12.75,53.76,29.80,91.06,42.75,83.00,14.25,35.50,60.41,14.25,5.00,0.88,12.00,0.00,42.75,18.75
31.170,1968.00,13.50,0.24,32.00,29.84,12.75,53.76,29.80,91.06,42.75,83.00,14.25,35.50,60.41,14.25,5.00,0.88,12.00,0.00,42.75,18.75
31.319,1968.00,13.50,0.24,32.00,41.19,12.75,53.76,29.80,91.06,42.75,83.00,14.25,35.50,60.41,14.25,5.00,0.88,12.00,0.00,42.75,18.75
31.472,1968.00,13.50,0.24,32.00,41.19,22.50,53.76,29.80,91.06,42.75,83.00,14.25,35.50,60.41,14.25,5.00,0.88,12.00,0.00,42.75,18.75
31.620,1968.00,13.50,0.24,32.00,41.19,22.50,53.15,29.80,91.06,42.75,83.00,14.25,35.50,60.41,14.25,5.00,0.88,12.00,0.00,42.75,18.75
31.772,1968.00,13.50,0.24,32.00,41.19,22.50,53.15,53.90,91.06,42.75,83.00,14.25,35.50,60.41,14.25,5.00,0.88,12.00,0.00,42.75,18.75
31.920,1968.00,13.50,0.24,32.00,41.19,22.50,53.15,53.90,89.96,42.75,83.00,14.25,35.50,60.41,14.25,5.00,0.88,12.00,0.00,42.75,18.75
32.072,1968.00,13.50,0.24,32.00,41.19,22.50,53.15,53.90,89.96,42.75,83.00,14.25,35.50,60.41,14.25,5.00,0.88,12.00,0.00,42.75,18.75
32.220,1968.00,13.50,0.24,32.00,41.19,22.50,53.15,53.90,89.96,42.75,83.00,14.25,35.50,60.41,14.25,5.00,0.88,12.00,0.00,42.75,18.75
32.372,1968.00,13.50,0.24,32.00,41.19,22.50,53.15,53.90,89.96,42.75,83.00,14.25,35.50,60.41,14.25,5.00,0.88,12.00,0.00,42.75,18.75
32.520,1968.00,13.50,0.24,32.00,41.19,22.50,53.15,53.90,89.96,42.75,83.00,14.25,35.50,60.41,14.25,5.00,0.88,12.00,0.00,42.75,18.75
32.672,1968.00,13.50,0.24,32.00,41.19,22.50,53.15,53.90,89.96,42.75,83.00,14.25,35.50,60.13,14.25,5.00,0.88,12.00,0.00,42.75,18.75
32.820,1968.00,13.50,0.24,32.00,41.19,22.50,53.15,53.90,89.96,42.75,83.00,14.25,35.50,60.13,17.74,5.00,0.88,12.00,0.00,42.75,18.75
32.970,1968.00,13.50,0.24,32.00,41.19,22.50,53.15,53.90,89.96,42.75,83.00,14.25,35.50,60.13,17.74,5.00,0.88,12.00,0.00,42.75,18.75
33.120,1968.00,13.50,0.24,32.00,41.19,22.50,53.15,53.90,89.96,42.75,83.00,14.25,35.50,60.13,17.74,5.00,0.92,12.00,0.00,42.75,18.75
33.272,1968.00,13.50,0.24,32.00,41.19,22.50,53.15,53.90,89.96,42.75,83.00,14.25,35.50,60.13,17.74,5.00,0.92,25.50,0.00,42.75,18.75
33.420,1968.00,13.50,0.24,32.00,41.19,22.50,53.15,53.90,89.96,42.75,83.00,14.25,35.50,60.13,17.74,5.00,0.92,25.50,0.00,42.75,18.75
33.600,1968.00,13.50,0.24,32.00,41.19,22.50,53.15,53.90,89.96,42.75,83.00,14.25,35.50,60.13,17.74,5.00,0.92,25.50,0.00,42.75,18.75
33.752,1968.00,13.50,0.24,32.00,41.19,22.50,53.15,53.90,89.96,42.75,83.00,14.25,35.50,60.13,17.74,5.00,0.92,25.50,0.00,42.75,0.00
33.900,2031.50,13.50,0.24,32.00,41.19,22.50,53.15,53.90,89.96,42.75,83.00,14.25,35.50,60.13,17.74,5.00,0.92,25.50,0.00,42.75,0.00
34.050,2031.50,13.51,0.24,32.00,41.19,22.50,53.15,53.90,89.96,42.75,83.00,14.25,35.50,60.13,17.74,5.00,0.92,25.50,0.00,42.75,0.00
34.200,2031.50,13.51,0.52,32.00,41.19,22.50,53.15,53.90,89.96,42.75,83.00,14.25,35.50,60.13,17.74,5.00,0.92,25.50,0.00,42.75,0.00
34.352,2031.50,13.51,0.52,60.00,41.19,22.50,53.15,53.90,89.96,42.75,83.00,14.25,35.50,60.13,17.74,5.00,0.92,25.50,0.00,42.75,0.00
34.500,2031.50,13.51,0.52,60.00,61.00,22.50,53.15,53.90,89.96,42.75,83.00,14.25,35.50,60.13,17.74,5.00,0.92,25.50,0.00,42.75,0.00
34.652,2031.50,13.51,0.52,60.00,61.00,26.25,53.15,53.90,89.96,42.75,83.00,14.25,35.50,60.13,17.74,5.00,0.92,25.50,0.00,42.75,0.00
34.800,2031.50,13.51,0.52,60.00,61.00,26.25,52.44,53.90,89.96,42.75,83.00,14.25,35.50,60.13,17.74,5.00,0.92,25.50,0.00,42.75,0.00
34.950,2031.50,13.51,0.52,60.00,61.00,26.25,52.44,63.50,89.96,42.75,83.00,14.25,35.50,60.13,17.74,5.00,0.92,25.50,0.00,42.75,0.00
35.100,2031.50,13.51,0.52,60.00,61.00,26.25,52.44,63.50,89.36,42.75,83.00,14.25,35.50,60.13,17.74,5.00,0.92,25.50,0.00,42.75,0.00
35.252,2031.50,13.51,0.52,60.00,61.00,26.25,52.44,63.50,89.36,42.75,83.00,14.25,35.50,60.13,17.74,5.00,0.92,25.50,0.00,42.75,0.00
35.400,2031.50,13.51,0.52,60.00,61.00,26.25,52.44,63.50,89.36,42.75,83.00,14.25,35.50,60.13,17.74,5.00,0.92,25.50,0.00,42.75,0.00
35.552,2031.50,13.51,0.52,60.00,61.00,26.25,52.44,63.50,89.36,42.75,83.00,14.25,35.50,60.13,17.74,5.00,0.92,25.50,0.00,42.75,0.00
35.700,2031.50,13.51,0.52,60.00,61.00,26.25,52.44,63.50,89.36,42.75,83.00,14.25,35.50,60.13,17.74,5.00,0.92,25.50,0.00,42.75,0.00
35.852,2031.50,13.51,0.52,60.00,61.00,26.25,52.44,63.50,89.36,42.75,83.00,14.25,35.50,63.49,17.74,5.00,0.92,25.50,0.00,42.75,0.00
36.000,2031.50,13.51,0.52,60.00,61.00,26.25,52.44,63.50,89.36,42.75,83.00,14.25,35.50,63.49,13.78,5.00,0.92,25.50,0.00,42.75,0.00
36.152,2031.50,13.51,0.52,60.00,61.00,26.25,52.44,63.50,89.36,42.75,83.00,14.25,35.50,63.49,13.78,5.00,0.92,25.50,0.00,42.75,0.00
36.300,2031.50,13.51,0.52,60.00,61.00,26.25,52.44,63.50,89.36,42.75,83.00,14.25,35.50,63.49,13.78,5.00,0.98,25.50,0.00,42.75,0.00
36.452,2031.50,13.51,0.52,60.00,61.00,26.25,52.44,63.50,89.36,42.75,83.00,14.25,35.50,63.49,13.78,5.00,0.98,24.75,0.00,42.75,0.00
36.600,2031.50,13.51,0.52,60.00,61.00,26.25,52.44,63.50,89.36,42.75,83.00,14.25,35.50,63.49,13.78,5.00,0.98,24.75,0.00,42.75,0.00
36.752,2031.50,13.51,0.52,60.00,61.00,26.25,52.44,63.50,89.36,42.75,83.00,14.25,35.50,63.49,13.78,5.00,0.98,24.75,0.00,42.00,0.00
36.900,2031.50,13.51,0.52,60.00,61.00,26.25,52.44,63.50,89.36,42.75,83.00,14.25,35.50,63.49,13.78,5.00,0.98,24.75,0.00,42.00,0.00
37.052,2111.50,13.51,0.52,60.00,61.00,26.25,52.44,63.50,89.36,42.75,83.00,14.25,35.50,63.49,13.78,5.00,0.98,24.75,0.00,42.00,0.00
37.200,2111.50,13.53,0.52,60.00,61.00,26.25,52.44,63.50,89.36,42.75,83.00,14.25,35.50,63.49,13.78,5.00,0.98,24.75,0.00,42.00,0.00
37.352,2111.50,13.53,0.43,60.00,61.00,26.25,52.44,63.50,89.36,42.75,83.00,14.25,35.50,63.49,13.78,5.00,0.98,24.75,0.00,42.00,0.00
37.500,2111.50,13.53,0.43,44.00,61.00,26.25,52.44,63.50,89.36,42.75,83.00,14.25,35.50,63.49,13.78,5.00,0.98,24.75,0.00,42.00,0.00
37.652,2111.50,13.53,0.43,44.00,46.03,26.25,52.44,63.50,89.36,42.75,83.00,14.25,35.50,63.49,13.78,5.00,0.98,24.75,0.00,42.00,0.00
37.800,2111.50,13.53,0.43,44.00,46.03,20.25,52.44,63.50,89.36,42.75,83.00,14.25,35.50,63.49,13.78,5.00,0.98,24.75,0.00,42.00,0.00
37.952,2111.50,13.53,0.43,44.00,46.03,20.25,52.26,63.50,89.36,42.75,83.00,14.25,35.50,63.49,13.78,5.00,0.98,24.75,0.00,42.00,0.00
38.100,2111.50,13.53,0.43,44.00,46.03,20.25,52.26,48.60,89.36,42.75,83.00,14.25,35.50,63.49,13.78,5.00,0.98,24.75,0.00,42.00,0.00
38.250,2111.50,13.53,0.43,44.00,46.03,20.25,52.26,48.60,89.66,42.75,83.00,14.25,35.50,63.49,13.78,5.00,0.98,24.75,0.00,42.00,0.00
38.400,2111.50,13.53,0.43,44.00,46.03,20.25,52.26,48.60,89.66,42.75,83.00,14.25,35.50,63.49,13.78,5.00,0.98,24.75,0.00,42.00,0.00
38.552,2111.50,13.53,0.43,44.00,46.03,20.25,52.26,48.60,89.66,42.75,83.00,14.25,35.50,63.49,13.78,5.00,0.98,24.75,0.00,42.00,0.00
38.700,2111.50,13.53,0.43,44.00,46.03,20.25,52.26,48.60,89.66,42.75,83.00,14.25,35.50,63.49,13.78,5.00,0.98,24.75,0.00,42.00,0.00
38.852,2111.50,13.53,0.43,44.00,46.03,20.25,52.26,48.60,89.66,42.75,83.00,14.25,35.50,63.49,13.78,5.00,0.98,24.75,0.00,42.00,0.00
39.000,2111.50,13.53,0.43,44.00,46.03,20.25,52.26,48.60,89.66,42.75,83.00,14.25,35.50,63.85,13.78,5.00,0.98,24.75,0.00,42.00,0.00
39.152,2111.50,13.53,0.43,44.00,46.03,20.25,52.26,48.60,89.66,42.75,83.00,14.25,35.50,63.85,14.20,5.00,0.98,24.75,0.00,42.00,0.00
39.300,2111.50,13.53,0.43,44.00,46.03,20.25,52.26,48.60,89.66,42.75,83.00,14.25,35.50,63.85,14.20,5.00,0.98,24.75,0.00,42.00,0.00
39.452,2111.50,13.53,0.43,44.00,46.03,20.25,52.26,48.60,89.66,42.75,83.00,14.25,35.50,63.85,14.20,5.00,1.01,24.75,0.00,42.00,0.00
39.600,2111.50,13.53,0.43,44.00,46.03,20.25,52.26,48.60,89.66,42.75,83.00,14.25,35.50,63.85,14.20,5.00,1.01,24.75,0.00,42.00,0.00
39.752,2111.50,13.53,0.43,44.00,46.03,20.25,52.26,48.60,89.66,42.75,83.00,14.25,35.50,63.85,14.20,5.00,1.01,24.75,0.00,42.00,0.00
39.900,2111.50,13.53,0.43,44.00,46.03,20.25,52.26,48.60,89.66,42.75,83.00,14.25,35.50,63.85,14.20,5.00,1.01,24.75,0.00,42.00,0.00
40.052,2111.50,13.53,0.43,44.00,46.03,20.25,52.26,48.60,89.66,42.75,83.00,14.25,35.50,63.85,14.20,5.00,1.01,24.75,0.00,42.00,0.00
40.200,2134.50,13.53,0.43,44.00,46.03,20.25,52.26,48.60,89.66,42.75,83.00,14.25,35.50,63.85,14.20,5.00,1.01,24.75,0.00,42.00,0.00
40.352,2134.50,13.55,0.43,44.00,46.03,20.25,52.26,48.60,89.66,42.75,83.00,14.25,35.50,63.85,14.20,5.00,1.01,24.75,0.00,42.00,0.00
40.500,2134.50,13.55,0.42,44.00,46.03,20.25,52.26,48.60,89.66,42.75,83.00,14.25,35.50,63.85,14.20,5.00,1.01,24.75,0.00,42.00,0.00
40.652,2134.50,13.55,0.42,64.00,46.03,20.25,52.26,48.60,89.66,42.75,83.00,14.25,35.50,63.85,14.20,5.00,1.01,24.75,0.00,42.00,0.00
40.800,2134.50,13.55,0.42,64.00,61.88,20.25,52.26,48.60,89.66,42.75,83.00,14.25,35.50,63.85,14.20,5.00,1.01,24.75,0.00,42.00,0.00
40.952,2134.50,13.55,0.42,64.00,61.88,24.75,52.26,48.60,89.66,42.75,83.00,14.25,35.50,63.85,14.20,5.00,1.01,24.75,0.00,42.00,0.00
41.100,2134.50,13.55,0.42,64.00,61.88,24.75,52.05,48.60,89.66,42.75,83.00,14.25,35.50,63.85,14.20,5.00,1.01,24.75,0.00,42.00,0.00
41.280,2134.50,13.55,0.42,64.00,61.88,24.75,52.05,63.10,89.66,42.75,83.00,14.25,35.50,63.85,14.20,5.00,1.01,24.75,0.00,42.00,0.00
41.430,2134.50,13.55,0.42,64.00,61.88,24.75,52.05,63.10,90.26,42.75,83.00,14.25,35.50,63.85,14.20,5.00,1.01,24.75,0.00,42.00,0.00
41.580,2134.50,13.55,0.42,64.00,61.88,24.75,52.05,63.10,90.26,42.75,83.00,14.25,35.50,63.85,14.20,5.00,1.01,24.75,0.00,42.00,0.00
41.730,2134.50,13.55,0.42,64.00,61.88,24.75,52.05,63.10,90.26,42.75,83.00,14.25,35.50,63.85,14.20,5.00,1.01,24.75,0.00,42.00,0.00
41.880,2134.50,13.55,0.42,64.00,61.88,24.75,52.05,63.10,90.26,42.75,83.00,14.25,35.50,63.85,14.20,5.00,1.01,24.75,0.00,42.00,0.00
42.030,2134.50,13.55,0.42,64.00,61.88,24.75,52.05,63.10,90.26,42.75,83.00,14.25,35.50,63.85,14.20,5.00,1.01,24.75,0.00,42.00,0.00
42.180,2134.50,13.55,0.42,64.00,61.88,24.75,52.05,63.10,90.26,42.75,83.00,14.25,35.50,65.17,14.20,5.00,1.01,24.75,0.00,42.00,0.00
42.330,2134.50,13.55,0.42,64.00,61.88,24.75,52.05,63.10,90.26,42.75,83.00,14.25,35.50,65.17,10.81,5.00,1.01,24.75,0.00,42.00,0.00
42.480,2134.50,13.55,0.42,64.00,61.88,24.75,52.05,63.10,90.26,42.75,83.00,14.25,35.50,65.17,10.81,5.00,1.01,24.75,0.00,42.00,0.00
42.630,2134.50,13.55,0.42,64.00,61.88,24.75,52.05,63.10,90.26,42.75,83.00,14.25,35.50,65.17,10.81,5.00,1.29,24.75,0.00,42.00,0.00
42.780,2134.50,13.55,0.42,64.00,61.88,24.75,52.05,63.10,90.26,42.75,83.00,14.25,35.50,65.17,10.81,5.00,1.29,-16.50,0.00,42.00,0.00
42.930,2134.50,13.55,0.42,64.00,61.88,24.75,52.05,63.10,90.26,42.75,83.00,14.25,35.50,65.17,10.81,5.00,1.29,-16.50,0.00,42.00,0.00
43.080,2134.50,13.55,0.42,64.00,61.88,24.75,52.05,63.10,90.26,42.75,83.00,14.25,35.50,65.17,10.81,5.00,1.29,-16.50,0.00,42.00,0.00
43.230,2134.50,13.55,0.42,64.00,61.88,24.75,52.05,63.10,90.26,42.75,83.00,14.25,35.50,65.17,10.81,5.00,1.29,-16.50,0.00,42.00,0.00
43.380,2105.50,13.55,0.42,64.00,61.88,24.75,52.05,63.10,90.26,42.75,83.00,14.25,35.50,65.17,10.81,5.00,1.29,-16.50,0.00,42.00,0.00
43.530,2105.50,13.65,0.42,64.00,61.88,24.75,52.05,63.10,90.26,42.75,83.00,14.25,35.50,65.17,10.81,5.00,1.29,-16.50,0.00,42.00,0.00
43.680,2105.50,13.65,0.47,64.00,61.88,24.75,52.05,63.10,90.26,42.75,83.00,14.25,35.50,65.17,10.81,5.00,1.29,-16.50,0.00,42.00,0.00
43.830,2105.50,13.65,0.47,40.00,61.88,24.75,52.05,63.10,90.26,42.75,83.00,14.25,35.50,65.17,10.81,5.00,1.29,-16.50,0.00,42.00,0.00
43.980,2105.50,13.65,0.47,40.00,32.97,24.75,52.05,63.10,90.26,42.75,83.00,14.25,35.50,65.17,10.81,5.00,1.29,-16.50,0.00,42.00,0.00
44.130,2105.50,13.65,0.47,40.00,32.97,13.50,52.05,63.10,90.26,42.75,83.00,14.25,35.50,65.17,10.81,5.00,1.29,-16.50,0.00,42.00,0.00
44.280,2105.50,13.65,0.47,40.00,32.97,13.50,51.95,63.10,90.26,42.75,83.00,14.25,35.50,65.17,10.81,5.00,1.29,-16.50,0.00,42.00,0.00
44.430,2105.50,13.65,0.47,40.00,32.97,13.50,51.95,33.00,90.26,42.75,83.00,14.25,35.50,65.17,10.81,5.00,1.29,-16.50,0.00,42.00,0.00
44.580,2105.50,13.65,0.47,40.00,32.97,13.50,51.95,33.00,90.86,42.75,83.00,14.25,35.50,65.17,10.81,5.00,1.29,-16.50,0.00,42.00,0.00
44.730,2105.50,13.65,0.47,40.00,32.97,13.50,51.95,33.00,90.86,42.75,83.00,14.25,35.50,65.17,10.81,5.00,1.29,-16.50,0.00,42.00,0.00
44.880,2105.50,13.65,0.47,40.00,32.97,13.50,51.95,33.00,90.86,42.75,84.00,14.25,35.50,65.17,10.81,5.00,1.29,-16.50,0.00,42.00,0.00
45.030,2105.50,13.65,0.47,40.00,32.97,13.50,51.95,33.00,90.86,42.75,84.00,14.25,35.50,65.17,10.81,5.00,1.29,-16.50,0.00,42.00,0.00
45.180,2105.50,13.65,0.47,40.00,32.97,13.50,51.95,33.00,90.86,42.75,84.00,14.25,35.50,65.17,10.81,5.00,1.29,-16.50,0.00,42.00,0.00
45.330,2105.50,13.65,0.47,40.00,32.97,13.50,51.95,33.00,90.86,42.75,84.00,14.25,35.50,63.45,10.81,5.00,1.29,-16.50,0.00,42.00,0.00
45.480,2105.50,13.65,0.47,40.00,32.97,13.50,51.95,33.00,90.86,42.75,84.00,14.25,35.50,63.45,10.67,5.00,1.29,-16.50,0.00,42.00,0.00
45.630,2105.50,13.65,0.47,40.00,32.97,13.50,51.95,33.00,90.86,42.75,84.00,14.25,35.50,63.45,10.67,5.00,1.29,-16.50,0.00,42.00,0.00
45.780,2105.50,13.65,0.47,40.00,32.97,13.50,51.95,33.00,90.86,42.75,84.00,14.25,35.50,63.45,10.67,5.00,0.96,-16.50,0.00,42.00,0.00
45.930,2105.50,13.65,0.47,40.00,32.97,13.50,51.95,33.00,90.86,42.75,84.00,14.25,35.50,63.45,10.67,5.00,0.96,-15.00,0.00,42.00,0.00
46.080,2105.50,13.65,0.47,40.00,32.97,13.50,51.95,33.00,90.86,42.75,84.00,14.25,35.50,63.45,10.67,5.00,0.96,-15.00,0.00,42.00,0.00
46.230,2105.50,13.65,0.47,40.00,32.97,13.50,51.95,33.00,90.86,42.75,84.00,14.25,35.50,63.45,10.67,5.00,0.96,-15.00,0.00,42.75,0.00
46.380,2105.50,13.65,0.47,40.00,32.97,13.50,51.95,33.00,90.86,42.75,84.00,14.25,35.50,63.45,10.67,5.00,0.96,-15.00,0.00,42.75,0.00
46.530,2039.00,13.65,0.47,40.00,32.97,13.50,51.95,33.00,90.86,42.75,84.00,14.25,35.50,63.45,10.67,5.00,0.96,-15.00,0.00,42.75,0.00
46.680,2039.00,13.37,0.47,40.00,32.97,13.50,51.95,33.00,90.86,42.75,84.00,14.25,35.50,63.45,10.67,5.00,0.96,-15.00,0.00,42.75,0.00
46.830,2039.00,13.37,0.35,40.00,32.97,13.50,51.95,33.00,90.86,42.75,84.00,14.25,35.50,63.45,10.67,5.00,0.96,-15.00,0.00,42.75,0.00
46.980,2039.00,13.37,0.35,92.00,32.97,13.50,51.95,33.00,90.86,42.75,84.00,14.25,35.50,63.45,10.67,5.00,0.96,-15.00,0.00,42.75,0.00
47.130,2039.00,13.37,0.35,92.00,92.34,13.50,51.95,33.00,90.86,42.75,84.00,14.25,35.50,63.45,10.67,5.00,0.96,-15.00,0.00,42.75,0.00
47.280,2039.00,13.37,0.35,92.00,92.34,36.75,51.95,33.00,90.86,42.75,84.00,14.25,35.50,63.45,10.67,5.00,0.96,-15.00,0.00,42.75,0.00
47.430,2039.00,13.37,0.35,92.00,92.34,36.75,51.74,33.00,90.86,42.75,84.00,14.25,35.50,63.45,10.67,5.00,0.96,-15.00,0.00,42.75,0.00
47.580,2039.00,13.37,0.35,92.00,92.34,36.75,51.74,95.90,90.86,42.75,84.00,14.25,35.50,63.45,10.67,5.00,0.96,-15.00,0.00,42.75,0.00
47.730,2039.00,13.37,0.35,92.00,92.34,36.75,51.74,95.90,91.46,42.75,84.00,14.25,35.50,63.45,10.67,5.00,0.96,-15.00,0.00,42.75,0.00
47.880,2039.00,13.37,0.35,92.00,92.34,36.75,51.74,95.90,91.46,42.75,84.00,14.25,35.50,63.45,10.67,5.00,0.96,-15.00,0.00,42.75,0.00
48.030,2039.00,13.37,0.35,92.00,92.34,36.75,51.74,95.90,91.46,42.75,84.00,14.25,35.50,63.45,10.67,5.00,0.96,-15.00,0.00,42.75,0.00
48.180,2039.00,13.37,0.35,92.00,92.34,36.75,51.74,95.90,91.46,42.75,84.00,14.25,35.50,63.45,10.67,5.00,0.96,-15.00,0.00,42.75,0.00
48.330,2039.00,13.37,0.35,92.00,92.34,36.75,51.74,95.90,91.46,42.75,84.00,14.25,35.50,63.45,10.67,5.00,0.96,-15.00,0.00,42.75,0.00
48.480,2039.00,13.37,0.35,92.00,92.34,36.75,51.74,95.90,91.46,42.75,84.00,14.25,35.50,66.00,10.67,5.00,0.96,-15.00,0.00,42.75,0.00
48.630,2039.00,13.37,0.35,92.00,92.34,36.75,51.74,95.90,91.46,42.75,84.00,14.25,35.50,66.00,18.24,5.00,0.96,-15.00,0.00,42.75,0.00
48.780,2039.00,13.37,0.35,92.00,92.34,36.75,51.74,95.90,91.46,42.75,84.00,14.25,35.50,66.00,18.24,5.00,0.96,-15.00,0.00,42.75,0.00
48.960,2039.00,13.37,0.35,92.00,92.34,36.75,51.74,95.90,91.46,42.75,84.00,14.25,35.50,66.00,18.24,5.00,0.98,-15.00,0.00,42.75,0.00
49.110,2039.00,13.37,0.35,92.00,92.34,36.75,51.74,95.90,91.46,42.75,84.00,14.25,35.50,66.00,18.24,5.00,0.98,23.25,0.00,42.75,0.00
49.260,2039.00,13.37,0.35,92.00,92.34,36.75,51.74,95.90,91.46,42.75,84.00,14.25,35.50,66.00,18.24,5.00,0.98,23.25,0.00,42.75,0.00
49.410,2039.00,13.37,0.35,92.00,92.34,36.75,51.74,95.90,91.46,42.75,84.00,14.25,35.50,66.00,18.24,5.00,0.98,23.25,0.00,42.00,0.00
49.561,2039.00,13.37,0.35,92.00,92.34,36.75,51.74,95.90,91.46,42.75,84.00,14.25,35.50,66.00,18.24,5.00,0.98,23.25,0.00,42.00,0.00
49.710,1753.00,13.37,0.35,92.00,92.34,36.75,51.74,95.90,91.46,42.75,84.00,14.25,35.50,66.00,18.24,5.00,0.98,23.25,0.00,42.00,0.00
49.861,1753.00,13.75,0.35,92.00,92.34,36.75,51.74,95.90,91.46,42.75,84.00,14.25,35.50,66.00,18.24,5.00,0.98,23.25,0.00,42.00,0.00
50.010,1753.00,13.75,1.85,92.00,92.34,36.75,51.74,95.90,91.46,42.75,84.00,14.25,35.50,66.00,18.24,5.00,0.98,23.25,0.00,42.00,0.00
50.161,1753.00,13.75,1.85,88.00,92.34,36.75,51.74,95.90,91.46,42.75,84.00,14.25,35.50,66.00,18.24,5.00,0.98,23.25,0.00,42.00,0.00
50.310,1753.00,13.75,1.85,88.00,84.84,36.75,51.74,95.90,91.46,42.75,84.00,14.25,35.50,66.00,18.24,5.00,0.98,23.25,0.00,42.00,0.00
50.461,1753.00,13.75,1.85,88.00,84.84,42.00,51.74,95.90,91.46,42.75,84.00,14.25,35.50,66.00,18.24,5.00,0.98,23.25,0.00,42.00,0.00
50.610,1753.00,13.75,1.85,88.00,84.84,42.00,52.75,95.90,91.46,42.75,84.00,14.25,35.50,66.00,18.24,5.00,0.98,23.25,0.00,42.00,0.00
50.761,1753.00,13.75,1.85,88.00,84.84,42.00,52.75,85.80,91.46,42.75,84.00,14.25,35.50,66.00,18.24,5.00,0.98,23.25,0.00,42.00,0.00
50.911,1753.00,13.75,1.85,88.00,84.84,42.00,52.75,85.80,91.96,42.75,84.00,14.25,35.50,66.00,18.24,5.00,0.98,23.25,0.00,42.00,0.00
51.061,1753.00,13.75,1.85,88.00,84.84,42.00,52.75,85.80,91.96,42.00,84.00,14.25,35.50,66.00,18.24,5.00,0.98,23.25,0.00,42.00,0.00
51.210,1753.00,13.75,1.85,88.00,84.84,42.00,52.75,85.80,91.96,42.00,84.00,14.25,35.50,66.00,18.24,5.00,0.98,23.25,0.00,42.00,0.00
51.361,1753.00,13.75,1.85,88.00,84.84,42.00,52.75,85.80,91.96,42.00,84.00,14.25,35.50,66.00,18.24,5.00,0.98,23.25,0.00,42.00,0.00
51.510,1753.00,13.75,1.85,88.00,84.84,42.00,52.75,85.80,91.96,42.00,84.00,14.25,35.50,66.00,18.24,5.00,0.98,23.25,0.00,42.00,0.00
51.660,1753.00,13.75,1.85,88.00,84.84,42.00,52.75,85.80,91.96,42.00,84.00,14.25,35.50,72.37,18.24,5.00,0.98,23.25,0.00,42.00,0.00
51.810,1753.00,13.75,1.85,88.00,84.84,42.00,52.75,85.80,91.96,42.00,84.00,14.25,35.50,72.37,18.30,5.00,0.98,23.25,0.00,42.00,0.00
51.961,1753.00,13.75,1.85,88.00,84.84,42.00,52.75,85.80,91.96,42.00,84.00,14.25,35.50,72.37,18.30,6.00,0.98,23.25,0.00,42.00,0.00
52.110,1753.00,13.75,1.85,88.00,84.84,42.00,52.75,85.80,91.96,42.00,84.00,14.25,35.50,72.37,18.30,6.00,1.00,23.25,0.00,42.00,0.00
52.261,1753.00,13.75,1.85,88.00,84.84,42.00,52.75,85.80,91.96,42.00,84.00,14.25,35.50,72.37,18.30,6.00,1.00,7.50,0.00,42.00,0.00
52.410,1753.00,13.75,1.85,88.00,84.84,42.00,52.75,85.80,91.96,42.00,84.00,14.25,35.50,72.37,18.30,6.00,1.00,7.50,0.00,42.00,0.00
52.561,1753.00,13.75,1.85,88.00,84.84,42.00,52.75,85.80,91.96,42.00,84.00,14.25,35.50,72.37,18.30,6.00,1.00,7.50,0.00,42.00,0.00
52.710,1753.00,13.75,1.85,88.00,84.84,42.00,52.75,85.80,91.96,42.00,84.00,14.25,35.50,72.37,18.30,6.00,1.00,7.50,0.00,42.00,0.00
52.861,1548.00,13.75,1.85,88.00,84.84,42.00,52.75,85.80,91.96,42.00,84.00,14.25,35.50,72.37,18.30,6.00,1.00,7.50,0.00,42.00,0.00
53.010,1548.00,13.59,1.85,88.00,84.84,42.00,52.75,85.80,91.96,42.00,84.00,14.25,35.50,72.37,18.30,6.00,1.00,7.50,0.00,42.00,0.00
53.161,1548.00,13.59,1.47,88.00,84.84,42.00,52.75,85.80,91.96,42.00,84.00,14.25,35.50,72.37,18.30,6.00,1.00,7.50,0.00,42.00,0.00
53.310,1548.00,13.59,1.47,88.00,84.84,42.00,52.75,85.80,91.96,42.00,84.00,14.25,35.50,72.37,18.30,6.00,1.00,7.50,0.00,42.00,0.00
53.461,1548.00,13.59,1.47,88.00,79.75,42.00,52.75,85.80,91.96,42.00,84.00,14.25,35.50,72.37,18.30,6.00,1.00,7.50,0.00,42.00,0.00
53.640,1548.00,13.59,1.47,88.00,79.75,53.25,52.75,85.80,91.96,42.00,84.00,14.25,35.50,72.37,18.30,6.00,1.00,7.50,0.00,42.00,0.00
53.790,1548.00,13.59,1.47,88.00,79.75,53.25,53.94,85.80,91.96,42.00,84.00,14.25,35.50,72.37,18.30,6.00,1.00,7.50,0.00,42.00,0.00
53.940,1548.00,13.59,1.47,88.00,79.75,53.25,53.94,76.50,91.96,42.00,84.00,14.25,35.50,72.37,18.30,6.00,1.00,7.50,0.00,42.00,0.00
54.090,1548.00,13.59,1.47,88.00,79.75,53.25,53.94,76.50,92.36,42.00,84.00,14.25,35.50,72.37,18.30,6.00,1.00,7.50,0.00,42.00,0.00
54.240,1548.00,13.59,1.47,88.00,79.75,53.25,53.94,76.50,92.36,42.00,84.00,14.25,35.50,72.37,18.30,6.00,1.00,7.50,0.00,42.00,0.00
54.390,1548.00,13.59,1.47,88.00,79.75,53.25,53.94,76.50,92.36,42.00,84.00,14.25,35.50,72.37,18.30,6.00,1.00,7.50,0.00,42.00,0.00
54.540,1548.00,13.59,1.47,88.00,79.75,53.25,53.94,76.50,92.36,42.00,84.00,14.25,35.50,72.37,18.30,6.00,1.00,7.50,0.00,42.00,0.00
54.690,1548.00,13.59,1.47,88.00,79.75,53.25,53.94,76.50,92.36,42.00,84.00,14.25,35.50,72.37,18.30,6.00,1.00,7.50,0.00,42.00,0.00
54.840,1548.00,13.59,1.47,88.00,79.75,53.25,53.94,76.50,92.36,42.00,84.00,14.25,35.50,77.16,18.30,6.00,1.00,7.50,0.00,42.00,0.00
54.990,1548.00,13.59,1.47,88.00,79.75,53.25,53.94,76.50,92.36,42.00,84.00,14.25,35.50,77.16,15.59,6.00,1.00,7.50,0.00,42.00,0.00
55.141,1548.00,13.59,1.47,88.00,79.75,53.25,53.94,76.50,92.36,42.00,84.00,14.25,35.50,77.16,15.59,6.00,1.00,7.50,0.00,42.00,0.00
55.290,1548.00,13.59,1.47,88.00,79.75,53.25,53.94,76.50,92.36,42.00,84.00,14.25,35.50,77.16,15.59,6.00,1.00,7.50,0.00,42.00,0.00
55.471,1548.00,13.59,1.47,88.00,79.75,53.25,53.94,76.50,92.36,42.00,84.00,14.25,35.50,77.16,15.59,6.00,1.00,12.00,0.00,42.00,0.00
55.620,1548.00,13.59,1.47,88.00,79.75,53.25,53.94,76.50,92.36,42.00,84.00,14.25,35.50,77.16,15.59,6.00,1.00,12.00,0.00,42.00,0.00
55.771,1548.00,13.59,1.47,88.00,79.75,53.25,53.94,76.50,92.36,42.00,84.00,14.25,35.50,77.16,15.59,6.00,1.00,12.00,0.00,42.00,0.00
55.920,1548.00,13.59,1.47,88.00,79.75,53.25,53.94,76.50,92.36,42.00,84.00,14.25,35.50,77.16,15.59,6.00,1.00,12.00,0.00,42.00,0.00
56.071,1265.50,13.59,1.47,88.00,79.75,53.25,53.94,76.50,92.36,42.00,84.00,14.25,35.50,77.16,15.59,6.00,1.00,12.00,0.00,42.00,0.00
56.220,1265.50,13.67,1.47,88.00,79.75,53.25,53.94,76.50,92.36,42.00,84.00,14.25,35.50,77.16,15.59,6.00,1.00,12.00,0.00,42.00,0.00
56.370,1265.50,13.67,1.38,88.00,79.75,53.25,53.94,76.50,92.36,42.00,84.00,14.25,35.50,77.16,15.59,6.00,1.00,12.00,0.00,42.00,0.00
56.520,1265.50,13.67,1.38,64.00,79.75,53.25,53.94,76.50,92.36,42.00,84.00,14.25,35.50,77.16,15.59,6.00,1.00,12.00,0.00,42.00,0.00
56.672,1265.50,13.67,1.38,64.00,42.97,53.25,53.94,76.50,92.36,42.00,84.00,14.25,35.50,77.16,15.59,6.00,1.00,12.00,0.00,42.00,0.00
56.820,1265.50,13.67,1.38,64.00,42.97,13.50,53.94,76.50,92.36,42.00,84.00,14.25,35.50,77.16,15.59,6.00,1.00,12.00,0.00,42.00,0.00
56.971,1265.50,13.67,1.38,64.00,42.97,13.50,54.74,76.50,92.36,42.00,84.00,14.25,35.50,77.16,15.59,6.00,1.00,12.00,0.00,42.00,0.00
57.120,1265.50,13.67,1.38,64.00,42.97,13.50,54.74,16.60,92.36,42.00,84.00,14.25,35.50,77.16,15.59,6.00,1.00,12.00,0.00,42.00,0.00
57.271,1265.50,13.67,1.38,64.00,42.97,13.50,54.74,16.60,92.76,42.00,84.00,14.25,35.50,77.16,15.59,6.00,1.00,12.00,0.00,42.00,0.00
57.420,1265.50,13.67,1.38,64.00,42.97,13.50,54.74,16.60,92.76,42.00,84.00,14.25,35.50,77.16,15.59,6.00,1.00,12.00,0.00,42.00,0.00
57.570,1265.50,13.67,1.38,64.00,42.97,13.50,54.74,16.60,92.76,42.00,85.00,14.25,35.50,77.16,15.59,6.00,1.00,12.00,0.00,42.00,0.00
57.720,1265.50,13.67,1.38,64.00,42.97,13.50,54.74,16.60,92.76,42.00,85.00,14.25,35.50,77.16,15.59,6.00,1.00,12.00,0.00,42.00,0.00
57.870,1265.50,13.67,1.38,64.00,42.97,13.50,54.74,16.60,92.76,42.00,85.00,14.25,35.50,77.16,15.59,6.00,1.00,12.00,0.00,42.00,0.00
58.020,1265.50,13.67,1.38,64.00,42.97,13.50,54.74,16.60,92.76,42.00,85.00,14.25,35.50,77.79,15.59,6.00,1.00,12.00,0.00,42.00,0.00
58.171,1265.50,13.67,1.38,64.00,42.97,13.50,54.74,16.60,92.76,42.00,85.00,14.25,35.50,77.79,8.55,6.00,1.00,12.00,0.00,42.00,0.00
58.320,1265.50,13.67,1.38,64.00,42.97,13.50,54.74,16.60,92.76,42.00,85.00,14.25,35.50,77.79,8.55,6.00,1.00,12.00,0.00,42.00,0.00
58.471,1265.50,13.67,1.38,64.00,42.97,13.50,54.74,16.60,92.76,42.00,85.00,14.25,35.50,77.79,8.55,6.00,0.97,12.00,0.00,42.00,0.00
58.620,1265.50,13.67,1.38,64.00,42.97,13.50,54.74,16.60,92.76,42.00,85.00,14.25,35.50,77.79,8.55,6.00,0.97,9.00,0.00,42.00,0.00
58.771,1265.50,13.67,1.38,64.00,42.97,13.50,54.74,16.60,92.76,42.00,85.00,14.25,35.50,77.79,8.55,6.00,0.97,9.00,0.00,42.00,0.00
58.920,1265.50,13.67,1.38,64.00,42.97,13.50,54.74,16.60,92.76,42.00,85.00,14.25,35.50,77.79,8.55,6.00,0.97,9.00,0.00,42.00,0.00
59.071,1265.50,13.67,1.38,64.00,42.97,13.50,54.74,16.60,92.76,42.00,85.00,14.25,35.50,77.79,8.55,6.00,0.97,9.00,0.00,42.00,0.00
59.220,1253.50,13.67,1.38,64.00,42.97,13.50,54.74,16.60,92.76,42.00,85.00,14.25,35.50,77.79,8.55,6.00,0.97,9.00,0.00,42.00,0.00
59.371,1253.50,13.56,1.38,64.00,42.97,13.50,54.74,16.60,92.76,42.00,85.00,14.25,35.50,77.79,8.55,6.00,0.97,9.00,0.00,42.00,0.00
59.520,1253.50,13.56,0.36,64.00,42.97,13.50,54.74,16.60,92.76,42.00,85.00,14.25,35.50,77.79,8.55,6.00,0.97,9.00,0.00,42.00,0.00
59.670,1253.50,13.56,0.36,52.00,42.97,13.50,54.74,16.60,92.76,42.00,85.00,14.25,35.50,77.79,8.55,6.00,0.97,9.00,0.00,42.00,0.00
59.820,1253.50,13.56,0.36,52.00,52.81,13.50,54.74,16.60,92.76,42.00,85.00,14.25,35.50,77.79,8.55,6.00,0.97,9.00,0.00,42.00,0.00
59.971,1253.50,13.56,0.36,52.00,52.81,36.00,54.74,16.60,92.76,42.00,85.00,14.25,35.50,77.79,8.55,6.00,0.97,9.00,0.00,42.00,0.00
60.120,1253.50,13.56,0.36,52.00,52.81,36.00,54.65,16.60,92.76,42.00,85.00,14.25,35.50,77.79,8.55,6.00,0.97,9.00,0.00,42.00,0.00
60.271,1253.50,13.56,0.36,52.00,52.81,36.00,54.65,52.40,92.76,42.00,85.00,14.25,35.50,77.79,8.55,6.00,0.97,9.00,0.00,42.00,0.00
60.420,1253.50,13.56,0.36,52.00,52.81,36.00,54.65,52.40,93.16,42.00,85.00,14.25,35.50,77.79,8.55,6.00,0.97,9.00,0.00,42.00,0.00
60.600,1253.50,13.56,0.36,52.00,52.81,36.00,54.65,52.40,93.16,42.00,85.00,14.25,35.50,77.79,8.55,6.00,0.97,9.00,0.00,42.00,0.00
60.750,1253.50,13.56,0.36,52.00,52.81,36.00,54.65,52.40,93.16,42.00,85.00,14.25,35.50,77.79,8.55,6.00,0.97,9.00,0.00,42.00,0.00
60.900,1253.50,13.56,0.36,52.00,52.81,36.00,54.65,52.40,93.16,42.00,85.00,14.25,35.50,77.79,8.55,6.00,0.97,9.00,0.00,42.00,0.00
61.050,1253.50,13.56,0.36,52.00,52.81,36.00,54.65,52.40,93.16,42.00,85.00,14.25,35.50,77.79,8.55,6.00,0.97,9.00,0.00,42.00,0.00
61.200,1253.50,13.56,0.36,52.00,52.81,36.00,54.65,52.40,93.16,42.00,85.00,14.25,35.50,78.70,8.55,6.00,0.97,9.00,0.00,42.00,0.00
61.350,1253.50,13.56,0.36,52.00,52.81,36.00,54.65,52.40,93.16,42.00,85.00,14.25,35.50,78.70,13.28,6.00,0.97,9.00,0.00,42.00,0.00
61.500,1253.50,13.56,0.36,52.00,52.81,36.00,54.65,52.40,93.16,42.00,85.00,14.25,35.50,78.70,13.28,6.00,0.97,9.00,0.00,42.00,0.00
61.652,1253.50,13.56,0.36,52.00,52.81,36.00,54.65,52.40,93.16,42.00,85.00,14.25,35.50,78.70,13.28,6.00,0.98,9.00,0.00,42.00,0.00
61.800,1253.50,13.56,0.36,52.00,52.81,36.00,54.65,52.40,93.16,42.00,85.00,14.25,35.50,78.70,13.28,6.00,0.98,14.25,0.00,42.00,0.00
61.952,1253.50,13.56,0.36,52.00,52.81,36.00,54.65,52.40,93.16,42.00,85.00,14.25,35.50,78.70,13.28,6.00,0.98,14.25,0.00,42.00,0.00
62.100,1253.50,13.56,0.36,52.00,52.81,36.00,54.65,52.40,93.16,42.00,85.00,14.25,35.50,78.70,13.28,6.00,0.98,14.25,0.00,42.00,0.00
62.253,1253.50,13.56,0.36,52.00,52.81,36.00,54.65,52.40,93.16,42.00,85.00,14.25,35.50,78.70,13.28,6.00,0.98,14.25,0.00,42.00,0.00
62.400,1269.50,13.56,0.36,52.00,52.81,36.00,54.65,52.40,93.16,42.00,85.00,14.25,35.50,78.70,13.28,6.00,0.98,14.25,0.00,42.00,0.00
62.552,1269.50,13.49,0.36,52.00,52.81,36.00,54.65,52.40,93.16,42.00,85.00,14.25,35.50,78.70,13.28,6.00,0.98,14.25,0.00,42.00,0.00
62.700,1269.50,13.49,0.42,52.00,52.81,36.00,54.65,52.40,93.16,42.00,85.00,14.25,35.50,78.70,13.28,6.00,0.98,14.25,0.00,42.00,0.00
62.852,1269.50,13.49,0.42,40.00,52.81,36.00,54.65,52.40,93.16,42.00,85.00,14.25,35.50,78.70,13.28,6.00,0.98,14.25,0.00,42.00,0.00
63.030,1269.50,13.49,0.42,40.00,39.69,36.00,54.65,52.40,93.16,42.00,85.00,14.25,35.50,78.70,13.28,6.00,0.98,14.25,0.00,42.00,0.00
63.180,1269.50,13.49,0.42,40.00,39.69,28.50,54.65,52.40,93.16,42.00,85.00,14.25,35.50,78.70,13.28,6.00,0.98,14.25,0.00,42.00,0.00
63.330,1269.50,13.49,0.42,40.00,39.69,28.50,54.04,52.40,93.16,42.00,85.00,14.25,35.50,78.70,13.28,6.00,0.98,14.25,0.00,42.00,0.00
63.480,1269.50,13.49,0.42,40.00,39.69,28.50,54.04,42.00,93.16,42.00,85.00,14.25,35.50,78.70,13.28,6.00,0.98,14.25,0.00,42.00,0.00
63.632,1269.50,13.49,0.42,40.00,39.69,28.50,54.04,42.00,93.26,42.00,85.00,14.25,35.50,78.70,13.28,6.00,0.98,14.25,0.00,42.00,0.00
63.780,1269.50,13.49,0.42,40.00,39.69,28.50,54.04,42.00,93.26,42.00,85.00,14.25,35.50,78.70,13.28,6.00,0.98,14.25,0.00,42.00,0.00
63.930,1269.50,13.49,0.42,40.00,39.69,28.50,54.04,42.00,93.26,42.00,85.00,14.25,35.50,78.70,13.28,6.00,0.98,14.25,0.00,42.00,0.00
64.080,1269.50,13.49,0.42,40.00,39.69,28.50,54.04,42.00,93.26,42.00,85.00,14.25,35.50,78.70,13.28,6.00,0.98,14.25,0.00,42.00,0.00
64.230,1269.50,13.49,0.42,40.00,39.69,28.50,54.04,42.00,93.26,42.00,85.00,14.25,35.50,78.70,13.28,6.00,0.98,14.25,0.00,42.00,0.00
64.380,1269.50,13.49,0.42,40.00,39.69,28.50,54.04,42.00,93.26,42.00,85.00,14.25,35.50,79.82,13.28,6.00,0.98,14.25,0.00,42.00,0.00
64.530,1269.50,13.49,0.42,40.00,39.69,28.50,54.04,42.00,93.26,42.00,85.00,14.25,35.50,79.82,11.05,6.00,0.98,14.25,0.00,42.00,0.00
64.680,1269.50,13.49,0.42,40.00,39.69,28.50,54.04,42.00,93.26,42.00,85.00,14.25,35.50,79.82,11.05,6.00,0.98,14.25,0.00,42.00,0.00
64.830,1269.50,13.49,0.42,40.00,39.69,28.50,54.04,42.00,93.26,42.00,85.00,14.25,35.50,79.82,11.05,6.00,0.96,14.25,0.00,42.00,0.00
64.980,1269.50,13.49,0.42,40.00,39.69,28.50,54.04,42.00,93.26,42.00,85.00,14.25,35.50,79.82,11.05,6.00,0.96,15.75,0.00,42.00,0.00
65.130,1269.50,13.49,0.42,40.00,39.69,28.50,54.04,42.00,93.26,42.00,85.00,14.25,35.50,79.82,11.05,6.00,0.96,15.75,0.00,42.00,0.00
65.280,1269.50,13.49,0.42,40.00,39.69,28.50,54.04,42.00,93.26,42.00,85.00,14.25,35.50,79.82,11.05,6.00,0.96,15.75,0.00,42.00,0.00
65.430,1269.50,13.49,0.42,40.00,39.69,28.50,54.04,42.00,93.26,42.00,85.00,14.25,35.50,79.82,11.05,6.00,0.96,15.75,0.00,42.00,0.00
65.581,1283.50,13.49,0.42,40.00,39.69,28.50,54.04,42.00,93.26,42.00,85.00,14.25,35.50,79.82,11.05,6.00,0.96,15.75,0.00,42.00,0.00
65.730,1283.50,13.51,0.42,40.00,39.69,28.50,54.04,42.00,93.26,42.00,85.00,14.25,35.50,79.82,11.05,6.00,0.96,15.75,0.00,42.00,0.00
65.880,1283.50,13.51,0.20,40.00,39.69,28.50,54.04,42.00,93.26,42.00,85.00,14.25,35.50,79.82,11.05,6.00,0.96,15.75,0.00,42.00,0.00
66.030,1283.50,13.51,0.20,32.00,39.69,28.50,54.04,42.00,93.26,42.00,85.00,14.25,35.50,79.82,11.05,6.00,0.96,15.75,0.00,42.00,0.00
66.180,1283.50,13.51,0.20,32.00,29.94,28.50,54.04,42.00,93.26,42.00,85.00,14.25,35.50,79.82,11.05,6.00,0.96,15.75,0.00,42.00,0.00
66.330,1283.50,13.51,0.20,32.00,29.94,21.00,54.04,42.00,93.26,42.00,85.00,14.25,35.50,79.82,11.05,6.00,0.96,15.75,0.00,42.00,0.00
66.480,1283.50,13.51,0.20,32.00,29.94,21.00,53.55,42.00,93.26,42.00,85.00,14.25,35.50,79.82,11.05,6.00,0.96,15.75,0.00,42.00,0.00
66.630,1283.50,13.51,0.20,32.00,29.94,21.00,53.55,32.40,93.26,42.00,85.00,14.25,35.50,79.82,11.05,6.00,0.96,15.75,0.00,42.00,0.00
66.780,1283.50,13.51,0.20,32.00,29.94,21.00,53.55,32.40,93.36,42.00,85.00,14.25,35.50,79.82,11.05,6.00,0.96,15.75,0.00,42.00,0.00
66.930,1283.50,13.51,0.20,32.00,29.94,21.00,53.55,32.40,93.36,42.00,85.00,14.25,35.50,79.82,11.05,6.00,0.96,15.75,0.00,42.00,0.00
67.080,1283.50,13.51,0.20,32.00,29.94,21.00,53.55,32.40,93.36,42.00,85.00,14.25,35.50,79.82,11.05,6.00,0.96,15.75,0.00,42.00,0.00
67.230,1283.50,13.51,0.20,32.00,29.94,21.00,53.55,32.40,93.36,42.00,85.00,14.25,35.50,79.82,11.05,6.00,0.96,15.75,0.00,42.00,0.00
67.380,1283.50,13.51,0.20,32.00,29.94,21.00,53.55,32.40,93.36,42.00,85.00,14.25,35.50,79.82,11.05,6.00,0.96,15.75,0.00,42.00,0.00
67.530,1283.50,13.51,0.20,32.00,29.94,21.00,53.55,32.40,93.36,42.00,85.00,14.25,35.50,79.32,11.05,6.00,0.96,15.75,0.00,42.00,0.00
67.680,1283.50,13.51,0.20,32.00,29.94,21.00,53.55,32.40,93.36,42.00,85.00,14.25,35.50,79.32,11.16,6.00,0.96,15.75,0.00,42.00,0.00
67.830,1283.50,13.51,0.20,32.00,29.94,21.00,53.55,32.40,93.36,42.00,85.00,14.25,35.50,79.32,11.16,6.00,0.96,15.75,0.00,42.00,0.00
67.980,1283.50,13.51,0.20,32.00,29.94,21.00,53.55,32.40,93.36,42.00,85.00,14.25,35.50,79.32,11.16,6.00,1.00,15.75,0.00,42.00,0.00
68.160,1283.50,13.51,0.20,32.00,29.94,21.00,53.55,32.40,93.36,42.00,85.00,14.25,35.50,79.32,11.16,6.00,1.00,15.75,0.00,42.00,0.00
68.310,1283.50,13.51,0.20,32.00,29.94,21.00,53.55,32.40,93.36,42.00,85.00,14.25,35.50,79.32,11.16,6.00,1.00,15.75,0.00,42.00,0.00
68.462,1283.50,13.51,0.20,32.00,29.94,21.00,53.55,32.40,93.36,42.00,85.00,14.25,35.50,79.32,11.16,6.00,1.00,15.75,0.00,42.00,0.00
68.610,1283.50,13.51,0.20,32.00,29.94,21.00,53.55,32.40,93.36,42.00,85.00,14.25,35.50,79.32,11.16,6.00,1.00,15.75,0.00,42.00,0.00
68.763,1271.00,13.51,0.20,32.00,29.94,21.00,53.55,32.40,93.36,42.00,85.00,14.25,35.50,79.32,11.16,6.00,1.00,15.75,0.00,42.00,0.00
68.910,1271.00,13.53,0.20,32.00,29.94,21.00,53.55,32.40,93.36,42.00,85.00,14.25,35.50,79.32,11.16,6.00,1.00,15.75,0.00,42.00,0.00
69.062,1271.00,13.53,0.14,32.00,29.94,21.00,53.55,32.40,93.36,42.00,85.00,14.25,35.50,79.32,11.16,6.00,1.00,15.75,0.00,42.00,0.00
69.210,1271.00,13.53,0.14,32.00,29.94,21.00,53.55,32.40,93.36,42.00,85.00,14.25,35.50,79.32,11.16,6.00,1.00,15.75,0.00,42.00,0.00
69.363,1271.00,13.53,0.14,32.00,31.19,21.00,53.55,32.40,93.36,42.00,85.00,14.25,35.50,79.32,11.16,6.00,1.00,15.75,0.00,42.00,0.00
69.511,1271.00,13.53,0.14,32.00,31.19,22.50,53.55,32.40,93.36,42.00,85.00,14.25,35.50,79.32,11.16,6.00,1.00,15.75,0.00,42.00,0.00
69.662,1271.00,13.53,0.14,32.00,31.19,22.50,53.05,32.40,93.36,42.00,85.00,14.25,35.50,79.32,11.16,6.00,1.00,15.75,0.00,42.00,0.00
69.810,1271.00,13.53,0.14,32.00,31.19,22.50,53.05,33.80,93.36,42.00,85.00,14.25,35.50,79.32,11.16,6.00,1.00,15.75,0.00,42.00,0.00
69.960,1271.00,13.53,0.14,32.00,31.19,22.50,53.05,33.80,93.36,42.00,85.00,14.25,35.50,79.32,11.16,6.00,1.00,15.75,0.00,42.00,0.00
70.110,1271.00,13.53,0.14,32.00,31.19,22.50,53.05,33.80,93.36,42.00,85.00,14.25,35.50,79.32,11.16,6.00,1.00,15.75,0.00,42.00,0.00
70.262,1271.00,13.53,0.14,32.00,31.19,22.50,53.05,33.80,93.36,42.00,85.00,14.25,35.50,79.32,11.16,6.00,1.00,15.75,0.00,42.00,0.00
70.410,1271.00,13.53,0.14,32.00,31.19,22.50,53.05,33.80,93.36,42.00,85.00,14.25,35.50,79.32,11.16,6.00,1.00,15.75,0.00,42.00,0.00
70.563,1271.00,13.53,0.14,32.00,31.19,22.50,53.05,33.80,93.36,42.00,85.00,14.25,35.50,79.32,11.16,6.00,1.00,15.75,0.00,42.00,0.00
70.710,1271.00,13.53,0.14,32.00,31.19,22.50,53.05,33.80,93.36,42.00,85.00,14.25,35.50,78.96,11.16,6.00,1.00,15.75,0.00,42.00,0.00
70.863,1271.00,13.53,0.14,32.00,31.19,22.50,53.05,33.80,93.36,42.00,85.00,14.25,35.50,78.96,11.58,6.00,1.00,15.75,0.00,42.00,0.00
71.010,1271.00,13.53,0.14,32.00,31.19,22.50,53.05,33.80,93.36,42.00,85.00,14.25,35.50,78.96,11.58,6.00,1.00,15.75,0.00,42.00,0.00
71.162,1271.00,13.53,0.14,32.00,31.19,22.50,53.05,33.80,93.36,42.00,85.00,14.25,35.50,78.96,11.58,6.00,1.01,15.75,0.00,42.00,0.00
71.310,1271.00,13.53,0.14,32.00,31.19,22.50,53.05,33.80,93.36,42.00,85.00,14.25,35.50,78.96,11.58,6.00,1.01,15.00,0.00,42.00,0.00
71.462,1271.00,13.53,0.14,32.00,31.19,22.50,53.05,33.80,93.36,42.00,85.00,14.25,35.50,78.96,11.58,6.00,1.01,15.00,0.00,42.00,0.00
71.610,1271.00,13.53,0.14,32.00,31.19,22.50,53.05,33.80,93.36,42.00,85.00,14.25,35.50,78.96,11.58,6.00,1.01,15.00,0.00,42.00,0.00
71.760,1271.00,13.53,0.14,32.00,31.19,22.50,53.05,33.80,93.36,42.00,85.00,14.25,35.50,78.96,11.58,6.00,1.01,15.00,0.00,42.00,0.00
71.910,1269.00,13.53,0.14,32.00,31.19,22.50,53.05,33.80,93.36,42.00,85.00,14.25,35.50,78.96,11.58,6.00,1.01,15.00,0.00,42.00,0.00
72.061,1269.00,13.52,0.14,32.00,31.19,22.50,53.05,33.80,93.36,42.00,85.00,14.25,35.50,78.96,11.58,6.00,1.01,15.00,0.00,42.00,0.00
72.210,1269.00,13.52,0.13,32.00,31.19,22.50,53.05,33.80,93.36,42.00,85.00,14.25,35.50,78.96,11.58,6.00,1.01,15.00,0.00,42.00,0.00
72.362,1269.00,13.52,0.13,32.00,31.19,22.50,53.05,33.80,93.36,42.00,85.00,14.25,35.50,78.96,11.58,6.00,1.01,15.00,0.00,42.00,0.00
72.511,1269.00,13.52,0.13,32.00,31.97,22.50,53.05,33.80,93.36,42.00,85.00,14.25,35.50,78.96,11.58,6.00,1.01,15.00,0.00,42.00,0.00
72.662,1269.00,13.52,0.13,32.00,31.97,23.25,53.05,33.80,93.36,42.00,85.00,14.25,35.50,78.96,11.58,6.00,1.01,15.00,0.00,42.00,0.00
72.810,1269.00,13.52,0.13,32.00,31.97,23.25,52.44,33.80,93.36,42.00,85.00,14.25,35.50,78.96,11.58,6.00,1.01,15.00,0.00,42.00,0.00
72.963,1269.00,13.52,0.13,32.00,31.97,23.25,52.44,34.90,93.36,42.00,85.00,14.25,35.50,78.96,11.58,6.00,1.01,15.00,0.00,42.00,0.00
73.111,1269.00,13.52,0.13,32.00,31.97,23.25,52.44,34.90,93.26,42.00,85.00,14.25,35.50,78.96,11.58,6.00,1.01,15.00,0.00,42.00,0.00
73.262,1269.00,13.52,0.13,32.00,31.97,23.25,52.44,34.90,93.26,42.00,85.00,14.25,35.50,78.96,11.58,6.00,1.01,15.00,0.00,42.00,0.00
73.411,1269.00,13.52,0.13,32.00,31.97,23.25,52.44,34.90,93.26,42.00,86.00,14.25,35.50,78.96,11.58,6.00,1.01,15.00,0.00,42.00,0.00
73.563,1269.00,13.52,0.13,32.00,31.97,23.25,52.44,34.90,93.26,42.00,86.00,14.25,35.50,78.96,11.58,6.00,1.01,15.00,0.00,42.00,0.00
73.711,1269.00,13.52,0.13,32.00,31.97,23.25,52.44,34.90,93.26,42.00,86.00,14.25,35.50,78.96,11.58,6.00,1.01,15.00,0.00,42.00,0.00
73.863,1269.00,13.52,0.13,32.00,31.97,23.25,52.44,34.90,93.26,42.00,86.00,14.25,35.50,79.09,11.58,6.00,1.01,15.00,0.00,42.00,0.00
74.010,1269.00,13.52,0.13,32.00,31.97,23.25,52.44,34.90,93.26,42.00,86.00,14.25,35.50,79.09,12.23,6.00,1.01,15.00,0.00,42.00,0.00
74.160,1269.00,13.52,0.13,32.00,31.97,23.25,52.44,34.90,93.26,42.00,86.00,14.25,35.50,79.09,12.23,6.00,1.01,15.00,0.00,42.00,0.00
74.311,1269.00,13.52,0.13,32.00,31.97,23.25,52.44,34.90,93.26,42.00,86.00,14.25,35.50,79.09,12.23,6.00,1.01,15.00,0.00,42.00,0.00
74.461,1269.00,13.52,0.13,32.00,31.97,23.25,52.44,34.90,93.26,42.00,86.00,14.25,35.50,79.09,12.23,6.00,1.01,15.00,0.00,42.00,0.00
74.612,1269.00,13.52,0.13,32.00,31.97,23.25,52.44,34.90,93.26,42.00,86.00,14.25,35.50,79.09,12.23,6.00,1.01,15.00,0.00,42.00,0.00
74.762,1269.00,13.52,0.13,32.00,31.97,23.25,52.44,34.90,93.26,42.00,86.00,14.25,35.50,79.09,12.23,6.00,1.01,15.00,0.00,42.00,0.00
74.910,1269.00,13.52,0.13,32.00,31.97,23.25,52.44,34.90,93.26,42.00,86.00,14.25,35.50,79.09,12.23,6.00,1.01,15.00,0.00,42.00,0.00
75.063,1264.00,13.52,0.13,32.00,31.97,23.25,52.44,34.90,93.26,42.00,86.00,14.25,35.50,79.09,12.23,6.00,1.01,15.00,0.00,42.00,0.00
75.211,1264.00,13.52,0.13,32.00,31.97,23.25,52.44,34.90,93.26,42.00,86.00,14.25,35.50,79.09,12.23,6.00,1.01,15.00,0.00,42.00,0.00
75.361,1264.00,13.52,0.14,32.00,31.97,23.25,52.44,34.90,93.26,42.00,86.00,14.25,35.50,79.09,12.23,6.00,1.01,15.00,0.00,42.00,0.00
75.510,1264.00,13.52,0.14,32.00,31.97,23.25,52.44,34.90,93.26,42.00,86.00,14.25,35.50,79.09,12.23,6.00,1.01,15.00,0.00,42.00,0.00
75.662,1264.00,13.52,0.14,32.00,32.06,23.25,52.44,34.90,93.26,42.00,86.00,14.25,35.50,79.09,12.23,6.00,1.01,15.00,0.00,42.00,0.00
75.841,1264.00,13.52,0.14,32.00,32.06,23.25,52.44,34.90,93.26,42.00,86.00,14.25,35.50,79.09,12.23,6.00,1.01,15.00,0.00,42.00,0.00
75.990,1264.00,13.52,0.14,32.00,32.06,23.25,52.05,34.90,93.26,42.00,86.00,14.25,35.50,79.09,12.23,6.00,1.01,15.00,0.00,42.00,0.00
76.140,1264.00,13.52,0.14,32.00,32.06,23.25,52.05,35.40,93.26,42.00,86.00,14.25,35.50,79.09,12.23,6.00,1.01,15.00,0.00,42.00,0.00
76.290,1264.00,13.52,0.14,32.00,32.06,23.25,52.05,35.40,93.26,42.00,86.00,14.25,35.50,79.09,12.23,6.00,1.01,15.00,0.00,42.00,0.00
76.440,1264.00,13.52,0.14,32.00,32.06,23.25,52.05,35.40,93.26,42.00,86.00,14.25,35.50,79.09,12.23,6.00,1.01,15.00,0.00,42.00,0.00
76.590,1264.00,13.52,0.14,32.00,32.06,23.25,52.05,35.40,93.26,42.00,86.00,14.25,35.50,79.09,12.23,6.00,1.01,15.00,0.00,42.00,0.00
76.741,1264.00,13.52,0.14,32.00,32.06,23.25,52.05,35.40,93.26,42.00,86.00,14.25,35.50,79.09,12.23,6.00,1.01,15.00,0.00,42.00,0.00
76.890,1264.00,13.52,0.14,32.00,32.06,23.25,52.05,35.40,93.26,42.00,86.00,14.25,35.50,79.09,12.23,6.00,1.01,15.00,0.00,42.00,0.00
77.040,1264.00,13.52,0.14,32.00,32.06,23.25,52.05,35.40,93.26,42.00,86.00,14.25,35.50,78.87,12.23,6.00,1.01,15.00,0.00,42.00,0.00
77.190,1264.00,13.52,0.14,32.00,32.06,23.25,52.05,35.40,93.26,42.00,86.00,14.25,35.50,78.87,12.25,6.00,1.01,15.00,0.00,42.00,0.00
77.340,1264.00,13.52,0.14,32.00,32.06,23.25,52.05,35.40,93.26,42.00,86.00,14.25,35.50,78.87,12.25,6.00,1.01,15.00,0.00,42.00,0.00
77.490,1264.00,13.52,0.14,32.00,32.06,23.25,52.05,35.40,93.26,42.00,86.00,14.25,35.50,78.87,12.25,6.00,1.00,15.00,0.00,42.00,0.00
77.640,1264.00,13.52,0.14,32.00,32.06,23.25,52.05,35.40,93.26,42.00,86.00,14.25,35.50,78.87,12.25,6.00,1.00,15.00,0.00,42.00,0.00
77.790,1264.00,13.52,0.14,32.00,32.06,23.25,52.05,35.40,93.26,42.00,86.00,14.25,35.50,78.87,12.25,6.00,1.00,15.00,0.00,42.00,0.00
77.940,1264.00,13.52,0.14,32.00,32.06,23.25,52.05,35.40,93.26,42.00,86.00,14.25,35.50,78.87,12.25,6.00,1.00,15.00,0.00,42.00,0.00
78.090,1264.00,13.52,0.14,32.00,32.06,23.25,52.05,35.40,93.26,42.00,86.00,14.25,35.50,78.87,12.25,6.00,1.00,15.00,0.00,42.00,0.00
78.240,1261.50,13.52,0.14,32.00,32.06,23.25,52.05,35.40,93.26,42.00,86.00,14.25,35.50,78.87,12.25,6.00,1.00,15.00,0.00,42.00,0.00
78.390,1261.50,13.52,0.14,32.00,32.06,23.25,52.05,35.40,93.26,42.00,86.00,14.25,35.50,78.87,12.25,6.00,1.00,15.00,0.00,42.00,0.00
78.540,1261.50,13.52,0.17,32.00,32.06,23.25,52.05,35.40,93.26,42.00,86.00,14.25,35.50,78.87,12.25,6.00,1.00,15.00,0.00,42.00,0.00
78.690,1261.50,13.52,0.17,40.00,32.06,23.25,52.05,35.40,93.26,42.00,86.00,14.25,35.50,78.87,12.25,6.00,1.00,15.00,0.00,42.00,0.00
78.840,1261.50,13.52,0.17,40.00,38.91,23.25,52.05,35.40,93.26,42.00,86.00,14.25,35.50,78.87,12.25,6.00,1.00,15.00,0.00,42.00,0.00
78.990,1261.50,13.52,0.17,40.00,38.91,28.50,52.05,35.40,93.26,42.00,86.00,14.25,35.50,78.87,12.25,6.00,1.00,15.00,0.00,42.00,0.00
79.140,1261.50,13.52,0.17,40.00,38.91,28.50,51.65,35.40,93.26,42.00,86.00,14.25,35.50,78.87,12.25,6.00,1.00,15.00,0.00,42.00,0.00
79.290,1261.50,13.52,0.17,40.00,38.91,28.50,51.65,42.30,93.26,42.00,86.00,14.25,35.50,78.87,12.25,6.00,1.00,15.00,0.00,42.00,0.00
79.440,1261.50,13.52,0.17,40.00,38.91,28.50,51.65,42.30,93.26,42.00,86.00,14.25,35.50,78.87,12.25,6.00,1.00,15.00,0.00,42.00,0.00
79.590,1261.50,13.52,0.17,40.00,38.91,28.50,51.65,42.30,93.26,42.00,86.00,14.25,35.50,78.87,12.25,6.00,1.00,15.00,0.00,42.00,0.00
79.740,1261.50,13.52,0.17,40.00,38.91,28.50,51.65,42.30,93.26,42.00,86.00,14.25,35.50,78.87,12.25,6.00,1.00,15.00,0.00,42.00,0.00
79.890,1261.50,13.52,0.17,40.00,38.91,28.50,51.65,42.30,93.26,42.00,86.00,14.25,35.50,78.87,12.25,6.00,1.00,15.00,0.00,42.00,0.00
80.040,1261.50,13.52,0.17,40.00,38.91,28.50,51.65,42.30,93.26,42.00,86.00,14.25,35.50,78.87,12.25,6.00,1.00,15.00,0.00,42.00,0.00
80.190,1261.50,13.52,0.17,40.00,38.91,28.50,51.65,42.30,93.26,42.00,86.00,14.25,35.50,78.75,12.25,6.00,1.00,15.00,0.00,42.00,0.00
80.340,1261.50,13.52,0.17,40.00,38.91,28.50,51.65,42.30,93.26,42.00,86.00,14.25,35.50,78.75,13.89,6.00,1.00,15.00,0.00,42.00,0.00
80.490,1261.50,13.52,0.17,40.00,38.91,28.50,51.65,42.30,93.26,42.00,86.00,14.25,35.50,78.75,13.89,6.00,1.00,15.00,0.00,42.00,0.00
80.640,1261.50,13.52,0.17,40.00,38.91,28.50,51.65,42.30,93.26,42.00,86.00,14.25,35.50,78.75,13.89,6.00,0.98,15.00,0.00,42.00,0.00
80.790,1261.50,13.52,0.17,40.00,38.91,28.50,51.65,42.30,93.26,42.00,86.00,14.25,35.50,78.75,13.89,6.00,0.98,15.00,0.00,42.00,0.00
80.940,1261.50,13.52,0.17,40.00,38.91,28.50,51.65,42.30,93.26,42.00,86.00,14.25,35.50,78.75,13.89,6.00,0.98,15.00,0.00,42.00,0.00
81.090,1261.50,13.52,0.17,40.00,38.91,28.50,51.65,42.30,93.26,42.00,86.00,14.25,35.50,78.75,13.89,6.00,0.98,15.00,0.00,42.00,0.00
81.240,1261.50,13.52,0.17,40.00,38.91,28.50,51.65,42.30,93.26,42.00,86.00,14.25,35.50,78.75,13.89,6.00,0.98,15.00,0.00,42.00,0.00
81.391,1266.00,13.52,0.17,40.00,38.91,28.50,51.65,42.30,93.26,42.00,86.00,14.25,35.50,78.75,13.89,6.00,0.98,15.00,0.00,42.00,0.00
81.540,1266.00,13.54,0.17,40.00,38.91,28.50,51.65,42.30,93.26,42.00,86.00,14.25,35.50,78.75,13.89,6.00,0.98,15.00,0.00,42.00,0.00
81.690,1266.00,13.54,0.34,40.00,38.91,28.50,51.65,42.30,93.26,42.00,86.00,14.25,35.50,78.75,13.89,6.00,0.98,15.00,0.00,42.00,0.00
81.840,1266.00,13.54,0.34,44.00,38.91,28.50,51.65,42.30,93.26,42.00,86.00,14.25,35.50,78.75,13.89,6.00,0.98,15.00,0.00,42.00,0.00
81.990,1266.00,13.54,0.34,44.00,43.75,28.50,51.65,42.30,93.26,42.00,86.00,14.25,35.50,78.75,13.89,6.00,0.98,15.00,0.00,42.00,0.00
82.140,1266.00,13.54,0.34,44.00,43.75,31.50,51.65,42.30,93.26,42.00,86.00,14.25,35.50,78.75,13.89,6.00,0.98,15.00,0.00,42.00,0.00
82.290,1266.00,13.54,0.34,44.00,43.75,31.50,51.46,42.30,93.26,42.00,86.00,14.25,35.50,78.75,13.89,6.00,0.98,15.00,0.00,42.00,0.00
82.440,1266.00,13.54,0.34,44.00,43.75,31.50,51.46,46.30,93.26,42.00,86.00,14.25,35.50,78.75,13.89,6.00,0.98,15.00,0.00,42.00,0.00
82.590,1266.00,13.54,0.34,44.00,43.75,31.50,51.46,46.30,93.26,42.00,86.00,14.25,35.50,78.75,13.89,6.00,0.98,15.00,0.00,42.00,0.00
82.740,1266.00,13.54,0.34,44.00,43.75,31.50,51.46,46.30,93.26,42.00,86.00,14.25,35.50,78.75,13.89,6.00,0.98,15.00,0.00,42.00,0.00
82.890,1266.00,13.54,0.34,44.00,43.75,31.50,51.46,46.30,93.26,42.00,86.00,14.25,35.50,78.75,13.89,6.00,0.98,15.00,0.00,42.00,0.00
83.040,1266.00,13.54,0.34,44.00,43.75,31.50,51.46,46.30,93.26,42.00,86.00,14.25,35.50,78.75,13.89,6.00,0.98,15.00,0.00,42.00,0.00
83.190,1266.00,13.54,0.34,44.00,43.75,31.50,51.46,46.30,93.26,42.00,86.00,14.25,35.50,78.75,13.89,6.00,0.98,15.00,0.00,42.00,0.00
83.340,1266.00,13.54,0.34,44.00,43.75,31.50,51.46,46.30,93.26,42.00,86.00,14.25,35.50,78.48,13.89,6.00,0.98,15.00,0.00,42.00,0.00
83.520,1266.00,13.54,0.34,44.00,43.75,31.50,51.46,46.30,93.26,42.00,86.00,14.25,35.50,78.48,13.73,6.00,0.98,15.00,0.00,42.00,0.00
83.672,1266.00,13.54,0.34,44.00,43.75,31.50,51.46,46.30,93.26,42.00,86.00,14.25,35.50,78.48,13.73,6.00,0.98,15.00,0.00,42.00,0.00
83.820,1266.00,13.54,0.34,44.00,43.75,31.50,51.46,46.30,93.26,42.00,86.00,14.25,35.50,78.48,13.73,6.00,0.98,15.00,0.00,42.00,0.00
83.971,1266.00,13.54,0.34,44.00,43.75,31.50,51.46,46.30,93.26,42.00,86.00,14.25,35.50,78.48,13.73,6.00,0.98,14.25,0.00,42.00,0.00
84.120,1266.00,13.54,0.34,44.00,43.75,31.50,51.46,46.30,93.26,42.00,86.00,14.25,35.50,78.48,13.73,6.00,0.98,14.25,0.00,42.00,0.00
84.272,1266.00,13.54,0.34,44.00,43.75,31.50,51.46,46.30,93.26,42.00,86.00,14.25,35.50,78.48,13.73,6.00,0.98,14.25,0.00,41.25,0.00
84.420,1266.00,13.54,0.34,44.00,43.75,31.50,51.46,46.30,93.26,42.00,86.00,14.25,35.50,78.48,13.73,6.00,0.98,14.25,0.00,41.25,0.39
84.572,1262.50,13.54,0.34,44.00,43.75,31.50,51.46,46.30,93.26,42.00,86.00,14.25,35.50,78.48,13.73,6.00,0.98,14.25,0.00,41.25,0.39
84.720,1262.50,13.50,0.34,44.00,43.75,31.50,51.46,46.30,93.26,42.00,86.00,14.25,35.50,78.48,13.73,6.00,0.98,14.25,0.00,41.25,0.39
84.872,1262.50,13.50,0.40,44.00,43.75,31.50,51.46,46.30,93.26,42.00,86.00,14.25,35.50,78.48,13.73,6.00,0.98,14.25,0.00,41.25,0.39
85.020,1262.50,13.50,0.40,44.00,43.75,31.50,51.46,46.30,93.26,42.00,86.00,14.25,35.50,78.48,13.73,6.00,0.98,14.25,0.00,41.25,0.39
85.172,1262.50,13.50,0.40,44.00,45.44,31.50,51.46,46.30,93.26,42.00,86.00,14.25,35.50,78.48,13.73,6.00,0.98,14.25,0.00,41.25,0.39
85.320,1262.50,13.50,0.40,44.00,45.44,32.25,51.46,46.30,93.26,42.00,86.00,14.25,35.50,78.48,13.73,6.00,0.98,14.25,0.00,41.25,0.39
85.472,1262.50,13.50,0.40,44.00,45.44,32.25,51.46,46.30,93.26,42.00,86.00,14.25,35.50,78.48,13.73,6.00,0.98,14.25,0.00,41.25,0.39
85.620,1262.50,13.50,0.40,44.00,45.44,32.25,51.46,48.20,93.26,42.00,86.00,14.25,35.50,78.48,13.73,6.00,0.98,14.25,0.00,41.25,0.39
85.772,1262.50,13.50,0.40,44.00,45.44,32.25,51.46,48.20,93.36,42.00,86.00,14.25,35.50,78.48,13.73,6.00,0.98,14.25,0.00,41.25,0.39
85.920,1262.50,13.50,0.40,44.00,45.44,32.25,51.46,48.20,93.36,42.00,86.00,14.25,35.50,78.48,13.73,6.00,0.98,14.25,0.00,41.25,0.39
86.071,1262.50,13.50,0.40,44.00,45.44,32.25,51.46,48.20,93.36,42.00,86.00,14.25,35.50,78.48,13.73,6.00,0.98,14.25,0.00,41.25,0.39
86.220,1262.50,13.50,0.40,44.00,45.44,32.25,51.46,48.20,93.36,42.00,86.00,14.25,35.50,78.48,13.73,6.00,0.98,14.25,0.00,41.25,0.39
86.372,1262.50,13.50,0.40,44.00,45.44,32.25,51.46,48.20,93.36,42.00,86.00,14.25,35.50,78.48,13.73,6.00,0.98,14.25,0.00,41.25,0.39
86.520,1262.50,13.50,0.40,44.00,45.44,32.25,51.46,48.20,93.36,42.00,86.00,14.25,35.50,78.95,13.73,6.00,0.98,14.25,0.00,41.25,0.39
86.671,1262.50,13.50,0.40,44.00,45.44,32.25,51.46,48.20,93.36,42.00,86.00,14.25,35.50,78.95,13.77,6.00,0.98,14.25,0.00,41.25,0.39
86.820,1262.50,13.50,0.40,44.00,45.44,32.25,51.46,48.20,93.36,42.00,86.00,14.25,35.50,78.95,13.77,6.00,0.98,14.25,0.00,41.25,0.39
86.971,1262.50,13.50,0.40,44.00,45.44,32.25,51.46,48.20,93.36,42.00,86.00,14.25,35.50,78.95,13.77,6.00,1.00,14.25,0.00,41.25,0.39
87.120,1262.50,13.50,0.40,44.00,45.44,32.25,51.46,48.20,93.36,42.00,86.00,14.25,35.50,78.95,13.77,6.00,1.00,14.25,0.00,41.25,0.39
87.271,1262.50,13.50,0.40,44.00,45.44,32.25,51.46,48.20,93.36,42.00,86.00,14.25,35.50,78.95,13.77,6.00,1.00,14.25,0.00,41.25,0.39
87.420,1262.50,13.50,0.40,44.00,45.44,32.25,51.46,48.20,93.36,42.00,86.00,14.25,35.50,78.95,13.77,6.00,1.00,14.25,0.00,41.25,0.39
87.571,1262.50,13.50,0.40,44.00,45.44,32.25,51.46,48.20,93.36,42.00,86.00,14.25,35.50,78.95,13.77,6.00,1.00,14.25,0.00,41.25,0.39
87.721,1269.00,13.50,0.40,44.00,45.44,32.25,51.46,48.20,93.36,42.00,86.00,14.25,35.50,78.95,13.77,6.00,1.00,14.25,0.00,41.25,0.39
87.872,1269.00,13.53,0.40,44.00,45.44,32.25,51.46,48.20,93.36,42.00,86.00,14.25,35.50,78.95,13.77,6.00,1.00,14.25,0.00,41.25,0.39
88.020,1269.00,13.53,0.44,44.00,45.44,32.25,51.46,48.20,93.36,42.00,86.00,14.25,35.50,78.95,13.77,6.00,1.00,14.25,0.00,41.25,0.39
88.171,1269.00,13.53,0.44,44.00,45.44,32.25,51.46,48.20,93.36,42.00,86.00,14.25,35.50,78.95,13.77,6.00,1.00,14.25,0.00,41.25,0.39
88.320,1269.00,13.53,0.44,44.00,44.09,32.25,51.46,48.20,93.36,42.00,86.00,14.25,35.50,78.95,13.77,6.00,1.00,14.25,0.00,41.25,0.39
88.472,1269.00,13.53,0.44,44.00,44.09,31.50,51.46,48.20,93.36,42.00,86.00,14.25,35.50,78.95,13.77,6.00,1.00,14.25,0.00,41.25,0.39
88.620,1269.00,13.53,0.44,44.00,44.09,31.50,51.46,48.20,93.36,42.00,86.00,14.25,35.50,78.95,13.77,6.00,1.00,14.25,0.00,41.25,0.39
88.772,1269.00,13.53,0.44,44.00,44.09,31.50,51.46,44.30,93.36,42.00,86.00,14.25,35.50,78.95,13.77,6.00,1.00,14.25,0.00,41.25,0.39
88.920,1269.00,13.53,0.44,44.00,44.09,31.50,51.46,44.30,93.46,42.00,86.00,14.25,35.50,78.95,13.77,6.00,1.00,14.25,0.00,41.25,0.39
89.071,1269.00,13.53,0.44,44.00,44.09,31.50,51.46,44.30,93.46,42.00,86.00,14.25,35.50,78.95,13.77,6.00,1.00,14.25,0.00,41.25,0.39
89.220,1269.00,13.53,0.44,44.00,44.09,31.50,51.46,44.30,93.46,42.00,87.00,14.25,35.50,78.95,13.77,6.00,1.00,14.25,0.00,41.25,0.39
89.372,1269.00,13.53,0.44,44.00,44.09,31.50,51.46,44.30,93.46,42.00,87.00,14.25,35.50,78.95,13.77,6.00,1.00,14.25,0.00,41.25,0.39
89.520,1269.00,13.53,0.44,44.00,44.09,31.50,51.46,44.30,93.46,42.00,87.00,14.25,35.50,78.95,13.77,6.00,1.00,14.25,0.00,41.25,0.39
89.672,1269.00,13.53,0.44,44.00,44.09,31.50,51.46,44.30,93.46,42.00,87.00,14.25,35.50,78.81,13.77,6.00,1.00,14.25,0.00,41.25,0.39
89.820,1269.00,13.53,0.44,44.00,44.09,31.50,51.46,44.30,93.46,42.00,87.00,14.25,35.50,78.81,13.12,6.00,1.00,14.25,0.00,41.25,0.39
89.971,1269.00,13.53,0.44,44.00,44.09,31.50,51.46,44.30,93.46,42.00,87.00,14.25,35.50,78.81,13.12,6.00,1.00,14.25,0.00,41.25,0.39
90.120,1269.00,13.53,0.44,44.00,44.09,31.50,51.46,44.30,93.46,42.00,87.00,14.25,35.50,78.81,13.12,6.00,1.00,14.25,0.00,41.25,0.39
90.271,1269.00,13.53,0.44,44.00,44.09,31.50,51.46,44.30,93.46,42.00,87.00,14.25,35.50,78.81,13.12,6.00,1.00,15.00,0.00,41.25,0.39
90.421,1269.00,13.53,0.44,44.00,44.09,31.50,51.46,44.30,93.46,42.00,87.00,14.25,35.50,78.81,13.12,6.00,1.00,15.00,0.00,41.25,0.39
90.572,1269.00,13.53,0.44,44.00,44.09,31.50,51.46,44.30,93.46,42.00,87.00,14.25,35.50,78.81,13.12,6.00,1.00,15.00,0.00,41.25,0.39
90.721,1269.00,13.53,0.44,44.00,44.09,31.50,51.46,44.30,93.46,42.00,87.00,14.25,35.50,78.81,13.12,6.00,1.00,15.00,0.00,41.25,0.00
90.872,1269.00,13.53,0.44,44.00,44.09,31.50,51.46,44.30,93.46,42.00,87.00,14.25,35.50,78.81,13.12,6.00,1.00,15.00,0.00,41.25,0.00
91.020,1269.00,13.53,0.44,44.00,44.09,31.50,51.46,44.30,93.46,42.00,87.00,14.25,35.50,78.81,13.12,6.00,1.00,15.00,0.00,41.25,0.00
91.201,1269.00,13.53,0.38,44.00,44.09,31.50,51.46,44.30,93.46,42.00,87.00,14.25,35.50,78.81,13.12,6.00,1.00,15.00,0.00,41.25,0.00
91.350,1269.00,13.53,0.38,44.00,44.09,31.50,51.46,44.30,93.46,42.00,87.00,14.25,35.50,78.81,13.12,6.00,1.00,15.00,0.00,41.25,0.00
91.501,1269.00,13.53,0.38,44.00,43.72,31.50,51.46,44.30,93.46,42.00,87.00,14.25,35.50,78.81,13.12,6.00,1.00,15.00,0.00,41.25,0.00
91.652,1269.00,13.53,0.38,44.00,43.72,30.00,51.46,44.30,93.46,42.00,87.00,14.25,35.50,78.81,13.12,6.00,1.00,15.00,0.00,41.25,0.00
91.800,1269.00,13.53,0.38,44.00,43.72,30.00,51.55,44.30,93.46,42.00,87.00,14.25,35.50,78.81,13.12,6.00,1.00,15.00,0.00,41.25,0.00
91.952,1269.00,13.53,0.38,44.00,43.72,30.00,51.55,44.40,93.46,42.00,87.00,14.25,35.50,78.81,13.12,6.00,1.00,15.00,0.00,41.25,0.00
92.100,1269.00,13.53,0.38,44.00,43.72,30.00,51.55,44.40,93.66,42.00,87.00,14.25,35.50,78.81,13.12,6.00,1.00,15.00,0.00,41.25,0.00
92.252,1269.00,13.53,0.38,44.00,43.72,30.00,51.55,44.40,93.66,42.00,87.00,14.25,35.50,78.81,13.12,6.00,1.00,15.00,0.00,41.25,0.00
92.400,1269.00,13.53,0.38,44.00,43.72,30.00,51.55,44.40,93.66,42.00,87.00,14.25,35.50,78.81,13.12,6.00,1.00,15.00,0.00,41.25,0.00
92.551,1269.00,13.53,0.38,44.00,43.72,30.00,51.55,44.40,93.66,42.00,87.00,14.25,35.50,78.81,13.12,6.00,1.00,15.00,0.00,41.25,0.00
92.700,1269.00,13.53,0.38,44.00,43.72,30.00,51.55,44.40,93.66,42.00,87.00,14.25,35.50,78.81,13.12,6.00,1.00,15.00,0.00,41.25,0.00
92.853,1269.00,13.53,0.38,44.00,43.72,30.00,51.55,44.40,93.66,42.00,87.00,14.25,35.50,78.71,13.12,6.00,1.00,15.00,0.00,41.25,0.00
93.000,1269.00,13.53,0.38,44.00,43.72,30.00,51.55,44.40,93.66,42.00,87.00,14.25,35.50,78.71,5.76,6.00,1.00,15.00,0.00,41.25,0.00
93.153,1269.00,13.53,0.38,44.00,43.72,30.00,51.55,44.40,93.66,42.00,87.00,14.25,35.50,78.71,5.76,6.00,1.00,15.00,0.00,41.25,0.00
93.300,1269.00,13.53,0.38,44.00,43.72,30.00,51.55,44.40,93.66,42.00,87.00,14.25,35.50,78.71,5.76,6.00,0.95,15.00,0.00,41.25,0.00
93.453,1269.00,13.53,0.38,44.00,43.72,30.00,51.55,44.40,93.66,42.00,87.00,14.25,35.50,78.71,5.76,6.00,0.95,18.00,0.00,41.25,0.00
93.600,1269.00,13.53,0.38,44.00,43.72,30.00,51.55,44.40,93.66,42.00,87.00,14.25,35.50,78.71,5.76,6.00,0.95,18.00,0.00,41.25,0.00
93.751,1269.00,13.53,0.38,44.00,43.72,30.00,51.55,44.40,93.66,42.00,87.00,14.25,35.50,78.71,5.76,6.00,0.95,18.00,0.00,41.25,0.00
93.900,1269.00,13.53,0.38,44.00,43.72,30.00,51.55,44.40,93.66,42.00,87.00,14.25,35.50,78.71,5.76,6.00,0.95,18.00,0.00,41.25,19.14
94.051,1571.00,13.53,0.38,44.00,43.72,30.00,51.55,44.40,93.66,42.00,87.00,14.25,35.50,78.71,5.76,6.00,0.95,18.00,0.00,41.25,19.14
94.200,1571.00,13.47,0.38,44.00,43.72,30.00,51.55,44.40,93.66,42.00,87.00,14.25,35.50,78.71,5.76,6.00,0.95,18.00,0.00,41.25,19.14
94.353,1571.00,13.47,0.19,44.00,43.72,30.00,51.55,44.40,93.66,42.00,87.00,14.25,35.50,78.71,5.76,6.00,0.95,18.00,0.00,41.25,19.14
94.500,1571.00,13.47,0.19,20.00,43.72,30.00,51.55,44.40,93.66,42.00,87.00,14.25,35.50,78.71,5.76,6.00,0.95,18.00,0.00,41.25,19.14
94.650,1571.00,13.47,0.19,20.00,25.00,30.00,51.55,44.40,93.66,42.00,87.00,14.25,35.50,78.71,5.76,6.00,0.95,18.00,0.00,41.25,19.14
94.800,1571.00,13.47,0.19,20.00,25.00,12.00,51.55,44.40,93.66,42.00,87.00,14.25,35.50,78.71,5.76,6.00,0.95,18.00,0.00,41.25,19.14
94.952,1571.00,13.47,0.19,20.00,25.00,12.00,51.55,44.40,93.66,42.00,87.00,14.25,35.50,78.71,5.76,6.00,0.95,18.00,0.00,41.25,19.14
95.101,1571.00,13.47,0.19,20.00,25.00,12.00,51.55,26.00,93.66,42.00,87.00,14.25,35.50,78.71,5.76,6.00,0.95,18.00,0.00,41.25,19.14
95.252,1571.00,13.47,0.19,20.00,25.00,12.00,51.55,26.00,93.76,42.00,87.00,14.25,35.50,78.71,5.76,6.00,0.95,18.00,0.00,41.25,19.14
95.400,1571.00,13.47,0.19,20.00,25.00,12.00,51.55,26.00,93.76,42.00,87.00,14.25,35.50,78.71,5.76,6.00,0.95,18.00,0.00,41.25,19.14
95.552,1571.00,13.47,0.19,20.00,25.00,12.00,51.55,26.00,93.76,42.00,87.00,14.25,35.50,78.71,5.76,6.00,0.95,18.00,0.00,41.25,19.14
95.701,1571.00,13.47,0.19,20.00,25.00,12.00,51.55,26.00,93.76,42.00,87.00,14.25,35.50,78.71,5.76,6.00,0.95,18.00,0.00,41.25,19.14
95.852,1571.00,13.47,0.19,20.00,25.00,12.00,51.55,26.00,93.76,42.00,87.00,14.25,35.50,78.71,5.76,6.00,0.95,18.00,0.00,41.25,19.14
96.000,1571.00,13.47,0.19,20.00,25.00,12.00,51.55,26.00,93.76,42.00,87.00,14.25,35.50,72.91,5.76,6.00,0.95,18.00,0.00,41.25,19.14
96.152,1571.00,13.47,0.19,20.00,25.00,12.00,51.55,26.00,93.76,42.00,87.00,14.25,35.50,72.91,14.88,6.00,0.95,18.00,0.00,41.25,19.14
96.300,1571.00,13.47,0.19,20.00,25.00,12.00,51.55,26.00,93.76,42.00,87.00,14.25,35.50,72.91,14.88,4.00,0.95,18.00,0.00,41.25,19.14
96.452,1571.00,13.47,0.19,20.00,25.00,12.00,51.55,26.00,93.76,42.00,87.00,14.25,35.50,72.91,14.88,4.00,0.82,18.00,0.00,41.25,19.14
96.601,1571.00,13.47,0.19,20.00,25.00,12.00,51.55,26.00,93.76,42.00,87.00,14.25,35.50,72.91,14.88,4.00,0.82,-14.25,0.00,41.25,19.14
96.752,1571.00,13.47,0.19,20.00,25.00,12.00,51.55,26.00,93.76,42.00,87.00,14.25,35.50,72.91,14.88,4.00,0.82,-14.25,0.00,41.25,19.14
96.900,1571.00,13.47,0.19,20.00,25.00,12.00,51.55,26.00,93.76,42.00,87.00,14.25,35.50,72.91,14.88,4.00,0.82,-14.25,0.00,41.25,19.14
97.051,1571.00,13.47,0.19,20.00,25.00,12.00,51.55,26.00,93.76,42.00,87.00,14.25,35.50,72.91,14.88,4.00,0.82,-14.25,0.00,41.25,19.53
97.200,2978.00,13.47,0.19,20.00,25.00,12.00,51.55,26.00,93.76,42.00,87.00,14.25,35.50,72.91,14.88,4.00,0.82,-14.25,0.00,41.25,19.53
97.351,2978.00,13.54,0.19,20.00,25.00,12.00,51.55,26.00,93.76,42.00,87.00,14.25,35.50,72.91,14.88,4.00,0.82,-14.25,0.00,41.25,19.53
97.500,2978.00,13.54,0.62,20.00,25.00,12.00,51.55,26.00,93.76,42.00,87.00,14.25,35.50,72.91,14.88,4.00,0.82,-14.25,0.00,41.25,19.53
97.651,2978.00,13.54,0.62,80.00,25.00,12.00,51.55,26.00,93.76,42.00,87.00,14.25,35.50,72.91,14.88,4.00,0.82,-14.25,0.00,41.25,19.53
97.801,2978.00,13.54,0.62,80.00,80.25,12.00,51.55,26.00,93.76,42.00,87.00,14.25,35.50,72.91,14.88,4.00,0.82,-14.25,0.00,41.25,19.53
97.952,2978.00,13.54,0.62,80.00,80.25,23.25,51.55,26.00,93.76,42.00,87.00,14.25,35.50,72.91,14.88,4.00,0.82,-14.25,0.00,41.25,19.53
98.100,2978.00,13.54,0.62,80.00,80.25,23.25,51.55,26.00,93.76,42.00,87.00,14.25,35.50,72.91,14.88,4.00,0.82,-14.25,0.00,41.25,19.53
98.280,2978.00,13.54,0.62,80.00,80.25,23.25,51.55,79.10,93.76,42.00,87.00,14.25,35.50,72.91,14.88,4.00,0.82,-14.25,0.00,41.25,19.53
98.430,2978.00,13.54,0.62,80.00,80.25,23.25,51.55,79.10,93.66,42.00,87.00,14.25,35.50,72.91,14.88,4.00,0.82,-14.25,0.00,41.25,19.53
98.580,2978.00,13.54,0.62,80.00,80.25,23.25,51.55,79.10,93.66,42.00,87.00,14.25,35.50,72.91,14.88,4.00,0.82,-14.25,0.00,41.25,19.53
98.731,2978.00,13.54,0.62,80.00,80.25,23.25,51.55,79.10,93.66,42.00,87.00,14.25,35.50,72.91,14.88,4.00,0.82,-14.25,0.00,41.25,19.53
98.880,2978.00,13.54,0.62,80.00,80.25,23.25,51.55,79.10,93.66,42.00,87.00,14.25,35.50,72.91,14.88,4.00,0.82,-14.25,0.00,41.25,19.53
99.030,2978.00,13.54,0.62,80.00,80.25,23.25,51.55,79.10,93.66,42.00,87.00,14.25,35.50,72.91,14.88,4.00,0.82,-14.25,0.00,41.25,19.53
99.181,2978.00,13.54,0.62,80.00,80.25,23.25,51.55,79.10,93.66,42.00,87.00,14.25,35.50,63.59,14.88,4.00,0.82,-14.25,0.00,41.25,19.53
99.330,2978.00,13.54,0.62,80.00,80.25,23.25,51.55,79.10,93.66,42.00,87.00,14.25,35.50,63.59,15.90,4.00,0.82,-14.25,0.00,41.25,19.53
99.480,2978.00,13.54,0.62,80.00,80.25,23.25,51.55,79.10,93.66,42.00,87.00,14.25,35.50,63.59,15.90,4.00,0.82,-14.25,0.00,41.25,19.53
99.631,2978.00,13.54,0.62,80.00,80.25,23.25,51.55,79.10,93.66,42.00,87.00,14.25,35.50,63.59,15.90,4.00,16.00,-14.25,0.00,41.25,19.53
99.780,2978.00,13.54,0.62,80.00,80.25,23.25,51.55,79.10,93.66,42.00,87.00,14.25,35.50,63.59,15.90,4.00,16.00,-14.25,0.00,41.25,19.53
99.931,2978.00,13.54,0.62,80.00,80.25,23.25,51.55,79.10,93.66,42.00,87.00,14.25,35.50,63.59,15.90,4.00,16.00,-14.25,1.00,41.25,19.53
100.080,2978.00,13.54,0.62,80.00,80.25,23.25,51.55,79.10,93.66,42.00,87.00,14.25,35.50,63.59,15.90,4.00,16.00,-14.25,1.00,41.25,19.53
100.231,2978.00,13.54,0.62,80.00,80.25,23.25,51.55,79.10,93.66,42.00,87.00,14.25,35.50,63.59,15.90,4.00,16.00,-14.25,1.00,41.25,0.00
100.381,2498.50,13.54,0.62,80.00,80.25,23.25,51.55,79.10,93.66,42.00,87.00,14.25,35.50,63.59,15.90,4.00,16.00,-14.25,1.00,41.25,0.00
100.531,2498.50,13.50,0.62,80.00,80.25,23.25,51.55,79.10,93.66,42.00,87.00,14.25,35.50,63.59,15.90,4.00,16.00,-14.25,1.00,41.25,0.00
100.681,2498.50,13.50,0.69,80.00,80.25,23.25,51.55,79.10,93.66,42.00,87.00,14.25,35.50,63.59,15.90,4.00,16.00,-14.25,1.00,41.25,0.00
100.830,2498.50,13.50,0.69,64.00,80.25,23.25,51.55,79.10,93.66,42.00,87.00,14.25,35.50,63.59,15.90,4.00,16.00,-14.25,1.00,41.25,0.00
100.981,2498.50,13.50,0.69,64.00,118.06,23.25,51.55,79.10,93.66,42.00,87.00,14.25,35.50,63.59,15.90,4.00,16.00,-14.25,1.00,41.25,0.00
101.130,2498.50,13.50,0.69,64.00,118.06,18.75,51.55,79.10,93.66,42.00,87.00,14.25,35.50,63.59,15.90,4.00,16.00,-14.25,1.00,41.25,0.00
101.280,2498.50,13.50,0.69,64.00,118.06,18.75,51.65,79.10,93.66,42.00,87.00,14.25,35.50,63.59,15.90,4.00,16.00,-14.25,1.00,41.25,0.00
101.430,2498.50,13.50,0.69,64.00,118.06,18.75,51.65,63.40,93.66,42.00,87.00,14.25,35.50,63.59,15.90,4.00,16.00,-14.25,1.00,41.25,0.00
101.580,2498.50,13.50,0.69,64.00,118.06,18.75,51.65,63.40,93.06,42.00,87.00,14.25,35.50,63.59,15.90,4.00,16.00,-14.25,1.00,41.25,0.00
101.730,2498.50,13.50,0.69,64.00,118.06,18.75,51.65,63.40,93.06,42.00,87.00,14.25,35.50,63.59,15.90,4.00,16.00,-14.25,1.00,41.25,0.00
101.880,2498.50,13.50,0.69,64.00,118.06,18.75,51.65,63.40,93.06,42.00,87.00,14.25,35.50,63.59,15.90,4.00,16.00,-14.25,1.00,41.25,0.00
102.031,2498.50,13.50,0.69,64.00,118.06,18.75,51.65,63.40,93.06,42.00,87.00,14.25,35.50,63.59,15.90,4.00,16.00,-14.25,1.00,41.25,0.00
102.180,2498.50,13.50,0.69,64.00,118.06,18.75,51.65,63.40,93.06,42.00,87.00,14.25,35.50,63.59,15.90,4.00,16.00,-14.25,1.00,41.25,0.00
102.331,2498.50,13.50,0.69,64.00,118.06,18.75,51.65,63.40,93.06,42.00,87.00,14.25,35.50,48.57,15.90,4.00,16.00,-14.25,1.00,41.25,0.00
102.480,2498.50,13.50,0.69,64.00,118.06,18.75,51.65,63.40,93.06,42.00,87.00,14.25,35.50,48.57,14.98,4.00,16.00,-14.25,1.00,41.25,0.00
102.630,2498.50,13.50,0.69,64.00,118.06,18.75,51.65,63.40,93.06,42.00,87.00,14.25,35.50,48.57,14.98,3.00,16.00,-14.25,1.00,41.25,0.00
102.780,2498.50,13.50,0.69,64.00,118.06,18.75,51.65,63.40,93.06,42.00,87.00,14.25,35.50,48.57,14.98,3.00,14.73,-14.25,1.00,41.25,0.00
102.931,2498.50,13.50,0.69,64.00,118.06,18.75,51.65,63.40,93.06,42.00,87.00,14.25,35.50,48.57,14.98,3.00,14.73,-15.75,1.00,41.25,0.00
103.080,2498.50,13.50,0.69,64.00,118.06,18.75,51.65,63.40,93.06,42.00,87.00,14.25,35.50,48.57,14.98,3.00,14.73,-15.75,1.00,41.25,0.00
103.230,2498.50,13.50,0.69,64.00,118.06,18.75,51.65,63.40,93.06,42.00,87.00,14.25,35.50,48.57,14.98,3.00,14.73,-15.75,1.00,41.25,0.00
103.380,2498.50,13.50,0.69,64.00,118.06,18.75,51.65,63.40,93.06,42.00,87.00,14.25,35.50,48.57,14.98,3.00,14.73,-15.75,1.00,41.25,0.00
103.531,2177.50,13.50,0.69,64.00,118.06,18.75,51.65,63.40,93.06,42.00,87.00,14.25,35.50,48.57,14.98,3.00,14.73,-15.75,1.00,41.25,0.00
103.681,2177.50,13.55,0.69,64.00,118.06,18.75,51.65,63.40,93.06,42.00,87.00,14.25,35.50,48.57,14.98,3.00,14.73,-15.75,1.00,41.25,0.00
103.830,2177.50,13.55,0.54,64.00,118.06,18.75,51.65,63.40,93.06,42.00,87.00,14.25,35.50,48.57,14.98,3.00,14.73,-15.75,1.00,41.25,0.00
103.980,2177.50,13.55,0.54,132.00,118.06,18.75,51.65,63.40,93.06,42.00,87.00,14.25,35.50,48.57,14.98,3.00,14.73,-15.75,1.00,41.25,0.00
104.130,2177.50,13.55,0.54,132.00,68.22,18.75,51.65,63.40,93.06,42.00,87.00,14.25,35.50,48.57,14.98,3.00,14.73,-15.75,1.00,41.25,0.00
104.280,2177.50,13.55,0.54,132.00,68.22,18.00,51.65,63.40,93.06,42.00,87.00,14.25,35.50,48.57,14.98,3.00,14.73,-15.75,1.00,41.25,0.00
104.431,2177.50,13.55,0.54,132.00,68.22,18.00,51.95,63.40,93.06,42.00,87.00,14.25,35.50,48.57,14.98,3.00,14.73,-15.75,1.00,41.25,0.00
104.581,2177.50,13.55,0.54,132.00,68.22,18.00,51.95,60.10,93.06,42.00,87.00,14.25,35.50,48.57,14.98,3.00,14.73,-15.75,1.00,41.25,0.00
104.731,2177.50,13.55,0.54,132.00,68.22,18.00,51.95,60.10,92.36,42.00,87.00,14.25,35.50,48.57,14.98,3.00,14.73,-15.75,1.00,41.25,0.00
104.880,2177.50,13.55,0.54,132.00,68.22,18.00,51.95,60.10,92.36,42.00,87.00,14.25,35.50,48.57,14.98,3.00,14.73,-15.75,1.00,41.25,0.00
105.030,2177.50,13.55,0.54,132.00,68.22,18.00,51.95,60.10,92.36,42.00,87.00,14.25,35.50,48.57,14.98,3.00,14.73,-15.75,1.00,41.25,0.00
105.181,2177.50,13.55,0.54,132.00,68.22,18.00,51.95,60.10,92.36,42.00,87.00,14.25,35.50,48.57,14.98,3.00,14.73,-15.75,1.00,41.25,0.00
105.330,2177.50,13.55,0.54,132.00,68.22,18.00,51.95,60.10,92.36,42.00,87.00,14.25,35.50,48.57,14.98,3.00,14.73,-15.75,1.00,41.25,0.00
105.481,2177.50,13.55,0.54,132.00,68.22,18.00,51.95,60.10,92.36,42.00,87.00,14.25,35.50,29.70,14.98,3.00,14.73,-15.75,1.00,41.25,0.00
105.630,2177.50,13.55,0.54,132.00,68.22,18.00,51.95,60.10,92.36,42.00,87.00,14.25,35.50,29.70,14.11,3.00,14.73,-15.75,1.00,41.25,0.00
105.781,2177.50,13.55,0.54,132.00,68.22,18.00,51.95,60.10,92.36,42.00,87.00,14.25,35.50,29.70,14.11,2.00,14.73,-15.75,1.00,41.25,0.00
105.930,2177.50,13.55,0.54,132.00,68.22,18.00,51.95,60.10,92.36,42.00,87.00,14.25,35.50,29.70,14.11,2.00,8.96,-15.75,1.00,41.25,0.00
106.080,2177.50,13.55,0.54,132.00,68.22,18.00,51.95,60.10,92.36,42.00,87.00,14.25,35.50,29.70,14.11,2.00,8.96,-15.75,1.00,41.25,0.00
106.231,2177.50,13.55,0.54,132.00,68.22,18.00,51.95,60.10,92.36,42.00,87.00,14.25,35.50,29.70,14.11,2.00,8.96,-15.75,1.00,41.25,0.00
106.381,2177.50,13.55,0.54,132.00,68.22,18.00,51.95,60.10,92.36,42.00,87.00,14.25,35.50,29.70,14.11,2.00,8.96,-15.75,1.00,41.25,0.00
106.563,2177.50,13.55,0.54,132.00,68.22,18.00,51.95,60.10,92.36,42.00,87.00,14.25,35.50,29.70,14.11,2.00,8.96,-15.75,1.00,41.25,0.00
106.711,1895.50,13.55,0.54,132.00,68.22,18.00,51.95,60.10,92.36,42.00,87.00,14.25,35.50,29.70,14.11,2.00,8.96,-15.75,1.00,41.25,0.00
106.863,1895.50,13.05,0.54,132.00,68.22,18.00,51.95,60.10,92.36,42.00,87.00,14.25,35.50,29.70,14.11,2.00,8.96,-15.75,1.00,41.25,0.00
107.011,1895.50,13.05,0.55,132.00,68.22,18.00,51.95,60.10,92.36,42.00,87.00,14.25,35.50,29.70,14.11,2.00,8.96,-15.75,1.00,41.25,0.00
107.162,1895.50,13.05,0.55,56.00,68.22,18.00,51.95,60.10,92.36,42.00,87.00,14.25,35.50,29.70,14.11,2.00,8.96,-15.75,1.00,41.25,0.00
107.311,1895.50,13.05,0.55,56.00,54.53,18.00,51.95,60.10,92.36,42.00,87.00,14.25,35.50,29.70,14.11,2.00,8.96,-15.75,1.00,41.25,0.00
107.463,1895.50,13.05,0.55,56.00,54.53,17.25,51.95,60.10,92.36,42.00,87.00,14.25,35.50,29.70,14.11,2.00,8.96,-15.75,1.00,41.25,0.00
107.610,1895.50,13.05,0.55,56.00,54.53,17.25,52.26,60.10,92.36,42.00,87.00,14.25,35.50,29.70,14.11,2.00,8.96,-15.75,1.00,41.25,0.00
107.763,1895.50,13.05,0.55,56.00,54.53,17.25,52.26,51.10,92.36,42.00,87.00,14.25,35.50,29.70,14.11,2.00,8.96,-15.75,1.00,41.25,0.00
107.911,1895.50,13.05,0.55,56.00,54.53,17.25,52.26,51.10,91.76,42.00,87.00,14.25,35.50,29.70,14.11,2.00,8.96,-15.75,1.00,41.25,0.00
108.063,1895.50,13.05,0.55,56.00,54.53,17.25,52.26,51.10,91.76,41.25,87.00,14.25,35.50,29.70,14.11,2.00,8.96,-15.75,1.00,41.25,0.00
108.211,1895.50,13.05,0.55,56.00,54.53,17.25,52.26,51.10,91.76,41.25,88.00,14.25,35.50,29.70,14.11,2.00,8.96,-15.75,1.00,41.25,0.00
108.363,1895.50,13.05,0.55,56.00,54.53,17.25,52.26,51.10,91.76,41.25,88.00,14.26,35.50,29.70,14.11,2.00,8.96,-15.75,1.00,41.25,0.00
108.511,1895.50,13.05,0.55,56.00,54.53,17.25,52.26,51.10,91.76,41.25,88.00,14.26,35.50,29.70,14.11,2.00,8.96,-15.75,1.00,41.25,0.00
108.662,1895.50,13.05,0.55,56.00,54.53,17.25,52.26,51.10,91.76,41.25,88.00,14.26,35.50,19.81,14.11,2.00,8.96,-15.75,1.00,41.25,0.00
108.811,1895.50,13.05,0.55,56.00,54.53,17.25,52.26,51.10,91.76,41.25,88.00,14.26,35.50,19.81,19.15,2.00,8.96,-15.75,1.00,41.25,0.00
108.963,1895.50,13.05,0.55,56.00,54.53,17.25,52.26,51.10,91.76,41.25,88.00,14.26,35.50,19.81,19.15,1.00,8.96,-15.75,1.00,41.25,0.00
109.110,1895.50,13.05,0.55,56.00,54.53,17.25,52.26,51.10,91.76,41.25,88.00,14.26,35.50,19.81,19.15,1.00,0.99,-15.75,1.00,41.25,0.00
109.263,1895.50,13.05,0.55,56.00,54.53,17.25,52.26,51.10,91.76,41.25,88.00,14.26,35.50,19.81,19.15,1.00,0.99,33.00,1.00,41.25,0.00
109.411,1895.50,13.05,0.55,56.00,54.53,17.25,52.26,51.10,91.76,41.25,88.00,14.26,35.50,19.81,19.15,1.00,0.99,33.00,0.00,41.25,0.00
109.590,1895.50,13.05,0.55,56.00,54.53,17.25,52.26,51.10,91.76,41.25,88.00,14.26,35.50,19.81,19.15,1.00,0.99,33.00,0.00,41.25,0.00
109.741,1895.50,13.05,0.55,56.00,54.53,17.25,52.26,51.10,91.76,41.25,88.00,14.26,35.50,19.81,19.15,1.00,0.99,33.00,0.00,41.25,0.00
109.890,3301.50,13.05,0.55,56.00,54.53,17.25,52.26,51.10,91.76,41.25,88.00,14.26,35.50,19.81,19.15,1.00,0.99,33.00,0.00,41.25,0.00
110.071,3301.50,13.57,0.55,56.00,54.53,17.25,52.26,51.10,91.76,41.25,88.00,14.26,35.50,19.81,19.15,1.00,0.99,33.00,0.00,41.25,0.00
110.220,3301.50,13.57,1.64,56.00,54.53,17.25,52.26,51.10,91.76,41.25,88.00,14.26,35.50,19.81,19.15,1.00,0.99,33.00,0.00,41.25,0.00
110.401,3301.50,13.57,1.64,160.00,54.53,17.25,52.26,51.10,91.76,41.25,88.00,14.26,35.50,19.81,19.15,1.00,0.99,33.00,0.00,41.25,0.00
110.550,3301.50,13.57,1.64,160.00,175.69,17.25,52.26,51.10,91.76,41.25,88.00,14.26,35.50,19.81,19.15,1.00,0.99,33.00,0.00,41.25,0.00
110.701,3301.50,13.57,1.64,160.00,175.69,42.75,52.26,51.10,91.76,41.25,88.00,14.26,35.50,19.81,19.15,1.00,0.99,33.00,0.00,41.25,0.00
110.852,3301.50,13.57,1.64,160.00,175.69,42.75,52.35,51.10,91.76,41.25,88.00,14.26,35.50,19.81,19.15,1.00,0.99,33.00,0.00,41.25,0.00
111.000,3301.50,13.57,1.64,160.00,175.69,42.75,52.35,241.70,91.76,41.25,88.00,14.26,35.50,19.81,19.15,1.00,0.99,33.00,0.00,41.25,0.00
111.152,3301.50,13.57,1.64,160.00,175.69,42.75,52.35,241.70,91.36,41.25,88.00,14.26,35.50,19.81,19.15,1.00,0.99,33.00,0.00,41.25,0.00
111.301,3301.50,13.57,1.64,160.00,175.69,42.75,52.35,241.70,91.36,41.25,88.00,14.26,35.50,19.81,19.15,1.00,0.99,33.00,0.00,41.25,0.00
111.452,3301.50,13.57,1.64,160.00,175.69,42.75,52.35,241.70,91.36,41.25,88.00,14.26,35.50,19.81,19.15,1.00,0.99,33.00,0.00,41.25,0.00
111.600,3301.50,13.57,1.64,160.00,175.69,42.75,52.35,241.70,91.36,41.25,88.00,14.26,35.50,19.81,19.15,1.00,0.99,33.00,0.00,41.25,0.00
111.752,3301.50,13.57,1.64,160.00,175.69,42.75,52.35,241.70,91.36,41.25,88.00,14.26,35.50,19.81,19.15,1.00,0.99,33.00,0.00,41.25,0.00
111.901,3301.50,13.57,1.64,160.00,175.69,42.75,52.35,241.70,91.36,41.25,88.00,14.26,35.50,36.71,19.15,1.00,0.99,33.00,0.00,41.25,0.00
112.051,3301.50,13.57,1.64,160.00,175.69,42.75,52.35,241.70,91.36,41.25,88.00,14.26,35.50,36.71,21.86,1.00,0.99,33.00,0.00,41.25,0.00
112.201,3301.50,13.57,1.64,160.00,175.69,42.75,52.35,241.70,91.36,41.25,88.00,14.26,35.50,36.71,21.86,2.00,0.99,33.00,0.00,41.25,0.00
112.352,3301.50,13.57,1.64,160.00,175.69,42.75,52.35,241.70,91.36,41.25,88.00,14.26,35.50,36.71,21.86,2.00,1.01,33.00,0.00,41.25,0.00
112.501,3301.50,13.57,1.64,160.00,175.69,42.75,52.35,241.70,91.36,41.25,88.00,14.26,35.50,36.71,21.86,2.00,1.01,24.00,0.00,41.25,0.00
112.652,3301.50,13.57,1.64,160.00,175.69,42.75,52.35,241.70,91.36,41.25,88.00,14.26,35.50,36.71,21.86,2.00,1.01,24.00,0.00,41.25,0.00
112.801,3301.50,13.57,1.64,160.00,175.69,42.75,52.35,241.70,91.36,41.25,88.00,14.26,35.50,36.71,21.86,2.00,1.01,24.00,0.00,41.25,0.00
112.952,3301.50,13.57,1.64,160.00,175.69,42.75,52.35,241.70,91.36,41.25,88.00,14.26,35.50,36.71,21.86,2.00,1.01,24.00,0.00,41.25,3.52
113.100,3721.50,13.57,1.64,160.00,175.69,42.75,52.35,241.70,91.36,41.25,88.00,14.26,35.50,36.71,21.86,2.00,1.01,24.00,0.00,41.25,3.52
113.252,3721.50,14.28,1.64,160.00,175.69,42.75,52.35,241.70,91.36,41.25,88.00,14.26,35.50,36.71,21.86,2.00,1.01,24.00,0.00,41.25,3.52
113.401,3721.50,14.28,3.45,160.00,175.69,42.75,52.35,241.70,91.36,41.25,88.00,14.26,35.50,36.71,21.86,2.00,1.01,24.00,0.00,41.25,3.52
113.550,3721.50,14.28,3.45,136.00,175.69,42.75,52.35,241.70,91.36,41.25,88.00,14.26,35.50,36.71,21.86,2.00,1.01,24.00,0.00,41.25,3.52
113.701,3721.50,14.28,3.45,136.00,136.41,42.75,52.35,241.70,91.36,41.25,88.00,14.26,35.50,36.71,21.86,2.00,1.01,24.00,0.00,41.25,3.52
113.852,3721.50,14.28,3.45,136.00,136.41,43.50,52.35,241.70,91.36,41.25,88.00,14.26,35.50,36.71,21.86,2.00,1.01,24.00,0.00,41.25,3.52
114.001,3721.50,14.28,3.45,136.00,136.41,43.50,56.36,241.70,91.36,41.25,88.00,14.26,35.50,36.71,21.86,2.00,1.01,24.00,0.00,41.25,3.52
114.151,3721.50,14.28,3.45,136.00,136.41,43.50,56.36,136.80,91.36,41.25,88.00,14.26,35.50,36.71,21.86,2.00,1.01,24.00,0.00,41.25,3.52
114.301,3721.50,14.28,3.45,136.00,136.41,43.50,56.36,136.80,91.36,41.25,88.00,14.26,35.50,36.71,21.86,2.00,1.01,24.00,0.00,41.25,3.52
114.451,3721.50,14.28,3.45,136.00,136.41,43.50,56.36,136.80,91.36,41.25,88.00,14.26,35.50,36.71,21.86,2.00,1.01,24.00,0.00,41.25,3.52
114.600,3721.50,14.28,3.45,136.00,136.41,43.50,56.36,136.80,91.36,41.25,88.00,14.26,35.50,36.71,21.86,2.00,1.01,24.00,0.00,41.25,3.52
114.752,3721.50,14.28,3.45,136.00,136.41,43.50,56.36,136.80,91.36,41.25,88.00,14.26,35.50,36.71,21.86,2.00,1.01,24.00,0.00,41.25,3.52
114.901,3721.50,14.28,3.45,136.00,136.41,43.50,56.36,136.80,91.36,41.25,88.00,14.26,35.50,36.71,21.86,2.00,1.01,24.00,0.00,41.25,3.52
115.052,3721.50,14.28,3.45,136.00,136.41,43.50,56.36,136.80,91.36,41.25,88.00,14.26,35.50,51.37,21.86,2.00,1.01,24.00,0.00,41.25,3.52
115.200,3721.50,14.28,3.45,136.00,136.41,43.50,56.36,136.80,91.36,41.25,88.00,14.26,35.50,51.37,10.78,2.00,1.01,24.00,0.00,41.25,3.52
115.352,3721.50,14.28,3.45,136.00,136.41,43.50,56.36,136.80,91.36,41.25,88.00,14.26,35.50,51.37,10.78,3.00,1.01,24.00,0.00,41.25,3.52
115.501,3721.50,14.28,3.45,136.00,136.41,43.50,56.36,136.80,91.36,41.25,88.00,14.26,35.50,51.37,10.78,3.00,1.00,24.00,0.00,41.25,3.52
115.652,3721.50,14.28,3.45,136.00,136.41,43.50,56.36,136.80,91.36,41.25,88.00,14.26,35.50,51.37,10.78,3.00,1.00,-12.75,0.00,41.25,3.52
115.801,3721.50,14.28,3.45,136.00,136.41,43.50,56.36,136.80,91.36,41.25,88.00,14.26,35.50,51.37,10.78,3.00,1.00,-12.75,0.00,41.25,3.52
115.952,3721.50,14.28,3.45,136.00,136.41,43.50,56.36,136.80,91.36,41.25,88.00,14.26,35.50,51.37,10.78,3.00,1.00,-12.75,0.00,41.25,3.52
116.100,3721.50,14.28,3.45,136.00,136.41,43.50,56.36,136.80,91.36,41.25,88.00,14.26,35.50,51.37,10.78,3.00,1.00,-12.75,0.00,41.25,0.00
116.251,2651.00,14.28,3.45,136.00,136.41,43.50,56.36,136.80,91.36,41.25,88.00,14.26,35.50,51.37,10.78,3.00,1.00,-12.75,0.00,41.25,0.00
116.400,2651.00,13.51,3.45,136.00,136.41,43.50,56.36,136.80,91.36,41.25,88.00,14.26,35.50,51.37,10.78,3.00,1.00,-12.75,0.00,41.25,0.00
116.552,2651.00,13.51,0.86,136.00,136.41,43.50,56.36,136.80,91.36,41.25,88.00,14.26,35.50,51.37,10.78,3.00,1.00,-12.75,0.00,41.25,0.00
116.701,2651.00,13.51,0.86,52.00,136.41,43.50,56.36,136.80,91.36,41.25,88.00,14.26,35.50,51.37,10.78,3.00,1.00,-12.75,0.00,41.25,0.00
116.851,2651.00,13.51,0.86,52.00,53.16,43.50,56.36,136.80,91.36,41.25,88.00,14.26,35.50,51.37,10.78,3.00,1.00,-12.75,0.00,41.25,0.00
117.001,2651.00,13.51,0.86,52.00,53.16,17.25,56.36,136.80,91.36,41.25,88.00,14.26,35.50,51.37,10.78,3.00,1.00,-12.75,0.00,41.25,0.00
117.152,2651.00,13.51,0.86,52.00,53.16,17.25,58.75,136.80,91.36,41.25,88.00,14.26,35.50,51.37,10.78,3.00,1.00,-12.75,0.00,41.25,0.00
117.301,2651.00,13.51,0.86,52.00,53.16,17.25,58.75,54.20,91.36,41.25,88.00,14.26,35.50,51.37,10.78,3.00,1.00,-12.75,0.00,41.25,0.00
117.452,2651.00,13.51,0.86,52.00,53.16,17.25,58.75,54.20,91.86,41.25,88.00,14.26,35.50,51.37,10.78,3.00,1.00,-12.75,0.00,41.25,0.00
117.601,2651.00,13.51,0.86,52.00,53.16,17.25,58.75,54.20,91.86,41.25,88.00,14.26,35.50,51.37,10.78,3.00,1.00,-12.75,0.00,41.25,0.00
117.752,2651.00,13.51,0.86,52.00,53.16,17.25,58.75,54.20,91.86,41.25,88.00,14.26,35.50,51.37,10.78,3.00,1.00,-12.75,0.00,41.25,0.00
117.901,2651.00,13.51,0.86,52.00,53.16,17.25,58.75,54.20,91.86,41.25,88.00,14.26,35.50,51.37,10.78,3.00,1.00,-12.75,0.00,41.25,0.00
118.081,2651.00,13.51,0.86,52.00,53.16,17.25,58.75,54.20,91.86,41.25,88.00,14.26,35.50,51.37,10.78,3.00,1.00,-12.75,0.00,41.25,0.00
118.231,2651.00,13.51,0.86,52.00,53.16,17.25,58.75,54.20,91.86,41.25,88.00,14.26,35.50,48.58,10.78,3.00,1.00,-12.75,0.00,41.25,0.00
118.381,2651.00,13.51,0.86,52.00,53.16,17.25,58.75,54.20,91.86,41.25,88.00,14.26,35.50,48.58,17.16,3.00,1.00,-12.75,0.00,41.25,0.00
118.530,2651.00,13.51,0.86,52.00,53.16,17.25,58.75,54.20,91.86,41.25,88.00,14.26,35.50,48.58,17.16,3.00,1.00,-12.75,0.00,41.25,0.00
118.681,2651.00,13.51,0.86,52.00,53.16,17.25,58.75,54.20,91.86,41.25,88.00,14.26,35.50,48.58,17.16,3.00,0.99,-12.75,0.00,41.25,0.00
118.831,2651.00,13.51,0.86,52.00,53.16,17.25,58.75,54.20,91.86,41.25,88.00,14.26,35.50,48.58,17.16,3.00,0.99,31.50,0.00,41.25,0.00
118.980,2651.00,13.51,0.86,52.00,53.16,17.25,58.75,54.20,91.86,41.25,88.00,14.26,35.50,48.58,17.16,3.00,0.99,31.50,0.00,41.25,0.00
119.131,2651.00,13.51,0.86,52.00,53.16,17.25,58.75,54.20,91.86,41.25,88.00,14.26,35.50,48.58,17.16,3.00,0.99,31.50,0.00,41.25,0.00
119.281,2651.00,13.51,0.86,52.00,53.16,17.25,58.75,54.20,91.86,41.25,88.00,14.26,35.50,48.58,17.16,3.00,0.99,31.50,0.00,41.25,0.00
119.430,2727.00,13.51,0.86,52.00,53.16,17.25,58.75,54.20,91.86,41.25,88.00,14.26,35.50,48.58,17.16,3.00,0.99,31.50,0.00,41.25,0.00
119.581,2727.00,13.54,0.86,52.00,53.16,17.25,58.75,54.20,91.86,41.25,88.00,14.26,35.50,48.58,17.16,3.00,0.99,31.50,0.00,41.25,0.00
119.731,2727.00,13.54,0.75,52.00,53.16,17.25,58.75,54.20,91.86,41.25,88.00,14.26,35.50,48.58,17.16,3.00,0.99,31.50,0.00,41.25,0.00
119.880,2727.00,13.54,0.75,96.00,53.16,17.25,58.75,54.20,91.86,41.25,88.00,14.26,35.50,48.58,17.16,3.00,0.99,31.50,0.00,41.25,0.00
120.030,2727.00,13.54,0.75,96.00,102.47,17.25,58.75,54.20,91.86,41.25,88.00,14.26,35.50,48.58,17.16,3.00,0.99,31.50,0.00,41.25,0.00
120.180,2727.00,13.54,0.75,96.00,102.47,34.50,58.75,54.20,91.86,41.25,88.00,14.26,35.50,48.58,17.16,3.00,0.99,31.50,0.00,41.25,0.00
120.330,2727.00,13.54,0.75,96.00,102.47,34.50,57.65,54.20,91.86,41.25,88.00,14.26,35.50,48.58,17.16,3.00,0.99,31.50,0.00,41.25,0.00
120.480,2727.00,13.54,0.75,96.00,102.47,34.50,57.65,116.80,91.86,41.25,88.00,14.26,35.50,48.58,17.16,3.00,0.99,31.50,0.00,41.25,0.00
120.630,2727.00,13.54,0.75,96.00,102.47,34.50,57.65,116.80,92.26,41.25,88.00,14.26,35.50,48.58,17.16,3.00,0.99,31.50,0.00,41.25,0.00
120.781,2727.00,13.54,0.75,96.00,102.47,34.50,57.65,116.80,92.26,40.50,88.00,14.26,35.50,48.58,17.16,3.00,0.99,31.50,0.00,41.25,0.00
120.930,2727.00,13.54,0.75,96.00,102.47,34.50,57.65,116.80,92.26,40.50,88.00,14.26,35.50,48.58,17.16,3.00,0.99,31.50,0.00,41.25,0.00
121.080,2727.00,13.54,0.75,96.00,102.47,34.50,57.65,116.80,92.26,40.50,88.00,14.26,35.50,48.58,17.16,3.00,0.99,31.50,0.00,41.25,0.00
121.230,2727.00,13.54,0.75,96.00,102.47,34.50,57.65,116.80,92.26,40.50,88.00,14.26,35.50,48.58,17.16,3.00,0.99,31.50,0.00,41.25,0.00
121.381,2727.00,13.54,0.75,96.00,102.47,34.50,57.65,116.80,92.26,40.50,88.00,14.26,35.50,54.75,17.16,3.00,0.99,31.50,0.00,41.25,0.00
121.530,2727.00,13.54,0.75,96.00,102.47,34.50,57.65,116.80,92.26,40.50,88.00,14.26,35.50,54.75,20.59,3.00,0.99,31.50,0.00,41.25,0.00
121.681,2727.00,13.54,0.75,96.00,102.47,34.50,57.65,116.80,92.26,40.50,88.00,14.26,35.50,54.75,20.59,3.00,0.99,31.50,0.00,41.25,0.00
121.831,2727.00,13.54,0.75,96.00,102.47,34.50,57.65,116.80,92.26,40.50,88.00,14.26,35.50,54.75,20.59,3.00,1.02,31.50,0.00,41.25,0.00
121.981,2727.00,13.54,0.75,96.00,102.47,34.50,57.65,116.80,92.26,40.50,88.00,14.26,35.50,54.75,20.59,3.00,1.02,27.00,0.00,41.25,0.00
122.130,2727.00,13.54,0.75,96.00,102.47,34.50,57.65,116.80,92.26,40.50,88.00,14.26,35.50,54.75,20.59,3.00,1.02,27.00,0.00,41.25,0.00
122.280,2727.00,13.54,0.75,96.00,102.47,34.50,57.65,116.80,92.26,40.50,88.00,14.26,35.50,54.75,20.59,3.00,1.02,27.00,0.00,41.25,0.00
122.430,2727.00,13.54,0.75,96.00,102.47,34.50,57.65,116.80,92.26,40.50,88.00,14.26,35.50,54.75,20.59,3.00,1.02,27.00,0.00,41.25,0.00
122.580,3229.00,13.54,0.75,96.00,102.47,34.50,57.65,116.80,92.26,40.50,88.00,14.26,35.50,54.75,20.59,3.00,1.02,27.00,0.00,41.25,0.00
122.731,3229.00,13.65,0.75,96.00,102.47,34.50,57.65,116.80,92.26,40.50,88.00,14.26,35.50,54.75,20.59,3.00,1.02,27.00,0.00,41.25,0.00
122.880,3229.00,13.65,3.20,96.00,102.47,34.50,57.65,116.80,92.26,40.50,88.00,14.26,35.50,54.75,20.59,3.00,1.02,27.00,0.00,41.25,0.00
123.031,3229.00,13.65,3.20,176.00,102.47,34.50,57.65,116.80,92.26,40.50,88.00,14.26,35.50,54.75,20.59,3.00,1.02,27.00,0.00,41.25,0.00
123.181,3229.00,13.65,3.20,176.00,192.41,34.50,57.65,116.80,92.26,40.50,88.00,14.26,35.50,54.75,20.59,3.00,1.02,27.00,0.00,41.25,0.00
123.330,3229.00,13.65,3.20,176.00,192.41,48.75,57.65,116.80,92.26,40.50,88.00,14.26,35.50,54.75,20.59,3.00,1.02,27.00,0.00,41.25,0.00
123.480,3229.00,13.65,3.20,176.00,192.41,48.75,57.46,116.80,92.26,40.50,88.00,14.26,35.50,54.75,20.59,3.00,1.02,27.00,0.00,41.25,0.00
123.630,3229.00,13.65,3.20,176.00,192.41,48.75,57.46,199.50,92.26,40.50,88.00,14.26,35.50,54.75,20.59,3.00,1.02,27.00,0.00,41.25,0.00
123.781,3229.00,13.65,3.20,176.00,192.41,48.75,57.46,199.50,92.56,40.50,88.00,14.26,35.50,54.75,20.59,3.00,1.02,27.00,0.00,41.25,0.00
123.962,3229.00,13.65,3.20,176.00,192.41,48.75,57.46,199.50,92.56,40.50,88.00,14.26,35.50,54.75,20.59,3.00,1.02,27.00,0.00,41.25,0.00
124.111,3229.00,13.65,3.20,176.00,192.41,48.75,57.46,199.50,92.56,40.50,89.00,14.26,35.50,54.75,20.59,3.00,1.02,27.00,0.00,41.25,0.00
124.261,3229.00,13.65,3.20,176.00,192.41,48.75,57.46,199.50,92.56,40.50,89.00,14.26,35.50,54.75,20.59,3.00,1.02,27.00,0.00,41.25,0.00
124.410,3229.00,13.65,3.20,176.00,192.41,48.75,57.46,199.50,92.56,40.50,89.00,14.26,35.50,54.75,20.59,3.00,1.02,27.00,0.00,41.25,0.00
124.591,3229.00,13.65,3.20,176.00,192.41,48.75,57.46,199.50,92.56,40.50,89.00,14.26,35.50,70.49,20.59,3.00,1.02,27.00,0.00,41.25,0.00
124.740,3229.00,13.65,3.20,176.00,192.41,48.75,57.46,199.50,92.56,40.50,89.00,14.26,35.50,70.49,86.29,3.00,1.02,27.00,0.00,41.25,0.00
124.890,3229.00,13.65,3.20,176.00,192.41,48.75,57.46,199.50,92.56,40.50,89.00,14.26,35.50,70.49,86.29,3.00,1.02,27.00,0.00,41.25,0.00
125.040,3229.00,13.65,3.20,176.00,192.41,48.75,57.46,199.50,92.56,40.50,89.00,14.26,35.50,70.49,86.29,3.00,0.99,27.00,0.00,41.25,0.00
125.191,3229.00,13.65,3.20,176.00,192.41,48.75,57.46,199.50,92.56,40.50,89.00,14.26,35.50,70.49,86.29,3.00,0.99,8.25,0.00,41.25,0.00
125.340,3229.00,13.65,3.20,176.00,192.41,48.75,57.46,199.50,92.56,40.50,89.00,14.26,35.50,70.49,86.29,3.00,0.99,8.25,0.00,41.25,0.00
125.490,3229.00,13.65,3.20,176.00,192.41,48.75,57.46,199.50,92.56,40.50,89.00,14.26,35.50,70.49,86.29,3.00,0.99,8.25,0.00,42.00,0.00
125.640,3229.00,13.65,3.20,176.00,192.41,48.75,57.46,199.50,92.56,40.50,89.00,14.26,35.50,70.49,86.29,3.00,0.99,8.25,0.00,42.00,16.02
125.791,4933.00,13.65,3.20,176.00,192.41,48.75,57.46,199.50,92.56,40.50,89.00,14.26,35.50,70.49,86.29,3.00,0.99,8.25,0.00,42.00,16.02
125.941,4933.00,32.48,3.20,176.00,192.41,48.75,57.46,199.50,92.56,40.50,89.00,14.26,35.50,70.49,86.29,3.00,0.99,8.25,0.00,42.00,16.02
126.091,4933.00,32.48,19.16,176.00,192.41,48.75,57.46,199.50,92.56,40.50,89.00,14.26,35.50,70.49,86.29,3.00,0.99,8.25,0.00,42.00,16.02
126.240,4933.00,32.48,19.16,1020.00,192.41,48.75,57.46,199.50,92.56,40.50,89.00,14.26,35.50,70.49,86.29,3.00,0.99,8.25,0.00,42.00,16.02
126.391,4933.00,32.48,19.16,1020.00,1162.59,48.75,57.46,199.50,92.56,40.50,89.00,14.26,35.50,70.49,86.29,3.00,0.99,8.25,0.00,42.00,16.02
126.540,4933.00,32.48,19.16,1020.00,1162.59,179.25,57.46,199.50,92.56,40.50,89.00,14.26,35.50,70.49,86.29,3.00,0.99,8.25,0.00,42.00,16.02
126.691,4933.00,32.48,19.16,1020.00,1162.59,179.25,73.14,199.50,92.56,40.50,89.00,14.26,35.50,70.49,86.29,3.00,0.99,8.25,0.00,42.00,16.02
126.841,4933.00,32.48,19.16,1020.00,1162.59,179.25,73.14,1217.50,92.56,40.50,89.00,14.26,35.50,70.49,86.29,3.00,0.99,8.25,0.00,42.00,16.02
126.991,4933.00,32.48,19.16,1020.00,1162.59,179.25,73.14,1217.50,93.26,40.50,89.00,14.26,35.50,70.49,86.29,3.00,0.99,8.25,0.00,42.00,16.02
127.140,4933.00,32.48,19.16,1020.00,1162.59,179.25,73.14,1217.50,93.26,40.50,89.00,14.26,35.50,70.49,86.29,3.00,0.99,8.25,0.00,42.00,16.02
127.290,4933.00,32.48,19.16,1020.00,1162.59,179.25,73.14,1217.50,93.26,40.50,91.00,14.26,35.50,70.49,86.29,3.00,0.99,8.25,0.00,42.00,16.02
127.441,4933.00,32.48,19.16,1020.00,1162.59,179.25,73.14,1217.50,93.26,40.50,91.00,14.25,35.50,70.49,86.29,3.00,0.99,8.25,0.00,42.00,16.02
127.590,4933.00,32.48,19.16,1020.00,1162.59,179.25,73.14,1217.50,93.26,40.50,91.00,14.25,35.50,70.49,86.29,3.00,0.99,8.25,0.00,42.00,16.02
127.741,4933.00,32.48,19.16,1020.00,1162.59,179.25,73.14,1217.50,93.26,40.50,91.00,14.25,35.50,104.88,86.29,3.00,0.99,8.25,0.00,42.00,16.02
127.891,4933.00,32.48,19.16,1020.00,1162.59,179.25,73.14,1217.50,93.26,40.50,91.00,14.25,35.50,104.88,16.68,3.00,0.99,8.25,0.00,42.00,16.02
128.040,4933.00,32.48,19.16,1020.00,1162.59,179.25,73.14,1217.50,93.26,40.50,91.00,14.25,35.50,104.88,16.68,3.00,0.99,8.25,0.00,42.00,16.02
128.190,4933.00,32.48,19.16,1020.00,1162.59,179.25,73.14,1217.50,93.26,40.50,91.00,14.25,35.50,104.88,16.68,3.00,0.91,8.25,0.00,42.00,16.02
128.340,4933.00,32.48,19.16,1020.00,1162.59,179.25,73.14,1217.50,93.26,40.50,91.00,14.25,35.50,104.88,16.68,3.00,0.91,3.75,0.00,42.00,16.02
128.490,4933.00,32.48,19.16,1020.00,1162.59,179.25,73.14,1217.50,93.26,40.50,91.00,14.25,35.50,104.88,16.68,3.00,0.91,3.75,1.00,42.00,16.02
128.641,4933.00,32.48,19.16,1020.00,1162.59,179.25,73.14,1217.50,93.26,40.50,91.00,14.25,35.50,104.88,16.68,3.00,0.91,3.75,1.00,43.50,16.02
128.791,4933.00,32.48,19.16,1020.00,1162.59,179.25,73.14,1217.50,93.26,40.50,91.00,14.25,35.50,104.88,16.68,3.00,0.91,3.75,1.00,43.50,0.39
128.941,5231.00,32.48,19.16,1020.00,1162.59,179.25,73.14,1217.50,93.26,40.50,91.00,14.25,35.50,104.88,16.68,3.00,0.91,3.75,1.00,43.50,0.39
129.091,5231.00,13.47,19.16,1020.00,1162.59,179.25,73.14,1217.50,93.26,40.50,91.00,14.25,35.50,104.88,16.68,3.00,0.91,3.75,1.00,43.50,0.39
129.241,5231.00,13.47,2.15,1020.00,1162.59,179.25,73.14,1217.50,93.26,40.50,91.00,14.25,35.50,104.88,16.68,3.00,0.91,3.75,1.00,43.50,0.39
129.390,5231.00,13.47,2.15,140.00,1162.59,179.25,73.14,1217.50,93.26,40.50,91.00,14.25,35.50,104.88,16.68,3.00,0.91,3.75,1.00,43.50,0.39
129.541,5231.00,13.47,2.15,140.00,138.31,179.25,73.14,1217.50,93.26,40.50,91.00,14.25,35.50,104.88,16.68,3.00,0.91,3.75,1.00,43.50,0.39
129.721,5231.00,13.47,2.15,140.00,138.31,24.00,73.14,1217.50,93.26,40.50,91.00,14.25,35.50,104.88,16.68,3.00,0.91,3.75,1.00,43.50,0.39
129.873,5231.00,13.47,2.15,140.00,138.31,24.00,102.74,1217.50,93.26,40.50,91.00,14.25,35.50,104.88,16.68,3.00,0.91,3.75,1.00,43.50,0.39
130.021,5231.00,13.47,2.15,140.00,138.31,24.00,102.74,133.00,93.26,40.50,91.00,14.25,35.50,104.88,16.68,3.00,0.91,3.75,1.00,43.50,0.39
130.173,5231.00,13.47,2.15,140.00,138.31,24.00,102.74,133.00,96.36,40.50,91.00,14.25,35.50,104.88,16.68,3.00,0.91,3.75,1.00,43.50,0.39
130.320,5231.00,13.47,2.15,140.00,138.31,24.00,102.74,133.00,96.36,40.50,91.00,14.25,35.50,104.88,16.68,3.00,0.91,3.75,1.00,43.50,0.39
130.473,5231.00,13.47,2.15,140.00,138.31,24.00,102.74,133.00,96.36,40.50,92.00,14.25,35.50,104.88,16.68,3.00,0.91,3.75,1.00,43.50,0.39
130.620,5231.00,13.47,2.15,140.00,138.31,24.00,102.74,133.00,96.36,40.50,92.00,14.25,35.50,104.88,16.68,3.00,0.91,3.75,1.00,43.50,0.39
130.773,5231.00,13.47,2.15,140.00,138.31,24.00,102.74,133.00,96.36,40.50,92.00,14.25,35.50,104.88,16.68,3.00,0.91,3.75,1.00,43.50,0.39
130.920,5231.00,13.47,2.15,140.00,138.31,24.00,102.74,133.00,96.36,40.50,92.00,14.25,35.50,80.30,16.68,3.00,0.91,3.75,1.00,43.50,0.39
131.073,5231.00,13.47,2.15,140.00,138.31,24.00,102.74,133.00,96.36,40.50,92.00,14.25,35.50,80.30,18.77,3.00,0.91,3.75,1.00,43.50,0.39
131.220,5231.00,13.47,2.15,140.00,138.31,24.00,102.74,133.00,96.36,40.50,92.00,14.25,35.50,80.30,18.77,3.00,0.91,3.75,1.00,43.50,0.39
131.371,5231.00,13.47,2.15,140.00,138.31,24.00,102.74,133.00,96.36,40.50,92.00,14.25,35.50,80.30,18.77,3.00,16.00,3.75,1.00,43.50,0.39
131.521,5231.00,13.47,2.15,140.00,138.31,24.00,102.74,133.00,96.36,40.50,92.00,14.25,35.50,80.30,18.77,3.00,16.00,-6.75,1.00,43.50,0.39
131.673,5231.00,13.47,2.15,140.00,138.31,24.00,102.74,133.00,96.36,40.50,92.00,14.25,35.50,80.30,18.77,3.00,16.00,-6.75,1.00,43.50,0.39
131.820,5231.00,13.47,2.15,140.00,138.31,24.00,102.74,133.00,96.36,40.50,92.00,14.25,35.50,80.30,18.77,3.00,16.00,-6.75,1.00,42.75,0.39
131.972,5231.00,13.47,2.15,140.00,138.31,24.00,102.74,133.00,96.36,40.50,92.00,14.25,35.50,80.30,18.77,3.00,16.00,-6.75,1.00,42.75,0.39
132.152,3853.00,13.47,2.15,140.00,138.31,24.00,102.74,133.00,96.36,40.50,92.00,14.25,35.50,80.30,18.77,3.00,16.00,-6.75,1.00,42.75,0.39
132.301,3853.00,13.52,2.15,140.00,138.31,24.00,102.74,133.00,96.36,40.50,92.00,14.25,35.50,80.30,18.77,3.00,16.00,-6.75,1.00,42.75,0.39
132.452,3853.00,13.52,1.49,140.00,138.31,24.00,102.74,133.00,96.36,40.50,92.00,14.25,35.50,80.30,18.77,3.00,16.00,-6.75,1.00,42.75,0.39
132.600,3853.00,13.52,1.49,104.00,138.31,24.00,102.74,133.00,96.36,40.50,92.00,14.25,35.50,80.30,18.77,3.00,16.00,-6.75,1.00,42.75,0.39
132.752,3853.00,13.52,1.49,104.00,104.06,24.00,102.74,133.00,96.36,40.50,92.00,14.25,35.50,80.30,18.77,3.00,16.00,-6.75,1.00,42.75,0.39
132.903,3853.00,13.52,1.49,104.00,104.06,24.00,102.74,133.00,96.36,40.50,92.00,14.25,35.50,80.30,18.77,3.00,16.00,-6.75,1.00,42.75,0.39
133.052,3853.00,13.52,1.49,104.00,104.06,24.00,91.14,133.00,96.36,40.50,92.00,14.25,35.50,80.30,18.77,3.00,16.00,-6.75,1.00,42.75,0.39
133.200,3853.00,13.52,1.49,104.00,104.06,24.00,91.14,101.30,96.36,40.50,92.00,14.25,35.50,80.30,18.77,3.00,16.00,-6.75,1.00,42.75,0.39
133.350,3853.00,13.52,1.49,104.00,104.06,24.00,91.14,101.30,96.96,40.50,92.00,14.25,35.50,80.30,18.77,3.00,16.00,-6.75,1.00,42.75,0.39
133.500,3853.00,13.52,1.49,104.00,104.06,24.00,91.14,101.30,96.96,46.50,92.00,14.25,35.50,80.30,18.77,3.00,16.00,-6.75,1.00,42.75,0.39
133.652,3853.00,13.52,1.49,104.00,104.06,24.00,91.14,101.30,96.96,46.50,92.00,14.25,35.50,80.30,18.77,3.00,16.00,-6.75,1.00,42.75,0.39
133.801,3853.00,13.52,1.49,104.00,104.06,24.00,91.14,101.30,96.96,46.50,92.00,14.25,35.50,80.30,18.77,3.00,16.00,-6.75,1.00,42.75,0.39
133.952,3853.00,13.52,1.49,104.00,104.06,24.00,91.14,101.30,96.96,46.50,92.00,14.25,35.50,80.30,18.77,3.00,16.00,-6.75,1.00,42.75,0.39
134.100,3853.00,13.52,1.49,104.00,104.06,24.00,91.14,101.30,96.96,46.50,92.00,14.25,35.50,63.05,18.77,3.00,16.00,-6.75,1.00,42.75,0.39
134.252,3853.00,13.52,1.49,104.00,104.06,24.00,91.14,101.30,96.96,46.50,92.00,14.25,35.50,63.05,17.43,3.00,16.00,-6.75,1.00,42.75,0.39
134.400,3853.00,13.52,1.49,104.00,104.06,24.00,91.14,101.30,96.96,46.50,92.00,14.25,35.50,63.05,17.43,3.00,16.00,-6.75,1.00,42.75,0.39
134.552,3853.00,13.52,1.49,104.00,104.06,24.00,91.14,101.30,96.96,46.50,92.00,14.25,35.50,63.05,17.43,3.00,16.00,-6.75,1.00,42.75,0.39
134.701,3853.00,13.52,1.49,104.00,104.06,24.00,91.14,101.30,96.96,46.50,92.00,14.25,35.50,63.05,17.43,3.00,16.00,-10.50,1.00,42.75,0.39
134.852,3853.00,13.52,1.49,104.00,104.06,24.00,91.14,101.30,96.96,46.50,92.00,14.25,35.50,63.05,17.43,3.00,16.00,-10.50,1.00,42.75,0.39
135.003,3853.00,13.52,1.49,104.00,104.06,24.00,91.14,101.30,96.96,46.50,92.00,14.25,35.50,63.05,17.43,3.00,16.00,-10.50,1.00,42.75,0.39
135.152,3853.00,13.52,1.49,104.00,104.06,24.00,91.14,101.30,96.96,46.50,92.00,14.25,35.50,63.05,17.43,3.00,16.00,-10.50,1.00,42.75,0.39
135.300,3200.00,13.52,1.49,104.00,104.06,24.00,91.14,101.30,96.96,46.50,92.00,14.25,35.50,63.05,17.43,3.00,16.00,-10.50,1.00,42.75,0.39
135.451,3200.00,13.54,1.49,104.00,104.06,24.00,91.14,101.30,96.96,46.50,92.00,14.25,35.50,63.05,17.43,3.00,16.00,-10.50,1.00,42.75,0.39
135.600,3200.00,13.54,1.13,104.00,104.06,24.00,91.14,101.30,96.96,46.50,92.00,14.25,35.50,63.05,17.43,3.00,16.00,-10.50,1.00,42.75,0.39
135.752,3200.00,13.54,1.13,88.00,104.06,24.00,91.14,101.30,96.96,46.50,92.00,14.25,35.50,63.05,17.43,3.00,16.00,-10.50,1.00,42.75,0.39
135.901,3200.00,13.54,1.13,88.00,87.72,24.00,91.14,101.30,96.96,46.50,92.00,14.25,35.50,63.05,17.43,3.00,16.00,-10.50,1.00,42.75,0.39
136.052,3200.00,13.54,1.13,88.00,87.72,24.00,91.14,101.30,96.96,46.50,92.00,14.25,35.50,63.05,17.43,3.00,16.00,-10.50,1.00,42.75,0.39
136.200,3200.00,13.54,1.13,88.00,87.72,24.00,81.86,101.30,96.96,46.50,92.00,14.25,35.50,63.05,17.43,3.00,16.00,-10.50,1.00,42.75,0.39
136.352,3200.00,13.54,1.13,88.00,87.72,24.00,81.86,85.80,96.96,46.50,92.00,14.25,35.50,63.05,17.43,3.00,16.00,-10.50,1.00,42.75,0.39
136.501,3200.00,13.54,1.13,88.00,87.72,24.00,81.86,85.80,91.06,46.50,92.00,14.25,35.50,63.05,17.43,3.00,16.00,-10.50,1.00,42.75,0.39
136.651,3200.00,13.54,1.13,88.00,87.72,24.00,81.86,85.80,91.06,60.75,92.00,14.25,35.50,63.05,17.43,3.00,16.00,-10.50,1.00,42.75,0.39
136.800,3200.00,13.54,1.13,88.00,87.72,24.00,81.86,85.80,91.06,60.75,92.00,14.25,35.50,63.05,17.43,3.00,16.00,-10.50,1.00,42.75,0.39
136.952,3200.00,13.54,1.13,88.00,87.72,24.00,81.86,85.80,91.06,60.75,92.00,14.25,35.50,63.05,17.43,3.00,16.00,-10.50,1.00,42.75,0.39
137.100,3200.00,13.54,1.13,88.00,87.72,24.00,81.86,85.80,91.06,60.75,92.00,14.25,35.50,63.05,17.43,3.00,16.00,-10.50,1.00,42.75,0.39
137.281,3200.00,13.54,1.13,88.00,87.72,24.00,81.86,85.80,91.06,60.75,92.00,14.25,35.50,56.50,17.43,3.00,16.00,-10.50,1.00,42.75,0.39
137.430,3200.00,13.54,1.13,88.00,87.72,24.00,81.86,85.80,91.06,60.75,92.00,14.25,35.50,56.50,15.68,3.00,16.00,-10.50,1.00,42.75,0.39
137.581,3200.00,13.54,1.13,88.00,87.72,24.00,81.86,85.80,91.06,60.75,92.00,14.25,35.50,56.50,15.68,3.00,16.00,-10.50,1.00,42.75,0.39
137.731,3200.00,13.54,1.13,88.00,87.72,24.00,81.86,85.80,91.06,60.75,92.00,14.25,35.50,56.50,15.68,3.00,0.89,-10.50,1.00,42.75,0.39
137.881,3200.00,13.54,1.13,88.00,87.72,24.00,81.86,85.80,91.06,60.75,92.00,14.25,35.50,56.50,15.68,3.00,0.89,32.25,1.00,42.75,0.39
138.030,3200.00,13.54,1.13,88.00,87.72,24.00,81.86,85.80,91.06,60.75,92.00,14.25,35.50,56.50,15.68,3.00,0.89,32.25,0.00,42.75,0.39
138.180,3200.00,13.54,1.13,88.00,87.72,24.00,81.86,85.80,91.06,60.75,92.00,14.25,35.50,56.50,15.68,3.00,0.89,32.25,0.00,42.75,0.39
138.330,3200.00,13.54,1.13,88.00,87.72,24.00,81.86,85.80,91.06,60.75,92.00,14.25,35.50,56.50,15.68,3.00,0.89,32.25,0.00,42.75,0.39
138.480,3219.50,13.54,1.13,88.00,87.72,24.00,81.86,85.80,91.06,60.75,92.00,14.25,35.50,56.50,15.68,3.00,0.89,32.25,0.00,42.75,0.39
138.630,3219.50,13.62,1.13,88.00,87.72,24.00,81.86,85.80,91.06,60.75,92.00,14.25,35.50,56.50,15.68,3.00,0.89,32.25,0.00,42.75,0.39
138.781,3219.50,13.62,1.92,88.00,87.72,24.00,81.86,85.80,91.06,60.75,92.00,14.25,35.50,56.50,15.68,3.00,0.89,32.25,0.00,42.75,0.39
138.930,3219.50,13.62,1.92,164.00,87.72,24.00,81.86,85.80,91.06,60.75,92.00,14.25,35.50,56.50,15.68,3.00,0.89,32.25,0.00,42.75,0.39
139.080,3219.50,13.62,1.92,164.00,166.69,24.00,81.86,85.80,91.06,60.75,92.00,14.25,35.50,56.50,15.68,3.00,0.89,32.25,0.00,42.75,0.39
139.231,3219.50,13.62,1.92,164.00,166.69,43.50,81.86,85.80,91.06,60.75,92.00,14.25,35.50,56.50,15.68,3.00,0.89,32.25,0.00,42.75,0.39
139.381,3219.50,13.62,1.92,164.00,166.69,43.50,75.04,85.80,91.06,60.75,92.00,14.25,35.50,56.50,15.68,3.00,0.89,32.25,0.00,42.75,0.39
139.531,3219.50,13.62,1.92,164.00,166.69,43.50,75.04,173.50,91.06,60.75,92.00,14.25,35.50,56.50,15.68,3.00,0.89,32.25,0.00,42.75,0.39
139.681,3219.50,13.62,1.92,164.00,166.69,43.50,75.04,173.50,88.26,60.75,92.00,14.25,35.50,56.50,15.68,3.00,0.89,32.25,0.00,42.75,0.39
139.831,3219.50,13.62,1.92,164.00,166.69,43.50,75.04,173.50,88.26,63.00,92.00,14.25,35.50,56.50,15.68,3.00,0.89,32.25,0.00,42.75,0.39
139.980,3219.50,13.62,1.92,164.00,166.69,43.50,75.04,173.50,88.26,63.00,92.00,14.25,35.50,56.50,15.68,3.00,0.89,32.25,0.00,42.75,0.39
140.130,3219.50,13.62,1.92,164.00,166.69,43.50,75.04,173.50,88.26,63.00,92.00,14.25,35.50,56.50,15.68,3.00,0.89,32.25,0.00,42.75,0.39
140.280,3219.50,13.62,1.92,164.00,166.69,43.50,75.04,173.50,88.26,63.00,92.00,14.25,35.50,56.50,15.68,3.00,0.89,32.25,0.00,42.75,0.39
140.431,3219.50,13.62,1.92,164.00,166.69,43.50,75.04,173.50,88.26,63.00,92.00,14.25,35.50,66.23,15.68,3.00,0.89,32.25,0.00,42.75,0.39
140.581,3219.50,13.62,1.92,164.00,166.69,43.50,75.04,173.50,88.26,63.00,92.00,14.25,35.50,66.23,27.74,3.00,0.89,32.25,0.00,42.75,0.39
140.730,3219.50,13.62,1.92,164.00,166.69,43.50,75.04,173.50,88.26,63.00,92.00,14.25,35.50,66.23,27.74,3.00,0.89,32.25,0.00,42.75,0.39
140.880,3219.50,13.62,1.92,164.00,166.69,43.50,75.04,173.50,88.26,63.00,92.00,14.25,35.50,66.23,27.74,3.00,1.04,32.25,0.00,42.75,0.39
141.031,3219.50,13.62,1.92,164.00,166.69,43.50,75.04,173.50,88.26,63.00,92.00,14.25,35.50,66.23,27.74,3.00,1.04,14.25,0.00,42.75,0.39
141.180,3219.50,13.62,1.92,164.00,166.69,43.50,75.04,173.50,88.26,63.00,92.00,14.25,35.50,66.23,27.74,3.00,1.04,14.25,0.00,42.75,0.39
141.331,3219.50,13.62,1.92,164.00,166.69,43.50,75.04,173.50,88.26,63.00,92.00,14.25,35.50,66.23,27.74,3.00,1.04,14.25,0.00,43.50,0.39
141.481,3219.50,13.62,1.92,164.00,166.69,43.50,75.04,173.50,88.26,63.00,92.00,14.25,35.50,66.23,27.74,3.00,1.04,14.25,0.00,43.50,17.58
141.631,4343.50,13.62,1.92,164.00,166.69,43.50,75.04,173.50,88.26,63.00,92.00,14.25,35.50,66.23,27.74,3.00,1.04,14.25,0.00,43.50,17.58
141.781,4343.50,20.46,1.92,164.00,166.69,43.50,75.04,173.50,88.26,63.00,92.00,14.25,35.50,66.23,27.74,3.00,1.04,14.25,0.00,43.50,17.58
141.931,4343.50,20.46,7.33,164.00,166.69,43.50,75.04,173.50,88.26,63.00,92.00,14.25,35.50,66.23,27.74,3.00,1.04,14.25,0.00,43.50,17.58
142.081,4343.50,20.46,7.33,668.00,166.69,43.50,75.04,173.50,88.26,63.00,92.00,14.25,35.50,66.23,27.74,3.00,1.04,14.25,0.00,43.50,17.58
142.231,4343.50,20.46,7.33,668.00,946.78,43.50,75.04,173.50,88.26,63.00,92.00,14.25,35.50,66.23,27.74,3.00,1.04,14.25,0.00,43.50,17.58
142.381,4343.50,20.46,7.33,668.00,946.78,142.50,75.04,173.50,88.26,63.00,92.00,14.25,35.50,66.23,27.74,3.00,1.04,14.25,0.00,43.50,17.58
142.531,4343.50,20.46,7.33,668.00,946.78,142.50,75.34,173.50,88.26,63.00,92.00,14.25,35.50,66.23,27.74,3.00,1.04,14.25,0.00,43.50,17.58
142.680,4343.50,20.46,7.33,668.00,946.78,142.50,75.34,962.10,88.26,63.00,92.00,14.25,35.50,66.23,27.74,3.00,1.04,14.25,0.00,43.50,17.58
142.831,4343.50,20.46,7.33,668.00,946.78,142.50,75.34,962.10,89.36,63.00,92.00,14.25,35.50,66.23,27.74,3.00,1.04,14.25,0.00,43.50,17.58
142.981,4343.50,20.46,7.33,668.00,946.78,142.50,75.34,962.10,89.36,62.25,92.00,14.25,35.50,66.23,27.74,3.00,1.04,14.25,0.00,43.50,17.58
143.131,4343.50,20.46,7.33,668.00,946.78,142.50,75.34,962.10,89.36,62.25,93.00,14.25,35.50,66.23,27.74,3.00,1.04,14.25,0.00,43.50,17.58
143.281,4343.50,20.46,7.33,668.00,946.78,142.50,75.34,962.10,89.36,62.25,93.00,14.25,35.50,66.23,27.74,3.00,1.04,14.25,0.00,43.50,17.58
143.431,4343.50,20.46,7.33,668.00,946.78,142.50,75.34,962.10,89.36,62.25,93.00,14.25,35.50,66.23,27.74,3.00,1.04,14.25,0.00,43.50,17.58
143.580,4343.50,20.46,7.33,668.00,946.78,142.50,75.34,962.10,89.36,62.25,93.00,14.25,35.50,105.17,27.74,3.00,1.04,14.25,0.00,43.50,17.58
143.731,4343.50,20.46,7.33,668.00,946.78,142.50,75.34,962.10,89.36,62.25,93.00,14.25,35.50,105.17,9.01,3.00,1.04,14.25,0.00,43.50,17.58
143.880,4343.50,20.46,7.33,668.00,946.78,142.50,75.34,962.10,89.36,62.25,93.00,14.25,35.50,105.17,9.01,3.00,1.04,14.25,0.00,43.50,17.58
144.031,4343.50,20.46,7.33,668.00,946.78,142.50,75.34,962.10,89.36,62.25,93.00,14.25,35.50,105.17,9.01,3.00,0.88,14.25,0.00,43.50,17.58
144.181,4343.50,20.46,7.33,668.00,946.78,142.50,75.34,962.10,89.36,62.25,93.00,14.25,35.50,105.17,9.01,3.00,0.88,-13.50,0.00,43.50,17.58
144.331,4343.50,20.46,7.33,668.00,946.78,142.50,75.34,962.10,89.36,62.25,93.00,14.25,35.50,105.17,9.01,3.00,0.88,-13.50,0.00,43.50,17.58
144.481,4343.50,20.46,7.33,668.00,946.78,142.50,75.34,962.10,89.36,62.25,93.00,14.25,35.50,105.17,9.01,3.00,0.88,-13.50,0.00,44.25,17.58
144.631,4343.50,20.46,7.33,668.00,946.78,142.50,75.34,962.10,89.36,62.25,93.00,14.25,35.50,105.17,9.01,3.00,0.88,-13.50,0.00,44.25,33.20
144.781,5456.50,20.46,7.33,668.00,946.78,142.50,75.34,962.10,89.36,62.25,93.00,14.25,35.50,105.17,9.01,3.00,0.88,-13.50,0.00,44.25,33.20
144.963,5456.50,13.35,7.33,668.00,946.78,142.50,75.34,962.10,89.36,62.25,93.00,14.25,35.50,105.17,9.01,3.00,0.88,-13.50,0.00,44.25,33.20
145.111,5456.50,13.35,2.98,668.00,946.78,142.50,75.34,962.10,89.36,62.25,93.00,14.25,35.50,105.17,9.01,3.00,0.88,-13.50,0.00,44.25,33.20
145.263,5456.50,13.35,2.98,132.00,946.78,142.50,75.34,962.10,89.36,62.25,93.00,14.25,35.50,105.17,9.01,3.00,0.88,-13.50,0.00,44.25,33.20
145.411,5456.50,13.35,2.98,132.00,157.59,142.50,75.34,962.10,89.36,62.25,93.00,14.25,35.50,105.17,9.01,3.00,0.88,-13.50,0.00,44.25,33.20
145.563,5456.50,13.35,2.98,132.00,157.59,49.50,75.34,962.10,89.36,62.25,93.00,14.25,35.50,105.17,9.01,3.00,0.88,-13.50,0.00,44.25,33.20
145.711,5456.50,13.35,2.98,132.00,157.59,49.50,103.84,962.10,89.36,62.25,93.00,14.25,35.50,105.17,9.01,3.00,0.88,-13.50,0.00,44.25,33.20
145.862,5456.50,13.35,2.98,132.00,157.59,49.50,103.84,355.80,89.36,62.25,93.00,14.25,35.50,105.17,9.01,3.00,0.88,-13.50,0.00,44.25,33.20
146.011,5456.50,13.35,2.98,132.00,157.59,49.50,103.84,355.80,91.86,62.25,93.00,14.25,35.50,105.17,9.01,3.00,0.88,-13.50,0.00,44.25,33.20
146.163,5456.50,13.35,2.98,132.00,157.59,49.50,103.84,355.80,91.86,70.50,93.00,14.25,35.50,105.17,9.01,3.00,0.88,-13.50,0.00,44.25,33.20
146.310,5456.50,13.35,2.98,132.00,157.59,49.50,103.84,355.80,91.86,70.50,94.00,14.25,35.50,105.17,9.01,3.00,0.88,-13.50,0.00,44.25,33.20
146.462,5456.50,13.35,2.98,132.00,157.59,49.50,103.84,355.80,91.86,70.50,94.00,14.25,35.50,105.17,9.01,3.00,0.88,-13.50,0.00,44.25,33.20
146.610,5456.50,13.35,2.98,132.00,157.59,49.50,103.84,355.80,91.86,70.50,94.00,14.25,35.50,105.17,9.01,3.00,0.88,-13.50,0.00,44.25,33.20
146.761,5456.50,13.35,2.98,132.00,157.59,49.50,103.84,355.80,91.86,70.50,94.00,14.25,35.50,104.46,9.01,3.00,0.88,-13.50,0.00,44.25,33.20
146.911,5456.50,13.35,2.98,132.00,157.59,49.50,103.84,355.80,91.86,70.50,94.00,14.25,35.50,104.46,28.13,3.00,0.88,-13.50,0.00,44.25,33.20
147.062,5456.50,13.35,2.98,132.00,157.59,49.50,103.84,355.80,91.86,70.50,94.00,14.25,35.50,104.46,28.13,4.00,0.88,-13.50,0.00,44.25,33.20
147.210,5456.50,13.35,2.98,132.00,157.59,49.50,103.84,355.80,91.86,70.50,94.00,14.25,35.50,104.46,28.13,4.00,1.01,-13.50,0.00,44.25,33.20
147.360,5456.50,13.35,2.98,132.00,157.59,49.50,103.84,355.80,91.86,70.50,94.00,14.25,35.50,104.46,28.13,4.00,1.01,18.00,0.00,44.25,33.20
147.510,5456.50,13.35,2.98,132.00,157.59,49.50,103.84,355.80,91.86,70.50,94.00,14.25,35.50,104.46,28.13,4.00,1.01,18.00,0.00,44.25,33.20
147.663,5456.50,13.35,2.98,132.00,157.59,49.50,103.84,355.80,91.86,70.50,94.00,14.25,35.50,104.46,28.13,4.00,1.01,18.00,0.00,45.00,33.20
147.810,5456.50,13.35,2.98,132.00,157.59,49.50,103.84,355.80,91.86,70.50,94.00,14.25,35.50,104.46,28.13,4.00,1.01,18.00,0.00,45.00,14.84
147.963,4778.50,13.35,2.98,132.00,157.59,49.50,103.84,355.80,91.86,70.50,94.00,14.25,35.50,104.46,28.13,4.00,1.01,18.00,0.00,45.00,14.84
148.111,4778.50,13.93,2.98,132.00,157.59,49.50,103.84,355.80,91.86,70.50,94.00,14.25,35.50,104.46,28.13,4.00,1.01,18.00,0.00,45.00,14.84
148.263,4778.50,13.93,5.53,132.00,157.59,49.50,103.84,355.80,91.86,70.50,94.00,14.25,35.50,104.46,28.13,4.00,1.01,18.00,0.00,45.00,14.84
148.411,4778.50,13.93,5.53,348.00,157.59,49.50,103.84,355.80,91.86,70.50,94.00,14.25,35.50,104.46,28.13,4.00,1.01,18.00,0.00,45.00,14.84
148.563,4778.50,13.93,5.53,348.00,346.84,49.50,103.84,355.80,91.86,70.50,94.00,14.25,35.50,104.46,28.13,4.00,1.01,18.00,0.00,45.00,14.84
148.711,4778.50,13.93,5.53,348.00,346.84,60.75,103.84,355.80,91.86,70.50,94.00,14.25,35.50,104.46,28.13,4.00,1.01,18.00,0.00,45.00,14.84
148.863,4778.50,13.93,5.53,348.00,346.84,60.75,98.76,355.80,91.86,70.50,94.00,14.25,35.50,104.46,28.13,4.00,1.01,18.00,0.00,45.00,14.84
149.010,4778.50,13.93,5.53,348.00,346.84,60.75,98.76,280.40,91.86,70.50,94.00,14.25,35.50,104.46,28.13,4.00,1.01,18.00,0.00,45.00,14.84
149.163,4778.50,13.93,5.53,348.00,346.84,60.75,98.76,280.40,88.06,70.50,94.00,14.25,35.50,104.46,28.13,4.00,1.01,18.00,0.00,45.00,14.84
149.311,4778.50,13.93,5.53,348.00,346.84,60.75,98.76,280.40,88.06,80.25,94.00,14.25,35.50,104.46,28.13,4.00,1.01,18.00,0.00,45.00,14.84
149.463,4778.50,13.93,5.53,348.00,346.84,60.75,98.76,280.40,88.06,80.25,95.00,14.25,35.50,104.46,28.13,4.00,1.01,18.00,0.00,45.00,14.84
149.611,4778.50,13.93,5.53,348.00,346.84,60.75,98.76,280.40,88.06,80.25,95.00,14.25,35.50,104.46,28.13,4.00,1.01,18.00,0.00,45.00,14.84
149.763,4778.50,13.93,5.53,348.00,346.84,60.75,98.76,280.40,88.06,80.25,95.00,14.25,36.00,104.46,28.13,4.00,1.01,18.00,0.00,45.00,14.84
149.911,4778.50,13.93,5.53,348.00,346.84,60.75,98.76,280.40,88.06,80.25,95.00,14.25,36.00,113.42,28.13,4.00,1.01,18.00,0.00,45.00,14.84
150.063,4778.50,13.93,5.53,348.00,346.84,60.75,98.76,280.40,88.06,80.25,95.00,14.25,36.00,113.42,13.38,4.00,1.01,18.00,0.00,45.00,14.84
150.211,4778.50,13.93,5.53,348.00,346.84,60.75,98.76,280.40,88.06,80.25,95.00,14.25,36.00,113.42,13.38,5.00,1.01,18.00,0.00,45.00,14.84
150.363,4778.50,13.93,5.53,348.00,346.84,60.75,98.76,280.40,88.06,80.25,95.00,14.25,36.00,113.42,13.38,5.00,0.99,18.00,0.00,45.00,14.84
150.511,4778.50,13.93,5.53,348.00,346.84,60.75,98.76,280.40,88.06,80.25,95.00,14.25,36.00,113.42,13.38,5.00,0.99,30.75,0.00,45.00,14.84
150.661,4778.50,13.93,5.53,348.00,346.84,60.75,98.76,280.40,88.06,80.25,95.00,14.25,36.00,113.42,13.38,5.00,0.99,30.75,0.00,45.00,14.84
150.811,4778.50,13.93,5.53,348.00,346.84,60.75,98.76,280.40,88.06,80.25,95.00,14.25,36.00,113.42,13.38,5.00,0.99,30.75,0.00,44.25,14.84
150.963,4778.50,13.93,5.53,348.00,346.84,60.75,98.76,280.40,88.06,80.25,95.00,14.25,36.00,113.42,13.38,5.00,0.99,30.75,0.00,44.25,0.78
151.111,3729.50,13.93,5.53,348.00,346.84,60.75,98.76,280.40,88.06,80.25,95.00,14.25,36.00,113.42,13.38,5.00,0.99,30.75,0.00,44.25,0.78
151.263,3729.50,13.89,5.53,348.00,346.84,60.75,98.76,280.40,88.06,80.25,95.00,14.25,36.00,113.42,13.38,5.00,0.99,30.75,0.00,44.25,0.78
151.411,3729.50,13.89,3.59,348.00,346.84,60.75,98.76,280.40,88.06,80.25,95.00,14.25,36.00,113.42,13.38,5.00,0.99,30.75,0.00,44.25,0.78
151.561,3729.50,13.89,3.59,152.00,346.84,60.75,98.76,280.40,88.06,80.25,95.00,14.25,36.00,113.42,13.38,5.00,0.99,30.75,0.00,44.25,0.78
151.711,3729.50,13.89,3.59,152.00,175.78,60.75,98.76,280.40,88.06,80.25,95.00,14.25,36.00,113.42,13.38,5.00,0.99,30.75,0.00,44.25,0.78
151.863,3729.50,13.89,3.59,152.00,175.78,51.00,98.76,280.40,88.06,80.25,95.00,14.25,36.00,113.42,13.38,5.00,0.99,30.75,0.00,44.25,0.78
152.011,3729.50,13.89,3.59,152.00,175.78,51.00,92.64,280.40,88.06,80.25,95.00,14.25,36.00,113.42,13.38,5.00,0.99,30.75,0.00,44.25,0.78
152.161,3729.50,13.89,3.59,152.00,175.78,51.00,92.64,175.60,88.06,80.25,95.00,14.25,36.00,113.42,13.38,5.00,0.99,30.75,0.00,44.25,0.78
152.311,3729.50,13.89,3.59,152.00,175.78,51.00,92.64,175.60,87.56,80.25,95.00,14.25,36.00,113.42,13.38,5.00,0.99,30.75,0.00,44.25,0.78
152.462,3729.50,13.89,3.59,152.00,175.78,51.00,92.64,175.60,87.56,79.50,95.00,14.25,36.00,113.42,13.38,5.00,0.99,30.75,0.00,44.25,0.78
152.641,3729.50,13.89,3.59,152.00,175.78,51.00,92.64,175.60,87.56,79.50,95.00,14.25,36.00,113.42,13.38,5.00,0.99,30.75,0.00,44.25,0.78
152.791,3729.50,13.89,3.59,152.00,175.78,51.00,92.64,175.60,87.56,79.50,95.00,14.25,36.00,113.42,13.38,5.00,0.99,30.75,0.00,44.25,0.78
152.940,3729.50,13.89,3.59,152.00,175.78,51.00,92.64,175.60,87.56,79.50,95.00,14.25,36.00,113.42,13.38,5.00,0.99,30.75,0.00,44.25,0.78
153.091,3729.50,13.89,3.59,152.00,175.78,51.00,92.64,175.60,87.56,79.50,95.00,14.25,36.00,115.76,13.38,5.00,0.99,30.75,0.00,44.25,0.78
153.241,3729.50,13.89,3.59,152.00,175.78,51.00,92.64,175.60,87.56,79.50,95.00,14.25,36.00,115.76,11.72,5.00,0.99,30.75,0.00,44.25,0.78
153.391,3729.50,13.89,3.59,152.00,175.78,51.00,92.64,175.60,87.56,79.50,95.00,14.25,36.00,115.76,11.72,6.00,0.99,30.75,0.00,44.25,0.78
153.541,3729.50,13.89,3.59,152.00,175.78,51.00,92.64,175.60,87.56,79.50,95.00,14.25,36.00,115.76,11.72,6.00,0.93,30.75,0.00,44.25,0.78
153.691,3729.50,13.89,3.59,152.00,175.78,51.00,92.64,175.60,87.56,79.50,95.00,14.25,36.00,115.76,11.72,6.00,0.93,-12.00,0.00,44.25,0.78
153.841,3729.50,13.89,3.59,152.00,175.78,51.00,92.64,175.60,87.56,79.50,95.00,14.25,36.00,115.76,11.72,6.00,0.93,-12.00,0.00,44.25,0.78
153.990,3729.50,13.89,3.59,152.00,175.78,51.00,92.64,175.60,87.56,79.50,95.00,14.25,36.00,115.76,11.72,6.00,0.93,-12.00,0.00,44.25,0.78
154.141,3729.50,13.89,3.59,152.00,175.78,51.00,92.64,175.60,87.56,79.50,95.00,14.25,36.00,115.76,11.72,6.00,0.93,-12.00,0.00,44.25,0.00
154.290,2345.50,13.89,3.59,152.00,175.78,51.00,92.64,175.60,87.56,79.50,95.00,14.25,36.00,115.76,11.72,6.00,0.93,-12.00,0.00,44.25,0.00
154.441,2345.50,13.50,3.59,152.00,175.78,51.00,92.64,175.60,87.56,79.50,95.00,14.25,36.00,115.76,11.72,6.00,0.93,-12.00,0.00,44.25,0.00
154.591,2345.50,13.50,1.06,152.00,175.78,51.00,92.64,175.60,87.56,79.50,95.00,14.25,36.00,115.76,11.72,6.00,0.93,-12.00,0.00,44.25,0.00
154.741,2345.50,13.50,1.06,44.00,175.78,51.00,92.64,175.60,87.56,79.50,95.00,14.25,36.00,115.76,11.72,6.00,0.93,-12.00,0.00,44.25,0.00
154.891,2345.50,13.50,1.06,44.00,55.09,51.00,92.64,175.60,87.56,79.50,95.00,14.25,36.00,115.76,11.72,6.00,0.93,-12.00,0.00,44.25,0.00
155.041,2345.50,13.50,1.06,44.00,55.09,24.75,92.64,175.60,87.56,79.50,95.00,14.25,36.00,115.76,11.72,6.00,0.93,-12.00,0.00,44.25,0.00
155.191,2345.50,13.50,1.06,44.00,55.09,24.75,87.55,175.60,87.56,79.50,95.00,14.25,36.00,115.76,11.72,6.00,0.93,-12.00,0.00,44.25,0.00
155.341,2345.50,13.50,1.06,44.00,55.09,24.75,87.55,97.00,87.56,79.50,95.00,14.25,36.00,115.76,11.72,6.00,0.93,-12.00,0.00,44.25,0.00
155.491,2345.50,13.50,1.06,44.00,55.09,24.75,87.55,97.00,88.06,79.50,95.00,14.25,36.00,115.76,11.72,6.00,0.93,-12.00,0.00,44.25,0.00
155.641,2345.50,13.50,1.06,44.00,55.09,24.75,87.55,97.00,88.06,76.50,95.00,14.25,36.00,115.76,11.72,6.00,0.93,-12.00,0.00,44.25,0.00
155.791,2345.50,13.50,1.06,44.00,55.09,24.75,87.55,97.00,88.06,76.50,95.00,14.25,36.00,115.76,11.72,6.00,0.93,-12.00,0.00,44.25,0.00
155.941,2345.50,13.50,1.06,44.00,55.09,24.75,87.55,97.00,88.06,76.50,95.00,14.25,36.00,115.76,11.72,6.00,0.93,-12.00,0.00,44.25,0.00
156.090,2345.50,13.50,1.06,44.00,55.09,24.75,87.55,97.00,88.06,76.50,95.00,14.25,36.00,115.76,11.72,6.00,0.93,-12.00,0.00,44.25,0.00
156.241,2345.50,13.50,1.06,44.00,55.09,24.75,87.55,97.00,88.06,76.50,95.00,14.25,36.00,113.20,11.72,6.00,0.93,-12.00,0.00,44.25,0.00
156.391,2345.50,13.50,1.06,44.00,55.09,24.75,87.55,97.00,88.06,76.50,95.00,14.25,36.00,113.20,18.18,6.00,0.93,-12.00,0.00,44.25,0.00
156.541,2345.50,13.50,1.06,44.00,55.09,24.75,87.55,97.00,88.06,76.50,95.00,14.25,36.00,113.20,18.18,6.00,0.93,-12.00,0.00,44.25,0.00
156.690,2345.50,13.50,1.06,44.00,55.09,24.75,87.55,97.00,88.06,76.50,95.00,14.25,36.00,113.20,18.18,6.00,1.00,-12.00,0.00,44.25,0.00
156.842,2345.50,13.50,1.06,44.00,55.09,24.75,87.55,97.00,88.06,76.50,95.00,14.25,36.00,113.20,18.18,6.00,1.00,25.50,0.00,44.25,0.00
156.991,2345.50,13.50,1.06,44.00,55.09,24.75,87.55,97.00,88.06,76.50,95.00,14.25,36.00,113.20,18.18,6.00,1.00,25.50,0.00,44.25,0.00
157.140,2345.50,13.50,1.06,44.00,55.09,24.75,87.55,97.00,88.06,76.50,95.00,14.25,36.00,113.20,18.18,6.00,1.00,25.50,0.00,44.25,0.00
157.291,2345.50,13.50,1.06,44.00,55.09,24.75,87.55,97.00,88.06,76.50,95.00,14.25,36.00,113.20,18.18,6.00,1.00,25.50,0.00,44.25,0.39
157.441,2329.00,13.50,1.06,44.00,55.09,24.75,87.55,97.00,88.06,76.50,95.00,14.25,36.00,113.20,18.18,6.00,1.00,25.50,0.00,44.25,0.39
157.591,2329.00,13.49,1.06,44.00,55.09,24.75,87.55,97.00,88.06,76.50,95.00,14.25,36.00,113.20,18.18,6.00,1.00,25.50,0.00,44.25,0.39
157.741,2329.00,13.49,1.39,44.00,55.09,24.75,87.55,97.00,88.06,76.50,95.00,14.25,36.00,113.20,18.18,6.00,1.00,25.50,0.00,44.25,0.39
157.891,2329.00,13.49,1.39,92.00,55.09,24.75,87.55,97.00,88.06,76.50,95.00,14.25,36.00,113.20,18.18,6.00,1.00,25.50,0.00,44.25,0.39
158.041,2329.00,13.49,1.39,92.00,92.03,24.75,87.55,97.00,88.06,76.50,95.00,14.25,36.00,113.20,18.18,6.00,1.00,25.50,0.00,44.25,0.39
158.191,2329.00,13.49,1.39,92.00,92.03,34.50,87.55,97.00,88.06,76.50,95.00,14.25,36.00,113.20,18.18,6.00,1.00,25.50,0.00,44.25,0.39
158.341,2329.00,13.49,1.39,92.00,92.03,34.50,82.44,97.00,88.06,76.50,95.00,14.25,36.00,113.20,18.18,6.00,1.00,25.50,0.00,44.25,0.39
158.491,2329.00,13.49,1.39,92.00,92.03,34.50,82.44,107.70,88.06,76.50,95.00,14.25,36.00,113.20,18.18,6.00,1.00,25.50,0.00,44.25,0.39
158.641,2329.00,13.49,1.39,92.00,92.03,34.50,82.44,107.70,89.36,76.50,95.00,14.25,36.00,113.20,18.18,6.00,1.00,25.50,0.00,44.25,0.39
158.791,2329.00,13.49,1.39,92.00,92.03,34.50,82.44,107.70,89.36,73.50,95.00,14.25,36.00,113.20,18.18,6.00,1.00,25.50,0.00,44.25,0.39
158.941,2329.00,13.49,1.39,92.00,92.03,34.50,82.44,107.70,89.36,73.50,94.00,14.25,36.00,113.20,18.18,6.00,1.00,25.50,0.00,44.25,0.39
159.091,2329.00,13.49,1.39,92.00,92.03,34.50,82.44,107.70,89.36,73.50,94.00,14.25,36.00,113.20,18.18,6.00,1.00,25.50,0.00,44.25,0.39
159.241,2329.00,13.49,1.39,92.00,92.03,34.50,82.44,107.70,89.36,73.50,94.00,14.25,36.00,113.20,18.18,6.00,1.00,25.50,0.00,44.25,0.39
159.391,2329.00,13.49,1.39,92.00,92.03,34.50,82.44,107.70,89.36,73.50,94.00,14.25,36.00,114.32,18.18,6.00,1.00,25.50,0.00,44.25,0.39
159.542,2329.00,13.49,1.39,92.00,92.03,34.50,82.44,107.70,89.36,73.50,94.00,14.25,36.00,114.32,98.01,6.00,1.00,25.50,0.00,44.25,0.39
159.691,2329.00,13.49,1.39,92.00,92.03,34.50,82.44,107.70,89.36,73.50,94.00,14.25,36.00,114.32,98.01,6.00,1.00,25.50,0.00,44.25,0.39
159.841,2329.00,13.49,1.39,92.00,92.03,34.50,82.44,107.70,89.36,73.50,94.00,14.25,36.00,114.32,98.01,6.00,0.98,25.50,0.00,44.25,0.39
159.991,2329.00,13.49,1.39,92.00,92.03,34.50,82.44,107.70,89.36,73.50,94.00,14.25,36.00,114.32,98.01,6.00,0.98,6.75,0.00,44.25,0.39
160.141,2329.00,13.49,1.39,92.00,92.03,34.50,82.44,107.70,89.36,73.50,94.00,14.25,36.00,114.32,98.01,6.00,0.98,6.75,0.00,44.25,0.39
160.320,2329.00,13.49,1.39,92.00,92.03,34.50,82.44,107.70,89.36,73.50,94.00,14.25,36.00,114.32,98.01,6.00,0.98,6.75,0.00,44.25,0.39
160.473,2329.00,13.49,1.39,92.00,92.03,34.50,82.44,107.70,89.36,73.50,94.00,14.25,36.00,114.32,98.01,6.00,0.98,6.75,0.00,44.25,0.00
160.621,2518.00,13.49,1.39,92.00,92.03,34.50,82.44,107.70,89.36,73.50,94.00,14.25,36.00,114.32,98.01,6.00,0.98,6.75,0.00,44.25,0.00
160.773,2518.00,30.86,1.39,92.00,92.03,34.50,82.44,107.70,89.36,73.50,94.00,14.25,36.00,114.32,98.01,6.00,0.98,6.75,0.00,44.25,0.00
160.920,2518.00,30.86,17.08,92.00,92.03,34.50,82.44,107.70,89.36,73.50,94.00,14.25,36.00,114.32,98.01,6.00,0.98,6.75,0.00,44.25,0.00
161.073,2518.00,30.86,17.08,500.00,92.03,34.50,82.44,107.70,89.36,73.50,94.00,14.25,36.00,114.32,98.01,6.00,0.98,6.75,0.00,44.25,0.00
161.221,2518.00,30.86,17.08,500.00,499.66,34.50,82.44,107.70,89.36,73.50,94.00,14.25,36.00,114.32,98.01,6.00,0.98,6.75,0.00,44.25,0.00
161.371,2518.00,30.86,17.08,500.00,499.66,166.50,82.44,107.70,89.36,73.50,94.00,14.25,36.00,114.32,98.01,6.00,0.98,6.75,0.00,44.25,0.00
161.521,2518.00,30.86,17.08,500.00,499.66,166.50,84.65,107.70,89.36,73.50,94.00,14.25,36.00,114.32,98.01,6.00,0.98,6.75,0.00,44.25,0.00
161.671,2518.00,30.86,17.08,500.00,499.66,166.50,84.65,511.20,89.36,73.50,94.00,14.25,36.00,114.32,98.01,6.00,0.98,6.75,0.00,44.25,0.00
161.821,2518.00,30.86,17.08,500.00,499.66,166.50,84.65,511.20,91.56,73.50,94.00,14.25,36.00,114.32,98.01,6.00,0.98,6.75,0.00,44.25,0.00
161.973,2518.00,30.86,17.08,500.00,499.66,166.50,84.65,511.20,91.56,71.25,94.00,14.25,36.00,114.32,98.01,6.00,0.98,6.75,0.00,44.25,0.00
162.121,2518.00,30.86,17.08,500.00,499.66,166.50,84.65,511.20,91.56,71.25,95.00,14.25,36.00,114.32,98.01,6.00,0.98,6.75,0.00,44.25,0.00
162.273,2518.00,30.86,17.08,500.00,499.66,166.50,84.65,511.20,91.56,71.25,95.00,14.25,36.00,114.32,98.01,6.00,0.98,6.75,0.00,44.25,0.00
162.420,2518.00,30.86,17.08,500.00,499.66,166.50,84.65,511.20,91.56,71.25,95.00,14.25,36.00,114.32,98.01,6.00,0.98,6.75,0.00,44.25,0.00
162.573,2518.00,30.86,17.08,500.00,499.66,166.50,84.65,511.20,91.56,71.25,95.00,14.25,36.00,132.41,98.01,6.00,0.98,6.75,0.00,44.25,0.00
162.751,2518.00,30.86,17.08,500.00,499.66,166.50,84.65,511.20,91.56,71.25,95.00,14.25,36.00,132.41,98.09,6.00,0.98,6.75,0.00,44.25,0.00
162.901,2518.00,30.86,17.08,500.00,499.66,166.50,84.65,511.20,91.56,71.25,95.00,14.25,36.00,132.41,98.09,6.00,0.98,6.75,0.00,44.25,0.00
163.052,2518.00,30.86,17.08,500.00,499.66,166.50,84.65,511.20,91.56,71.25,95.00,14.25,36.00,132.41,98.09,6.00,0.99,6.75,0.00,44.25,0.00
163.201,2518.00,30.86,17.08,500.00,499.66,166.50,84.65,511.20,91.56,71.25,95.00,14.25,36.00,132.41,98.09,6.00,0.99,0.75,0.00,44.25,0.00
163.352,2518.00,30.86,17.08,500.00,499.66,166.50,84.65,511.20,91.56,71.25,95.00,14.25,36.00,132.41,98.09,6.00,0.99,0.75,0.00,44.25,0.00
163.501,2518.00,30.86,17.08,500.00,499.66,166.50,84.65,511.20,91.56,71.25,95.00,14.25,36.00,132.41,98.09,6.00,0.99,0.75,0.00,44.25,0.00
163.652,2518.00,30.86,17.08,500.00,499.66,166.50,84.65,511.20,91.56,71.25,95.00,14.25,36.00,132.41,98.09,6.00,0.99,0.75,0.00,44.25,19.92
163.801,2787.00,30.86,17.08,500.00,499.66,166.50,84.65,511.20,91.56,71.25,95.00,14.25,36.00,132.41,98.09,6.00,0.99,0.75,0.00,44.25,19.92
163.952,2787.00,11.83,17.08,500.00,499.66,166.50,84.65,511.20,91.56,71.25,95.00,14.25,36.00,132.41,98.09,6.00,0.99,0.75,0.00,44.25,19.92
164.101,2787.00,11.83,3.50,500.00,499.66,166.50,84.65,511.20,91.56,71.25,95.00,14.25,36.00,132.41,98.09,6.00,0.99,0.75,0.00,44.25,19.92
164.281,2787.00,11.83,3.50,56.00,499.66,166.50,84.65,511.20,91.56,71.25,95.00,14.25,36.00,132.41,98.09,6.00,0.99,0.75,0.00,44.25,19.92
164.431,2787.00,11.83,3.50,56.00,60.97,166.50,84.65,511.20,91.56,71.25,95.00,14.25,36.00,132.41,98.09,6.00,0.99,0.75,0.00,44.25,19.92
164.581,2787.00,11.83,3.50,56.00,60.97,22.50,84.65,511.20,91.56,71.25,95.00,14.25,36.00,132.41,98.09,6.00,0.99,0.75,0.00,44.25,19.92
164.731,2787.00,11.83,3.50,56.00,60.97,22.50,109.96,511.20,91.56,71.25,95.00,14.25,36.00,132.41,98.09,6.00,0.99,0.75,0.00,44.25,19.92
164.880,2787.00,11.83,3.50,56.00,60.97,22.50,109.96,71.40,91.56,71.25,95.00,14.25,36.00,132.41,98.09,6.00,0.99,0.75,0.00,44.25,19.92
165.031,2787.00,11.83,3.50,56.00,60.97,22.50,109.96,71.40,94.26,71.25,95.00,14.25,36.00,132.41,98.09,6.00,0.99,0.75,0.00,44.25,19.92
165.181,2787.00,11.83,3.50,56.00,60.97,22.50,109.96,71.40,94.26,66.00,95.00,14.25,36.00,132.41,98.09,6.00,0.99,0.75,0.00,44.25,19.92
165.331,2787.00,11.83,3.50,56.00,60.97,22.50,109.96,71.40,94.26,66.00,95.00,14.25,36.00,132.41,98.09,6.00,0.99,0.75,0.00,44.25,19.92
165.481,2787.00,11.83,3.50,56.00,60.97,22.50,109.96,71.40,94.26,66.00,95.00,14.24,36.00,132.41,98.09,6.00,0.99,0.75,0.00,44.25,19.92
165.630,2787.00,11.83,3.50,56.00,60.97,22.50,109.96,71.40,94.26,66.00,95.00,14.24,36.00,132.41,98.09,6.00,0.99,0.75,0.00,44.25,19.92
165.781,2787.00,11.83,3.50,56.00,60.97,22.50,109.96,71.40,94.26,66.00,95.00,14.24,36.00,131.99,98.09,6.00,0.99,0.75,0.00,44.25,19.92
165.931,2787.00,11.83,3.50,56.00,60.97,22.50,109.96,71.40,94.26,66.00,95.00,14.24,36.00,131.99,17.07,6.00,0.99,0.75,0.00,44.25,19.92
166.081,2787.00,11.83,3.50,56.00,60.97,22.50,109.96,71.40,94.26,66.00,95.00,14.24,36.00,131.99,17.07,6.00,0.99,0.75,0.00,44.25,19.92
166.231,2787.00,11.83,3.50,56.00,60.97,22.50,109.96,71.40,94.26,66.00,95.00,14.24,36.00,131.99,17.07,6.00,16.00,0.75,0.00,44.25,19.92
166.381,2787.00,11.83,3.50,56.00,60.97,22.50,109.96,71.40,94.26,66.00,95.00,14.24,36.00,131.99,17.07,6.00,16.00,-14.25,0.00,44.25,19.92
166.531,2787.00,11.83,3.50,56.00,60.97,22.50,109.96,71.40,94.26,66.00,95.00,14.24,36.00,131.99,17.07,6.00,16.00,-14.25,0.00,44.25,19.92
166.711,2787.00,11.83,3.50,56.00,60.97,22.50,109.96,71.40,94.26,66.00,95.00,14.24,36.00,131.99,17.07,6.00,16.00,-14.25,0.00,43.50,19.92
166.863,2787.00,11.83,3.50,56.00,60.97,22.50,109.96,71.40,94.26,66.00,95.00,14.24,36.00,131.99,17.07,6.00,16.00,-14.25,0.00,43.50,0.00
167.011,2635.00,11.83,3.50,56.00,60.97,22.50,109.96,71.40,94.26,66.00,95.00,14.24,36.00,131.99,17.07,6.00,16.00,-14.25,0.00,43.50,0.00
167.161,2635.00,13.83,3.50,56.00,60.97,22.50,109.96,71.40,94.26,66.00,95.00,14.24,36.00,131.99,17.07,6.00,16.00,-14.25,0.00,43.50,0.00
167.310,2635.00,13.83,0.85,56.00,60.97,22.50,109.96,71.40,94.26,66.00,95.00,14.24,36.00,131.99,17.07,6.00,16.00,-14.25,0.00,43.50,0.00
167.463,2635.00,13.83,0.85,64.00,60.97,22.50,109.96,71.40,94.26,66.00,95.00,14.24,36.00,131.99,17.07,6.00,16.00,-14.25,0.00,43.50,0.00
167.610,2635.00,13.83,0.85,64.00,65.75,22.50,109.96,71.40,94.26,66.00,95.00,14.24,36.00,131.99,17.07,6.00,16.00,-14.25,0.00,43.50,0.00
167.763,2635.00,13.83,0.85,64.00,65.75,21.00,109.96,71.40,94.26,66.00,95.00,14.24,36.00,131.99,17.07,6.00,16.00,-14.25,0.00,43.50,0.00
167.911,2635.00,13.83,0.85,64.00,65.75,21.00,104.36,71.40,94.26,66.00,95.00,14.24,36.00,131.99,17.07,6.00,16.00,-14.25,0.00,43.50,0.00
168.063,2635.00,13.83,0.85,64.00,65.75,21.00,104.36,64.00,94.26,66.00,95.00,14.24,36.00,131.99,17.07,6.00,16.00,-14.25,0.00,43.50,0.00
168.211,2635.00,13.83,0.85,64.00,65.75,21.00,104.36,64.00,87.86,66.00,95.00,14.24,36.00,131.99,17.07,6.00,16.00,-14.25,0.00,43.50,0.00
168.361,2635.00,13.83,0.85,64.00,65.75,21.00,104.36,64.00,87.86,78.75,95.00,14.24,36.00,131.99,17.07,6.00,16.00,-14.25,0.00,43.50,0.00
168.510,2635.00,13.83,0.85,64.00,65.75,21.00,104.36,64.00,87.86,78.75,95.00,14.24,36.00,131.99,17.07,6.00,16.00,-14.25,0.00,43.50,0.00
168.662,2635.00,13.83,0.85,64.00,65.75,21.00,104.36,64.00,87.86,78.75,95.00,14.24,36.00,131.99,17.07,6.00,16.00,-14.25,0.00,43.50,0.00
168.811,2635.00,13.83,0.85,64.00,65.75,21.00,104.36,64.00,87.86,78.75,95.00,14.24,36.00,131.99,17.07,6.00,16.00,-14.25,0.00,43.50,0.00
168.961,2635.00,13.83,0.85,64.00,65.75,21.00,104.36,64.00,87.86,78.75,95.00,14.24,36.00,124.40,17.07,6.00,16.00,-14.25,0.00,43.50,0.00
169.111,2635.00,13.83,0.85,64.00,65.75,21.00,104.36,64.00,87.86,78.75,95.00,14.24,36.00,124.40,15.45,6.00,16.00,-14.25,0.00,43.50,0.00
169.263,2635.00,13.83,0.85,64.00,65.75,21.00,104.36,64.00,87.86,78.75,95.00,14.24,36.00,124.40,15.45,6.00,16.00,-14.25,0.00,43.50,0.00
169.411,2635.00,13.83,0.85,64.00,65.75,21.00,104.36,64.00,87.86,78.75,95.00,14.24,36.00,124.40,15.45,6.00,16.00,-14.25,0.00,43.50,0.00
169.563,2635.00,13.83,0.85,64.00,65.75,21.00,104.36,64.00,87.86,78.75,95.00,14.24,36.00,124.40,15.45,6.00,16.00,-15.00,0.00,43.50,0.00
169.711,2635.00,13.83,0.85,64.00,65.75,21.00,104.36,64.00,87.86,78.75,95.00,14.24,36.00,124.40,15.45,6.00,16.00,-15.00,0.00,43.50,0.00
169.863,2635.00,13.83,0.85,64.00,65.75,21.00,104.36,64.00,87.86,78.75,95.00,14.24,36.00,124.40,15.45,6.00,16.00,-15.00,0.00,43.50,0.00
170.011,2635.00,13.83,0.85,64.00,65.75,21.00,104.36,64.00,87.86,78.75,95.00,14.24,36.00,124.40,15.45,6.00,16.00,-15.00,0.00,43.50,0.39
170.163,2489.00,13.83,0.85,64.00,65.75,21.00,104.36,64.00,87.86,78.75,95.00,14.24,36.00,124.40,15.45,6.00,16.00,-15.00,0.00,43.50,0.39
170.311,2489.00,13.52,0.85,64.00,65.75,21.00,104.36,64.00,87.86,78.75,95.00,14.24,36.00,124.40,15.45,6.00,16.00,-15.00,0.00,43.50,0.39
170.463,2489.00,13.52,0.68,64.00,65.75,21.00,104.36,64.00,87.86,78.75,95.00,14.24,36.00,124.40,15.45,6.00,16.00,-15.00,0.00,43.50,0.39
170.611,2489.00,13.52,0.68,48.00,65.75,21.00,104.36,64.00,87.86,78.75,95.00,14.24,36.00,124.40,15.45,6.00,16.00,-15.00,0.00,43.50,0.39
170.763,2489.00,13.52,0.68,48.00,48.88,21.00,104.36,64.00,87.86,78.75,95.00,14.24,36.00,124.40,15.45,6.00,16.00,-15.00,0.00,43.50,0.39
170.911,2489.00,13.52,0.68,48.00,48.88,16.50,104.36,64.00,87.86,78.75,95.00,14.24,36.00,124.40,15.45,6.00,16.00,-15.00,0.00,43.50,0.39
171.063,2489.00,13.52,0.68,48.00,48.88,16.50,95.85,64.00,87.86,78.75,95.00,14.24,36.00,124.40,15.45,6.00,16.00,-15.00,0.00,43.50,0.39
171.211,2489.00,13.52,0.68,48.00,48.88,16.50,95.85,56.50,87.86,78.75,95.00,14.24,36.00,124.40,15.45,6.00,16.00,-15.00,0.00,43.50,0.39
171.363,2489.00,13.52,0.68,48.00,48.88,16.50,95.85,56.50,84.76,78.75,95.00,14.24,36.00,124.40,15.45,6.00,16.00,-15.00,0.00,43.50,0.39
171.511,2489.00,13.52,0.68,48.00,48.88,16.50,95.85,56.50,84.76,77.25,95.00,14.24,36.00,124.40,15.45,6.00,16.00,-15.00,0.00,43.50,0.39
171.662,2489.00,13.52,0.68,48.00,48.88,16.50,95.85,56.50,84.76,77.25,94.00,14.24,36.00,124.40,15.45,6.00,16.00,-15.00,0.00,43.50,0.39
171.841,2489.00,13.52,0.68,48.00,48.88,16.50,95.85,56.50,84.76,77.25,94.00,14.24,36.00,124.40,15.45,6.00,16.00,-15.00,0.00,43.50,0.39
171.991,2489.00,13.52,0.68,48.00,48.88,16.50,95.85,56.50,84.76,77.25,94.00,14.24,36.00,124.40,15.45,6.00,16.00,-15.00,0.00,43.50,0.39
172.141,2489.00,13.52,0.68,48.00,48.88,16.50,95.85,56.50,84.76,77.25,94.00,14.24,36.00,118.80,15.45,6.00,16.00,-15.00,0.00,43.50,0.39
172.291,2489.00,13.52,0.68,48.00,48.88,16.50,95.85,56.50,84.76,77.25,94.00,14.24,36.00,118.80,18.71,6.00,16.00,-15.00,0.00,43.50,0.39
172.441,2489.00,13.52,0.68,48.00,48.88,16.50,95.85,56.50,84.76,77.25,94.00,14.24,36.00,118.80,18.71,6.00,16.00,-15.00,0.00,43.50,0.39
172.591,2489.00,13.52,0.68,48.00,48.88,16.50,95.85,56.50,84.76,77.25,94.00,14.24,36.00,118.80,18.71,6.00,0.98,-15.00,0.00,43.50,0.39
172.741,2489.00,13.52,0.68,48.00,48.88,16.50,95.85,56.50,84.76,77.25,94.00,14.24,36.00,118.80,18.71,6.00,0.98,28.50,0.00,43.50,0.39
172.891,2489.00,13.52,0.68,48.00,48.88,16.50,95.85,56.50,84.76,77.25,94.00,14.24,36.00,118.80,18.71,6.00,0.98,28.50,0.00,43.50,0.39
173.041,2489.00,13.52,0.68,48.00,48.88,16.50,95.85,56.50,84.76,77.25,94.00,14.24,36.00,118.80,18.71,6.00,0.98,28.50,0.00,43.50,0.39
173.191,2489.00,13.52,0.68,48.00,48.88,16.50,95.85,56.50,84.76,77.25,94.00,14.24,36.00,118.80,18.71,6.00,0.98,28.50,0.00,43.50,0.39
173.341,2431.00,13.52,0.68,48.00,48.88,16.50,95.85,56.50,84.76,77.25,94.00,14.24,36.00,118.80,18.71,6.00,0.98,28.50,0.00,43.50,0.39
173.491,2431.00,13.46,0.68,48.00,48.88,16.50,95.85,56.50,84.76,77.25,94.00,14.24,36.00,118.80,18.71,6.00,0.98,28.50,0.00,43.50,0.39
173.641,2431.00,13.46,0.95,48.00,48.88,16.50,95.85,56.50,84.76,77.25,94.00,14.24,36.00,118.80,18.71,6.00,0.98,28.50,0.00,43.50,0.39
173.791,2431.00,13.46,0.95,92.00,48.88,16.50,95.85,56.50,84.76,77.25,94.00,14.24,36.00,118.80,18.71,6.00,0.98,28.50,0.00,43.50,0.39
173.941,2431.00,13.46,0.95,92.00,91.09,16.50,95.85,56.50,84.76,77.25,94.00,14.24,36.00,118.80,18.71,6.00,0.98,28.50,0.00,43.50,0.39
174.090,2431.00,13.46,0.95,92.00,91.09,30.75,95.85,56.50,84.76,77.25,94.00,14.24,36.00,118.80,18.71,6.00,0.98,28.50,0.00,43.50,0.39
174.241,2431.00,13.46,0.95,92.00,91.09,30.75,88.14,56.50,84.76,77.25,94.00,14.24,36.00,118.80,18.71,6.00,0.98,28.50,0.00,43.50,0.39
174.391,2431.00,13.46,0.95,92.00,91.09,30.75,88.14,94.90,84.76,77.25,94.00,14.24,36.00,118.80,18.71,6.00,0.98,28.50,0.00,43.50,0.39
174.541,2431.00,13.46,0.95,92.00,91.09,30.75,88.14,94.90,84.46,77.25,94.00,14.24,36.00,118.80,18.71,6.00,0.98,28.50,0.00,43.50,0.39
174.691,2431.00,13.46,0.95,92.00,91.09,30.75,88.14,94.90,84.46,72.75,94.00,14.24,36.00,118.80,18.71,6.00,0.98,28.50,0.00,43.50,0.39
174.841,2431.00,13.46,0.95,92.00,91.09,30.75,88.14,94.90,84.46,72.75,94.00,14.24,36.00,118.80,18.71,6.00,0.98,28.50,0.00,43.50,0.39
174.991,2431.00,13.46,0.95,92.00,91.09,30.75,88.14,94.90,84.46,72.75,94.00,14.24,36.00,118.80,18.71,6.00,0.98,28.50,0.00,43.50,0.39
175.141,2431.00,13.46,0.95,92.00,91.09,30.75,88.14,94.90,84.46,72.75,94.00,14.24,36.00,118.80,18.71,6.00,0.98,28.50,0.00,43.50,0.39
175.291,2431.00,13.46,0.95,92.00,91.09,30.75,88.14,94.90,84.46,72.75,94.00,14.24,36.00,117.49,18.71,6.00,0.98,28.50,0.00,43.50,0.39
175.441,2431.00,13.46,0.95,92.00,91.09,30.75,88.14,94.90,84.46,72.75,94.00,14.24,36.00,117.49,17.48,6.00,0.98,28.50,0.00,43.50,0.39
175.591,2431.00,13.46,0.95,92.00,91.09,30.75,88.14,94.90,84.46,72.75,94.00,14.24,36.00,117.49,17.48,6.00,0.98,28.50,0.00,43.50,0.39
175.741,2431.00,13.46,0.95,92.00,91.09,30.75,88.14,94.90,84.46,72.75,94.00,14.24,36.00,117.49,17.48,6.00,1.00,28.50,0.00,43.50,0.39
175.891,2431.00,13.46,0.95,92.00,91.09,30.75,88.14,94.90,84.46,72.75,94.00,14.24,36.00,117.49,17.48,6.00,1.00,27.75,0.00,43.50,0.39
176.041,2431.00,13.46,0.95,92.00,91.09,30.75,88.14,94.90,84.46,72.75,94.00,14.24,36.00,117.49,17.48,6.00,1.00,27.75,0.00,43.50,0.39
176.191,2431.00,13.46,0.95,92.00,91.09,30.75,88.14,94.90,84.46,72.75,94.00,14.24,36.00,117.49,17.48,6.00,1.00,27.75,0.00,43.50,0.39
176.341,2431.00,13.46,0.95,92.00,91.09,30.75,88.14,94.90,84.46,72.75,94.00,14.24,36.00,117.49,17.48,6.00,1.00,27.75,0.00,43.50,0.39
176.491,2417.50,13.46,0.95,92.00,91.09,30.75,88.14,94.90,84.46,72.75,94.00,14.24,36.00,117.49,17.48,6.00,1.00,27.75,0.00,43.50,0.39
176.641,2417.50,13.51,0.95,92.00,91.09,30.75,88.14,94.90,84.46,72.75,94.00,14.24,36.00,117.49,17.48,6.00,1.00,27.75,0.00,43.50,0.39
176.791,2417.50,13.51,1.23,92.00,91.09,30.75,88.14,94.90,84.46,72.75,94.00,14.24,36.00,117.49,17.48,6.00,1.00,27.75,0.00,43.50,0.39
176.941,2417.50,13.51,1.23,96.00,91.09,30.75,88.14,94.90,84.46,72.75,94.00,14.24,36.00,117.49,17.48,6.00,1.00,27.75,0.00,43.50,0.39
177.091,2417.50,13.51,1.23,96.00,96.28,30.75,88.14,94.90,84.46,72.75,94.00,14.24,36.00,117.49,17.48,6.00,1.00,27.75,0.00,43.50,0.39
177.241,2417.50,13.51,1.23,96.00,96.28,36.00,88.14,94.90,84.46,72.75,94.00,14.24,36.00,117.49,17.48,6.00,1.00,27.75,0.00,43.50,0.39
177.391,2417.50,13.51,1.23,96.00,96.28,36.00,82.96,94.90,84.46,72.75,94.00,14.24,36.00,117.49,17.48,6.00,1.00,27.75,0.00,43.50,0.39
177.541,2417.50,13.51,1.23,96.00,96.28,36.00,82.96,99.60,84.46,72.75,94.00,14.24,36.00,117.49,17.48,6.00,1.00,27.75,0.00,43.50,0.39
177.691,2417.50,13.51,1.23,96.00,96.28,36.00,82.96,99.60,84.36,72.75,94.00,14.24,36.00,117.49,17.48,6.00,1.00,27.75,0.00,43.50,0.39
177.841,2417.50,13.51,1.23,96.00,96.28,36.00,82.96,99.60,84.36,69.00,94.00,14.24,36.00,117.49,17.48,6.00,1.00,27.75,0.00,43.50,0.39
177.991,2417.50,13.51,1.23,96.00,96.28,36.00,82.96,99.60,84.36,69.00,93.00,14.24,36.00,117.49,17.48,6.00,1.00,27.75,0.00,43.50,0.39
178.141,2417.50,13.51,1.23,96.00,96.28,36.00,82.96,99.60,84.36,69.00,93.00,14.24,36.00,117.49,17.48,6.00,1.00,27.75,0.00,43.50,0.39
178.291,2417.50,13.51,1.23,96.00,96.28,36.00,82.96,99.60,84.36,69.00,93.00,14.24,36.00,117.49,17.48,6.00,1.00,27.75,0.00,43.50,0.39
178.441,2417.50,13.51,1.23,96.00,96.28,36.00,82.96,99.60,84.36,69.00,93.00,14.24,36.00,117.39,17.48,6.00,1.00,27.75,0.00,43.50,0.39
178.591,2417.50,13.51,1.23,96.00,96.28,36.00,82.96,99.60,84.36,69.00,93.00,14.24,36.00,117.39,17.87,6.00,1.00,27.75,0.00,43.50,0.39
178.741,2417.50,13.51,1.23,96.00,96.28,36.00,82.96,99.60,84.36,69.00,93.00,14.24,36.00,117.39,17.87,6.00,1.00,27.75,0.00,43.50,0.39
178.891,2417.50,13.51,1.23,96.00,96.28,36.00,82.96,99.60,84.36,69.00,93.00,14.24,36.00,117.39,17.87,6.00,0.99,27.75,0.00,43.50,0.39
179.041,2417.50,13.51,1.23,96.00,96.28,36.00,82.96,99.60,84.36,69.00,93.00,14.24,36.00,117.39,17.87,6.00,0.99,25.50,0.00,43.50,0.39
179.191,2417.50,13.51,1.23,96.00,96.28,36.00,82.96,99.60,84.36,69.00,93.00,14.24,36.00,117.39,17.87,6.00,0.99,25.50,0.00,43.50,0.39
179.341,2417.50,13.51,1.23,96.00,96.28,36.00,82.96,99.60,84.36,69.00,93.00,14.24,36.00,117.39,17.87,6.00,0.99,25.50,0.00,43.50,0.39
179.521,2417.50,13.51,1.23,96.00,96.28,36.00,82.96,99.60,84.36,69.00,93.00,14.24,36.00,117.39,17.87,6.00,0.99,25.50,0.00,43.50,0.39
179.673,2412.50,13.51,1.23,96.00,96.28,36.00,82.96,99.60,84.36,69.00,93.00,14.24,36.00,117.39,17.87,6.00,0.99,25.50,0.00,43.50,0.39
179.821,2412.50,13.55,1.23,96.00,96.28,36.00,82.96,99.60,84.36,69.00,93.00,14.24,36.00,117.39,17.87,6.00,0.99,25.50,0.00,43.50,0.39
179.971,2412.50,13.55,1.52,96.00,96.28,36.00,82.96,99.60,84.36,69.00,93.00,14.24,36.00,117.39,17.87,6.00,0.99,25.50,0.00,43.50,0.39
180.121,2412.50,13.55,1.52,100.00,96.28,36.00,82.96,99.60,84.36,69.00,93.00,14.24,36.00,117.39,17.87,6.00,0.99,25.50,0.00,43.50,0.39
180.273,2412.50,13.55,1.52,100.00,99.62,36.00,82.96,99.60,84.36,69.00,93.00,14.24,36.00,117.39,17.87,6.00,0.99,25.50,0.00,43.50,0.39
180.421,2412.50,13.55,1.52,100.00,99.62,36.75,82.96,99.60,84.36,69.00,93.00,14.24,36.00,117.39,17.87,6.00,0.99,25.50,0.00,43.50,0.39
180.573,2412.50,13.55,1.52,100.00,99.62,36.75,79.65,99.60,84.36,69.00,93.00,14.24,36.00,117.39,17.87,6.00,0.99,25.50,0.00,43.50,0.39
180.721,2412.50,13.55,1.52,100.00,99.62,36.75,79.65,119.00,84.36,69.00,93.00,14.24,36.00,117.39,17.87,6.00,0.99,25.50,0.00,43.50,0.39
180.873,2412.50,13.55,1.52,100.00,99.62,36.75,79.65,119.00,86.16,69.00,93.00,14.24,36.00,117.39,17.87,6.00,0.99,25.50,0.00,43.50,0.39
181.021,2412.50,13.55,1.52,100.00,99.62,36.75,79.65,119.00,86.16,66.75,93.00,14.24,36.00,117.39,17.87,6.00,0.99,25.50,0.00,43.50,0.39
181.173,2412.50,13.55,1.52,100.00,99.62,36.75,79.65,119.00,86.16,66.75,93.00,14.24,36.00,117.39,17.87,6.00,0.99,25.50,0.00,43.50,0.39
181.321,2412.50,13.55,1.52,100.00,99.62,36.75,79.65,119.00,86.16,66.75,93.00,14.24,36.00,117.39,17.87,6.00,0.99,25.50,0.00,43.50,0.39
181.473,2412.50,13.55,1.52,100.00,99.62,36.75,79.65,119.00,86.16,66.75,93.00,14.24,36.50,117.39,17.87,6.00,0.99,25.50,0.00,43.50,0.39
181.620,2412.50,13.55,1.52,100.00,99.62,36.75,79.65,119.00,86.16,66.75,93.00,14.24,36.50,117.60,17.87,6.00,0.99,25.50,0.00,43.50,0.39
181.773,2412.50,13.55,1.52,100.00,99.62,36.75,79.65,119.00,86.16,66.75,93.00,14.24,36.50,117.60,16.32,6.00,0.99,25.50,0.00,43.50,0.39
181.921,2412.50,13.55,1.52,100.00,99.62,36.75,79.65,119.00,86.16,66.75,93.00,14.24,36.50,117.60,16.32,6.00,0.99,25.50,0.00,43.50,0.39
182.073,2412.50,13.55,1.52,100.00,99.62,36.75,79.65,119.00,86.16,66.75,93.00,14.24,36.50,117.60,16.32,6.00,1.00,25.50,0.00,43.50,0.39
182.221,2412.50,13.55,1.52,100.00,99.62,36.75,79.65,119.00,86.16,66.75,93.00,14.24,36.50,117.60,16.32,6.00,1.00,22.50,0.00,43.50,0.39
182.373,2412.50,13.55,1.52,100.00,99.62,36.75,79.65,119.00,86.16,66.75,93.00,14.24,36.50,117.60,16.32,6.00,1.00,22.50,0.00,43.50,0.39
182.521,2412.50,13.55,1.52,100.00,99.62,36.75,79.65,119.00,86.16,66.75,93.00,14.24,36.50,117.60,16.32,6.00,1.00,22.50,0.00,43.50,0.39
182.673,2412.50,13.55,1.52,100.00,99.62,36.75,79.65,119.00,86.16,66.75,93.00,14.24,36.50,117.60,16.32,6.00,1.00,22.50,0.00,43.50,0.39
182.821,1879.50,13.55,1.52,100.00,99.62,36.75,79.65,119.00,86.16,66.75,93.00,14.24,36.50,117.60,16.32,6.00,1.00,22.50,0.00,43.50,0.39
182.973,1879.50,13.53,1.52,100.00,99.62,36.75,79.65,119.00,86.16,66.75,93.00,14.24,36.50,117.60,16.32,6.00,1.00,22.50,0.00,43.50,0.39
183.121,1879.50,13.53,1.45,100.00,99.62,36.75,79.65,119.00,86.16,66.75,93.00,14.24,36.50,117.60,16.32,6.00,1.00,22.50,0.00,43.50,0.39
183.271,1879.50,13.53,1.45,84.00,99.62,36.75,79.65,119.00,86.16,66.75,93.00,14.24,36.50,117.60,16.32,6.00,1.00,22.50,0.00,43.50,0.39
183.421,1879.50,13.53,1.45,84.00,82.62,36.75,79.65,119.00,86.16,66.75,93.00,14.24,36.50,117.60,16.32,6.00,1.00,22.50,0.00,43.50,0.39
183.573,1879.50,13.53,1.45,84.00,82.62,39.75,79.65,119.00,86.16,66.75,93.00,14.24,36.50,117.60,16.32,6.00,1.00,22.50,0.00,43.50,0.39
183.721,1879.50,13.53,1.45,84.00,82.62,39.75,77.85,119.00,86.16,66.75,93.00,14.24,36.50,117.60,16.32,6.00,1.00,22.50,0.00,43.50,0.39
183.873,1879.50,13.53,1.45,84.00,82.62,39.75,77.85,84.40,86.16,66.75,93.00,14.24,36.50,117.60,16.32,6.00,1.00,22.50,0.00,43.50,0.39
184.020,1879.50,13.53,1.45,84.00,82.62,39.75,77.85,84.40,88.46,66.75,93.00,14.24,36.50,117.60,16.32,6.00,1.00,22.50,0.00,43.50,0.39
184.173,1879.50,13.53,1.45,84.00,82.62,39.75,77.85,84.40,88.46,65.25,93.00,14.24,36.50,117.60,16.32,6.00,1.00,22.50,0.00,43.50,0.39
184.321,1879.50,13.53,1.45,84.00,82.62,39.75,77.85,84.40,88.46,65.25,92.00,14.24,36.50,117.60,16.32,6.00,1.00,22.50,0.00,43.50,0.39
184.471,1879.50,13.53,1.45,84.00,82.62,39.75,77.85,84.40,88.46,65.25,92.00,14.24,36.50,117.60,16.32,6.00,1.00,22.50,0.00,43.50,0.39
184.621,1879.50,13.53,1.45,84.00,82.62,39.75,77.85,84.40,88.46,65.25,92.00,14.24,36.50,117.60,16.32,6.00,1.00,22.50,0.00,43.50,0.39
184.773,1879.50,13.53,1.45,84.00,82.62,39.75,77.85,84.40,88.46,65.25,92.00,14.24,36.50,117.53,16.32,6.00,1.00,22.50,0.00,43.50,0.39
184.921,1879.50,13.53,1.45,84.00,82.62,39.75,77.85,84.40,88.46,65.25,92.00,14.24,36.50,117.53,16.87,6.00,1.00,22.50,0.00,43.50,0.39
185.072,1879.50,13.53,1.45,84.00,82.62,39.75,77.85,84.40,88.46,65.25,92.00,14.24,36.50,117.53,16.87,6.00,1.00,22.50,0.00,43.50,0.39
185.221,1879.50,13.53,1.45,84.00,82.62,39.75,77.85,84.40,88.46,65.25,92.00,14.24,36.50,117.53,16.87,6.00,0.98,22.50,0.00,43.50,0.39
185.373,1879.50,13.53,1.45,84.00,82.62,39.75,77.85,84.40,88.46,65.25,92.00,14.24,36.50,117.53,16.87,6.00,0.98,24.00,0.00,43.50,0.39
185.521,1879.50,13.53,1.45,84.00,82.62,39.75,77.85,84.40,88.46,65.25,92.00,14.24,36.50,117.53,16.87,6.00,0.98,24.00,0.00,43.50,0.39
185.673,1879.50,13.53,1.45,84.00,82.62,39.75,77.85,84.40,88.46,65.25,92.00,14.24,36.50,117.53,16.87,6.00,0.98,24.00,0.00,43.50,0.39
185.821,1879.50,13.53,1.45,84.00,82.62,39.75,77.85,84.40,88.46,65.25,92.00,14.24,36.50,117.53,16.87,6.00,0.98,24.00,0.00,43.50,0.39
185.973,1883.00,13.53,1.45,84.00,82.62,39.75,77.85,84.40,88.46,65.25,92.00,14.24,36.50,117.53,16.87,6.00,0.98,24.00,0.00,43.50,0.39
186.121,1883.00,13.53,1.45,84.00,82.62,39.75,77.85,84.40,88.46,65.25,92.00,14.24,36.50,117.53,16.87,6.00,0.98,24.00,0.00,43.50,0.39
186.273,1883.00,13.53,1.47,84.00,82.62,39.75,77.85,84.40,88.46,65.25,92.00,14.24,36.50,117.53,16.87,6.00,0.98,24.00,0.00,43.50,0.39
186.421,1883.00,13.53,1.47,88.00,82.62,39.75,77.85,84.40,88.46,65.25,92.00,14.24,36.50,117.53,16.87,6.00,0.98,24.00,0.00,43.50,0.39
186.573,1883.00,13.53,1.47,88.00,85.19,39.75,77.85,84.40,88.46,65.25,92.00,14.24,36.50,117.53,16.87,6.00,0.98,24.00,0.00,43.50,0.39
186.721,1883.00,13.53,1.47,88.00,85.19,40.50,77.85,84.40,88.46,65.25,92.00,14.24,36.50,117.53,16.87,6.00,0.98,24.00,0.00,43.50,0.39
186.873,1883.00,13.53,1.47,88.00,85.19,40.50,76.44,84.40,88.46,65.25,92.00,14.24,36.50,117.53,16.87,6.00,0.98,24.00,0.00,43.50,0.39
187.021,1883.00,13.53,1.47,88.00,85.19,40.50,76.44,88.50,88.46,65.25,92.00,14.24,36.50,117.53,16.87,6.00,0.98,24.00,0.00,43.50,0.39
187.201,1883.00,13.53,1.47,88.00,85.19,40.50,76.44,88.50,90.76,65.25,92.00,14.24,36.50,117.53,16.87,6.00,0.98,24.00,0.00,43.50,0.39
187.352,1883.00,13.53,1.47,88.00,85.19,40.50,76.44,88.50,90.76,65.25,92.00,14.24,36.50,117.53,16.87,6.00,0.98,24.00,0.00,43.50,0.39
187.501,1883.00,13.53,1.47,88.00,85.19,40.50,76.44,88.50,90.76,65.25,92.00,14.24,36.50,117.53,16.87,6.00,0.98,24.00,0.00,43.50,0.39
187.651,1883.00,13.53,1.47,88.00,85.19,40.50,76.44,88.50,90.76,65.25,92.00,14.24,36.50,117.53,16.87,6.00,0.98,24.00,0.00,43.50,0.39
187.801,1883.00,13.53,1.47,88.00,85.19,40.50,76.44,88.50,90.76,65.25,92.00,14.24,36.50,117.53,16.87,6.00,0.98,24.00,0.00,43.50,0.39
187.952,1883.00,13.53,1.47,88.00,85.19,40.50,76.44,88.50,90.76,65.25,92.00,14.24,36.50,117.40,16.87,6.00,0.98,24.00,0.00,43.50,0.39
188.101,1883.00,13.53,1.47,88.00,85.19,40.50,76.44,88.50,90.76,65.25,92.00,14.24,36.50,117.40,17.37,6.00,0.98,24.00,0.00,43.50,0.39
188.252,1883.00,13.53,1.47,88.00,85.19,40.50,76.44,88.50,90.76,65.25,92.00,14.24,36.50,117.40,17.37,6.00,0.98,24.00,0.00,43.50,0.39
188.401,1883.00,13.53,1.47,88.00,85.19,40.50,76.44,88.50,90.76,65.25,92.00,14.24,36.50,117.40,17.37,6.00,0.99,24.00,0.00,43.50,0.39
188.552,1883.00,13.53,1.47,88.00,85.19,40.50,76.44,88.50,90.76,65.25,92.00,14.24,36.50,117.40,17.37,6.00,0.99,22.50,0.00,43.50,0.39
188.700,1883.00,13.53,1.47,88.00,85.19,40.50,76.44,88.50,90.76,65.25,92.00,14.24,36.50,117.40,17.37,6.00,0.99,22.50,0.00,43.50,0.39
188.851,1883.00,13.53,1.47,88.00,85.19,40.50,76.44,88.50,90.76,65.25,92.00,14.24,36.50,117.40,17.37,6.00,0.99,22.50,0.00,43.50,0.39
189.001,1883.00,13.53,1.47,88.00,85.19,40.50,76.44,88.50,90.76,65.25,92.00,14.24,36.50,117.40,17.37,6.00,0.99,22.50,0.00,43.50,0.39
189.152,1881.50,13.53,1.47,88.00,85.19,40.50,76.44,88.50,90.76,65.25,92.00,14.24,36.50,117.40,17.37,6.00,0.99,22.50,0.00,43.50,0.39
189.301,1881.50,13.60,1.47,88.00,85.19,40.50,76.44,88.50,90.76,65.25,92.00,14.24,36.50,117.40,17.37,6.00,0.99,22.50,0.00,43.50,0.39
189.452,1881.50,13.60,1.57,88.00,85.19,40.50,76.44,88.50,90.76,65.25,92.00,14.24,36.50,117.40,17.37,6.00,0.99,22.50,0.00,43.50,0.39
189.601,1881.50,13.60,1.57,92.00,85.19,40.50,76.44,88.50,90.76,65.25,92.00,14.24,36.50,117.40,17.37,6.00,0.99,22.50,0.00,43.50,0.39
189.752,1881.50,13.60,1.57,92.00,92.84,40.50,76.44,88.50,90.76,65.25,92.00,14.24,36.50,117.40,17.37,6.00,0.99,22.50,0.00,43.50,0.39
189.901,1881.50,13.60,1.57,92.00,92.84,42.75,76.44,88.50,90.76,65.25,92.00,14.24,36.50,117.40,17.37,6.00,0.99,22.50,0.00,43.50,0.39
190.052,1881.50,13.60,1.57,92.00,92.84,42.75,75.46,88.50,90.76,65.25,92.00,14.24,36.50,117.40,17.37,6.00,0.99,22.50,0.00,43.50,0.39
190.201,1881.50,13.60,1.57,92.00,92.84,42.75,75.46,94.40,90.76,65.25,92.00,14.24,36.50,117.40,17.37,6.00,0.99,22.50,0.00,43.50,0.39
190.351,1881.50,13.60,1.57,92.00,92.84,42.75,75.46,94.40,92.76,65.25,92.00,14.24,36.50,117.40,17.37,6.00,0.99,22.50,0.00,43.50,0.39
190.501,1881.50,13.60,1.57,92.00,92.84,42.75,75.46,94.40,92.76,64.50,92.00,14.24,36.50,117.40,17.37,6.00,0.99,22.50,0.00,43.50,0.39
190.652,1881.50,13.60,1.57,92.00,92.84,42.75,75.46,94.40,92.76,64.50,92.00,14.24,36.50,117.40,17.37,6.00,0.99,22.50,0.00,43.50,0.39
190.801,1881.50,13.60,1.57,92.00,92.84,42.75,75.46,94.40,92.76,64.50,92.00,14.23,36.50,117.40,17.37,6.00,0.99,22.50,0.00,43.50,0.39
190.950,1881.50,13.60,1.57,92.00,92.84,42.75,75.46,94.40,92.76,64.50,92.00,14.23,36.50,117.40,17.37,6.00,0.99,22.50,0.00,43.50,0.39
191.101,1881.50,13.60,1.57,92.00,92.84,42.75,75.46,94.40,92.76,64.50,92.00,14.23,36.50,117.72,17.37,6.00,0.99,22.50,0.00,43.50,0.39
191.252,1881.50,13.60,1.57,92.00,92.84,42.75,75.46,94.40,92.76,64.50,92.00,14.23,36.50,117.72,17.76,6.00,0.99,22.50,0.00,43.50,0.39
191.401,1881.50,13.60,1.57,92.00,92.84,42.75,75.46,94.40,92.76,64.50,92.00,14.23,36.50,117.72,17.76,6.00,0.99,22.50,0.00,43.50,0.39
191.552,1881.50,13.60,1.57,92.00,92.84,42.75,75.46,94.40,92.76,64.50,92.00,14.23,36.50,117.72,17.76,6.00,1.06,22.50,0.00,43.50,0.39
191.701,1881.50,13.60,1.57,92.00,92.84,42.75,75.46,94.40,92.76,64.50,92.00,14.23,36.50,117.72,17.76,6.00,1.06,22.50,0.00,43.50,0.39
191.852,1881.50,13.60,1.57,92.00,92.84,42.75,75.46,94.40,92.76,64.50,92.00,14.23,36.50,117.72,17.76,6.00,1.06,22.50,0.00,43.50,0.39
192.001,1881.50,13.60,1.57,92.00,92.84,42.75,75.46,94.40,92.76,64.50,92.00,14.23,36.50,117.72,17.76,6.00,1.06,22.50,0.00,43.50,0.39
192.152,1881.50,13.60,1.57,92.00,92.84,42.75,75.46,94.40,92.76,64.50,92.00,14.23,36.50,117.72,17.76,6.00,1.06,22.50,0.00,43.50,0.78
192.301,1881.00,13.60,1.57,92.00,92.84,42.75,75.46,94.40,92.76,64.50,92.00,14.23,36.50,117.72,17.76,6.00,1.06,22.50,0.00,43.50,0.78
192.451,1881.00,13.56,1.57,92.00,92.84,42.75,75.46,94.40,92.76,64.50,92.00,14.23,36.50,117.72,17.76,6.00,1.06,22.50,0.00,43.50,0.78
192.601,1881.00,13.56,1.58,92.00,92.84,42.75,75.46,94.40,92.76,64.50,92.00,14.23,36.50,117.72,17.76,6.00,1.06,22.50,0.00,43.50,0.78
192.752,1881.00,13.56,1.58,84.00,92.84,42.75,75.46,94.40,92.76,64.50,92.00,14.23,36.50,117.72,17.76,6.00,1.06,22.50,0.00,43.50,0.78
192.901,1881.00,13.56,1.58,84.00,90.72,42.75,75.46,94.40,92.76,64.50,92.00,14.23,36.50,117.72,17.76,6.00,1.06,22.50,0.00,43.50,0.78
193.052,1881.00,13.56,1.58,84.00,90.72,42.00,75.46,94.40,92.76,64.50,92.00,14.23,36.50,117.72,17.76,6.00,1.06,22.50,0.00,43.50,0.78
193.200,1881.00,13.56,1.58,84.00,90.72,42.00,74.76,94.40,92.76,64.50,92.00,14.23,36.50,117.72,17.76,6.00,1.06,22.50,0.00,43.50,0.78
193.352,1881.00,13.56,1.58,84.00,90.72,42.00,74.76,93.00,92.76,64.50,92.00,14.23,36.50,117.72,17.76,6.00,1.06,22.50,0.00,43.50,0.78
193.501,1881.00,13.56,1.58,84.00,90.72,42.00,74.76,93.00,94.16,64.50,92.00,14.23,36.50,117.72,17.76,6.00,1.06,22.50,0.00,43.50,0.78
193.652,1881.00,13.56,1.58,84.00,90.72,42.00,74.76,93.00,94.16,63.75,92.00,14.23,36.50,117.72,17.76,6.00,1.06,22.50,0.00,43.50,0.78
193.801,1881.00,13.56,1.58,84.00,90.72,42.00,74.76,93.00,94.16,63.75,92.00,14.23,36.50,117.72,17.76,6.00,1.06,22.50,0.00,43.50,0.78
193.951,1881.00,13.56,1.58,84.00,90.72,42.00,74.76,93.00,94.16,63.75,92.00,14.23,36.50,117.72,17.76,6.00,1.06,22.50,0.00,43.50,0.78
194.101,1881.00,13.56,1.58,84.00,90.72,42.00,74.76,93.00,94.16,63.75,92.00,14.23,36.50,117.72,17.76,6.00,1.06,22.50,0.00,43.50,0.78
194.251,1881.00,13.56,1.58,84.00,90.72,42.00,74.76,93.00,94.16,63.75,92.00,14.23,36.50,117.56,17.76,6.00,1.06,22.50,0.00,43.50,0.78
194.401,1881.00,13.56,1.58,84.00,90.72,42.00,74.76,93.00,94.16,63.75,92.00,14.23,36.50,117.56,17.21,6.00,1.06,22.50,0.00,43.50,0.78
194.552,1881.00,13.56,1.58,84.00,90.72,42.00,74.76,93.00,94.16,63.75,92.00,14.23,36.50,117.56,17.21,6.00,1.06,22.50,0.00,43.50,0.78
194.701,1881.00,13.56,1.58,84.00,90.72,42.00,74.76,93.00,94.16,63.75,92.00,14.23,36.50,117.56,17.21,6.00,1.06,22.50,0.00,43.50,0.78
194.881,1881.00,13.56,1.58,84.00,90.72,42.00,74.76,93.00,94.16,63.75,92.00,14.23,36.50,117.56,17.21,6.00,1.06,22.50,0.00,43.50,0.78
195.031,1881.00,13.56,1.58,84.00,90.72,42.00,74.76,93.00,94.16,63.75,92.00,14.23,36.50,117.56,17.21,6.00,1.06,22.50,0.00,43.50,0.78
195.181,1881.00,13.56,1.58,84.00,90.72,42.00,74.76,93.00,94.16,63.75,92.00,14.23,36.50,117.56,17.21,6.00,1.06,22.50,0.00,43.50,0.78
195.330,1881.00,13.56,1.58,84.00,90.72,42.00,74.76,93.00,94.16,63.75,92.00,14.23,36.50,117.56,17.21,6.00,1.06,22.50,0.00,43.50,0.78
195.481,1888.50,13.56,1.58,84.00,90.72,42.00,74.76,93.00,94.16,63.75,92.00,14.23,36.50,117.56,17.21,6.00,1.06,22.50,0.00,43.50,0.78
195.631,1888.50,13.54,1.58,84.00,90.72,42.00,74.76,93.00,94.16,63.75,92.00,14.23,36.50,117.56,17.21,6.00,1.06,22.50,0.00,43.50,0.78
195.781,1888.50,13.54,1.45,84.00,90.72,42.00,74.76,93.00,94.16,63.75,92.00,14.23,36.50,117.56,17.21,6.00,1.06,22.50,0.00,43.50,0.78
195.931,1888.50,13.54,1.45,80.00,90.72,42.00,74.76,93.00,94.16,63.75,92.00,14.23,36.50,117.56,17.21,6.00,1.06,22.50,0.00,43.50,0.78
196.081,1888.50,13.54,1.45,80.00,80.41,42.00,74.76,93.00,94.16,63.75,92.00,14.23,36.50,117.56,17.21,6.00,1.06,22.50,0.00,43.50,0.78
196.231,1888.50,13.54,1.45,80.00,80.41,38.25,74.76,93.00,94.16,63.75,92.00,14.23,36.50,117.56,17.21,6.00,1.06,22.50,0.00,43.50,0.78
196.381,1888.50,13.54,1.45,80.00,80.41,38.25,74.05,93.00,94.16,63.75,92.00,14.23,36.50,117.56,17.21,6.00,1.06,22.50,0.00,43.50,0.78
196.531,1888.50,13.54,1.45,80.00,80.41,38.25,74.05,84.50,94.16,63.75,92.00,14.23,36.50,117.56,17.21,6.00,1.06,22.50,0.00,43.50,0.78
196.681,1888.50,13.54,1.45,80.00,80.41,38.25,74.05,84.50,95.06,63.75,92.00,14.23,36.50,117.56,17.21,6.00,1.06,22.50,0.00,43.50,0.78
196.831,1888.50,13.54,1.45,80.00,80.41,38.25,74.05,84.50,95.06,61.50,92.00,14.23,36.50,117.56,17.21,6.00,1.06,22.50,0.00,43.50,0.78
196.981,1888.50,13.54,1.45,80.00,80.41,38.25,74.05,84.50,95.06,61.50,92.00,14.23,36.50,117.56,17.21,6.00,1.06,22.50,0.00,43.50,0.78
197.131,1888.50,13.54,1.45,80.00,80.41,38.25,74.05,84.50,95.06,61.50,92.00,14.23,36.50,117.56,17.21,6.00,1.06,22.50,0.00,43.50,0.78
197.281,1888.50,13.54,1.45,80.00,80.41,38.25,74.05,84.50,95.06,61.50,92.00,14.23,36.50,117.56,17.21,6.00,1.06,22.50,0.00,43.50,0.78
197.431,1888.50,13.54,1.45,80.00,80.41,38.25,74.05,84.50,95.06,61.50,92.00,14.23,36.50,117.50,17.21,6.00,1.06,22.50,0.00,43.50,0.78
197.581,1888.50,13.54,1.45,80.00,80.41,38.25,74.05,84.50,95.06,61.50,92.00,14.23,36.50,117.50,17.15,6.00,1.06,22.50,0.00,43.50,0.78
197.731,1888.50,13.54,1.45,80.00,80.41,38.25,74.05,84.50,95.06,61.50,92.00,14.23,36.50,117.50,17.15,6.00,1.06,22.50,0.00,43.50,0.78
197.881,1888.50,13.54,1.45,80.00,80.41,38.25,74.05,84.50,95.06,61.50,92.00,14.23,36.50,117.50,17.15,6.00,1.00,22.50,0.00,43.50,0.78
198.031,1888.50,13.54,1.45,80.00,80.41,38.25,74.05,84.50,95.06,61.50,92.00,14.23,36.50,117.50,17.15,6.00,1.00,24.00,0.00,43.50,0.78
198.181,1888.50,13.54,1.45,80.00,80.41,38.25,74.05,84.50,95.06,61.50,92.00,14.23,36.50,117.50,17.15,6.00,1.00,24.00,0.00,43.50,0.78
198.331,1888.50,13.54,1.45,80.00,80.41,38.25,74.05,84.50,95.06,61.50,92.00,14.23,36.50,117.50,17.15,6.00,1.00,24.00,0.00,43.50,0.78
198.481,1888.50,13.54,1.45,80.00,80.41,38.25,74.05,84.50,95.06,61.50,92.00,14.23,36.50,117.50,17.15,6.00,1.00,24.00,0.00,43.50,0.78
198.631,1886.50,13.54,1.45,80.00,80.41,38.25,74.05,84.50,95.06,61.50,92.00,14.23,36.50,117.50,17.15,6.00,1.00,24.00,0.00,43.50,0.78
198.781,1886.50,13.54,1.45,80.00,80.41,38.25,74.05,84.50,95.06,61.50,92.00,14.23,36.50,117.50,17.15,6.00,1.00,24.00,0.00,43.50,0.78
198.931,1886.50,13.54,1.38,80.00,80.41,38.25,74.05,84.50,95.06,61.50,92.00,14.23,36.50,117.50,17.15,6.00,1.00,24.00,0.00,43.50,0.78
199.081,1886.50,13.54,1.38,80.00,80.41,38.25,74.05,84.50,95.06,61.50,92.00,14.23,36.50,117.50,17.15,6.00,1.00,24.00,0.00,43.50,0.78
199.231,1886.50,13.54,1.38,80.00,80.47,38.25,74.05,84.50,95.06,61.50,92.00,14.23,36.50,117.50,17.15,6.00,1.00,24.00,0.00,43.50,0.78
199.381,1886.50,13.54,1.38,80.00,80.47,37.50,74.05,84.50,95.06,61.50,92.00,14.23,36.50,117.50,17.15,6.00,1.00,24.00,0.00,43.50,0.78
199.531,1886.50,13.54,1.38,80.00,80.47,37.50,73.26,84.50,95.06,61.50,92.00,14.23,36.50,117.50,17.15,6.00,1.00,24.00,0.00,43.50,0.78
199.681,1886.50,13.54,1.38,80.00,80.47,37.50,73.26,84.20,95.06,61.50,92.00,14.23,36.50,117.50,17.15,6.00,1.00,24.00,0.00,43.50,0.78
199.831,1886.50,13.54,1.38,80.00,80.47,37.50,73.26,84.20,95.56,61.50,92.00,14.23,36.50,117.50,17.15,6.00,1.00,24.00,0.00,43.50,0.78
199.981,1886.50,13.54,1.38,80.00,80.47,37.50,73.26,84.20,95.56,57.75,92.00,14.23,36.50,117.50,17.15,6.00,1.00,24.00,0.00,43.50,0.78
200.131,1886.50,13.54,1.38,80.00,80.47,37.50,73.26,84.20,95.56,57.75,92.00,14.23,36.50,117.50,17.15,6.00,1.00,24.00,0.00,43.50,0.78
200.281,1886.50,13.54,1.38,80.00,80.47,37.50,73.26,84.20,95.56,57.75,92.00,14.23,36.50,117.50,17.15,6.00,1.00,24.00,0.00,43.50,0.78
200.431,1886.50,13.54,1.38,80.00,80.47,37.50,73.26,84.20,95.56,57.75,92.00,14.23,36.50,117.50,17.15,6.00,1.00,24.00,0.00,43.50,0.78
200.581,1886.50,13.54,1.38,80.00,80.47,37.50,73.26,84.20,95.56,57.75,92.00,14.23,36.50,117.27,17.15,6.00,1.00,24.00,0.00,43.50,0.78
200.731,1886.50,13.54,1.38,80.00,80.47,37.50,73.26,84.20,95.56,57.75,92.00,14.23,36.50,117.27,17.30,6.00,1.00,24.00,0.00,43.50,0.78
200.881,1886.50,13.54,1.38,80.00,80.47,37.50,73.26,84.20,95.56,57.75,92.00,14.23,36.50,117.27,17.30,6.00,1.00,24.00,0.00,43.50,0.78
201.031,1886.50,13.54,1.38,80.00,80.47,37.50,73.26,84.20,95.56,57.75,92.00,14.23,36.50,117.27,17.30,6.00,1.00,24.00,0.00,43.50,0.78
201.181,1886.50,13.54,1.38,80.00,80.47,37.50,73.26,84.20,95.56,57.75,92.00,14.23,36.50,117.27,17.30,6.00,1.00,24.00,0.00,43.50,0.78
201.331,1886.50,13.54,1.38,80.00,80.47,37.50,73.26,84.20,95.56,57.75,92.00,14.23,36.50,117.27,17.30,6.00,1.00,24.00,0.00,43.50,0.78
201.481,1886.50,13.54,1.38,80.00,80.47,37.50,73.26,84.20,95.56,57.75,92.00,14.23,36.50,117.27,17.30,6.00,1.00,24.00,0.00,43.50,0.78
201.631,1886.50,13.54,1.38,80.00,80.47,37.50,73.26,84.20,95.56,57.75,92.00,14.23,36.50,117.27,17.30,6.00,1.00,24.00,0.00,43.50,0.78
201.781,1884.50,13.54,1.38,80.00,80.47,37.50,73.26,84.20,95.56,57.75,92.00,14.23,36.50,117.27,17.30,6.00,1.00,24.00,0.00,43.50,0.78
201.931,1884.50,13.50,1.38,80.00,80.47,37.50,73.26,84.20,95.56,57.75,92.00,14.23,36.50,117.27,17.30,6.00,1.00,24.00,0.00,43.50,0.78
202.081,1884.50,13.50,1.43,80.00,80.47,37.50,73.26,84.20,95.56,57.75,92.00,14.23,36.50,117.27,17.30,6.00,1.00,24.00,0.00,43.50,0.78
202.231,1884.50,13.50,1.43,84.00,80.47,37.50,73.26,84.20,95.56,57.75,92.00,14.23,36.50,117.27,17.30,6.00,1.00,24.00,0.00,43.50,0.78
202.381,1884.50,13.50,1.43,84.00,83.47,37.50,73.26,84.20,95.56,57.75,92.00,14.23,36.50,117.27,17.30,6.00,1.00,24.00,0.00,43.50,0.78
202.561,1884.50,13.50,1.43,84.00,83.47,38.25,73.26,84.20,95.56,57.75,92.00,14.23,36.50,117.27,17.30,6.00,1.00,24.00,0.00,43.50,0.78
202.711,1884.50,13.50,1.43,84.00,83.47,38.25,72.46,84.20,95.56,57.75,92.00,14.23,36.50,117.27,17.30,6.00,1.00,24.00,0.00,43.50,0.78
202.863,1884.50,13.50,1.43,84.00,83.47,38.25,72.46,84.60,95.56,57.75,92.00,14.23,36.50,117.27,17.30,6.00,1.00,24.00,0.00,43.50,0.78
203.011,1884.50,13.50,1.43,84.00,83.47,38.25,72.46,84.60,95.06,57.75,92.00,14.23,36.50,117.27,17.30,6.00,1.00,24.00,0.00,43.50,0.78
203.163,1884.50,13.50,1.43,84.00,83.47,38.25,72.46,84.60,95.06,53.25,92.00,14.23,36.50,117.27,17.30,6.00,1.00,24.00,0.00,43.50,0.78
203.311,1884.50,13.50,1.43,84.00,83.47,38.25,72.46,84.60,95.06,53.25,92.00,14.23,36.50,117.27,17.30,6.00,1.00,24.00,0.00,43.50,0.78
203.463,1884.50,13.50,1.43,84.00,83.47,38.25,72.46,84.60,95.06,53.25,92.00,14.23,36.50,117.27,17.30,6.00,1.00,24.00,0.00,43.50,0.78
203.611,1884.50,13.50,1.43,84.00,83.47,38.25,72.46,84.60,95.06,53.25,92.00,14.23,36.50,117.27,17.30,6.00,1.00,24.00,0.00,43.50,0.78
203.763,1884.50,13.50,1.43,84.00,83.47,38.25,72.46,84.60,95.06,53.25,92.00,14.23,36.50,117.45,17.30,6.00,1.00,24.00,0.00,43.50,0.78
203.911,1884.50,13.50,1.43,84.00,83.47,38.25,72.46,84.60,95.06,53.25,92.00,14.23,36.50,117.45,17.12,6.00,1.00,24.00,0.00,43.50,0.78
204.063,1884.50,13.50,1.43,84.00,83.47,38.25,72.46,84.60,95.06,53.25,92.00,14.23,36.50,117.45,17.12,6.00,1.00,24.00,0.00,43.50,0.78
204.212,1884.50,13.50,1.43,84.00,83.47,38.25,72.46,84.60,95.06,53.25,92.00,14.23,36.50,117.45,17.12,6.00,1.00,24.00,0.00,43.50,0.78
204.363,1884.50,13.50,1.43,84.00,83.47,38.25,72.46,84.60,95.06,53.25,92.00,14.23,36.50,117.45,17.12,6.00,1.00,24.00,0.00,43.50,0.78
204.511,1884.50,13.50,1.43,84.00,83.47,38.25,72.46,84.60,95.06,53.25,92.00,14.23,36.50,117.45,17.12,6.00,1.00,24.00,0.00,43.50,0.78
204.663,1884.50,13.50,1.43,84.00,83.47,38.25,72.46,84.60,95.06,53.25,92.00,14.23,36.50,117.45,17.12,6.00,1.00,24.00,0.00,43.50,0.78
204.811,1884.50,13.50,1.43,84.00,83.47,38.25,72.46,84.60,95.06,53.25,92.00,14.23,36.50,117.45,17.12,6.00,1.00,24.00,0.00,43.50,0.78
204.962,1885.50,13.50,1.43,84.00,83.47,38.25,72.46,84.60,95.06,53.25,92.00,14.23,36.50,117.45,17.12,6.00,1.00,24.00,0.00,43.50,0.78
205.111,1885.50,13.49,1.43,84.00,83.47,38.25,72.46,84.60,95.06,53.25,92.00,14.23,36.50,117.45,17.12,6.00,1.00,24.00,0.00,43.50,0.78
205.263,1885.50,13.49,1.42,84.00,83.47,38.25,72.46,84.60,95.06,53.25,92.00,14.23,36.50,117.45,17.12,6.00,1.00,24.00,0.00,43.50,0.78
205.411,1885.50,13.49,1.42,84.00,83.47,38.25,72.46,84.60,95.06,53.25,92.00,14.23,36.50,117.45,17.12,6.00,1.00,24.00,0.00,43.50,0.78
205.561,1885.50,13.49,1.42,84.00,81.28,38.25,72.46,84.60,95.06,53.25,92.00,14.23,36.50,117.45,17.12,6.00,1.00,24.00,0.00,43.50,0.78
205.711,1885.50,13.49,1.42,84.00,81.28,38.25,72.46,84.60,95.06,53.25,92.00,14.23,36.50,117.45,17.12,6.00,1.00,24.00,0.00,43.50,0.78
205.862,1885.50,13.49,1.42,84.00,81.28,38.25,71.76,84.60,95.06,53.25,92.00,14.23,36.50,117.45,17.12,6.00,1.00,24.00,0.00,43.50,0.78
206.131,1885.50,13.49,1.42,84.00,81.28,38.25,71.76,84.10,95.06,53.25,92.00,14.23,36.50,117.45,17.12,6.00,1.00,24.00,0.00,43.50,0.78
206.281,1885.50,13.49,1.42,84.00,81.28,38.25,71.76,84.10,93.76,53.25,92.00,14.23,36.50,117.45,17.12,6.00,1.00,24.00,0.00,43.50,0.78
206.431,1885.50,13.49,1.42,84.00,81.28,38.25,71.76,84.10,93.76,49.50,92.00,14.23,36.50,117.45,17.12,6.00,1.00,24.00,0.00,43.50,0.78
206.581,1885.50,13.49,1.42,84.00,81.28,38.25,71.76,84.10,93.76,49.50,92.00,14.23,36.50,117.45,17.12,6.00,1.00,24.00,0.00,43.50,0.78
206.731,1885.50,13.49,1.42,84.00,81.28,38.25,71.76,84.10,93.76,49.50,92.00,14.22,36.50,117.45,17.12,6.00,1.00,24.00,0.00,43.50,0.78
206.881,1885.50,13.49,1.42,84.00,81.28,38.25,71.76,84.10,93.76,49.50,92.00,14.22,36.50,117.45,17.12,6.00,1.00,24.00,0.00,43.50,0.78
207.031,1885.50,13.49,1.42,84.00,81.28,38.25,71.76,84.10,93.76,49.50,92.00,14.22,36.50,117.39,17.12,6.00,1.00,24.00,0.00,43.50,0.78
207.181,1885.50,13.49,1.42,84.00,81.28,38.25,71.76,84.10,93.76,49.50,92.00,14.22,36.50,117.39,17.15,6.00,1.00,24.00,0.00,43.50,0.78
207.331,1885.50,13.49,1.42,84.00,81.28,38.25,71.76,84.10,93.76,49.50,92.00,14.22,36.50,117.39,17.15,6.00,1.00,24.00,0.00,43.50,0.78
207.481,1885.50,13.49,1.42,84.00,81.28,38.25,71.76,84.10,93.76,49.50,92.00,14.22,36.50,117.39,17.15,6.00,1.00,24.00,0.00,43.50,0.78
207.631,1885.50,13.49,1.42,84.00,81.28,38.25,71.76,84.10,93.76,49.50,92.00,14.22,36.50,117.39,17.15,6.00,1.00,24.00,0.00,43.50,0.78
207.781,1885.50,13.49,1.42,84.00,81.28,38.25,71.76,84.10,93.76,49.50,92.00,14.22,36.50,117.39,17.15,6.00,1.00,24.00,0.00,43.50,0.78
207.931,1885.50,13.49,1.42,84.00,81.28,38.25,71.76,84.10,93.76,49.50,92.00,14.22,36.50,117.39,17.15,6.00,1.00,24.00,0.00,42.75,0.78
208.081,1885.50,13.49,1.42,84.00,81.28,38.25,71.76,84.10,93.76,49.50,92.00,14.22,36.50,117.39,17.15,6.00,1.00,24.00,0.00,42.75,0.78
208.231,1881.50,13.49,1.42,84.00,81.28,38.25,71.76,84.10,93.76,49.50,92.00,14.22,36.50,117.39,17.15,6.00,1.00,24.00,0.00,42.75,0.78
208.381,1881.50,13.49,1.42,84.00,81.28,38.25,71.76,84.10,93.76,49.50,92.00,14.22,36.50,117.39,17.15,6.00,1.00,24.00,0.00,42.75,0.78
208.531,1881.50,13.49,1.30,84.00,81.28,38.25,71.76,84.10,93.76,49.50,92.00,14.22,36.50,117.39,17.15,6.00,1.00,24.00,0.00,42.75,0.78
208.681,1881.50,13.49,1.30,80.00,81.28,38.25,71.76,84.10,93.76,49.50,92.00,14.22,36.50,117.39,17.15,6.00,1.00,24.00,0.00,42.75,0.78
208.831,1881.50,13.49,1.30,80.00,79.50,38.25,71.76,84.10,93.76,49.50,92.00,14.22,36.50,117.39,17.15,6.00,1.00,24.00,0.00,42.75,0.78
208.981,1881.50,13.49,1.30,80.00,79.50,36.00,71.76,84.10,93.76,49.50,92.00,14.22,36.50,117.39,17.15,6.00,1.00,24.00,0.00,42.75,0.78
209.131,1881.50,13.49,1.30,80.00,79.50,36.00,71.15,84.10,93.76,49.50,92.00,14.22,36.50,117.39,17.15,6.00,1.00,24.00,0.00,42.75,0.78
209.281,1881.50,13.49,1.30,80.00,79.50,36.00,71.15,79.80,93.76,49.50,92.00,14.22,36.50,117.39,17.15,6.00,1.00,24.00,0.00,42.75,0.78
209.431,1881.50,13.49,1.30,80.00,79.50,36.00,71.15,79.80,92.66,49.50,92.00,14.22,36.50,117.39,17.15,6.00,1.00,24.00,0.00,42.75,0.78
209.581,1881.50,13.49,1.30,80.00,79.50,36.00,71.15,79.80,92.66,48.75,92.00,14.22,36.50,117.39,17.15,6.00,1.00,24.00,0.00,42.75,0.78
209.731,1881.50,13.49,1.30,80.00,79.50,36.00,71.15,79.80,92.66,48.75,92.00,14.22,36.50,117.39,17.15,6.00,1.00,24.00,0.00,42.75,0.78
209.881,1881.50,13.49,1.30,80.00,79.50,36.00,71.15,79.80,92.66,48.75,92.00,14.22,36.50,117.39,17.15,6.00,1.00,24.00,0.00,42.75,0.78
210.031,1881.50,13.49,1.30,80.00,79.50,36.00,71.15,79.80,92.66,48.75,92.00,14.22,36.50,117.39,17.15,6.00,1.00,24.00,0.00,42.75,0.78
210.181,1881.50,13.49,1.30,80.00,79.50,36.00,71.15,79.80,92.66,48.75,92.00,14.22,36.50,117.50,17.15,6.00,1.00,24.00,0.00,42.75,0.78
210.363,1881.50,13.49,1.30,80.00,79.50,36.00,71.15,79.80,92.66,48.75,92.00,14.22,36.50,117.50,17.16,6.00,1.00,24.00,0.00,42.75,0.78
210.511,1881.50,13.49,1.30,80.00,79.50,36.00,71.15,79.80,92.66,48.75,92.00,14.22,36.50,117.50,17.16,6.00,1.00,24.00,0.00,42.75,0.78
210.663,1881.50,13.49,1.30,80.00,79.50,36.00,71.15,79.80,92.66,48.75,92.00,14.22,36.50,117.50,17.16,6.00,0.99,24.00,0.00,42.75,0.78
210.811,1881.50,13.49,1.30,80.00,79.50,36.00,71.15,79.80,92.66,48.75,92.00,14.22,36.50,117.50,17.16,6.00,0.99,24.00,0.00,42.75,0.78
210.963,1881.50,13.49,1.30,80.00,79.50,36.00,71.15,79.80,92.66,48.75,92.00,14.22,36.50,117.50,17.16,6.00,0.99,24.00,0.00,42.75,0.78
211.111,1881.50,13.49,1.30,80.00,79.50,36.00,71.15,79.80,92.66,48.75,92.00,14.22,36.50,117.50,17.16,6.00,0.99,24.00,0.00,43.50,0.78
211.263,1881.50,13.49,1.30,80.00,79.50,36.00,71.15,79.80,92.66,48.75,92.00,14.22,36.50,117.50,17.16,6.00,0.99,24.00,0.00,43.50,0.78
211.411,1885.00,13.49,1.30,80.00,79.50,36.00,71.15,79.80,92.66,48.75,92.00,14.22,36.50,117.50,17.16,6.00,0.99,24.00,0.00,43.50,0.78
211.563,1885.00,13.50,1.30,80.00,79.50,36.00,71.15,79.80,92.66,48.75,92.00,14.22,36.50,117.50,17.16,6.00,0.99,24.00,0.00,43.50,0.78
211.981,1885.00,13.50,1.22,80.00,79.50,36.00,71.15,79.80,92.66,48.75,92.00,14.22,36.50,117.50,17.16,6.00,0.99,24.00,0.00,43.50,0.78
212.221,1885.00,13.50,1.22,80.00,79.50,36.00,71.15,79.80,92.66,48.75,92.00,14.22,36.50,117.50,17.16,6.00,0.99,24.00,0.00,43.50,0.78
212.463,1885.00,13.50,1.22,80.00,76.19,36.00,71.15,79.80,92.66,48.75,92.00,14.22,36.50,117.50,17.16,6.00,0.99,24.00,0.00,43.50,0.78
212.701,1885.00,13.50,1.22,80.00,76.19,36.00,71.15,79.80,92.66,48.75,92.00,14.22,36.50,117.50,17.16,6.00,0.99,24.00,0.00,43.50,0.78
212.941,1885.00,13.50,1.22,80.00,76.19,36.00,70.44,79.80,92.66,48.75,92.00,14.22,36.50,117.50,17.16,6.00,0.99,24.00,0.00,43.50,0.78
213.181,1885.00,13.50,1.22,80.00,76.19,36.00,70.44,79.60,92.66,48.75,92.00,14.22,36.50,117.50,17.16,6.00,0.99,24.00,0.00,43.50,0.78
213.421,1885.00,13.50,1.22,80.00,76.19,36.00,70.44,79.60,92.16,48.75,92.00,14.22,36.50,117.50,17.16,6.00,0.99,24.00,0.00,43.50,0.78
213.661,1885.00,13.50,1.22,80.00,76.19,36.00,70.44,79.60,92.16,48.75,92.00,14.22,36.50,117.50,17.16,6.00,0.99,24.00,0.00,43.50,0.78
213.901,1885.00,13.50,1.22,80.00,76.19,36.00,70.44,79.60,92.16,48.75,92.00,14.22,36.50,117.50,17.16,6.00,0.99,24.00,0.00,43.50,0.78
214.141,1885.00,13.50,1.22,80.00,76.19,36.00,70.44,79.60,92.16,48.75,92.00,14.22,36.50,117.50,17.16,6.00,0.99,24.00,0.00,43.50,0.78
214.381,1885.00,13.50,1.22,80.00,76.19,36.00,70.44,79.60,92.16,48.75,92.00,14.22,36.50,117.50,17.16,6.00,0.99,24.00,0.00,43.50,0.78
214.621,1885.00,13.50,1.22,80.00,76.19,36.00,70.44,79.60,92.16,48.75,92.00,14.22,36.50,115.95,17.16,6.00,0.99,24.00,0.00,43.50,0.78
214.863,1885.00,13.50,1.22,80.00,76.19,36.00,70.44,79.60,92.16,48.75,92.00,14.22,36.50,115.95,8.40,6.00,0.99,24.00,0.00,43.50,0.78
215.101,1885.00,13.50,1.22,80.00,76.19,36.00,70.44,79.60,92.16,48.75,92.00,14.22,36.50,115.95,8.40,6.00,0.99,24.00,0.00,43.50,0.78
215.341,1885.00,13.50,1.22,80.00,76.19,36.00,70.44,79.60,92.16,48.75,92.00,14.22,36.50,115.95,8.40,6.00,3.73,24.00,0.00,43.50,0.78
215.581,1885.00,13.50,1.22,80.00,76.19,36.00,70.44,79.60,92.16,48.75,92.00,14.22,36.50,115.95,8.40,6.00,3.73,-15.75,0.00,43.50,0.78
215.821,1885.00,13.50,1.22,80.00,76.19,36.00,70.44,79.60,92.16,48.75,92.00,14.22,36.50,115.95,8.40,6.00,3.73,-15.75,0.00,43.50,0.78
216.061,1885.00,13.50,1.22,80.00,76.19,36.00,70.44,79.60,92.16,48.75,92.00,14.22,36.50,115.95,8.40,6.00,3.73,-15.75,0.00,43.50,0.78
216.301,1885.00,13.50,1.22,80.00,76.19,36.00,70.44,79.60,92.16,48.75,92.00,14.22,36.50,115.95,8.40,6.00,3.73,-15.75,0.00,43.50,0.00
216.541,2265.00,13.50,1.22,80.00,76.19,36.00,70.44,79.60,92.16,48.75,92.00,14.22,36.50,115.95,8.40,6.00,3.73,-15.75,0.00,43.50,0.00
216.781,2265.00,13.50,1.22,80.00,76.19,36.00,70.44,79.60,92.16,48.75,92.00,14.22,36.50,115.95,8.40,6.00,3.73,-15.75,0.00,43.50,0.00
217.021,2265.00,13.50,0.37,80.00,76.19,36.00,70.44,79.60,92.16,48.75,92.00,14.22,36.50,115.95,8.40,6.00,3.73,-15.75,0.00,43.50,0.00
217.263,2265.00,13.50,0.37,44.00,76.19,36.00,70.44,79.60,92.16,48.75,92.00,14.22,36.50,115.95,8.40,6.00,3.73,-15.75,0.00,43.50,0.00
217.501,2265.00,13.50,0.37,44.00,46.16,36.00,70.44,79.60,92.16,48.75,92.00,14.22,36.50,115.95,8.40,6.00,3.73,-15.75,0.00,43.50,0.00
217.741,2265.00,13.50,0.37,44.00,46.16,18.00,70.44,79.60,92.16,48.75,92.00,14.22,36.50,115.95,8.40,6.00,3.73,-15.75,0.00,43.50,0.00
217.981,2265.00,13.50,0.37,44.00,46.16,18.00,70.05,79.60,92.16,48.75,92.00,14.22,36.50,115.95,8.40,6.00,3.73,-15.75,0.00,43.50,0.00
218.221,2265.00,13.50,0.37,44.00,46.16,18.00,70.05,45.20,92.16,48.75,92.00,14.22,36.50,115.95,8.40,6.00,3.73,-15.75,0.00,43.50,0.00
218.491,2265.00,13.50,0.37,44.00,46.16,18.00,70.05,45.20,91.36,48.75,92.00,14.22,36.50,115.95,8.40,6.00,3.73,-15.75,0.00,43.50,0.00
218.731,2265.00,13.50,0.37,44.00,46.16,18.00,70.05,45.20,91.36,49.50,92.00,14.22,36.50,115.95,8.40,6.00,3.73,-15.75,0.00,43.50,0.00
218.972,2265.00,13.50,0.37,44.00,46.16,18.00,70.05,45.20,91.36,49.50,92.00,14.22,36.50,115.95,8.40,6.00,3.73,-15.75,0.00,43.50,0.00
219.211,2265.00,13.50,0.37,44.00,46.16,18.00,70.05,45.20,91.36,49.50,92.00,14.22,36.50,115.95,8.40,6.00,3.73,-15.75,0.00,43.50,0.00
219.453,2265.00,13.50,0.37,44.00,46.16,18.00,70.05,45.20,91.36,49.50,92.00,14.22,37.00,115.95,8.40,6.00,3.73,-15.75,0.00,43.50,0.00
219.691,2265.00,13.50,0.37,44.00,46.16,18.00,70.05,45.20,91.36,49.50,92.00,14.22,37.00,106.78,8.40,6.00,3.73,-15.75,0.00,43.50,0.00
219.931,2265.00,13.50,0.37,44.00,46.16,18.00,70.05,45.20,91.36,49.50,92.00,14.22,37.00,106.78,13.19,6.00,3.73,-15.75,0.00,43.50,0.00
220.171,2265.00,13.50,0.37,44.00,46.16,18.00,70.05,45.20,91.36,49.50,92.00,14.22,37.00,106.78,13.19,6.00,3.73,-15.75,0.00,43.50,0.00
220.411,2265.00,13.50,0.37,44.00,46.16,18.00,70.05,45.20,91.36,49.50,92.00,14.22,37.00,106.78,13.19,6.00,2.08,-15.75,0.00,43.50,0.00
220.681,2265.00,13.50,0.37,44.00,46.16,18.00,70.05,45.20,91.36,49.50,92.00,14.22,37.00,106.78,13.19,6.00,2.08,15.75,0.00,43.50,0.00
220.953,2265.00,13.50,0.37,44.00,46.16,18.00,70.05,45.20,91.36,49.50,92.00,14.22,37.00,106.78,13.19,6.00,2.08,15.75,0.00,43.50,0.00
221.191,2265.00,13.50,0.37,44.00,46.16,18.00,70.05,45.20,91.36,49.50,92.00,14.22,37.00,106.78,13.19,6.00,2.08,15.75,0.00,43.50,0.00
221.431,2265.00,13.50,0.37,44.00,46.16,18.00,70.05,45.20,91.36,49.50,92.00,14.22,37.00,106.78,13.19,6.00,2.08,15.75,0.00,43.50,0.00
221.672,2157.00,13.50,0.37,44.00,46.16,18.00,70.05,45.20,91.36,49.50,92.00,14.22,37.00,106.78,13.19,6.00,2.08,15.75,0.00,43.50,0.00
221.911,2157.00,13.53,0.37,44.00,46.16,18.00,70.05,45.20,91.36,49.50,92.00,14.22,37.00,106.78,13.19,6.00,2.08,15.75,0.00,43.50,0.00
222.153,2157.00,13.53,0.70,44.00,46.16,18.00,70.05,45.20,91.36,49.50,92.00,14.22,37.00,106.78,13.19,6.00,2.08,15.75,0.00,43.50,0.00
222.391,2157.00,13.53,0.70,84.00,46.16,18.00,70.05,45.20,91.36,49.50,92.00,14.22,37.00,106.78,13.19,6.00,2.08,15.75,0.00,43.50,0.00
222.631,2157.00,13.53,0.70,84.00,82.78,18.00,70.05,45.20,91.36,49.50,92.00,14.22,37.00,106.78,13.19,6.00,2.08,15.75,0.00,43.50,0.00
222.872,2157.00,13.53,0.70,84.00,82.78,32.25,70.05,45.20,91.36,49.50,92.00,14.22,37.00,106.78,13.19,6.00,2.08,15.75,0.00,43.50,0.00
223.141,2157.00,13.53,0.70,84.00,82.78,32.25,68.64,45.20,91.36,49.50,92.00,14.22,37.00,106.78,13.19,6.00,2.08,15.75,0.00,43.50,0.00
223.381,2157.00,13.53,0.70,84.00,82.78,32.25,68.64,83.00,91.36,49.50,92.00,14.22,37.00,106.78,13.19,6.00,2.08,15.75,0.00,43.50,0.00
223.621,2157.00,13.53,0.70,84.00,82.78,32.25,68.64,83.00,90.26,49.50,92.00,14.22,37.00,106.78,13.19,6.00,2.08,15.75,0.00,43.50,0.00
223.863,2157.00,13.53,0.70,84.00,82.78,32.25,68.64,83.00,90.26,50.25,92.00,14.22,37.00,106.78,13.19,6.00,2.08,15.75,0.00,43.50,0.00
224.101,2157.00,13.53,0.70,84.00,82.78,32.25,68.64,83.00,90.26,50.25,92.00,14.22,37.00,106.78,13.19,6.00,2.08,15.75,0.00,43.50,0.00
224.341,2157.00,13.53,0.70,84.00,82.78,32.25,68.64,83.00,90.26,50.25,92.00,14.22,37.00,106.78,13.19,6.00,2.08,15.75,0.00,43.50,0.00
224.581,2157.00,13.53,0.70,84.00,82.78,32.25,68.64,83.00,90.26,50.25,92.00,14.22,37.00,106.78,13.19,6.00,2.08,15.75,0.00,43.50,0.00
224.821,2157.00,13.53,0.70,84.00,82.78,32.25,68.64,83.00,90.26,50.25,92.00,14.22,37.00,105.50,13.19,6.00,2.08,15.75,0.00,43.50,0.00
225.063,2157.00,13.53,0.70,84.00,82.78,32.25,68.64,83.00,90.26,50.25,92.00,14.22,37.00,105.50,17.10,6.00,2.08,15.75,0.00,43.50,0.00
225.301,2157.00,13.53,0.70,84.00,82.78,32.25,68.64,83.00,90.26,50.25,92.00,14.22,37.00,105.50,17.10,6.00,2.08,15.75,0.00,43.50,0.00
225.541,2157.00,13.53,0.70,84.00,82.78,32.25,68.64,83.00,90.26,50.25,92.00,14.22,37.00,105.50,17.10,6.00,1.00,15.75,0.00,43.50,0.00
225.811,2157.00,13.53,0.70,84.00,82.78,32.25,68.64,83.00,90.26,50.25,92.00,14.22,37.00,105.50,17.10,6.00,1.00,24.75,0.00,43.50,0.00
226.053,2157.00,13.53,0.70,84.00,82.78,32.25,68.64,83.00,90.26,50.25,92.00,14.22,37.00,105.50,17.10,6.00,1.00,24.75,0.00,43.50,0.00
226.291,2157.00,13.53,0.70,84.00,82.78,32.25,68.64,83.00,90.26,50.25,92.00,14.22,37.00,105.50,17.10,6.00,1.00,24.75,0.00,43.50,0.00
226.531,2157.00,13.53,0.70,84.00,82.78,32.25,68.64,83.00,90.26,50.25,92.00,14.22,37.00,105.50,17.10,6.00,1.00,24.75,0.00,43.50,0.00
226.772,2186.50,13.53,0.70,84.00,82.78,32.25,68.64,83.00,90.26,50.25,92.00,14.22,37.00,105.50,17.10,6.00,1.00,24.75,0.00,43.50,0.00
227.011,2186.50,13.26,0.70,84.00,82.78,32.25,68.64,83.00,90.26,50.25,92.00,14.22,37.00,105.50,17.10,6.00,1.00,24.75,0.00,43.50,0.00
227.253,2186.50,13.26,1.47,84.00,82.78,32.25,68.64,83.00,90.26,50.25,92.00,14.22,37.00,105.50,17.10,6.00,1.00,24.75,0.00,43.50,0.00
227.491,2186.50,13.26,1.47,76.00,82.78,32.25,68.64,83.00,90.26,50.25,92.00,14.22,37.00,105.50,17.10,6.00,1.00,24.75,0.00,43.50,0.00
227.731,2186.50,13.26,1.47,76.00,83.38,32.25,68.64,83.00,90.26,50.25,92.00,14.22,37.00,105.50,17.10,6.00,1.00,24.75,0.00,43.50,0.00
227.973,2186.50,13.26,1.47,76.00,83.38,23.25,68.64,83.00,90.26,50.25,92.00,14.22,37.00,105.50,17.10,6.00,1.00,24.75,0.00,43.50,0.00
228.211,2186.50,13.26,1.47,76.00,83.38,23.25,68.05,83.00,90.26,50.25,92.00,14.22,37.00,105.50,17.10,6.00,1.00,24.75,0.00,43.50,0.00
228.451,2186.50,13.26,1.47,76.00,83.38,23.25,68.05,35.00,90.26,50.25,92.00,14.22,37.00,105.50,17.10,6.00,1.00,24.75,0.00,43.50,0.00
228.691,2186.50,13.26,1.47,76.00,83.38,23.25,68.05,35.00,91.36,50.25,92.00,14.22,37.00,105.50,17.10,6.00,1.00,24.75,0.00,43.50,0.00
228.931,2186.50,13.26,1.47,76.00,83.38,23.25,68.05,35.00,91.36,50.25,92.00,14.22,37.00,105.50,17.10,6.00,1.00,24.75,0.00,43.50,0.00
229.172,2186.50,13.26,1.47,76.00,83.38,23.25,68.05,35.00,91.36,50.25,92.00,14.22,37.00,105.50,17.10,6.00,1.00,24.75,0.00,43.50,0.00
229.441,2186.50,13.26,1.47,76.00,83.38,23.25,68.05,35.00,91.36,50.25,92.00,14.21,37.00,105.50,17.10,6.00,1.00,24.75,0.00,43.50,0.00
229.681,2186.50,13.26,1.47,76.00,83.38,23.25,68.05,35.00,91.36,50.25,92.00,14.21,37.00,105.50,17.10,6.00,1.00,24.75,0.00,43.50,0.00
229.921,2186.50,13.26,1.47,76.00,83.38,23.25,68.05,35.00,91.36,50.25,92.00,14.21,37.00,103.86,17.10,6.00,1.00,24.75,0.00,43.50,0.00
230.162,2186.50,13.26,1.47,76.00,83.38,23.25,68.05,35.00,91.36,50.25,92.00,14.21,37.00,103.86,10.25,6.00,1.00,24.75,0.00,43.50,0.00
230.401,2186.50,13.26,1.47,76.00,83.38,23.25,68.05,35.00,91.36,50.25,92.00,14.21,37.00,103.86,10.25,6.00,1.00,24.75,0.00,43.50,0.00
230.641,2186.50,13.26,1.47,76.00,83.38,23.25,68.05,35.00,91.36,50.25,92.00,14.21,37.00,103.86,10.25,6.00,1.00,24.75,0.00,43.50,0.00
230.881,2186.50,13.26,1.47,76.00,83.38,23.25,68.05,35.00,91.36,50.25,92.00,14.21,37.00,103.86,10.25,6.00,1.00,20.25,0.00,43.50,0.00
231.121,2186.50,13.26,1.47,76.00,83.38,23.25,68.05,35.00,91.36,50.25,92.00,14.21,37.00,103.86,10.25,6.00,1.00,20.25,0.00,43.50,0.00
231.363,2186.50,13.26,1.47,76.00,83.38,23.25,68.05,35.00,91.36,50.25,92.00,14.21,37.00,103.86,10.25,6.00,1.00,20.25,0.00,44.25,0.00
231.601,2186.50,13.26,1.47,76.00,83.38,23.25,68.05,35.00,91.36,50.25,92.00,14.21,37.00,103.86,10.25,6.00,1.00,20.25,0.00,44.25,0.00
231.841,2101.00,13.26,1.47,76.00,83.38,23.25,68.05,35.00,91.36,50.25,92.00,14.21,37.00,103.86,10.25,6.00,1.00,20.25,0.00,44.25,0.00
232.081,2101.00,13.51,1.47,76.00,83.38,23.25,68.05,35.00,91.36,50.25,92.00,14.21,37.00,103.86,10.25,6.00,1.00,20.25,0.00,44.25,0.00
232.321,2101.00,13.51,0.60,76.00,83.38,23.25,68.05,35.00,91.36,50.25,92.00,14.21,37.00,103.86,10.25,6.00,1.00,20.25,0.00,44.25,0.00
232.561,2101.00,13.51,0.60,84.00,83.38,23.25,68.05,35.00,91.36,50.25,92.00,14.21,37.00,103.86,10.25,6.00,1.00,20.25,0.00,44.25,0.00
232.801,2101.00,13.51,0.60,84.00,90.00,23.25,68.05,35.00,91.36,50.25,92.00,14.21,37.00,103.86,10.25,6.00,1.00,20.25,0.00,44.25,0.00
233.041,2101.00,13.51,0.60,84.00,90.00,40.50,68.05,35.00,91.36,50.25,92.00,14.21,37.00,103.86,10.25,6.00,1.00,20.25,0.00,44.25,0.00
233.281,2101.00,13.51,0.60,84.00,90.00,40.50,67.96,35.00,91.36,50.25,92.00,14.21,37.00,103.86,10.25,6.00,1.00,20.25,0.00,44.25,0.00
233.521,2101.00,13.51,0.60,84.00,90.00,40.50,67.96,115.80,91.36,50.25,92.00,14.21,37.00,103.86,10.25,6.00,1.00,20.25,0.00,44.25,0.00
233.763,2101.00,13.51,0.60,84.00,90.00,40.50,67.96,115.80,92.86,50.25,92.00,14.21,37.00,103.86,10.25,6.00,1.00,20.25,0.00,44.25,0.00
234.001,2101.00,13.51,0.60,84.00,90.00,40.50,67.96,115.80,92.86,50.25,92.00,14.21,37.00,103.86,10.25,6.00,1.00,20.25,0.00,44.25,0.00
234.241,2101.00,13.51,0.60,84.00,90.00,40.50,67.96,115.80,92.86,50.25,92.00,14.21,37.00,103.86,10.25,6.00,1.00,20.25,0.00,44.25,0.00
234.481,2101.00,13.51,0.60,84.00,90.00,40.50,67.96,115.80,92.86,50.25,92.00,14.21,37.00,103.86,10.25,6.00,1.00,20.25,0.00,44.25,0.00
234.721,2101.00,13.51,0.60,84.00,90.00,40.50,67.96,115.80,92.86,50.25,92.00,14.21,37.00,103.86,10.25,6.00,1.00,20.25,0.00,44.25,0.00
234.963,2101.00,13.51,0.60,84.00,90.00,40.50,67.96,115.80,92.86,50.25,92.00,14.21,37.00,104.59,10.25,6.00,1.00,20.25,0.00,44.25,0.00
235.201,2101.00,13.51,0.60,84.00,90.00,40.50,67.96,115.80,92.86,50.25,92.00,14.21,37.00,104.59,17.95,6.00,1.00,20.25,0.00,44.25,0.00
235.441,2101.00,13.51,0.60,84.00,90.00,40.50,67.96,115.80,92.86,50.25,92.00,14.21,37.00,104.59,17.95,6.00,1.00,20.25,0.00,44.25,0.00
235.682,2101.00,13.51,0.60,84.00,90.00,40.50,67.96,115.80,92.86,50.25,92.00,14.21,37.00,104.59,17.95,6.00,1.00,20.25,0.00,44.25,0.00
235.921,2101.00,13.51,0.60,84.00,90.00,40.50,67.96,115.80,92.86,50.25,92.00,14.21,37.00,104.59,17.95,6.00,1.00,22.50,0.00,44.25,0.00
236.163,2101.00,13.51,0.60,84.00,90.00,40.50,67.96,115.80,92.86,50.25,92.00,14.21,37.00,104.59,17.95,6.00,1.00,22.50,0.00,44.25,0.00
236.401,2101.00,13.51,0.60,84.00,90.00,40.50,67.96,115.80,92.86,50.25,92.00,14.21,37.00,104.59,17.95,6.00,1.00,22.50,0.00,44.25,0.00
236.641,2101.00,13.51,0.60,84.00,90.00,40.50,67.96,115.80,92.86,50.25,92.00,14.21,37.00,104.59,17.95,6.00,1.00,22.50,0.00,44.25,0.00
236.881,2196.00,13.51,0.60,84.00,90.00,40.50,67.96,115.80,92.86,50.25,92.00,14.21,37.00,104.59,17.95,6.00,1.00,22.50,0.00,44.25,0.00
237.121,2196.00,13.57,0.60,84.00,90.00,40.50,67.96,115.80,92.86,50.25,92.00,14.21,37.00,104.59,17.95,6.00,1.00,22.50,0.00,44.25,0.00
237.362,2196.00,13.57,2.50,84.00,90.00,40.50,67.96,115.80,92.86,50.25,92.00,14.21,37.00,104.59,17.95,6.00,1.00,22.50,0.00,44.25,0.00
237.601,2196.00,13.57,2.50,112.00,90.00,40.50,67.96,115.80,92.86,50.25,92.00,14.21,37.00,104.59,17.95,6.00,1.00,22.50,0.00,44.25,0.00
237.841,2196.00,13.57,2.50,112.00,111.69,40.50,67.96,115.80,92.86,50.25,92.00,14.21,37.00,104.59,17.95,6.00,1.00,22.50,0.00,44.25,0.00
238.081,2196.00,13.57,2.50,112.00,111.69,43.50,67.96,115.80,92.86,50.25,92.00,14.21,37.00,104.59,17.95,6.00,1.00,22.50,0.00,44.25,0.00
238.321,2196.00,13.57,2.50,112.00,111.69,43.50,69.46,115.80,92.86,50.25,92.00,14.21,37.00,104.59,17.95,6.00,1.00,22.50,0.00,44.25,0.00
238.563,2196.00,13.57,2.50,112.00,111.69,43.50,69.46,113.50,92.86,50.25,92.00,14.21,37.00,104.59,17.95,6.00,1.00,22.50,0.00,44.25,0.00
238.801,2196.00,13.57,2.50,112.00,111.69,43.50,69.46,113.50,93.46,50.25,92.00,14.21,37.00,104.59,17.95,6.00,1.00,22.50,0.00,44.25,0.00
239.041,2196.00,13.57,2.50,112.00,111.69,43.50,69.46,113.50,93.46,50.25,92.00,14.21,37.00,104.59,17.95,6.00,1.00,22.50,0.00,44.25,0.00
239.281,2196.00,13.57,2.50,112.00,111.69,43.50,69.46,113.50,93.46,50.25,92.00,14.21,37.00,104.59,17.95,6.00,1.00,22.50,0.00,44.25,0.00
239.521,2196.00,13.57,2.50,112.00,111.69,43.50,69.46,113.50,93.46,50.25,92.00,14.21,37.00,104.59,17.95,6.00,1.00,22.50,0.00,44.25,0.00
239.763,2196.00,13.57,2.50,112.00,111.69,43.50,69.46,113.50,93.46,50.25,92.00,14.21,37.00,104.59,17.95,6.00,1.00,22.50,0.00,44.25,0.00
240.001,2196.00,13.57,2.50,112.00,111.69,43.50,69.46,113.50,93.46,50.25,92.00,14.21,37.00,109.15,17.95,6.00,1.00,22.50,0.00,44.25,0.00
240.241,2196.00,13.57,2.50,112.00,111.69,43.50,69.46,113.50,93.46,50.25,92.00,14.21,37.00,109.15,17.12,6.00,1.00,22.50,0.00,44.25,0.00
240.481,2196.00,13.57,2.50,112.00,111.69,43.50,69.46,113.50,93.46,50.25,92.00,14.21,37.00,109.15,17.12,6.00,1.00,22.50,0.00,44.25,0.00
240.721,2196.00,13.57,2.50,112.00,111.69,43.50,69.46,113.50,93.46,50.25,92.00,14.21,37.00,109.15,17.12,6.00,1.00,22.50,0.00,44.25,0.00
240.963,2196.00,13.57,2.50,112.00,111.69,43.50,69.46,113.50,93.46,50.25,92.00,14.21,37.00,109.15,17.12,6.00,1.00,25.50,0.00,44.25,0.00
241.201,2196.00,13.57,2.50,112.00,111.69,43.50,69.46,113.50,93.46,50.25,92.00,14.21,37.00,109.15,17.12,6.00,1.00,25.50,0.00,44.25,0.00
241.441,2196.00,13.57,2.50,112.00,111.69,43.50,69.46,113.50,93.46,50.25,92.00,14.21,37.00,109.15,17.12,6.00,1.00,25.50,0.00,44.25,0.00
241.682,2196.00,13.57,2.50,112.00,111.69,43.50,69.46,113.50,93.46,50.25,92.00,14.21,37.00,109.15,17.12,6.00,1.00,25.50,0.00,44.25,0.00
241.921,2264.50,13.57,2.50,112.00,111.69,43.50,69.46,113.50,93.46,50.25,92.00,14.21,37.00,109.15,17.12,6.00,1.00,25.50,0.00,44.25,0.00
242.163,2264.50,13.35,2.50,112.00,111.69,43.50,69.46,113.50,93.46,50.25,92.00,14.21,37.00,109.15,17.12,6.00,1.00,25.50,0.00,44.25,0.00
242.401,2264.50,13.35,1.55,112.00,111.69,43.50,69.46,113.50,93.46,50.25,92.00,14.21,37.00,109.15,17.12,6.00,1.00,25.50,0.00,44.25,0.00
242.641,2264.50,13.35,1.55,80.00,111.69,43.50,69.46,113.50,93.46,50.25,92.00,14.21,37.00,109.15,17.12,6.00,1.00,25.50,0.00,44.25,0.00
242.881,2264.50,13.35,1.55,80.00,78.91,43.50,69.46,113.50,93.46,50.25,92.00,14.21,37.00,109.15,17.12,6.00,1.00,25.50,0.00,44.25,0.00
243.121,2264.50,13.35,1.55,80.00,78.91,30.75,69.46,113.50,93.46,50.25,92.00,14.21,37.00,109.15,17.12,6.00,1.00,25.50,0.00,44.25,0.00
243.363,2264.50,13.35,1.55,80.00,78.91,30.75,71.05,113.50,93.46,50.25,92.00,14.21,37.00,109.15,17.12,6.00,1.00,25.50,0.00,44.25,0.00
243.601,2264.50,13.35,1.55,80.00,78.91,30.75,71.05,80.70,93.46,50.25,92.00,14.21,37.00,109.15,17.12,6.00,1.00,25.50,0.00,44.25,0.00
243.841,2264.50,13.35,1.55,80.00,78.91,30.75,71.05,80.70,94.26,50.25,92.00,14.21,37.00,109.15,17.12,6.00,1.00,25.50,0.00,44.25,0.00
244.081,2264.50,13.35,1.55,80.00,78.91,30.75,71.05,80.70,94.26,49.50,92.00,14.21,37.00,109.15,17.12,6.00,1.00,25.50,0.00,44.25,0.00
244.321,2264.50,13.35,1.55,80.00,78.91,30.75,71.05,80.70,94.26,49.50,92.00,14.21,37.00,109.15,17.12,6.00,1.00,25.50,0.00,44.25,0.00
244.563,2264.50,13.35,1.55,80.00,78.91,30.75,71.05,80.70,94.26,49.50,92.00,14.21,37.00,109.15,17.12,6.00,1.00,25.50,0.00,44.25,0.00
244.801,2264.50,13.35,1.55,80.00,78.91,30.75,71.05,80.70,94.26,49.50,92.00,14.21,37.00,109.15,17.12,6.00,1.00,25.50,0.00,44.25,0.00
245.041,2264.50,13.35,1.55,80.00,78.91,30.75,71.05,80.70,94.26,49.50,92.00,14.21,37.00,110.12,17.12,6.00,1.00,25.50,0.00,44.25,0.00
245.281,2264.50,13.35,1.55,80.00,78.91,30.75,71.05,80.70,94.26,49.50,92.00,14.21,37.00,110.12,22.03,6.00,1.00,25.50,0.00,44.25,0.00
245.522,2264.50,13.35,1.55,80.00,78.91,30.75,71.05,80.70,94.26,49.50,92.00,14.21,37.00,110.12,22.03,6.00,1.00,25.50,0.00,44.25,0.00
245.761,2264.50,13.35,1.55,80.00,78.91,30.75,71.05,80.70,94.26,49.50,92.00,14.21,37.00,110.12,22.03,6.00,0.99,25.50,0.00,44.25,0.00
246.002,2264.50,13.35,1.55,80.00,78.91,30.75,71.05,80.70,94.26,49.50,92.00,14.21,37.00,110.12,22.03,6.00,0.99,15.00,0.00,44.25,0.00
246.241,2264.50,13.35,1.55,80.00,78.91,30.75,71.05,80.70,94.26,49.50,92.00,14.21,37.00,110.12,22.03,6.00,0.99,15.00,0.00,44.25,0.00
246.481,2264.50,13.35,1.55,80.00,78.91,30.75,71.05,80.70,94.26,49.50,92.00,14.21,37.00,110.12,22.03,6.00,0.99,15.00,0.00,44.25,0.00
246.721,2264.50,13.35,1.55,80.00,78.91,30.75,71.05,80.70,94.26,49.50,92.00,14.21,37.00,110.12,22.03,6.00,0.99,15.00,0.00,44.25,3.91
246.964,2301.50,13.35,1.55,80.00,78.91,30.75,71.05,80.70,94.26,49.50,92.00,14.21,37.00,110.12,22.03,6.00,0.99,15.00,0.00,44.25,3.91
247.201,2301.50,12.01,1.55,80.00,78.91,30.75,71.05,80.70,94.26,49.50,92.00,14.21,37.00,110.12,22.03,6.00,0.99,15.00,0.00,44.25,3.91
247.442,2301.50,12.01,2.67,80.00,78.91,30.75,71.05,80.70,94.26,49.50,92.00,14.21,37.00,110.12,22.03,6.00,0.99,15.00,0.00,44.25,3.91
247.681,2301.50,12.01,2.67,40.00,78.91,30.75,71.05,80.70,94.26,49.50,92.00,14.21,37.00,110.12,22.03,6.00,0.99,15.00,0.00,44.25,3.91
247.921,2301.50,12.01,2.67,40.00,51.72,30.75,71.05,80.70,94.26,49.50,92.00,14.21,37.00,110.12,22.03,6.00,0.99,15.00,0.00,44.25,3.91
248.163,2301.50,12.01,2.67,40.00,51.72,18.00,71.05,80.70,94.26,49.50,92.00,14.21,37.00,110.12,22.03,6.00,0.99,15.00,0.00,44.25,3.91
248.401,2301.50,12.01,2.67,40.00,51.72,18.00,70.96,80.70,94.26,49.50,92.00,14.21,37.00,110.12,22.03,6.00,0.99,15.00,0.00,44.25,3.91
248.641,2301.50,12.01,2.67,40.00,51.72,18.00,70.96,47.30,94.26,49.50,92.00,14.21,37.00,110.12,22.03,6.00,0.99,15.00,0.00,44.25,3.91
248.881,2301.50,12.01,2.67,40.00,51.72,18.00,70.96,47.30,94.76,49.50,92.00,14.21,37.00,110.12,22.03,6.00,0.99,15.00,0.00,44.25,3.91
249.121,2301.50,12.01,2.67,40.00,51.72,18.00,70.96,47.30,94.76,48.75,92.00,14.21,37.00,110.12,22.03,6.00,0.99,15.00,0.00,44.25,3.91
249.363,2301.50,12.01,2.67,40.00,51.72,18.00,70.96,47.30,94.76,48.75,92.00,14.21,37.00,110.12,22.03,6.00,0.99,15.00,0.00,44.25,3.91
249.601,2301.50,12.01,2.67,40.00,51.72,18.00,70.96,47.30,94.76,48.75,92.00,14.21,37.00,110.12,22.03,6.00,0.99,15.00,0.00,44.25,3.91
249.841,2301.50,12.01,2.67,40.00,51.72,18.00,70.96,47.30,94.76,48.75,92.00,14.21,37.50,110.12,22.03,6.00,0.99,15.00,0.00,44.25,3.91
250.081,2301.50,12.01,2.67,40.00,51.72,18.00,70.96,47.30,94.76,48.75,92.00,14.21,37.50,107.57,22.03,6.00,0.99,15.00,0.00,44.25,3.91
250.321,2301.50,12.01,2.67,40.00,51.72,18.00,70.96,47.30,94.76,48.75,92.00,14.21,37.50,107.57,13.08,6.00,0.99,15.00,0.00,44.25,3.91
250.561,2301.50,12.01,2.67,40.00,51.72,18.00,70.96,47.30,94.76,48.75,92.00,14.21,37.50,107.57,13.08,6.00,0.99,15.00,0.00,44.25,3.91
250.801,2301.50,12.01,2.67,40.00,51.72,18.00,70.96,47.30,94.76,48.75,92.00,14.21,37.50,107.57,13.08,6.00,16.00,15.00,0.00,44.25,3.91
251.041,2301.50,12.01,2.67,40.00,51.72,18.00,70.96,47.30,94.76,48.75,92.00,14.21,37.50,107.57,13.08,6.00,16.00,-16.50,0.00,44.25,3.91
251.281,2301.50,12.01,2.67,40.00,51.72,18.00,70.96,47.30,94.76,48.75,92.00,14.21,37.50,107.57,13.08,6.00,16.00,-16.50,0.00,44.25,3.91
251.521,2301.50,12.01,2.67,40.00,51.72,18.00,70.96,47.30,94.76,48.75,92.00,14.21,37.50,107.57,13.08,6.00,16.00,-16.50,0.00,44.25,3.91
251.762,2301.50,12.01,2.67,40.00,51.72,18.00,70.96,47.30,94.76,48.75,92.00,14.21,37.50,107.57,13.08,6.00,16.00,-16.50,0.00,44.25,0.00
252.002,2118.50,12.01,2.67,40.00,51.72,18.00,70.96,47.30,94.76,48.75,92.00,14.21,37.50,107.57,13.08,6.00,16.00,-16.50,0.00,44.25,0.00
252.241,2118.50,13.45,2.67,40.00,51.72,18.00,70.96,47.30,94.76,48.75,92.00,14.21,37.50,107.57,13.08,6.00,16.00,-16.50,0.00,44.25,0.00
252.481,2118.50,13.45,0.41,40.00,51.72,18.00,70.96,47.30,94.76,48.75,92.00,14.21,37.50,107.57,13.08,6.00,16.00,-16.50,0.00,44.25,0.00
252.721,2118.50,13.45,0.41,104.00,51.72,18.00,70.96,47.30,94.76,48.75,92.00,14.21,37.50,107.57,13.08,6.00,16.00,-16.50,0.00,44.25,0.00
252.963,2118.50,13.45,0.41,104.00,107.44,18.00,70.96,47.30,94.76,48.75,92.00,14.21,37.50,107.57,13.08,6.00,16.00,-16.50,0.00,44.25,0.00
253.202,2118.50,13.45,0.41,104.00,107.44,41.25,70.96,47.30,94.76,48.75,92.00,14.21,37.50,107.57,13.08,6.00,16.00,-16.50,0.00,44.25,0.00
253.441,2118.50,13.45,0.41,104.00,107.44,41.25,70.35,47.30,94.76,48.75,92.00,14.21,37.50,107.57,13.08,6.00,16.00,-16.50,0.00,44.25,0.00
253.681,2118.50,13.45,0.41,104.00,107.44,41.25,70.35,106.00,94.76,48.75,92.00,14.21,37.50,107.57,13.08,6.00,16.00,-16.50,0.00,44.25,0.00
253.921,2118.50,13.45,0.41,104.00,107.44,41.25,70.35,106.00,93.96,48.75,92.00,14.21,37.50,107.57,13.08,6.00,16.00,-16.50,0.00,44.25,0.00
254.164,2118.50,13.45,0.41,104.00,107.44,41.25,70.35,106.00,93.96,48.75,92.00,14.21,37.50,107.57,13.08,6.00,16.00,-16.50,0.00,44.25,0.00
254.401,2118.50,13.45,0.41,104.00,107.44,41.25,70.35,106.00,93.96,48.75,92.00,14.21,37.50,107.57,13.08,6.00,16.00,-16.50,0.00,44.25,0.00
254.642,2118.50,13.45,0.41,104.00,107.44,41.25,70.35,106.00,93.96,48.75,92.00,14.20,37.50,107.57,13.08,6.00,16.00,-16.50,0.00,44.25,0.00
254.881,2118.50,13.45,0.41,104.00,107.44,41.25,70.35,106.00,93.96,48.75,92.00,14.20,37.50,107.57,13.08,6.00,16.00,-16.50,0.00,44.25,0.00
255.122,2118.50,13.45,0.41,104.00,107.44,41.25,70.35,106.00,93.96,48.75,92.00,14.20,37.50,106.34,13.08,6.00,16.00,-16.50,0.00,44.25,0.00
255.364,2118.50,13.45,0.41,104.00,107.44,41.25,70.35,106.00,93.96,48.75,92.00,14.20,37.50,106.34,17.79,6.00,16.00,-16.50,0.00,44.25,0.00
255.601,2118.50,13.45,0.41,104.00,107.44,41.25,70.35,106.00,93.96,48.75,92.00,14.20,37.50,106.34,17.79,6.00,16.00,-16.50,0.00,44.25,0.00
255.841,2118.50,13.45,0.41,104.00,107.44,41.25,70.35,106.00,93.96,48.75,92.00,14.20,37.50,106.34,17.79,6.00,1.00,-16.50,0.00,44.25,0.00
256.081,2118.50,13.45,0.41,104.00,107.44,41.25,70.35,106.00,93.96,48.75,92.00,14.20,37.50,106.34,17.79,6.00,1.00,22.50,0.00,44.25,0.00
256.321,2118.50,13.45,0.41,104.00,107.44,41.25,70.35,106.00,93.96,48.75,92.00,14.20,37.50,106.34,17.79,6.00,1.00,22.50,0.00,44.25,0.00
256.561,2118.50,13.45,0.41,104.00,107.44,41.25,70.35,106.00,93.96,48.75,92.00,14.20,37.50,106.34,17.79,6.00,1.00,22.50,0.00,44.25,0.00
256.801,2118.50,13.45,0.41,104.00,107.44,41.25,70.35,106.00,93.96,48.75,92.00,14.20,37.50,106.34,17.79,6.00,1.00,22.50,0.00,44.25,0.39
257.041,2246.00,13.45,0.41,104.00,107.44,41.25,70.35,106.00,93.96,48.75,92.00,14.20,37.50,106.34,17.79,6.00,1.00,22.50,0.00,44.25,0.39
257.281,2246.00,13.53,0.41,104.00,107.44,41.25,70.35,106.00,93.96,48.75,92.00,14.20,37.50,106.34,17.79,6.00,1.00,22.50,0.00,44.25,0.39
257.521,2246.00,13.53,2.38,104.00,107.44,41.25,70.35,106.00,93.96,48.75,92.00,14.20,37.50,106.34,17.79,6.00,1.00,22.50,0.00,44.25,0.39
257.761,2246.00,13.53,2.38,108.00,107.44,41.25,70.35,106.00,93.96,48.75,92.00,14.20,37.50,106.34,17.79,6.00,1.00,22.50,0.00,44.25,0.39
258.001,2246.00,13.53,2.38,108.00,107.38,41.25,70.35,106.00,93.96,48.75,92.00,14.20,37.50,106.34,17.79,6.00,1.00,22.50,0.00,44.25,0.39
258.241,2246.00,13.53,2.38,108.00,107.38,41.25,70.35,106.00,93.96,48.75,92.00,14.20,37.50,106.34,17.79,6.00,1.00,22.50,0.00,44.25,0.39
258.482,2246.00,13.53,2.38,108.00,107.38,41.25,70.26,106.00,93.96,48.75,92.00,14.20,37.50,106.34,17.79,6.00,1.00,22.50,0.00,44.25,0.39
258.721,2246.00,13.53,2.38,108.00,107.38,41.25,70.26,101.60,93.96,48.75,92.00,14.20,37.50,106.34,17.79,6.00,1.00,22.50,0.00,44.25,0.39
258.963,2246.00,13.53,2.38,108.00,107.38,41.25,70.26,101.60,92.66,48.75,92.00,14.20,37.50,106.34,17.79,6.00,1.00,22.50,0.00,44.25,0.39
259.201,2246.00,13.53,2.38,108.00,107.38,41.25,70.26,101.60,92.66,48.75,92.00,14.20,37.50,106.34,17.79,6.00,1.00,22.50,0.00,44.25,0.39
259.441,2246.00,13.53,2.38,108.00,107.38,41.25,70.26,101.60,92.66,48.75,92.00,14.20,37.50,106.34,17.79,6.00,1.00,22.50,0.00,44.25,0.39
259.681,2246.00,13.53,2.38,108.00,107.38,41.25,70.26,101.60,92.66,48.75,92.00,14.20,37.50,106.34,17.79,6.00,1.00,22.50,0.00,44.25,0.39
259.921,2246.00,13.53,2.38,108.00,107.38,41.25,70.26,101.60,92.66,48.75,92.00,14.20,37.50,106.34,17.79,6.00,1.00,22.50,0.00,44.25,0.39
260.163,2246.00,13.53,2.38,108.00,107.38,41.25,70.26,101.60,92.66,48.75,92.00,14.20,37.50,112.05,17.79,6.00,1.00,22.50,0.00,44.25,0.39
260.401,2246.00,13.53,2.38,108.00,107.38,41.25,70.26,101.60,92.66,48.75,92.00,14.20,37.50,112.05,86.79,6.00,1.00,22.50,0.00,44.25,0.39
260.641,2246.00,13.53,2.38,108.00,107.38,41.25,70.26,101.60,92.66,48.75,92.00,14.20,37.50,112.05,86.79,6.00,1.00,22.50,0.00,44.25,0.39
260.881,2246.00,13.53,2.38,108.00,107.38,41.25,70.26,101.60,92.66,48.75,92.00,14.20,37.50,112.05,86.79,6.00,0.99,22.50,0.00,44.25,0.39
261.121,2246.00,13.53,2.38,108.00,107.38,41.25,70.26,101.60,92.66,48.75,92.00,14.20,37.50,112.05,86.79,6.00,0.99,2.25,0.00,44.25,0.39
261.363,2246.00,13.53,2.38,108.00,107.38,41.25,70.26,101.60,92.66,48.75,92.00,14.20,37.50,112.05,86.79,6.00,0.99,2.25,0.00,44.25,0.39
261.601,2246.00,13.53,2.38,108.00,107.38,41.25,70.26,101.60,92.66,48.75,92.00,14.20,37.50,112.05,86.79,6.00,0.99,2.25,0.00,44.25,0.39
261.841,2246.00,13.53,2.38,108.00,107.38,41.25,70.26,101.60,92.66,48.75,92.00,14.20,37.50,112.05,86.79,6.00,0.99,2.25,0.00,44.25,10.94
262.081,2447.00,13.53,2.38,108.00,107.38,41.25,70.26,101.60,92.66,48.75,92.00,14.20,37.50,112.05,86.79,6.00,0.99,2.25,0.00,44.25,10.94
262.321,2447.00,12.97,2.38,108.00,107.38,41.25,70.26,101.60,92.66,48.75,92.00,14.20,37.50,112.05,86.79,6.00,0.99,2.25,0.00,44.25,10.94
262.563,2447.00,12.97,3.41,108.00,107.38,41.25,70.26,101.60,92.66,48.75,92.00,14.20,37.50,112.05,86.79,6.00,0.99,2.25,0.00,44.25,10.94
262.801,2447.00,12.97,3.41,48.00,107.38,41.25,70.26,101.60,92.66,48.75,92.00,14.20,37.50,112.05,86.79,6.00,0.99,2.25,0.00,44.25,10.94
263.041,2447.00,12.97,3.41,48.00,59.25,41.25,70.26,101.60,92.66,48.75,92.00,14.20,37.50,112.05,86.79,6.00,0.99,2.25,0.00,44.25,10.94
263.281,2447.00,12.97,3.41,48.00,59.25,20.25,70.26,101.60,92.66,48.75,92.00,14.20,37.50,112.05,86.79,6.00,0.99,2.25,0.00,44.25,10.94
263.491,2447.00,12.97,3.41,48.00,59.25,20.25,79.96,101.60,92.66,48.75,92.00,14.20,37.50,112.05,86.79,6.00,0.99,2.25,0.00,44.25,10.94
263.702,2447.00,12.97,3.41,48.00,59.25,20.25,79.96,57.10,92.66,48.75,92.00,14.20,37.50,112.05,86.79,6.00,0.99,2.25,0.00,44.25,10.94
263.941,2447.00,12.97,3.41,48.00,59.25,20.25,79.96,57.10,92.46,48.75,92.00,14.20,37.50,112.05,86.79,6.00,0.99,2.25,0.00,44.25,10.94
264.211,2447.00,12.97,3.41,48.00,59.25,20.25,79.96,57.10,92.46,49.50,92.00,14.20,37.50,112.05,86.79,6.00,0.99,2.25,0.00,44.25,10.94
264.452,2447.00,12.97,3.41,48.00,59.25,20.25,79.96,57.10,92.46,49.50,92.00,14.20,37.50,112.05,86.79,6.00,0.99,2.25,0.00,44.25,10.94
264.691,2447.00,12.97,3.41,48.00,59.25,20.25,79.96,57.10,92.46,49.50,92.00,14.20,37.50,112.05,86.79,6.00,0.99,2.25,0.00,44.25,10.94
264.931,2447.00,12.97,3.41,48.00,59.25,20.25,79.96,57.10,92.46,49.50,92.00,14.20,37.50,112.05,86.79,6.00,0.99,2.25,0.00,44.25,10.94
265.173,2447.00,12.97,3.41,48.00,59.25,20.25,79.96,57.10,92.46,49.50,92.00,14.20,37.50,116.77,86.79,6.00,0.99,2.25,0.00,44.25,10.94
265.411,2447.00,12.97,3.41,48.00,59.25,20.25,79.96,57.10,92.46,49.50,92.00,14.20,37.50,116.77,14.00,6.00,0.99,2.25,0.00,44.25,10.94
265.652,2447.00,12.97,3.41,48.00,59.25,20.25,79.96,57.10,92.46,49.50,92.00,14.20,37.50,116.77,14.00,6.00,0.99,2.25,0.00,44.25,10.94
265.891,2447.00,12.97,3.41,48.00,59.25,20.25,79.96,57.10,92.46,49.50,92.00,14.20,37.50,116.77,14.00,6.00,1.20,2.25,0.00,44.25,10.94
266.131,2447.00,12.97,3.41,48.00,59.25,20.25,79.96,57.10,92.46,49.50,92.00,14.20,37.50,116.77,14.00,6.00,1.20,27.00,0.00,44.25,10.94
266.373,2447.00,12.97,3.41,48.00,59.25,20.25,79.96,57.10,92.46,49.50,92.00,14.20,37.50,116.77,14.00,6.00,1.20,27.00,0.00,44.25,10.94
266.611,2447.00,12.97,3.41,48.00,59.25,20.25,79.96,57.10,92.46,49.50,92.00,14.20,37.50,116.77,14.00,6.00,1.20,27.00,0.00,44.25,10.94
266.853,2447.00,12.97,3.41,48.00,59.25,20.25,79.96,57.10,92.46,49.50,92.00,14.20,37.50,116.77,14.00,6.00,1.20,27.00,0.00,44.25,0.00
267.091,2391.50,12.97,3.41,48.00,59.25,20.25,79.96,57.10,92.46,49.50,92.00,14.20,37.50,116.77,14.00,6.00,1.20,27.00,0.00,44.25,0.00
267.331,2391.50,13.48,3.41,48.00,59.25,20.25,79.96,57.10,92.46,49.50,92.00,14.20,37.50,116.77,14.00,6.00,1.20,27.00,0.00,44.25,0.00
267.574,2391.50,13.48,0.65,48.00,59.25,20.25,79.96,57.10,92.46,49.50,92.00,14.20,37.50,116.77,14.00,6.00,1.20,27.00,0.00,44.25,0.00
267.842,2391.50,13.48,0.65,80.00,59.25,20.25,79.96,57.10,92.46,49.50,92.00,14.20,37.50,116.77,14.00,6.00,1.20,27.00,0.00,44.25,0.00
268.081,2391.50,13.48,0.65,80.00,80.88,20.25,79.96,57.10,92.46,49.50,92.00,14.20,37.50,116.77,14.00,6.00,1.20,27.00,0.00,44.25,0.00
268.321,2391.50,13.48,0.65,80.00,80.88,29.25,79.96,57.10,92.46,49.50,92.00,14.20,37.50,116.77,14.00,6.00,1.20,27.00,0.00,44.25,0.00
268.562,2391.50,13.48,0.65,80.00,80.88,29.25,78.04,57.10,92.46,49.50,92.00,14.20,37.50,116.77,14.00,6.00,1.20,27.00,0.00,44.25,0.00
268.802,2391.50,13.48,0.65,80.00,80.88,29.25,78.04,79.10,92.46,49.50,92.00,14.20,37.50,116.77,14.00,6.00,1.20,27.00,0.00,44.25,0.00
269.041,2391.50,13.48,0.65,80.00,80.88,29.25,78.04,79.10,92.36,49.50,92.00,14.20,37.50,116.77,14.00,6.00,1.20,27.00,0.00,44.25,0.00
269.282,2391.50,13.48,0.65,80.00,80.88,29.25,78.04,79.10,92.36,51.00,92.00,14.20,37.50,116.77,14.00,6.00,1.20,27.00,0.00,44.25,0.00
269.521,2391.50,13.48,0.65,80.00,80.88,29.25,78.04,79.10,92.36,51.00,92.00,14.20,37.50,116.77,14.00,6.00,1.20,27.00,0.00,44.25,0.00
269.764,2391.50,13.48,0.65,80.00,80.88,29.25,78.04,79.10,92.36,51.00,92.00,14.20,37.50,116.77,14.00,6.00,1.20,27.00,0.00,44.25,0.00
270.001,2391.50,13.48,0.65,80.00,80.88,29.25,78.04,79.10,92.36,51.00,92.00,14.20,37.50,116.77,14.00,6.00,1.20,27.00,0.00,44.25,0.00
270.241,2391.50,13.48,0.65,80.00,80.88,29.25,78.04,79.10,92.36,51.00,92.00,14.20,37.50,117.22,14.00,6.00,1.20,27.00,0.00,44.25,0.00
270.481,2391.50,13.48,0.65,80.00,80.88,29.25,78.04,79.10,92.36,51.00,92.00,14.20,37.50,117.22,15.80,6.00,1.20,27.00,0.00,44.25,0.00
270.721,2391.50,13.48,0.65,80.00,80.88,29.25,78.04,79.10,92.36,51.00,92.00,14.20,37.50,117.22,15.80,6.00,1.20,27.00,0.00,44.25,0.00
270.964,2391.50,13.48,0.65,80.00,80.88,29.25,78.04,79.10,92.36,51.00,92.00,14.20,37.50,117.22,15.80,6.00,1.00,27.00,0.00,44.25,0.00
271.201,2391.50,13.48,0.65,80.00,80.88,29.25,78.04,79.10,92.36,51.00,92.00,14.20,37.50,117.22,15.80,6.00,1.00,29.25,0.00,44.25,0.00
271.442,2391.50,13.48,0.65,80.00,80.88,29.25,78.04,79.10,92.36,51.00,92.00,14.20,37.50,117.22,15.80,6.00,1.00,29.25,0.00,44.25,0.00
271.682,2391.50,13.48,0.65,80.00,80.88,29.25,78.04,79.10,92.36,51.00,92.00,14.20,37.50,117.22,15.80,6.00,1.00,29.25,0.00,44.25,0.00
271.921,2391.50,13.48,0.65,80.00,80.88,29.25,78.04,79.10,92.36,51.00,92.00,14.20,37.50,117.22,15.80,6.00,1.00,29.25,0.00,44.25,0.39
272.131,2416.50,13.48,0.65,80.00,80.88,29.25,78.04,79.10,92.36,51.00,92.00,14.20,37.50,117.22,15.80,6.00,1.00,29.25,0.00,44.25,0.39
272.341,2416.50,13.49,0.65,80.00,80.88,29.25,78.04,79.10,92.36,51.00,92.00,14.20,37.50,117.22,15.80,6.00,1.00,29.25,0.00,44.25,0.39
272.553,2416.50,13.49,0.62,80.00,80.88,29.25,78.04,79.10,92.36,51.00,92.00,14.20,37.50,117.22,15.80,6.00,1.00,29.25,0.00,44.25,0.39
272.764,2416.50,13.49,0.62,68.00,80.88,29.25,78.04,79.10,92.36,51.00,92.00,14.20,37.50,117.22,15.80,6.00,1.00,29.25,0.00,44.25,0.39
273.001,2416.50,13.49,0.62,68.00,64.97,29.25,78.04,79.10,92.36,51.00,92.00,14.20,37.50,117.22,15.80,6.00,1.00,29.25,0.00,44.25,0.39
273.241,2416.50,13.49,0.62,68.00,64.97,24.00,78.04,79.10,92.36,51.00,92.00,14.20,37.50,117.22,15.80,6.00,1.00,29.25,0.00,44.25,0.39
273.481,2416.50,13.49,0.62,68.00,64.97,24.00,73.14,79.10,92.36,51.00,92.00,14.20,37.50,117.22,15.80,6.00,1.00,29.25,0.00,44.25,0.39
273.721,2416.50,13.49,0.62,68.00,64.97,24.00,73.14,66.30,92.36,51.00,92.00,14.20,37.50,117.22,15.80,6.00,1.00,29.25,0.00,44.25,0.39
273.963,2416.50,13.49,0.62,68.00,64.97,24.00,73.14,66.30,91.86,51.00,92.00,14.20,37.50,117.22,15.80,6.00,1.00,29.25,0.00,44.25,0.39
274.232,2416.50,13.49,0.62,68.00,64.97,24.00,73.14,66.30,91.86,51.75,92.00,14.20,37.50,117.22,15.80,6.00,1.00,29.25,0.00,44.25,0.39
274.474,2416.50,13.49,0.62,68.00,64.97,24.00,73.14,66.30,91.86,51.75,92.00,14.20,37.50,117.22,15.80,6.00,1.00,29.25,0.00,44.25,0.39
274.712,2416.50,13.49,0.62,68.00,64.97,24.00,73.14,66.30,91.86,51.75,92.00,14.21,37.50,117.22,15.80,6.00,1.00,29.25,0.00,44.25,0.39
274.951,2416.50,13.49,0.62,68.00,64.97,24.00,73.14,66.30,91.86,51.75,92.00,14.21,37.50,117.22,15.80,6.00,1.00,29.25,0.00,44.25,0.39
275.192,2416.50,13.49,0.62,68.00,64.97,24.00,73.14,66.30,91.86,51.75,92.00,14.21,37.50,117.67,15.80,6.00,1.00,29.25,0.00,44.25,0.39
275.432,2416.50,13.49,0.62,68.00,64.97,24.00,73.14,66.30,91.86,51.75,92.00,14.21,37.50,117.67,14.09,6.00,1.00,29.25,0.00,44.25,0.39
275.674,2416.50,13.49,0.62,68.00,64.97,24.00,73.14,66.30,91.86,51.75,92.00,14.21,37.50,117.67,14.09,6.00,1.00,29.25,0.00,44.25,0.39
275.911,2416.50,13.49,0.62,68.00,64.97,24.00,73.14,66.30,91.86,51.75,92.00,14.21,37.50,117.67,14.09,6.00,0.98,29.25,0.00,44.25,0.39
276.153,2416.50,13.49,0.62,68.00,64.97,24.00,73.14,66.30,91.86,51.75,92.00,14.21,37.50,117.67,14.09,6.00,0.98,24.00,0.00,44.25,0.39
276.391,2416.50,13.49,0.62,68.00,64.97,24.00,73.14,66.30,91.86,51.75,92.00,14.21,37.50,117.67,14.09,6.00,0.98,24.00,0.00,44.25,0.39
276.631,2416.50,13.49,0.62,68.00,64.97,24.00,73.14,66.30,91.86,51.75,92.00,14.21,37.50,117.67,14.09,6.00,0.98,24.00,0.00,44.25,0.39
276.872,2416.50,13.49,0.62,68.00,64.97,24.00,73.14,66.30,91.86,51.75,92.00,14.21,37.50,117.67,14.09,6.00,0.98,24.00,0.00,44.25,0.39
277.112,1882.00,13.49,0.62,68.00,64.97,24.00,73.14,66.30,91.86,51.75,92.00,14.21,37.50,117.67,14.09,6.00,0.98,24.00,0.00,44.25,0.39
277.353,1882.00,13.47,0.62,68.00,64.97,24.00,73.14,66.30,91.86,51.75,92.00,14.21,37.50,117.67,14.09,6.00,0.98,24.00,0.00,44.25,0.39
277.592,1882.00,13.47,0.43,68.00,64.97,24.00,73.14,66.30,91.86,51.75,92.00,14.21,37.50,117.67,14.09,6.00,0.98,24.00,0.00,44.25,0.39
277.831,1882.00,13.47,0.43,56.00,64.97,24.00,73.14,66.30,91.86,51.75,92.00,14.21,37.50,117.67,14.09,6.00,0.98,24.00,0.00,44.25,0.39
278.074,1882.00,13.47,0.43,56.00,54.00,24.00,73.14,66.30,91.86,51.75,92.00,14.21,37.50,117.67,14.09,6.00,0.98,24.00,0.00,44.25,0.39
278.312,1882.00,13.47,0.43,56.00,54.00,26.25,73.14,66.30,91.86,51.75,92.00,14.21,37.50,117.67,14.09,6.00,0.98,24.00,0.00,44.25,0.39
278.553,1882.00,13.47,0.43,56.00,54.00,26.25,69.95,66.30,91.86,51.75,92.00,14.21,37.50,117.67,14.09,6.00,0.98,24.00,0.00,44.25,0.39
278.791,1882.00,13.47,0.43,56.00,54.00,26.25,69.95,58.40,91.86,51.75,92.00,14.21,37.50,117.67,14.09,6.00,0.98,24.00,0.00,44.25,0.39
279.032,1882.00,13.47,0.43,56.00,54.00,26.25,69.95,58.40,91.56,51.75,92.00,14.21,37.50,117.67,14.09,6.00,0.98,24.00,0.00,44.25,0.39
279.274,1882.00,13.47,0.43,56.00,54.00,26.25,69.95,58.40,91.56,51.75,92.00,14.21,37.50,117.67,14.09,6.00,0.98,24.00,0.00,44.25,0.39
279.511,1882.00,13.47,0.43,56.00,54.00,26.25,69.95,58.40,91.56,51.75,92.00,14.21,37.50,117.67,14.09,6.00,0.98,24.00,0.00,44.25,0.39
279.752,1882.00,13.47,0.43,56.00,54.00,26.25,69.95,58.40,91.56,51.75,92.00,14.21,37.50,117.67,14.09,6.00,0.98,24.00,0.00,44.25,0.39
279.991,1882.00,13.47,0.43,56.00,54.00,26.25,69.95,58.40,91.56,51.75,92.00,14.21,37.00,117.67,14.09,6.00,0.98,24.00,0.00,44.25,0.39
280.231,1882.00,13.47,0.43,56.00,54.00,26.25,69.95,58.40,91.56,51.75,92.00,14.21,37.00,117.53,14.09,6.00,0.98,24.00,0.00,44.25,0.39
280.473,1882.00,13.47,0.43,56.00,54.00,26.25,69.95,58.40,91.56,51.75,92.00,14.21,37.00,117.53,15.43,6.00,0.98,24.00,0.00,44.25,0.39
280.711,1882.00,13.47,0.43,56.00,54.00,26.25,69.95,58.40,91.56,51.75,92.00,14.21,37.00,117.53,15.43,6.00,0.98,24.00,0.00,44.25,0.39
280.953,1882.00,13.47,0.43,56.00,54.00,26.25,69.95,58.40,91.56,51.75,92.00,14.21,37.00,117.53,15.43,6.00,0.99,24.00,0.00,44.25,0.39
281.192,1882.00,13.47,0.43,56.00,54.00,26.25,69.95,58.40,91.56,51.75,92.00,14.21,37.00,117.53,15.43,6.00,0.99,24.00,0.00,44.25,0.39
281.432,1882.00,13.47,0.43,56.00,54.00,26.25,69.95,58.40,91.56,51.75,92.00,14.21,37.00,117.53,15.43,6.00,0.99,24.00,0.00,44.25,0.39
281.673,1882.00,13.47,0.43,56.00,54.00,26.25,69.95,58.40,91.56,51.75,92.00,14.21,37.00,117.53,15.43,6.00,0.99,24.00,0.00,44.25,0.39
281.912,1882.00,13.47,0.43,56.00,54.00,26.25,69.95,58.40,91.56,51.75,92.00,14.21,37.00,117.53,15.43,6.00,0.99,24.00,0.00,44.25,0.39
282.153,1878.00,13.47,0.43,56.00,54.00,26.25,69.95,58.40,91.56,51.75,92.00,14.21,37.00,117.53,15.43,6.00,0.99,24.00,0.00,44.25,0.39
282.392,1878.00,13.49,0.43,56.00,54.00,26.25,69.95,58.40,91.56,51.75,92.00,14.21,37.00,117.53,15.43,6.00,0.99,24.00,0.00,44.25,0.39
282.632,1878.00,13.49,0.45,56.00,54.00,26.25,69.95,58.40,91.56,51.75,92.00,14.21,37.00,117.53,15.43,6.00,0.99,24.00,0.00,44.25,0.39
282.874,1878.00,13.49,0.45,56.00,54.00,26.25,69.95,58.40,91.56,51.75,92.00,14.21,37.00,117.53,15.43,6.00,0.99,24.00,0.00,44.25,0.39
283.111,1878.00,13.49,0.45,56.00,53.72,26.25,69.95,58.40,91.56,51.75,92.00,14.21,37.00,117.53,15.43,6.00,0.99,24.00,0.00,44.25,0.39
283.353,1878.00,13.49,0.45,56.00,53.72,27.75,69.95,58.40,91.56,51.75,92.00,14.21,37.00,117.53,15.43,6.00,0.99,24.00,0.00,44.25,0.39
283.592,1878.00,13.49,0.45,56.00,53.72,27.75,67.84,58.40,91.56,51.75,92.00,14.21,37.00,117.53,15.43,6.00,0.99,24.00,0.00,44.25,0.39
283.831,1878.00,13.49,0.45,56.00,53.72,27.75,67.84,62.20,91.56,51.75,92.00,14.21,37.00,117.53,15.43,6.00,0.99,24.00,0.00,44.25,0.39
284.074,1878.00,13.49,0.45,56.00,53.72,27.75,67.84,62.20,91.56,51.75,92.00,14.21,37.00,117.53,15.43,6.00,0.99,24.00,0.00,44.25,0.39
284.311,1878.00,13.49,0.45,56.00,53.72,27.75,67.84,62.20,91.56,51.00,92.00,14.21,37.00,117.53,15.43,6.00,0.99,24.00,0.00,44.25,0.39
284.551,1878.00,13.49,0.45,56.00,53.72,27.75,67.84,62.20,91.56,51.00,91.00,14.21,37.00,117.53,15.43,6.00,0.99,24.00,0.00,44.25,0.39
284.792,1878.00,13.49,0.45,56.00,53.72,27.75,67.84,62.20,91.56,51.00,91.00,14.21,37.00,117.53,15.43,6.00,0.99,24.00,0.00,44.25,0.39
285.031,1878.00,13.49,0.45,56.00,53.72,27.75,67.84,62.20,91.56,51.00,91.00,14.21,37.00,117.53,15.43,6.00,0.99,24.00,0.00,44.25,0.39
285.274,1878.00,13.49,0.45,56.00,53.72,27.75,67.84,62.20,91.56,51.00,91.00,14.21,37.00,116.54,15.43,6.00,0.99,24.00,0.00,44.25,0.39
285.511,1878.00,13.49,0.45,56.00,53.72,27.75,67.84,62.20,91.56,51.00,91.00,14.21,37.00,116.54,18.34,6.00,0.99,24.00,0.00,44.25,0.39
285.753,1878.00,13.49,0.45,56.00,53.72,27.75,67.84,62.20,91.56,51.00,91.00,14.21,37.00,116.54,18.34,6.00,0.99,24.00,0.00,44.25,0.39
285.991,1878.00,13.49,0.45,56.00,53.72,27.75,67.84,62.20,91.56,51.00,91.00,14.21,37.00,116.54,18.34,6.00,1.03,24.00,0.00,44.25,0.39
286.231,1878.00,13.49,0.45,56.00,53.72,27.75,67.84,62.20,91.56,51.00,91.00,14.21,37.00,116.54,18.34,6.00,1.03,23.25,0.00,44.25,0.39
286.472,1878.00,13.49,0.45,56.00,53.72,27.75,67.84,62.20,91.56,51.00,91.00,14.21,37.00,116.54,18.34,6.00,1.03,23.25,0.00,44.25,0.39
286.711,1878.00,13.49,0.45,56.00,53.72,27.75,67.84,62.20,91.56,51.00,91.00,14.21,37.00,116.54,18.34,6.00,1.03,23.25,0.00,44.25,0.39
286.953,1878.00,13.49,0.45,56.00,53.72,27.75,67.84,62.20,91.56,51.00,91.00,14.21,37.00,116.54,18.34,6.00,1.03,23.25,0.00,44.25,0.39
287.191,1863.00,13.49,0.45,56.00,53.72,27.75,67.84,62.20,91.56,51.00,91.00,14.21,37.00,116.54,18.34,6.00,1.03,23.25,0.00,44.25,0.39
287.432,1863.00,13.59,0.45,56.00,53.72,27.75,67.84,62.20,91.56,51.00,91.00,14.21,37.00,116.54,18.34,6.00,1.03,23.25,0.00,44.25,0.39
287.673,1863.00,13.59,1.28,56.00,53.72,27.75,67.84,62.20,91.56,51.00,91.00,14.21,37.00,116.54,18.34,6.00,1.03,23.25,0.00,44.25,0.39
287.912,1863.00,13.59,1.28,88.00,53.72,27.75,67.84,62.20,91.56,51.00,91.00,14.21,37.00,116.54,18.34,6.00,1.03,23.25,0.00,44.25,0.39
288.154,1863.00,13.59,1.28,88.00,89.25,27.75,67.84,62.20,91.56,51.00,91.00,14.21,37.00,116.54,18.34,6.00,1.03,23.25,0.00,44.25,0.39
288.391,1863.00,13.59,1.28,88.00,89.25,42.75,67.84,62.20,91.56,51.00,91.00,14.21,37.00,116.54,18.34,6.00,1.03,23.25,0.00,44.25,0.39
288.631,1863.00,13.59,1.28,88.00,89.25,42.75,66.74,62.20,91.56,51.00,91.00,14.21,37.00,116.54,18.34,6.00,1.03,23.25,0.00,44.25,0.39
288.873,1863.00,13.59,1.28,88.00,89.25,42.75,66.74,93.10,91.56,51.00,91.00,14.21,37.00,116.54,18.34,6.00,1.03,23.25,0.00,44.25,0.39
289.112,1863.00,13.59,1.28,88.00,89.25,42.75,66.74,93.10,91.96,51.00,91.00,14.21,37.00,116.54,18.34,6.00,1.03,23.25,0.00,44.25,0.39
289.354,1863.00,13.59,1.28,88.00,89.25,42.75,66.74,93.10,91.96,51.00,91.00,14.21,37.00,116.54,18.34,6.00,1.03,23.25,0.00,44.25,0.39
289.591,1863.00,13.59,1.28,88.00,89.25,42.75,66.74,93.10,91.96,51.00,91.00,14.21,37.00,116.54,18.34,6.00,1.03,23.25,0.00,44.25,0.39
289.832,1863.00,13.59,1.28,88.00,89.25,42.75,66.74,93.10,91.96,51.00,91.00,14.21,37.00,116.54,18.34,6.00,1.03,23.25,0.00,44.25,0.39
290.073,1863.00,13.59,1.28,88.00,89.25,42.75,66.74,93.10,91.96,51.00,91.00,14.21,37.00,116.54,18.34,6.00,1.03,23.25,0.00,44.25,0.39
290.311,1863.00,13.59,1.28,88.00,89.25,42.75,66.74,93.10,91.96,51.00,91.00,14.21,37.00,117.07,18.34,6.00,1.03,23.25,0.00,44.25,0.39
290.552,1863.00,13.59,1.28,88.00,89.25,42.75,66.74,93.10,91.96,51.00,91.00,14.21,37.00,117.07,17.26,6.00,1.03,23.25,0.00,44.25,0.39
290.791,1863.00,13.59,1.28,88.00,89.25,42.75,66.74,93.10,91.96,51.00,91.00,14.21,37.00,117.07,17.26,6.00,1.03,23.25,0.00,44.25,0.39
291.031,1863.00,13.59,1.28,88.00,89.25,42.75,66.74,93.10,91.96,51.00,91.00,14.21,37.00,117.07,17.26,6.00,0.99,23.25,0.00,44.25,0.39
291.273,1863.00,13.59,1.28,88.00,89.25,42.75,66.74,93.10,91.96,51.00,91.00,14.21,37.00,117.07,17.26,6.00,0.99,22.50,0.00,44.25,0.39
291.511,1863.00,13.59,1.28,88.00,89.25,42.75,66.74,93.10,91.96,51.00,91.00,14.21,37.00,117.07,17.26,6.00,0.99,22.50,0.00,44.25,0.39
291.754,1863.00,13.59,1.28,88.00,89.25,42.75,66.74,93.10,91.96,51.00,91.00,14.21,37.00,117.07,17.26,6.00,0.99,22.50,0.00,44.25,0.39
291.992,1863.00,13.59,1.28,88.00,89.25,42.75,66.74,93.10,91.96,51.00,91.00,14.21,37.00,117.07,17.26,6.00,0.99,22.50,0.00,44.25,0.39
292.231,1888.50,13.59,1.28,88.00,89.25,42.75,66.74,93.10,91.96,51.00,91.00,14.21,37.00,117.07,17.26,6.00,0.99,22.50,0.00,44.25,0.39
292.473,1888.50,13.52,1.28,88.00,89.25,42.75,66.74,93.10,91.96,51.00,91.00,14.21,37.00,117.07,17.26,6.00,0.99,22.50,0.00,44.25,0.39
292.712,1888.50,13.52,1.44,88.00,89.25,42.75,66.74,93.10,91.96,51.00,91.00,14.21,37.00,117.07,17.26,6.00,0.99,22.50,0.00,44.25,0.39
292.954,1888.50,13.52,1.44,84.00,89.25,42.75,66.74,93.10,91.96,51.00,91.00,14.21,37.00,117.07,17.26,6.00,0.99,22.50,0.00,44.25,0.39
293.191,1888.50,13.52,1.44,84.00,80.16,42.75,66.74,93.10,91.96,51.00,91.00,14.21,37.00,117.07,17.26,6.00,0.99,22.50,0.00,44.25,0.39
293.431,1888.50,13.52,1.44,84.00,80.16,33.75,66.74,93.10,91.96,51.00,91.00,14.21,37.00,117.07,17.26,6.00,0.99,22.50,0.00,44.25,0.39
293.672,1888.50,13.52,1.44,84.00,80.16,33.75,67.54,93.10,91.96,51.00,91.00,14.21,37.00,117.07,17.26,6.00,0.99,22.50,0.00,44.25,0.39
293.911,1888.50,13.52,1.44,84.00,80.16,33.75,67.54,73.00,91.96,51.00,91.00,14.21,37.00,117.07,17.26,6.00,0.99,22.50,0.00,44.25,0.39
294.151,1888.50,13.52,1.44,84.00,80.16,33.75,67.54,73.00,92.76,51.00,91.00,14.21,37.00,117.07,17.26,6.00,0.99,22.50,0.00,44.25,0.39
294.391,1888.50,13.52,1.44,84.00,80.16,33.75,67.54,73.00,92.76,50.25,91.00,14.21,37.00,117.07,17.26,6.00,0.99,22.50,0.00,44.25,0.39
294.631,1888.50,13.52,1.44,84.00,80.16,33.75,67.54,73.00,92.76,50.25,91.00,14.21,37.00,117.07,17.26,6.00,0.99,22.50,0.00,44.25,0.39
294.873,1888.50,13.52,1.44,84.00,80.16,33.75,67.54,73.00,92.76,50.25,91.00,14.21,37.00,117.07,17.26,6.00,0.99,22.50,0.00,44.25,0.39
295.112,1888.50,13.52,1.44,84.00,80.16,33.75,67.54,73.00,92.76,50.25,91.00,14.21,37.00,117.07,17.26,6.00,0.99,22.50,0.00,44.25,0.39
295.353,1888.50,13.52,1.44,84.00,80.16,33.75,67.54,73.00,92.76,50.25,91.00,14.21,37.00,118.08,17.26,6.00,0.99,22.50,0.00,44.25,0.39
295.591,1888.50,13.52,1.44,84.00,80.16,33.75,67.54,73.00,92.76,50.25,91.00,14.21,37.00,118.08,15.12,6.00,0.99,22.50,0.00,44.25,0.39
295.831,1888.50,13.52,1.44,84.00,80.16,33.75,67.54,73.00,92.76,50.25,91.00,14.21,37.00,118.08,15.12,6.00,0.99,22.50,0.00,44.25,0.39
296.073,1888.50,13.52,1.44,84.00,80.16,33.75,67.54,73.00,92.76,50.25,91.00,14.21,37.00,118.08,15.12,6.00,1.00,22.50,0.00,44.25,0.39
296.311,1888.50,13.52,1.44,84.00,80.16,33.75,67.54,73.00,92.76,50.25,91.00,14.21,37.00,118.08,15.12,6.00,1.00,24.00,0.00,44.25,0.39
296.553,1888.50,13.52,1.44,84.00,80.16,33.75,67.54,73.00,92.76,50.25,91.00,14.21,37.00,118.08,15.12,6.00,1.00,24.00,0.00,44.25,0.39
296.791,1888.50,13.52,1.44,84.00,80.16,33.75,67.54,73.00,92.76,50.25,91.00,14.21,37.00,118.08,15.12,6.00,1.00,24.00,0.00,44.25,0.39
297.063,1888.50,13.52,1.44,84.00,80.16,33.75,67.54,73.00,92.76,50.25,91.00,14.21,37.00,118.08,15.12,6.00,1.00,24.00,0.00,44.25,0.39
297.301,1890.00,13.52,1.44,84.00,80.16,33.75,67.54,73.00,92.76,50.25,91.00,14.21,37.00,118.08,15.12,6.00,1.00,24.00,0.00,44.25,0.39
297.541,1890.00,13.49,1.44,84.00,80.16,33.75,67.54,73.00,92.76,50.25,91.00,14.21,37.00,118.08,15.12,6.00,1.00,24.00,0.00,44.25,0.39
297.781,1890.00,13.49,0.54,84.00,80.16,33.75,67.54,73.00,92.76,50.25,91.00,14.21,37.00,118.08,15.12,6.00,1.00,24.00,0.00,44.25,0.39
298.021,1890.00,13.49,0.54,48.00,80.16,33.75,67.54,73.00,92.76,50.25,91.00,14.21,37.00,118.08,15.12,6.00,1.00,24.00,0.00,44.25,0.39
298.261,1890.00,13.49,0.54,48.00,44.75,33.75,67.54,73.00,92.76,50.25,91.00,14.21,37.00,118.08,15.12,6.00,1.00,24.00,0.00,44.25,0.39
298.501,1890.00,13.49,0.54,48.00,44.75,22.50,67.54,73.00,92.76,50.25,91.00,14.21,37.00,118.08,15.12,6.00,1.00,24.00,0.00,44.25,0.39
298.772,1890.00,13.49,0.54,48.00,44.75,22.50,67.05,73.00,92.76,50.25,91.00,14.21,37.00,118.08,15.12,6.00,1.00,24.00,0.00,44.25,0.39
299.011,1890.00,13.49,0.54,48.00,44.75,22.50,67.05,40.90,92.76,50.25,91.00,14.21,37.00,118.08,15.12,6.00,1.00,24.00,0.00,44.25,0.39
299.254,1890.00,13.49,0.54,48.00,44.75,22.50,67.05,40.90,93.46,50.25,91.00,14.21,37.00,118.08,15.12,6.00,1.00,24.00,0.00,44.25,0.39
299.492,1890.00,13.49,0.54,48.00,44.75,22.50,67.05,40.90,93.46,48.00,91.00,14.21,37.00,118.08,15.12,6.00,1.00,24.00,0.00,44.25,0.39
299.732,1890.00,13.49,0.54,48.00,44.75,22.50,67.05,40.90,93.46,48.00,91.00,14.21,37.00,118.08,15.12,6.00,1.00,24.00,0.00,44.25,0.39
299.973,1890.00,13.49,0.54,48.00,44.75,22.50,67.05,40.90,93.46,48.00,91.00,14.22,37.00,118.08,15.12,6.00,1.00,24.00,0.00,44.25,0.39
300.212,1890.00,13.49,0.54,48.00,44.75,22.50,67.05,40.90,93.46,48.00,91.00,14.22,37.00,118.08,15.12,6.00,1.00,24.00,0.00,44.25,0.39
300.454,1890.00,13.49,0.54,48.00,44.75,22.50,67.05,40.90,93.46,48.00,91.00,14.22,37.00,118.16,15.12,6.00,1.00,24.00,0.00,44.25,0.39
300.691,1890.00,13.49,0.54,48.00,44.75,22.50,67.05,40.90,93.46,48.00,91.00,14.22,37.00,118.16,11.81,6.00,1.00,24.00,0.00,44.25,0.39
300.931,1890.00,13.49,0.54,48.00,44.75,22.50,67.05,40.90,93.46,48.00,91.00,14.22,37.00,118.16,11.81,6.00,1.00,24.00,0.00,44.25,0.39
301.173,1890.00,13.49,0.54,48.00,44.75,22.50,67.05,40.90,93.46,48.00,91.00,14.22,37.00,118.16,11.81,6.00,1.00,24.00,0.00,44.25,0.39
301.412,1890.00,13.49,0.54,48.00,44.75,22.50,67.05,40.90,93.46,48.00,91.00,14.22,37.00,118.16,11.81,6.00,1.00,22.50,0.00,44.25,0.39
301.654,1890.00,13.49,0.54,48.00,44.75,22.50,67.05,40.90,93.46,48.00,91.00,14.22,37.00,118.16,11.81,6.00,1.00,22.50,0.00,44.25,0.39
301.891,1890.00,13.49,0.54,48.00,44.75,22.50,67.05,40.90,93.46,48.00,91.00,14.22,37.00,118.16,11.81,6.00,1.00,22.50,0.00,44.25,0.39
302.132,1890.00,13.49,0.54,48.00,44.75,22.50,67.05,40.90,93.46,48.00,91.00,14.22,37.00,118.16,11.81,6.00,1.00,22.50,0.00,44.25,0.39
302.402,1883.50,13.49,0.54,48.00,44.75,22.50,67.05,40.90,93.46,48.00,91.00,14.22,37.00,118.16,11.81,6.00,1.00,22.50,0.00,44.25,0.39
302.642,1883.50,13.49,0.54,48.00,44.75,22.50,67.05,40.90,93.46,48.00,91.00,14.22,37.00,118.16,11.81,6.00,1.00,22.50,0.00,44.25,0.39
302.882,1883.50,13.49,0.24,48.00,44.75,22.50,67.05,40.90,93.46,48.00,91.00,14.22,37.00,118.16,11.81,6.00,1.00,22.50,0.00,44.25,0.39
303.122,1883.50,13.49,0.24,36.00,44.75,22.50,67.05,40.90,93.46,48.00,91.00,14.22,37.00,118.16,11.81,6.00,1.00,22.50,0.00,44.25,0.39
303.364,1883.50,13.49,0.24,36.00,37.25,22.50,67.05,40.90,93.46,48.00,91.00,14.22,37.00,118.16,11.81,6.00,1.00,22.50,0.00,44.25,0.39
303.601,1883.50,13.49,0.24,36.00,37.25,18.00,67.05,40.90,93.46,48.00,91.00,14.22,37.00,118.16,11.81,6.00,1.00,22.50,0.00,44.25,0.39
303.842,1883.50,13.49,0.24,36.00,37.25,18.00,66.15,40.90,93.46,48.00,91.00,14.22,37.00,118.16,11.81,6.00,1.00,22.50,0.00,44.25,0.39
304.082,1883.50,13.49,0.24,36.00,37.25,18.00,66.15,41.00,93.46,48.00,91.00,14.22,37.00,118.16,11.81,6.00,1.00,22.50,0.00,44.25,0.39
304.322,1883.50,13.49,0.24,36.00,37.25,18.00,66.15,41.00,93.56,48.00,91.00,14.22,37.00,118.16,11.81,6.00,1.00,22.50,0.00,44.25,0.39
304.564,1883.50,13.49,0.24,36.00,37.25,18.00,66.15,41.00,93.56,48.00,91.00,14.22,37.00,118.16,11.81,6.00,1.00,22.50,0.00,44.25,0.39
304.802,1883.50,13.49,0.24,36.00,37.25,18.00,66.15,41.00,93.56,48.00,91.00,14.22,37.00,118.16,11.81,6.00,1.00,22.50,0.00,44.25,0.39
305.042,1883.50,13.49,0.24,36.00,37.25,18.00,66.15,41.00,93.56,48.00,91.00,14.22,37.00,118.16,11.81,6.00,1.00,22.50,0.00,44.25,0.39
305.281,1883.50,13.49,0.24,36.00,37.25,18.00,66.15,41.00,93.56,48.00,91.00,14.22,37.00,118.16,11.81,6.00,1.00,22.50,0.00,44.25,0.39
305.522,1883.50,13.49,0.24,36.00,37.25,18.00,66.15,41.00,93.56,48.00,91.00,14.22,37.00,117.50,11.81,6.00,1.00,22.50,0.00,44.25,0.39
305.762,1883.50,13.49,0.24,36.00,37.25,18.00,66.15,41.00,93.56,48.00,91.00,14.22,37.00,117.50,13.97,6.00,1.00,22.50,0.00,44.25,0.39
306.001,1883.50,13.49,0.24,36.00,37.25,18.00,66.15,41.00,93.56,48.00,91.00,14.22,37.00,117.50,13.97,6.00,1.00,22.50,0.00,44.25,0.39
306.242,1883.50,13.49,0.24,36.00,37.25,18.00,66.15,41.00,93.56,48.00,91.00,14.22,37.00,117.50,13.97,6.00,0.99,22.50,0.00,44.25,0.39
306.482,1883.50,13.49,0.24,36.00,37.25,18.00,66.15,41.00,93.56,48.00,91.00,14.22,37.00,117.50,13.97,6.00,0.99,21.75,0.00,44.25,0.39
306.722,1883.50,13.49,0.24,36.00,37.25,18.00,66.15,41.00,93.56,48.00,91.00,14.22,37.00,117.50,13.97,6.00,0.99,21.75,0.00,44.25,0.39
306.964,1883.50,13.49,0.24,36.00,37.25,18.00,66.15,41.00,93.56,48.00,91.00,14.22,37.00,117.50,13.97,6.00,0.99,21.75,0.00,44.25,0.39
307.201,1883.50,13.49,0.24,36.00,37.25,18.00,66.15,41.00,93.56,48.00,91.00,14.22,37.00,117.50,13.97,6.00,0.99,21.75,0.00,44.25,0.39
307.441,1884.50,13.49,0.24,36.00,37.25,18.00,66.15,41.00,93.56,48.00,91.00,14.22,37.00,117.50,13.97,6.00,0.99,21.75,0.00,44.25,0.39
307.682,1884.50,13.49,0.24,36.00,37.25,18.00,66.15,41.00,93.56,48.00,91.00,14.22,37.00,117.50,13.97,6.00,0.99,21.75,0.00,44.25,0.39
307.922,1884.50,13.49,0.26,36.00,37.25,18.00,66.15,41.00,93.56,48.00,91.00,14.22,37.00,117.50,13.97,6.00,0.99,21.75,0.00,44.25,0.39
308.164,1884.50,13.49,0.26,44.00,37.25,18.00,66.15,41.00,93.56,48.00,91.00,14.22,37.00,117.50,13.97,6.00,0.99,21.75,0.00,44.25,0.39
308.402,1884.50,13.49,0.26,44.00,40.09,18.00,66.15,41.00,93.56,48.00,91.00,14.22,37.00,117.50,13.97,6.00,0.99,21.75,0.00,44.25,0.39
308.641,1884.50,13.49,0.26,44.00,40.09,19.50,66.15,41.00,93.56,48.00,91.00,14.22,37.00,117.50,13.97,6.00,0.99,21.75,0.00,44.25,0.39
308.882,1884.50,13.49,0.26,44.00,40.09,19.50,64.84,41.00,93.56,48.00,91.00,14.22,37.00,117.50,13.97,6.00,0.99,21.75,0.00,44.25,0.39
309.122,1884.50,13.49,0.26,44.00,40.09,19.50,64.84,42.80,93.56,48.00,91.00,14.22,37.00,117.50,13.97,6.00,0.99,21.75,0.00,44.25,0.39
309.364,1884.50,13.49,0.26,44.00,40.09,19.50,64.84,42.80,93.26,48.00,91.00,14.22,37.00,117.50,13.97,6.00,0.99,21.75,0.00,44.25,0.39
309.601,1884.50,13.49,0.26,44.00,40.09,19.50,64.84,42.80,93.26,46.50,91.00,14.22,37.00,117.50,13.97,6.00,0.99,21.75,0.00,44.25,0.39
309.842,1884.50,13.49,0.26,44.00,40.09,19.50,64.84,42.80,93.26,46.50,91.00,14.22,37.00,117.50,13.97,6.00,0.99,21.75,0.00,44.25,0.39
310.081,1884.50,13.49,0.26,44.00,40.09,19.50,64.84,42.80,93.26,46.50,91.00,14.23,37.00,117.50,13.97,6.00,0.99,21.75,0.00,44.25,0.39
310.321,1884.50,13.49,0.26,44.00,40.09,19.50,64.84,42.80,93.26,46.50,91.00,14.23,36.50,117.50,13.97,6.00,0.99,21.75,0.00,44.25,0.39
310.564,1884.50,13.49,0.26,44.00,40.09,19.50,64.84,42.80,93.26,46.50,91.00,14.23,36.50,117.14,13.97,6.00,0.99,21.75,0.00,44.25,0.39
310.802,1884.50,13.49,0.26,44.00,40.09,19.50,64.84,42.80,93.26,46.50,91.00,14.23,36.50,117.14,14.03,6.00,0.99,21.75,0.00,44.25,0.39
311.042,1884.50,13.49,0.26,44.00,40.09,19.50,64.84,42.80,93.26,46.50,91.00,14.23,36.50,117.14,14.03,6.00,0.99,21.75,0.00,44.25,0.39
311.281,1884.50,13.49,0.26,44.00,40.09,19.50,64.84,42.80,93.26,46.50,91.00,14.23,36.50,117.14,14.03,6.00,0.99,21.75,0.00,44.25,0.39
311.521,1884.50,13.49,0.26,44.00,40.09,19.50,64.84,42.80,93.26,46.50,91.00,14.23,36.50,117.14,14.03,6.00,0.99,23.25,0.00,44.25,0.39
311.762,1884.50,13.49,0.26,44.00,40.09,19.50,64.84,42.80,93.26,46.50,91.00,14.23,36.50,117.14,14.03,6.00,0.99,23.25,0.00,44.25,0.39
312.002,1884.50,13.49,0.26,44.00,40.09,19.50,64.84,42.80,93.26,46.50,91.00,14.23,36.50,117.14,14.03,6.00,0.99,23.25,0.00,44.25,0.39
312.241,1884.50,13.49,0.26,44.00,40.09,19.50,64.84,42.80,93.26,46.50,91.00,14.23,36.50,117.14,14.03,6.00,0.99,23.25,0.00,44.25,0.39
312.481,1874.50,13.49,0.26,44.00,40.09,19.50,64.84,42.80,93.26,46.50,91.00,14.23,36.50,117.14,14.03,6.00,0.99,23.25,0.00,44.25,0.39
312.722,1874.50,13.50,0.26,44.00,40.09,19.50,64.84,42.80,93.26,46.50,91.00,14.23,36.50,117.14,14.03,6.00,0.99,23.25,0.00,44.25,0.39
312.962,1874.50,13.50,0.36,44.00,40.09,19.50,64.84,42.80,93.26,46.50,91.00,14.23,36.50,117.14,14.03,6.00,0.99,23.25,0.00,44.25,0.39
313.202,1874.50,13.50,0.36,52.00,40.09,19.50,64.84,42.80,93.26,46.50,91.00,14.23,36.50,117.14,14.03,6.00,0.99,23.25,0.00,44.25,0.39
313.442,1874.50,13.50,0.36,52.00,52.94,19.50,64.84,42.80,93.26,46.50,91.00,14.23,36.50,117.14,14.03,6.00,0.99,23.25,0.00,44.25,0.39
313.681,1874.50,13.50,0.36,52.00,52.94,25.50,64.84,42.80,93.26,46.50,91.00,14.23,36.50,117.14,14.03,6.00,0.99,23.25,0.00,44.25,0.39
313.922,1874.50,13.50,0.36,52.00,52.94,25.50,63.65,42.80,93.26,46.50,91.00,14.23,36.50,117.14,14.03,6.00,0.99,23.25,0.00,44.25,0.39
314.162,1874.50,13.50,0.36,52.00,52.94,25.50,63.65,57.00,93.26,46.50,91.00,14.23,36.50,117.14,14.03,6.00,0.99,23.25,0.00,44.25,0.39
314.401,1874.50,13.50,0.36,52.00,52.94,25.50,63.65,57.00,92.96,46.50,91.00,14.23,36.50,117.14,14.03,6.00,0.99,23.25,0.00,44.25,0.39
314.642,1874.50,13.50,0.36,52.00,52.94,25.50,63.65,57.00,92.96,45.75,91.00,14.23,36.50,117.14,14.03,6.00,0.99,23.25,0.00,44.25,0.39
314.881,1874.50,13.50,0.36,52.00,52.94,25.50,63.65,57.00,92.96,45.75,91.00,14.23,36.50,117.14,14.03,6.00,0.99,23.25,0.00,44.25,0.39
315.122,1874.50,13.50,0.36,52.00,52.94,25.50,63.65,57.00,92.96,45.75,91.00,14.23,36.50,117.14,14.03,6.00,0.99,23.25,0.00,44.25,0.39
315.364,1874.50,13.50,0.36,52.00,52.94,25.50,63.65,57.00,92.96,45.75,91.00,14.23,36.50,117.14,14.03,6.00,0.99,23.25,0.00,44.25,0.39
315.602,1874.50,13.50,0.36,52.00,52.94,25.50,63.65,57.00,92.96,45.75,91.00,14.23,36.50,116.89,14.03,6.00,0.99,23.25,0.00,44.25,0.39
315.842,1874.50,13.50,0.36,52.00,52.94,25.50,63.65,57.00,92.96,45.75,91.00,14.23,36.50,116.89,16.60,6.00,0.99,23.25,0.00,44.25,0.39
316.082,1874.50,13.50,0.36,52.00,52.94,25.50,63.65,57.00,92.96,45.75,91.00,14.23,36.50,116.89,16.60,6.00,0.99,23.25,0.00,44.25,0.39
316.322,1874.50,13.50,0.36,52.00,52.94,25.50,63.65,57.00,92.96,45.75,91.00,14.23,36.50,116.89,16.60,6.00,0.99,23.25,0.00,44.25,0.39
316.564,1874.50,13.50,0.36,52.00,52.94,25.50,63.65,57.00,92.96,45.75,91.00,14.23,36.50,116.89,16.60,6.00,0.99,23.25,0.00,44.25,0.39
316.802,1874.50,13.50,0.36,52.00,52.94,25.50,63.65,57.00,92.96,45.75,91.00,14.23,36.50,116.89,16.60,6.00,0.99,23.25,0.00,44.25,0.39
317.042,1874.50,13.50,0.36,52.00,52.94,25.50,63.65,57.00,92.96,45.75,91.00,14.23,36.50,116.89,16.60,6.00,0.99,23.25,0.00,44.25,0.39
317.282,1874.50,13.50,0.36,52.00,52.94,25.50,63.65,57.00,92.96,45.75,91.00,14.23,36.50,116.89,16.60,6.00,0.99,23.25,0.00,44.25,0.78
317.522,1868.50,13.50,0.36,52.00,52.94,25.50,63.65,57.00,92.96,45.75,91.00,14.23,36.50,116.89,16.60,6.00,0.99,23.25,0.00,44.25,0.78
317.764,1868.50,13.48,0.36,52.00,52.94,25.50,63.65,57.00,92.96,45.75,91.00,14.23,36.50,116.89,16.60,6.00,0.99,23.25,0.00,44.25,0.78
318.001,1868.50,13.48,0.71,52.00,52.94,25.50,63.65,57.00,92.96,45.75,91.00,14.23,36.50,116.89,16.60,6.00,0.99,23.25,0.00,44.25,0.78
318.242,1868.50,13.48,0.71,68.00,52.94,25.50,63.65,57.00,92.96,45.75,91.00,14.23,36.50,116.89,16.60,6.00,0.99,23.25,0.00,44.25,0.78
318.482,1868.50,13.48,0.71,68.00,68.41,25.50,63.65,57.00,92.96,45.75,91.00,14.23,36.50,116.89,16.60,6.00,0.99,23.25,0.00,44.25,0.78
318.722,1868.50,13.48,0.71,68.00,68.41,33.75,63.65,57.00,92.96,45.75,91.00,14.23,36.50,116.89,16.60,6.00,0.99,23.25,0.00,44.25,0.78
318.964,1868.50,13.48,0.71,68.00,68.41,33.75,62.85,57.00,92.96,45.75,91.00,14.23,36.50,116.89,16.60,6.00,0.99,23.25,0.00,44.25,0.78
319.202,1868.50,13.48,0.71,68.00,68.41,33.75,62.85,72.80,92.96,45.75,91.00,14.23,36.50,116.89,16.60,6.00,0.99,23.25,0.00,44.25,0.78
319.442,1868.50,13.48,0.71,68.00,68.41,33.75,62.85,72.80,92.86,45.75,91.00,14.23,36.50,116.89,16.60,6.00,0.99,23.25,0.00,44.25,0.78
319.712,1868.50,13.48,0.71,68.00,68.41,33.75,62.85,72.80,92.86,45.00,91.00,14.23,36.50,116.89,16.60,6.00,0.99,23.25,0.00,44.25,0.78
319.953,1868.50,13.48,0.71,68.00,68.41,33.75,62.85,72.80,92.86,45.00,91.00,14.23,36.50,116.89,16.60,6.00,0.99,23.25,0.00,44.25,0.78
320.191,1868.50,13.48,0.71,68.00,68.41,33.75,62.85,72.80,92.86,45.00,91.00,14.23,36.50,116.89,16.60,6.00,0.99,23.25,0.00,44.25,0.78
320.432,1868.50,13.48,0.71,68.00,68.41,33.75,62.85,72.80,92.86,45.00,91.00,14.23,36.50,116.89,16.60,6.00,0.99,23.25,0.00,44.25,0.78
320.674,1868.50,13.48,0.71,68.00,68.41,33.75,62.85,72.80,92.86,45.00,91.00,14.23,36.50,117.32,16.60,6.00,0.99,23.25,0.00,44.25,0.78
320.912,1868.50,13.48,0.71,68.00,68.41,33.75,62.85,72.80,92.86,45.00,91.00,14.23,36.50,117.32,16.23,6.00,0.99,23.25,0.00,44.25,0.78
321.153,1868.50,13.48,0.71,68.00,68.41,33.75,62.85,72.80,92.86,45.00,91.00,14.23,36.50,117.32,16.23,6.00,0.99,23.25,0.00,44.25,0.78
321.392,1868.50,13.48,0.71,68.00,68.41,33.75,62.85,72.80,92.86,45.00,91.00,14.23,36.50,117.32,16.23,6.00,1.00,23.25,0.00,44.25,0.78
321.632,1868.50,13.48,0.71,68.00,68.41,33.75,62.85,72.80,92.86,45.00,91.00,14.23,36.50,117.32,16.23,6.00,1.00,24.00,0.00,44.25,0.78
321.874,1868.50,13.48,0.71,68.00,68.41,33.75,62.85,72.80,92.86,45.00,91.00,14.23,36.50,117.32,16.23,6.00,1.00,24.00,0.00,44.25,0.78
322.111,1868.50,13.48,0.71,68.00,68.41,33.75,62.85,72.80,92.86,45.00,91.00,14.23,36.50,117.32,16.23,6.00,1.00,24.00,0.00,43.50,0.78
322.353,1868.50,13.48,0.71,68.00,68.41,33.75,62.85,72.80,92.86,45.00,91.00,14.23,36.50,117.32,16.23,6.00,1.00,24.00,0.00,43.50,0.39
322.592,1883.50,13.48,0.71,68.00,68.41,33.75,62.85,72.80,92.86,45.00,91.00,14.23,36.50,117.32,16.23,6.00,1.00,24.00,0.00,43.50,0.39
322.831,1883.50,13.49,0.71,68.00,68.41,33.75,62.85,72.80,92.86,45.00,91.00,14.23,36.50,117.32,16.23,6.00,1.00,24.00,0.00,43.50,0.39
323.074,1883.50,13.49,0.74,68.00,68.41,33.75,62.85,72.80,92.86,45.00,91.00,14.23,36.50,117.32,16.23,6.00,1.00,24.00,0.00,43.50,0.39
323.311,1883.50,13.49,0.74,64.00,68.41,33.75,62.85,72.80,92.86,45.00,91.00,14.23,36.50,117.32,16.23,6.00,1.00,24.00,0.00,43.50,0.39
323.553,1883.50,13.49,0.74,64.00,63.62,33.75,62.85,72.80,92.86,45.00,91.00,14.23,36.50,117.32,16.23,6.00,1.00,24.00,0.00,43.50,0.39
323.792,1883.50,13.49,0.74,64.00,63.62,30.00,62.85,72.80,92.86,45.00,91.00,14.23,36.50,117.32,16.23,6.00,1.00,24.00,0.00,43.50,0.39
324.032,1883.50,13.49,0.74,64.00,63.62,30.00,62.76,72.80,92.86,45.00,91.00,14.23,36.50,117.32,16.23,6.00,1.00,24.00,0.00,43.50,0.39
324.274,1883.50,13.49,0.74,64.00,63.62,30.00,62.76,66.40,92.86,45.00,91.00,14.23,36.50,117.32,16.23,6.00,1.00,24.00,0.00,43.50,0.39
324.512,1883.50,13.49,0.74,64.00,63.62,30.00,62.76,66.40,92.86,45.00,91.00,14.23,36.50,117.32,16.23,6.00,1.00,24.00,0.00,43.50,0.39
324.753,1883.50,13.49,0.74,64.00,63.62,30.00,62.76,66.40,92.86,44.25,91.00,14.23,36.50,117.32,16.23,6.00,1.00,24.00,0.00,43.50,0.39
324.992,1883.50,13.49,0.74,64.00,63.62,30.00,62.76,66.40,92.86,44.25,91.00,14.23,36.50,117.32,16.23,6.00,1.00,24.00,0.00,43.50,0.39
325.232,1883.50,13.49,0.74,64.00,63.62,30.00,62.76,66.40,92.86,44.25,91.00,14.24,36.50,117.32,16.23,6.00,1.00,24.00,0.00,43.50,0.39
325.474,1883.50,13.49,0.74,64.00,63.62,30.00,62.76,66.40,92.86,44.25,91.00,14.24,36.50,117.32,16.23,6.00,1.00,24.00,0.00,43.50,0.39
325.711,1883.50,13.49,0.74,64.00,63.62,30.00,62.76,66.40,92.86,44.25,91.00,14.24,36.50,117.56,16.23,6.00,1.00,24.00,0.00,43.50,0.39
325.952,1883.50,13.49,0.74,64.00,63.62,30.00,62.76,66.40,92.86,44.25,91.00,14.24,36.50,117.56,16.05,6.00,1.00,24.00,0.00,43.50,0.39
326.192,1883.50,13.49,0.74,64.00,63.62,30.00,62.76,66.40,92.86,44.25,91.00,14.24,36.50,117.56,16.05,6.00,1.00,24.00,0.00,43.50,0.39
326.432,1883.50,13.49,0.74,64.00,63.62,30.00,62.76,66.40,92.86,44.25,91.00,14.24,36.50,117.56,16.05,6.00,0.99,24.00,0.00,43.50,0.39
326.672,1883.50,13.49,0.74,64.00,63.62,30.00,62.76,66.40,92.86,44.25,91.00,14.24,36.50,117.56,16.05,6.00,0.99,24.00,0.00,43.50,0.39
326.912,1883.50,13.49,0.74,64.00,63.62,30.00,62.76,66.40,92.86,44.25,91.00,14.24,36.50,117.56,16.05,6.00,0.99,24.00,0.00,43.50,0.39
327.153,1883.50,13.49,0.74,64.00,63.62,30.00,62.76,66.40,92.86,44.25,91.00,14.24,36.50,117.56,16.05,6.00,0.99,24.00,0.00,43.50,0.39
327.392,1883.50,13.49,0.74,64.00,63.62,30.00,62.76,66.40,92.86,44.25,91.00,14.24,36.50,117.56,16.05,6.00,0.99,24.00,0.00,43.50,0.78
327.634,1884.00,13.49,0.74,64.00,63.62,30.00,62.76,66.40,92.86,44.25,91.00,14.24,36.50,117.56,16.05,6.00,0.99,24.00,0.00,43.50,0.78
327.874,1884.00,13.50,0.74,64.00,63.62,30.00,62.76,66.40,92.86,44.25,91.00,14.24,36.50,117.56,16.05,6.00,0.99,24.00,0.00,43.50,0.78
328.112,1884.00,13.50,0.68,64.00,63.62,30.00,62.76,66.40,92.86,44.25,91.00,14.24,36.50,117.56,16.05,6.00,0.99,24.00,0.00,43.50,0.78
328.354,1884.00,13.50,0.68,64.00,63.62,30.00,62.76,66.40,92.86,44.25,91.00,14.24,36.50,117.56,16.05,6.00,0.99,24.00,0.00,43.50,0.78
328.592,1884.00,13.50,0.68,64.00,64.09,30.00,62.76,66.40,92.86,44.25,91.00,14.24,36.50,117.56,16.05,6.00,0.99,24.00,0.00,43.50,0.78
328.832,1884.00,13.50,0.68,64.00,64.09,30.00,62.76,66.40,92.86,44.25,91.00,14.24,36.50,117.56,16.05,6.00,0.99,24.00,0.00,43.50,0.78
329.074,1884.00,13.50,0.68,64.00,64.09,30.00,62.45,66.40,92.86,44.25,91.00,14.24,36.50,117.56,16.05,6.00,0.99,24.00,0.00,43.50,0.78
329.312,1884.00,13.50,0.68,64.00,64.09,30.00,62.45,66.50,92.86,44.25,91.00,14.24,36.50,117.56,16.05,6.00,0.99,24.00,0.00,43.50,0.78
329.554,1884.00,13.50,0.68,64.00,64.09,30.00,62.45,66.50,92.96,44.25,91.00,14.24,36.50,117.56,16.05,6.00,0.99,24.00,0.00,43.50,0.78
329.792,1884.00,13.50,0.68,64.00,64.09,30.00,62.45,66.50,92.96,43.50,91.00,14.24,36.50,117.56,16.05,6.00,0.99,24.00,0.00,43.50,0.78
330.032,1884.00,13.50,0.68,64.00,64.09,30.00,62.45,66.50,92.96,43.50,91.00,14.24,36.50,117.56,16.05,6.00,0.99,24.00,0.00,43.50,0.78
330.274,1884.00,13.50,0.68,64.00,64.09,30.00,62.45,66.50,92.96,43.50,91.00,14.24,36.50,117.56,16.05,6.00,0.99,24.00,0.00,43.50,0.78
330.512,1884.00,13.50,0.68,64.00,64.09,30.00,62.45,66.50,92.96,43.50,91.00,14.24,36.50,117.56,16.05,6.00,0.99,24.00,0.00,43.50,0.78
330.754,1884.00,13.50,0.68,64.00,64.09,30.00,62.45,66.50,92.96,43.50,91.00,14.24,36.50,117.10,16.05,6.00,0.99,24.00,0.00,43.50,0.78
330.992,1884.00,13.50,0.68,64.00,64.09,30.00,62.45,66.50,92.96,43.50,91.00,14.24,36.50,117.10,16.54,6.00,0.99,24.00,0.00,43.50,0.78
331.232,1884.00,13.50,0.68,64.00,64.09,30.00,62.45,66.50,92.96,43.50,91.00,14.24,36.50,117.10,16.54,6.00,0.99,24.00,0.00,43.50,0.78
331.474,1884.00,13.50,0.68,64.00,64.09,30.00,62.45,66.50,92.96,43.50,91.00,14.24,36.50,117.10,16.54,6.00,0.99,24.00,0.00,43.50,0.78
331.712,1884.00,13.50,0.68,64.00,64.09,30.00,62.45,66.50,92.96,43.50,91.00,14.24,36.50,117.10,16.54,6.00,0.99,24.00,0.00,43.50,0.78
331.952,1884.00,13.50,0.68,64.00,64.09,30.00,62.45,66.50,92.96,43.50,91.00,14.24,36.50,117.10,16.54,6.00,0.99,24.00,0.00,43.50,0.78
332.192,1884.00,13.50,0.68,64.00,64.09,30.00,62.45,66.50,92.96,43.50,91.00,14.24,36.50,117.10,16.54,6.00,0.99,24.00,0.00,43.50,0.78
332.432,1884.00,13.50,0.68,64.00,64.09,30.00,62.45,66.50,92.96,43.50,91.00,14.24,36.50,117.10,16.54,6.00,0.99,24.00,0.00,43.50,0.39
332.674,1881.00,13.50,0.68,64.00,64.09,30.00,62.45,66.50,92.96,43.50,91.00,14.24,36.50,117.10,16.54,6.00,0.99,24.00,0.00,43.50,0.39
332.912,1881.00,13.50,0.68,64.00,64.09,30.00,62.45,66.50,92.96,43.50,91.00,14.24,36.50,117.10,16.54,6.00,0.99,24.00,0.00,43.50,0.39
333.154,1881.00,13.50,0.74,64.00,64.09,30.00,62.45,66.50,92.96,43.50,91.00,14.24,36.50,117.10,16.54,6.00,0.99,24.00,0.00,43.50,0.39
333.392,1881.00,13.50,0.74,68.00,64.09,30.00,62.45,66.50,92.96,43.50,91.00,14.24,36.50,117.10,16.54,6.00,0.99,24.00,0.00,43.50,0.39
333.632,1881.00,13.50,0.74,68.00,66.72,30.00,62.45,66.50,92.96,43.50,91.00,14.24,36.50,117.10,16.54,6.00,0.99,24.00,0.00,43.50,0.39
333.874,1881.00,13.50,0.74,68.00,66.72,31.50,62.45,66.50,92.96,43.50,91.00,14.24,36.50,117.10,16.54,6.00,0.99,24.00,0.00,43.50,0.39
334.112,1881.00,13.50,0.74,68.00,66.72,31.50,62.15,66.50,92.96,43.50,91.00,14.24,36.50,117.10,16.54,6.00,0.99,24.00,0.00,43.50,0.39
334.352,1881.00,13.50,0.74,68.00,66.72,31.50,62.15,69.50,92.96,43.50,91.00,14.24,36.50,117.10,16.54,6.00,0.99,24.00,0.00,43.50,0.39
334.592,1881.00,13.50,0.74,68.00,66.72,31.50,62.15,69.50,92.96,43.50,91.00,14.24,36.50,117.10,16.54,6.00,0.99,24.00,0.00,43.50,0.39
334.832,1881.00,13.50,0.74,68.00,66.72,31.50,62.15,69.50,92.96,43.50,91.00,14.24,36.50,117.10,16.54,6.00,0.99,24.00,0.00,43.50,0.39
335.074,1881.00,13.50,0.74,68.00,66.72,31.50,62.15,69.50,92.96,43.50,91.00,14.24,36.50,117.10,16.54,6.00,0.99,24.00,0.00,43.50,0.39
335.312,1881.00,13.50,0.74,68.00,66.72,31.50,62.15,69.50,92.96,43.50,91.00,14.24,36.50,117.10,16.54,6.00,0.99,24.00,0.00,43.50,0.39
335.554,1881.00,13.50,0.74,68.00,66.72,31.50,62.15,69.50,92.96,43.50,91.00,14.24,36.50,117.10,16.54,6.00,0.99,24.00,0.00,43.50,0.39
335.792,1881.00,13.50,0.74,68.00,66.72,31.50,62.15,69.50,92.96,43.50,91.00,14.24,36.50,117.44,16.54,6.00,0.99,24.00,0.00,43.50,0.39
336.032,1881.00,13.50,0.74,68.00,66.72,31.50,62.15,69.50,92.96,43.50,91.00,14.24,36.50,117.44,16.20,6.00,0.99,24.00,0.00,43.50,0.39
336.274,1881.00,13.50,0.74,68.00,66.72,31.50,62.15,69.50,92.96,43.50,91.00,14.24,36.50,117.44,16.20,6.00,0.99,24.00,0.00,43.50,0.39
336.512,1881.00,13.50,0.74,68.00,66.72,31.50,62.15,69.50,92.96,43.50,91.00,14.24,36.50,117.44,16.20,6.00,0.99,24.00,0.00,43.50,0.39
336.754,1881.00,13.50,0.74,68.00,66.72,31.50,62.15,69.50,92.96,43.50,91.00,14.24,36.50,117.44,16.20,6.00,0.99,24.00,0.00,43.50,0.39
336.992,1881.00,13.50,0.74,68.00,66.72,31.50,62.15,69.50,92.96,43.50,91.00,14.24,36.50,117.44,16.20,6.00,0.99,24.00,0.00,43.50,0.39
337.232,1881.00,13.50,0.74,68.00,66.72,31.50,62.15,69.50,92.96,43.50,91.00,14.24,36.50,117.44,16.20,6.00,0.99,24.00,0.00,43.50,0.39
337.474,1881.00,13.50,0.74,68.00,66.72,31.50,62.15,69.50,92.96,43.50,91.00,14.24,36.50,117.44,16.20,6.00,0.99,24.00,0.00,43.50,0.78
337.712,1889.00,13.50,0.74,68.00,66.72,31.50,62.15,69.50,92.96,43.50,91.00,14.24,36.50,117.44,16.20,6.00,0.99,24.00,0.00,43.50,0.78
337.952,1889.00,13.53,0.74,68.00,66.72,31.50,62.15,69.50,92.96,43.50,91.00,14.24,36.50,117.44,16.20,6.00,0.99,24.00,0.00,43.50,0.78
338.192,1889.00,13.53,0.70,68.00,66.72,31.50,62.15,69.50,92.96,43.50,91.00,14.24,36.50,117.44,16.20,6.00,0.99,24.00,0.00,43.50,0.78
338.432,1889.00,13.53,0.70,64.00,66.72,31.50,62.15,69.50,92.96,43.50,91.00,14.24,36.50,117.44,16.20,6.00,0.99,24.00,0.00,43.50,0.78
338.672,1889.00,13.53,0.70,64.00,63.94,31.50,62.15,69.50,92.96,43.50,91.00,14.24,36.50,117.44,16.20,6.00,0.99,24.00,0.00,43.50,0.78
338.912,1889.00,13.53,0.70,64.00,63.94,30.00,62.15,69.50,92.96,43.50,91.00,14.24,36.50,117.44,16.20,6.00,0.99,24.00,0.00,43.50,0.78
339.154,1889.00,13.53,0.70,64.00,63.94,30.00,61.96,69.50,92.96,43.50,91.00,14.24,36.50,117.44,16.20,6.00,0.99,24.00,0.00,43.50,0.78
339.392,1889.00,13.53,0.70,64.00,63.94,30.00,61.96,66.20,92.96,43.50,91.00,14.24,36.50,117.44,16.20,6.00,0.99,24.00,0.00,43.50,0.78
339.632,1889.00,13.53,0.70,64.00,63.94,30.00,61.96,66.20,92.76,43.50,91.00,14.24,36.50,117.44,16.20,6.00,0.99,24.00,0.00,43.50,0.78
339.874,1889.00,13.53,0.70,64.00,63.94,30.00,61.96,66.20,92.76,43.50,91.00,14.24,36.50,117.44,16.20,6.00,0.99,24.00,0.00,43.50,0.78
340.112,1889.00,13.53,0.70,64.00,63.94,30.00,61.96,66.20,92.76,43.50,91.00,14.24,36.50,117.44,16.20,6.00,0.99,24.00,0.00,43.50,0.78
340.352,1889.00,13.53,0.70,64.00,63.94,30.00,61.96,66.20,92.76,43.50,91.00,14.24,36.50,117.44,16.20,6.00,0.99,24.00,0.00,43.50,0.78
340.592,1889.00,13.53,0.70,64.00,63.94,30.00,61.96,66.20,92.76,43.50,91.00,14.24,36.50,117.44,16.20,6.00,0.99,24.00,0.00,43.50,0.78
340.832,1889.00,13.53,0.70,64.00,63.94,30.00,61.96,66.20,92.76,43.50,91.00,14.24,36.50,117.56,16.20,6.00,0.99,24.00,0.00,43.50,0.78
341.074,1889.00,13.53,0.70,64.00,63.94,30.00,61.96,66.20,92.76,43.50,91.00,14.24,36.50,117.56,15.76,6.00,0.99,24.00,0.00,43.50,0.78
341.312,1889.00,13.53,0.70,64.00,63.94,30.00,61.96,66.20,92.76,43.50,91.00,14.24,36.50,117.56,15.76,6.00,0.99,24.00,0.00,43.50,0.78
341.554,1889.00,13.53,0.70,64.00,63.94,30.00,61.96,66.20,92.76,43.50,91.00,14.24,36.50,117.56,15.76,6.00,0.99,24.00,0.00,43.50,0.78
341.792,1889.00,13.53,0.70,64.00,63.94,30.00,61.96,66.20,92.76,43.50,91.00,14.24,36.50,117.56,15.76,6.00,0.99,24.00,0.00,43.50,0.78
342.032,1889.00,13.53,0.70,64.00,63.94,30.00,61.96,66.20,92.76,43.50,91.00,14.24,36.50,117.56,15.76,6.00,0.99,24.00,0.00,43.50,0.78
342.274,1889.00,13.53,0.70,64.00,63.94,30.00,61.96,66.20,92.76,43.50,91.00,14.24,36.50,117.56,15.76,6.00,0.99,24.00,0.00,43.50,0.78
342.512,1889.00,13.53,0.70,64.00,63.94,30.00,61.96,66.20,92.76,43.50,91.00,14.24,36.50,117.56,15.76,6.00,0.99,24.00,0.00,43.50,0.78
342.754,1884.50,13.53,0.70,64.00,63.94,30.00,61.96,66.20,92.76,43.50,91.00,14.24,36.50,117.56,15.76,6.00,0.99,24.00,0.00,43.50,0.78
342.963,1884.50,13.52,0.70,64.00,63.94,30.00,61.96,66.20,92.76,43.50,91.00,14.24,36.50,117.56,15.76,6.00,0.99,24.00,0.00,43.50,0.78
343.202,1884.50,13.52,0.59,64.00,63.94,30.00,61.96,66.20,92.76,43.50,91.00,14.24,36.50,117.56,15.76,6.00,0.99,24.00,0.00,43.50,0.78
343.442,1884.50,13.52,0.59,60.00,63.94,30.00,61.96,66.20,92.76,43.50,91.00,14.24,36.50,117.56,15.76,6.00,0.99,24.00,0.00,43.50,0.78
343.682,1884.50,13.52,0.59,60.00,60.59,30.00,61.96,66.20,92.76,43.50,91.00,14.24,36.50,117.56,15.76,6.00,0.99,24.00,0.00,43.50,0.78
343.922,1884.50,13.52,0.59,60.00,60.59,28.50,61.96,66.20,92.76,43.50,91.00,14.24,36.50,117.56,15.76,6.00,0.99,24.00,0.00,43.50,0.78
344.163,1884.50,13.52,0.59,60.00,60.59,28.50,61.44,66.20,92.76,43.50,91.00,14.24,36.50,117.56,15.76,6.00,0.99,24.00,0.00,43.50,0.78
344.402,1884.50,13.52,0.59,60.00,60.59,28.50,61.44,63.40,92.76,43.50,91.00,14.24,36.50,117.56,15.76,6.00,0.99,24.00,0.00,43.50,0.78
344.642,1884.50,13.52,0.59,60.00,60.59,28.50,61.44,63.40,92.56,43.50,91.00,14.24,36.50,117.56,15.76,6.00,0.99,24.00,0.00,43.50,0.78
344.881,1884.50,13.52,0.59,60.00,60.59,28.50,61.44,63.40,92.56,43.50,91.00,14.24,36.50,117.56,15.76,6.00,0.99,24.00,0.00,43.50,0.78
345.122,1884.50,13.52,0.59,60.00,60.59,28.50,61.44,63.40,92.56,43.50,91.00,14.24,36.50,117.56,15.76,6.00,0.99,24.00,0.00,43.50,0.78
345.362,1884.50,13.52,0.59,60.00,60.59,28.50,61.44,63.40,92.56,43.50,91.00,14.24,36.50,117.56,15.76,6.00,0.99,24.00,0.00,43.50,0.78
345.602,1884.50,13.52,0.59,60.00,60.59,28.50,61.44,63.40,92.56,43.50,91.00,14.24,36.50,117.56,15.76,6.00,0.99,24.00,0.00,43.50,0.78
345.842,1884.50,13.52,0.59,60.00,60.59,28.50,61.44,63.40,92.56,43.50,91.00,14.24,36.50,117.54,15.76,6.00,0.99,24.00,0.00,43.50,0.78
346.082,1884.50,13.52,0.59,60.00,60.59,28.50,61.44,63.40,92.56,43.50,91.00,14.24,36.50,117.54,16.23,6.00,0.99,24.00,0.00,43.50,0.78
346.322,1884.50,13.52,0.59,60.00,60.59,28.50,61.44,63.40,92.56,43.50,91.00,14.24,36.50,117.54,16.23,6.00,0.99,24.00,0.00,43.50,0.78
346.563,1884.50,13.52,0.59,60.00,60.59,28.50,61.44,63.40,92.56,43.50,91.00,14.24,36.50,117.54,16.23,6.00,0.99,24.00,0.00,43.50,0.78
346.801,1884.50,13.52,0.59,60.00,60.59,28.50,61.44,63.40,92.56,43.50,91.00,14.24,36.50,117.54,16.23,6.00,0.99,24.00,0.00,43.50,0.78
347.042,1884.50,13.52,0.59,60.00,60.59,28.50,61.44,63.40,92.56,43.50,91.00,14.24,36.50,117.54,16.23,6.00,0.99,24.00,0.00,43.50,0.78
347.281,1884.50,13.52,0.59,60.00,60.59,28.50,61.44,63.40,92.56,43.50,91.00,14.24,36.50,117.54,16.23,6.00,0.99,24.00,0.00,43.50,0.78
347.522,1884.50,13.52,0.59,60.00,60.59,28.50,61.44,63.40,92.56,43.50,91.00,14.24,36.50,117.54,16.23,6.00,0.99,24.00,0.00,43.50,0.78
347.763,1879.50,13.52,0.59,60.00,60.59,28.50,61.44,63.40,92.56,43.50,91.00,14.24,36.50,117.54,16.23,6.00,0.99,24.00,0.00,43.50,0.78
348.002,1879.50,13.52,0.59,60.00,60.59,28.50,61.44,63.40,92.56,43.50,91.00,14.24,36.50,117.54,16.23,6.00,0.99,24.00,0.00,43.50,0.78
348.242,1879.50,13.52,0.61,60.00,60.59,28.50,61.44,63.40,92.56,43.50,91.00,14.24,36.50,117.54,16.23,6.00,0.99,24.00,0.00,43.50,0.78
348.482,1879.50,13.52,0.61,64.00,60.59,28.50,61.44,63.40,92.56,43.50,91.00,14.24,36.50,117.54,16.23,6.00,0.99,24.00,0.00,43.50,0.78
348.721,1879.50,13.52,0.61,64.00,61.53,28.50,61.44,63.40,92.56,43.50,91.00,14.24,36.50,117.54,16.23,6.00,0.99,24.00,0.00,43.50,0.78
348.963,1879.50,13.52,0.61,64.00,61.53,73.50,61.44,63.40,92.56,43.50,91.00,14.24,36.50,117.54,16.23,6.00,0.99,24.00,0.00,43.50,0.78
349.202,1879.50,13.52,0.61,64.00,61.53,73.50,60.95,63.40,92.56,43.50,91.00,14.24,36.50,117.54,16.23,6.00,0.99,24.00,0.00,43.50,0.78
349.442,1879.50,13.52,0.61,64.00,61.53,73.50,60.95,188.70,92.56,43.50,91.00,14.24,36.50,117.54,16.23,6.00,0.99,24.00,0.00,43.50,0.78
349.681,1879.50,13.52,0.61,64.00,61.53,73.50,60.95,188.70,92.46,43.50,91.00,14.24,36.50,117.54,16.23,6.00,0.99,24.00,0.00,43.50,0.78
349.922,1879.50,13.52,0.61,64.00,61.53,73.50,60.95,188.70,92.46,43.50,91.00,14.24,36.50,117.54,16.23,6.00,0.99,24.00,0.00,43.50,0.78
350.163,1879.50,13.52,0.61,64.00,61.53,73.50,60.95,188.70,92.46,43.50,91.00,14.24,36.50,117.54,16.23,6.00,0.99,24.00,0.00,43.50,0.78
350.402,1879.50,13.52,0.61,64.00,61.53,73.50,60.95,188.70,92.46,43.50,91.00,14.25,36.50,117.54,16.23,6.00,0.99,24.00,0.00,43.50,0.78
350.642,1879.50,13.52,0.61,64.00,61.53,73.50,60.95,188.70,92.46,43.50,91.00,14.25,36.50,117.54,16.23,6.00,0.99,24.00,0.00,43.50,0.78
350.882,1879.50,13.52,0.61,64.00,61.53,73.50,60.95,188.70,92.46,43.50,91.00,14.25,36.50,123.42,16.23,6.00,0.99,24.00,0.00,43.50,0.78
351.122,1879.50,13.52,0.61,64.00,61.53,73.50,60.95,188.70,92.46,43.50,91.00,14.25,36.50,123.42,98.05,6.00,0.99,24.00,0.00,43.50,0.78
351.363,1879.50,13.52,0.61,64.00,61.53,73.50,60.95,188.70,92.46,43.50,91.00,14.25,36.50,123.42,98.05,6.00,0.99,24.00,0.00,43.50,0.78
351.574,1879.50,13.52,0.61,64.00,61.53,73.50,60.95,188.70,92.46,43.50,91.00,14.25,36.50,123.42,98.05,6.00,1.00,24.00,0.00,43.50,0.78
351.782,1879.50,13.52,0.61,64.00,61.53,73.50,60.95,188.70,92.46,43.50,91.00,14.25,36.50,123.42,98.05,6.00,1.00,0.00,0.00,43.50,0.78
351.992,1879.50,13.52,0.61,64.00,61.53,73.50,60.95,188.70,92.46,43.50,91.00,14.25,36.50,123.42,98.05,6.00,1.00,0.00,0.00,43.50,0.78
352.232,1879.50,13.52,0.61,64.00,61.53,73.50,60.95,188.70,92.46,43.50,91.00,14.25,36.50,123.42,98.05,6.00,1.00,0.00,0.00,43.50,0.78
352.474,1879.50,13.52,0.61,64.00,61.53,73.50,60.95,188.70,92.46,43.50,91.00,14.25,36.50,123.42,98.05,6.00,1.00,0.00,0.00,43.50,0.00
352.712,2132.00,13.52,0.61,64.00,61.53,73.50,60.95,188.70,92.46,43.50,91.00,14.25,36.50,123.42,98.05,6.00,1.00,0.00,0.00,43.50,0.00
352.954,2132.00,30.47,0.61,64.00,61.53,73.50,60.95,188.70,92.46,43.50,91.00,14.25,36.50,123.42,98.05,6.00,1.00,0.00,0.00,43.50,0.00
353.192,2132.00,30.47,17.23,64.00,61.53,73.50,60.95,188.70,92.46,43.50,91.00,14.25,36.50,123.42,98.05,6.00,1.00,0.00,0.00,43.50,0.00
353.432,2132.00,30.47,17.23,424.00,61.53,73.50,60.95,188.70,92.46,43.50,91.00,14.25,36.50,123.42,98.05,6.00,1.00,0.00,0.00,43.50,0.00
353.674,2132.00,30.47,17.23,424.00,431.56,73.50,60.95,188.70,92.46,43.50,91.00,14.25,36.50,123.42,98.05,6.00,1.00,0.00,0.00,43.50,0.00
353.912,2132.00,30.47,17.23,424.00,431.56,166.50,60.95,188.70,92.46,43.50,91.00,14.25,36.50,123.42,98.05,6.00,1.00,0.00,0.00,43.50,0.00
354.152,2132.00,30.47,17.23,424.00,431.56,166.50,82.96,188.70,92.46,43.50,91.00,14.25,36.50,123.42,98.05,6.00,1.00,0.00,0.00,43.50,0.00
354.392,2132.00,30.47,17.23,424.00,431.56,166.50,82.96,430.50,92.46,43.50,91.00,14.25,36.50,123.42,98.05,6.00,1.00,0.00,0.00,43.50,0.00
354.632,2132.00,30.47,17.23,424.00,431.56,166.50,82.96,430.50,93.16,43.50,91.00,14.25,36.50,123.42,98.05,6.00,1.00,0.00,0.00,43.50,0.00
354.874,2132.00,30.47,17.23,424.00,431.56,166.50,82.96,430.50,93.16,42.75,91.00,14.25,36.50,123.42,98.05,6.00,1.00,0.00,0.00,43.50,0.00
355.112,2132.00,30.47,17.23,424.00,431.56,166.50,82.96,430.50,93.16,42.75,91.00,14.25,36.50,123.42,98.05,6.00,1.00,0.00,0.00,43.50,0.00
355.354,2132.00,30.47,17.23,424.00,431.56,166.50,82.96,430.50,93.16,42.75,91.00,14.25,36.50,123.42,98.05,6.00,1.00,0.00,0.00,43.50,0.00
355.592,2132.00,30.47,17.23,424.00,431.56,166.50,82.96,430.50,93.16,42.75,91.00,14.25,36.50,123.42,98.05,6.00,1.00,0.00,0.00,43.50,0.00
355.832,2132.00,30.47,17.23,424.00,431.56,166.50,82.96,430.50,93.16,42.75,91.00,14.25,36.50,146.06,98.05,6.00,1.00,0.00,0.00,43.50,0.00
356.072,2132.00,30.47,17.23,424.00,431.56,166.50,82.96,430.50,93.16,42.75,91.00,14.25,36.50,146.06,5.40,6.00,1.00,0.00,0.00,43.50,0.00
356.312,2132.00,30.47,17.23,424.00,431.56,166.50,82.96,430.50,93.16,42.75,91.00,14.25,36.50,146.06,5.40,6.00,1.00,0.00,0.00,43.50,0.00
356.554,2132.00,30.47,17.23,424.00,431.56,166.50,82.96,430.50,93.16,42.75,91.00,14.25,36.50,146.06,5.40,6.00,0.94,0.00,0.00,43.50,0.00
356.791,2132.00,30.47,17.23,424.00,431.56,166.50,82.96,430.50,93.16,42.75,91.00,14.25,36.50,146.06,5.40,6.00,0.94,-15.00,0.00,43.50,0.00
357.032,2132.00,30.47,17.23,424.00,431.56,166.50,82.96,430.50,93.16,42.75,91.00,14.25,36.50,146.06,5.40,6.00,0.94,-15.00,0.00,43.50,0.00
357.272,2132.00,30.47,17.23,424.00,431.56,166.50,82.96,430.50,93.16,42.75,91.00,14.25,36.50,146.06,5.40,6.00,0.94,-15.00,0.00,43.50,0.00
357.512,2132.00,30.47,17.23,424.00,431.56,166.50,82.96,430.50,93.16,42.75,91.00,14.25,36.50,146.06,5.40,6.00,0.94,-15.00,0.00,43.50,19.14
357.754,2253.00,30.47,17.23,424.00,431.56,166.50,82.96,430.50,93.16,42.75,91.00,14.25,36.50,146.06,5.40,6.00,0.94,-15.00,0.00,43.50,19.14
357.992,2253.00,13.49,17.23,424.00,431.56,166.50,82.96,430.50,93.16,42.75,91.00,14.25,36.50,146.06,5.40,6.00,0.94,-15.00,0.00,43.50,19.14
358.232,2253.00,13.49,0.81,424.00,431.56,166.50,82.96,430.50,93.16,42.75,91.00,14.25,36.50,146.06,5.40,6.00,0.94,-15.00,0.00,43.50,19.14
358.474,2253.00,13.49,0.81,44.00,431.56,166.50,82.96,430.50,93.16,42.75,91.00,14.25,36.50,146.06,5.40,6.00,0.94,-15.00,0.00,43.50,19.14
358.712,2253.00,13.49,0.81,44.00,45.00,166.50,82.96,430.50,93.16,42.75,91.00,14.25,36.50,146.06,5.40,6.00,0.94,-15.00,0.00,43.50,19.14
358.954,2253.00,13.49,0.81,44.00,45.00,17.25,82.96,430.50,93.16,42.75,91.00,14.25,36.50,146.06,5.40,6.00,0.94,-15.00,0.00,43.50,19.14
359.192,2253.00,13.49,0.81,44.00,45.00,17.25,100.54,430.50,93.16,42.75,91.00,14.25,36.50,146.06,5.40,6.00,0.94,-15.00,0.00,43.50,19.14
359.432,2253.00,13.49,0.81,44.00,45.00,17.25,100.54,43.50,93.16,42.75,91.00,14.25,36.50,146.06,5.40,6.00,0.94,-15.00,0.00,43.50,19.14
359.674,2253.00,13.49,0.81,44.00,45.00,17.25,100.54,43.50,96.06,42.75,91.00,14.25,36.50,146.06,5.40,6.00,0.94,-15.00,0.00,43.50,19.14
359.912,2253.00,13.49,0.81,44.00,45.00,17.25,100.54,43.50,96.06,42.75,91.00,14.25,36.50,146.06,5.40,6.00,0.94,-15.00,0.00,43.50,19.14
360.154,2253.00,13.49,0.81,44.00,45.00,17.25,100.54,43.50,96.06,42.75,91.00,14.25,36.50,146.06,5.40,6.00,0.94,-15.00,0.00,43.50,19.14
360.392,2253.00,13.49,0.81,44.00,45.00,17.25,100.54,43.50,96.06,42.75,91.00,14.25,36.50,146.06,5.40,6.00,0.94,-15.00,0.00,43.50,19.14
360.602,2253.00,13.49,0.81,44.00,45.00,17.25,100.54,43.50,96.06,42.75,91.00,14.25,36.50,146.06,5.40,6.00,0.94,-15.00,0.00,43.50,19.14
360.842,2253.00,13.49,0.81,44.00,45.00,17.25,100.54,43.50,96.06,42.75,91.00,14.25,36.50,134.33,5.40,6.00,0.94,-15.00,0.00,43.50,19.14
361.082,2253.00,13.49,0.81,44.00,45.00,17.25,100.54,43.50,96.06,42.75,91.00,14.25,36.50,134.33,12.11,6.00,0.94,-15.00,0.00,43.50,19.14
361.322,2253.00,13.49,0.81,44.00,45.00,17.25,100.54,43.50,96.06,42.75,91.00,14.25,36.50,134.33,12.11,6.00,0.94,-15.00,0.00,43.50,19.14
361.563,2253.00,13.49,0.81,44.00,45.00,17.25,100.54,43.50,96.06,42.75,91.00,14.25,36.50,134.33,12.11,6.00,16.00,-15.00,0.00,43.50,19.14
361.802,2253.00,13.49,0.81,44.00,45.00,17.25,100.54,43.50,96.06,42.75,91.00,14.25,36.50,134.33,12.11,6.00,16.00,-16.50,0.00,43.50,19.14
362.042,2253.00,13.49,0.81,44.00,45.00,17.25,100.54,43.50,96.06,42.75,91.00,14.25,36.50,134.33,12.11,6.00,16.00,-16.50,0.00,43.50,19.14
362.282,2253.00,13.49,0.81,44.00,45.00,17.25,100.54,43.50,96.06,42.75,91.00,14.25,36.50,134.33,12.11,6.00,16.00,-16.50,0.00,43.50,19.14
362.554,2253.00,13.49,0.81,44.00,45.00,17.25,100.54,43.50,96.06,42.75,91.00,14.25,36.50,134.33,12.11,6.00,16.00,-16.50,0.00,43.50,0.39
362.792,2047.50,13.49,0.81,44.00,45.00,17.25,100.54,43.50,96.06,42.75,91.00,14.25,36.50,134.33,12.11,6.00,16.00,-16.50,0.00,43.50,0.39
363.032,2047.50,13.50,0.81,44.00,45.00,17.25,100.54,43.50,96.06,42.75,91.00,14.25,36.50,134.33,12.11,6.00,16.00,-16.50,0.00,43.50,0.39
363.274,2047.50,13.50,0.39,44.00,45.00,17.25,100.54,43.50,96.06,42.75,91.00,14.25,36.50,134.33,12.11,6.00,16.00,-16.50,0.00,43.50,0.39
363.512,2047.50,13.50,0.39,32.00,45.00,17.25,100.54,43.50,96.06,42.75,91.00,14.25,36.50,134.33,12.11,6.00,16.00,-16.50,0.00,43.50,0.39
363.752,2047.50,13.50,0.39,32.00,32.81,17.25,100.54,43.50,96.06,42.75,91.00,14.25,36.50,134.33,12.11,6.00,16.00,-16.50,0.00,43.50,0.39
363.992,2047.50,13.50,0.39,32.00,32.81,13.50,100.54,43.50,96.06,42.75,91.00,14.25,36.50,134.33,12.11,6.00,16.00,-16.50,0.00,43.50,0.39
364.232,2047.50,13.50,0.39,32.00,32.81,13.50,88.96,43.50,96.06,42.75,91.00,14.25,36.50,134.33,12.11,6.00,16.00,-16.50,0.00,43.50,0.39
364.474,2047.50,13.50,0.39,32.00,32.81,13.50,88.96,31.40,96.06,42.75,91.00,14.25,36.50,134.33,12.11,6.00,16.00,-16.50,0.00,43.50,0.39
364.712,2047.50,13.50,0.39,32.00,32.81,13.50,88.96,31.40,93.66,42.75,91.00,14.25,36.50,134.33,12.11,6.00,16.00,-16.50,0.00,43.50,0.39
364.954,2047.50,13.50,0.39,32.00,32.81,13.50,88.96,31.40,93.66,43.50,91.00,14.25,36.50,134.33,12.11,6.00,16.00,-16.50,0.00,43.50,0.39
365.192,2047.50,13.50,0.39,32.00,32.81,13.50,88.96,31.40,93.66,43.50,92.00,14.25,36.50,134.33,12.11,6.00,16.00,-16.50,0.00,43.50,0.39
365.432,2047.50,13.50,0.39,32.00,32.81,13.50,88.96,31.40,93.66,43.50,92.00,14.25,36.50,134.33,12.11,6.00,16.00,-16.50,0.00,43.50,0.39
365.674,2047.50,13.50,0.39,32.00,32.81,13.50,88.96,31.40,93.66,43.50,92.00,14.25,36.50,134.33,12.11,6.00,16.00,-16.50,0.00,43.50,0.39
365.912,2047.50,13.50,0.39,32.00,32.81,13.50,88.96,31.40,93.66,43.50,92.00,14.25,36.50,121.10,12.11,6.00,16.00,-16.50,0.00,43.50,0.39
366.152,2047.50,13.50,0.39,32.00,32.81,13.50,88.96,31.40,93.66,43.50,92.00,14.25,36.50,121.10,9.74,6.00,16.00,-16.50,0.00,43.50,0.39
366.392,2047.50,13.50,0.39,32.00,32.81,13.50,88.96,31.40,93.66,43.50,92.00,14.25,36.50,121.10,9.74,6.00,16.00,-16.50,0.00,43.50,0.39
366.634,2047.50,13.50,0.39,32.00,32.81,13.50,88.96,31.40,93.66,43.50,92.00,14.25,36.50,121.10,9.74,6.00,4.82,-16.50,0.00,43.50,0.39
366.874,2047.50,13.50,0.39,32.00,32.81,13.50,88.96,31.40,93.66,43.50,92.00,14.25,36.50,121.10,9.74,6.00,4.82,10.50,0.00,43.50,0.39
367.112,2047.50,13.50,0.39,32.00,32.81,13.50,88.96,31.40,93.66,43.50,92.00,14.25,36.50,121.10,9.74,6.00,4.82,10.50,0.00,43.50,0.39
367.354,2047.50,13.50,0.39,32.00,32.81,13.50,88.96,31.40,93.66,43.50,92.00,14.25,36.50,121.10,9.74,6.00,4.82,10.50,0.00,44.25,0.39
367.592,2047.50,13.50,0.39,32.00,32.81,13.50,88.96,31.40,93.66,43.50,92.00,14.25,36.50,121.10,9.74,6.00,4.82,10.50,0.00,44.25,0.39
367.832,1890.00,13.50,0.39,32.00,32.81,13.50,88.96,31.40,93.66,43.50,92.00,14.25,36.50,121.10,9.74,6.00,4.82,10.50,0.00,44.25,0.39
368.072,1890.00,13.56,0.39,32.00,32.81,13.50,88.96,31.40,93.66,43.50,92.00,14.25,36.50,121.10,9.74,6.00,4.82,10.50,0.00,44.25,0.39
368.312,1890.00,13.56,0.46,32.00,32.81,13.50,88.96,31.40,93.66,43.50,92.00,14.25,36.50,121.10,9.74,6.00,4.82,10.50,0.00,44.25,0.39
368.552,1890.00,13.56,0.46,84.00,32.81,13.50,88.96,31.40,93.66,43.50,92.00,14.25,36.50,121.10,9.74,6.00,4.82,10.50,0.00,44.25,0.39
368.792,1890.00,13.56,0.46,84.00,87.91,13.50,88.96,31.40,93.66,43.50,92.00,14.25,36.50,121.10,9.74,6.00,4.82,10.50,0.00,44.25,0.39
369.032,1890.00,13.56,0.46,84.00,87.91,41.25,88.96,31.40,93.66,43.50,92.00,14.25,36.50,121.10,9.74,6.00,4.82,10.50,0.00,44.25,0.39
369.274,1890.00,13.56,0.46,84.00,87.91,41.25,80.64,31.40,93.66,43.50,92.00,14.25,36.50,121.10,9.74,6.00,4.82,10.50,0.00,44.25,0.39
369.512,1890.00,13.56,0.46,84.00,87.91,41.25,80.64,88.50,93.66,43.50,92.00,14.25,36.50,121.10,9.74,6.00,4.82,10.50,0.00,44.25,0.39
369.754,1890.00,13.56,0.46,84.00,87.91,41.25,80.64,88.50,89.56,43.50,92.00,14.25,36.50,121.10,9.74,6.00,4.82,10.50,0.00,44.25,0.39
369.992,1890.00,13.56,0.46,84.00,87.91,41.25,80.64,88.50,89.56,45.00,92.00,14.25,36.50,121.10,9.74,6.00,4.82,10.50,0.00,44.25,0.39
370.232,1890.00,13.56,0.46,84.00,87.91,41.25,80.64,88.50,89.56,45.00,91.00,14.25,36.50,121.10,9.74,6.00,4.82,10.50,0.00,44.25,0.39
370.474,1890.00,13.56,0.46,84.00,87.91,41.25,80.64,88.50,89.56,45.00,91.00,14.25,36.50,121.10,9.74,6.00,4.82,10.50,0.00,44.25,0.39
370.712,1890.00,13.56,0.46,84.00,87.91,41.25,80.64,88.50,89.56,45.00,91.00,14.25,36.50,121.10,9.74,6.00,4.82,10.50,0.00,44.25,0.39
370.954,1890.00,13.56,0.46,84.00,87.91,41.25,80.64,88.50,89.56,45.00,91.00,14.25,36.50,118.06,9.74,6.00,4.82,10.50,0.00,44.25,0.39
371.192,1890.00,13.56,0.46,84.00,87.91,41.25,80.64,88.50,89.56,45.00,91.00,14.25,36.50,118.06,15.96,6.00,4.82,10.50,0.00,44.25,0.39
371.432,1890.00,13.56,0.46,84.00,87.91,41.25,80.64,88.50,89.56,45.00,91.00,14.25,36.50,118.06,15.96,6.00,4.82,10.50,0.00,44.25,0.39
371.674,1890.00,13.56,0.46,84.00,87.91,41.25,80.64,88.50,89.56,45.00,91.00,14.25,36.50,118.06,15.96,6.00,0.99,10.50,0.00,44.25,0.39
371.912,1890.00,13.56,0.46,84.00,87.91,41.25,80.64,88.50,89.56,45.00,91.00,14.25,36.50,118.06,15.96,6.00,0.99,24.00,0.00,44.25,0.39
372.154,1890.00,13.56,0.46,84.00,87.91,41.25,80.64,88.50,89.56,45.00,91.00,14.25,36.50,118.06,15.96,6.00,0.99,24.00,0.00,44.25,0.39
372.392,1890.00,13.56,0.46,84.00,87.91,41.25,80.64,88.50,89.56,45.00,91.00,14.25,36.50,118.06,15.96,6.00,0.99,24.00,0.00,43.50,0.39
372.634,1890.00,13.56,0.46,84.00,87.91,41.25,80.64,88.50,89.56,45.00,91.00,14.25,36.50,118.06,15.96,6.00,0.99,24.00,0.00,43.50,0.39
372.874,1890.50,13.56,0.46,84.00,87.91,41.25,80.64,88.50,89.56,45.00,91.00,14.25,36.50,118.06,15.96,6.00,0.99,24.00,0.00,43.50,0.39
373.112,1890.50,13.54,0.46,84.00,87.91,41.25,80.64,88.50,89.56,45.00,91.00,14.25,36.50,118.06,15.96,6.00,0.99,24.00,0.00,43.50,0.39
373.352,1890.50,13.54,1.28,84.00,87.91,41.25,80.64,88.50,89.56,45.00,91.00,14.25,36.50,118.06,15.96,6.00,0.99,24.00,0.00,43.50,0.39
373.592,1890.50,13.54,1.28,80.00,87.91,41.25,80.64,88.50,89.56,45.00,91.00,14.25,36.50,118.06,15.96,6.00,0.99,24.00,0.00,43.50,0.39
373.832,1890.50,13.54,1.28,80.00,78.28,41.25,80.64,88.50,89.56,45.00,91.00,14.25,36.50,118.06,15.96,6.00,0.99,24.00,0.00,43.50,0.39
374.074,1890.50,13.54,1.28,80.00,78.28,35.25,80.64,88.50,89.56,45.00,91.00,14.25,36.50,118.06,15.96,6.00,0.99,24.00,0.00,43.50,0.39
374.312,1890.50,13.54,1.28,80.00,78.28,35.25,73.75,88.50,89.56,45.00,91.00,14.25,36.50,118.06,15.96,6.00,0.99,24.00,0.00,43.50,0.39
374.554,1890.50,13.54,1.28,80.00,78.28,35.25,73.75,78.90,89.56,45.00,91.00,14.25,36.50,118.06,15.96,6.00,0.99,24.00,0.00,43.50,0.39
374.792,1890.50,13.54,1.28,80.00,78.28,35.25,73.75,78.90,90.66,45.00,91.00,14.25,36.50,118.06,15.96,6.00,0.99,24.00,0.00,43.50,0.39
375.032,1890.50,13.54,1.28,80.00,78.28,35.25,73.75,78.90,90.66,45.00,91.00,14.25,36.50,118.06,15.96,6.00,0.99,24.00,0.00,43.50,0.39
375.274,1890.50,13.54,1.28,80.00,78.28,35.25,73.75,78.90,90.66,45.00,91.00,14.25,36.50,118.06,15.96,6.00,0.99,24.00,0.00,43.50,0.39
375.512,1890.50,13.54,1.28,80.00,78.28,35.25,73.75,78.90,90.66,45.00,91.00,14.25,36.50,118.06,15.96,6.00,0.99,24.00,0.00,43.50,0.39
375.754,1890.50,13.54,1.28,80.00,78.28,35.25,73.75,78.90,90.66,45.00,91.00,14.25,36.50,118.06,15.96,6.00,0.99,24.00,0.00,43.50,0.39
375.992,1890.50,13.54,1.28,80.00,78.28,35.25,73.75,78.90,90.66,45.00,91.00,14.25,36.50,118.06,15.96,6.00,0.99,24.00,0.00,43.50,0.39
376.232,1890.50,13.54,1.28,80.00,78.28,35.25,73.75,78.90,90.66,45.00,91.00,14.25,36.50,118.06,97.88,6.00,0.99,24.00,0.00,43.50,0.39
376.474,1890.50,13.54,1.28,80.00,78.28,35.25,73.75,78.90,90.66,45.00,91.00,14.25,36.50,118.06,97.88,6.00,0.99,24.00,0.00,43.50,0.39
376.712,1890.50,13.54,1.28,80.00,78.28,35.25,73.75,78.90,90.66,45.00,91.00,14.25,36.50,118.06,97.88,6.00,0.96,24.00,0.00,43.50,0.39
376.952,1890.50,13.54,1.28,80.00,78.28,35.25,73.75,78.90,90.66,45.00,91.00,14.25,36.50,118.06,97.88,6.00,0.96,6.00,0.00,43.50,0.39
377.192,1890.50,13.54,1.28,80.00,78.28,35.25,73.75,78.90,90.66,45.00,91.00,14.25,36.50,118.06,97.88,6.00,0.96,6.00,0.00,43.50,0.39
377.432,1890.50,13.54,1.28,80.00,78.28,35.25,73.75,78.90,90.66,45.00,91.00,14.25,36.50,118.06,97.88,6.00,0.96,6.00,0.00,43.50,0.39
377.674,1890.50,13.54,1.28,80.00,78.28,35.25,73.75,78.90,90.66,45.00,91.00,14.25,36.50,118.06,97.88,6.00,0.96,6.00,0.00,43.50,0.00
377.912,1997.00,13.54,1.28,80.00,78.28,35.25,73.75,78.90,90.66,45.00,91.00,14.25,36.50,118.06,97.88,6.00,0.96,6.00,0.00,43.50,0.00
378.154,1997.00,24.38,1.28,80.00,78.28,35.25,73.75,78.90,90.66,45.00,91.00,14.25,36.50,118.06,97.88,6.00,0.96,6.00,0.00,43.50,0.00
378.392,1997.00,24.38,11.31,80.00,78.28,35.25,73.75,78.90,90.66,45.00,91.00,14.25,36.50,118.06,97.88,6.00,0.96,6.00,0.00,43.50,0.00
378.632,1997.00,24.38,11.31,352.00,78.28,35.25,73.75,78.90,90.66,45.00,91.00,14.25,36.50,118.06,97.88,6.00,0.96,6.00,0.00,43.50,0.00
378.874,1997.00,24.38,11.31,352.00,546.66,35.25,73.75,78.90,90.66,45.00,91.00,14.25,36.50,118.06,97.88,6.00,0.96,6.00,0.00,43.50,0.00
379.112,1997.00,24.38,11.31,352.00,546.66,161.25,73.75,78.90,90.66,45.00,91.00,14.25,36.50,118.06,97.88,6.00,0.96,6.00,0.00,43.50,0.00
379.354,1997.00,24.38,11.31,352.00,546.66,161.25,77.94,78.90,90.66,45.00,91.00,14.25,36.50,118.06,97.88,6.00,0.96,6.00,0.00,43.50,0.00
379.592,1997.00,24.38,11.31,352.00,546.66,161.25,77.94,412.90,90.66,45.00,91.00,14.25,36.50,118.06,97.88,6.00,0.96,6.00,0.00,43.50,0.00
379.832,1997.00,24.38,11.31,352.00,546.66,161.25,77.94,412.90,93.56,45.00,91.00,14.25,36.50,118.06,97.88,6.00,0.96,6.00,0.00,43.50,0.00
380.074,1997.00,24.38,11.31,352.00,546.66,161.25,77.94,412.90,93.56,45.00,91.00,14.25,36.50,118.06,97.88,6.00,0.96,6.00,0.00,43.50,0.00
380.312,1997.00,24.38,11.31,352.00,546.66,161.25,77.94,412.90,93.56,45.00,91.00,14.25,36.50,118.06,97.88,6.00,0.96,6.00,0.00,43.50,0.00
380.554,1997.00,24.38,11.31,352.00,546.66,161.25,77.94,412.90,93.56,45.00,91.00,14.25,36.50,118.06,97.88,6.00,0.96,6.00,0.00,43.50,0.00
380.792,1997.00,24.38,11.31,352.00,546.66,161.25,77.94,412.90,93.56,45.00,91.00,14.25,36.50,118.06,97.88,6.00,0.96,6.00,0.00,43.50,0.00
381.032,1997.00,24.38,11.31,352.00,546.66,161.25,77.94,412.90,93.56,45.00,91.00,14.25,36.50,138.24,97.88,6.00,0.96,6.00,0.00,43.50,0.00
381.274,1997.00,24.38,11.31,352.00,546.66,161.25,77.94,412.90,93.56,45.00,91.00,14.25,36.50,138.24,90.37,6.00,0.96,6.00,0.00,43.50,0.00
381.512,1997.00,24.38,11.31,352.00,546.66,161.25,77.94,412.90,93.56,45.00,91.00,14.25,36.50,138.24,90.37,6.00,0.96,6.00,0.00,43.50,0.00
381.754,1997.00,24.38,11.31,352.00,546.66,161.25,77.94,412.90,93.56,45.00,91.00,14.25,36.50,138.24,90.37,6.00,0.99,6.00,0.00,43.50,0.00
381.992,1997.00,24.38,11.31,352.00,546.66,161.25,77.94,412.90,93.56,45.00,91.00,14.25,36.50,138.24,90.37,6.00,0.99,0.75,0.00,43.50,0.00
382.232,1997.00,24.38,11.31,352.00,546.66,161.25,77.94,412.90,93.56,45.00,91.00,14.25,36.50,138.24,90.37,6.00,0.99,0.75,0.00,43.50,0.00
382.474,1997.00,24.38,11.31,352.00,546.66,161.25,77.94,412.90,93.56,45.00,91.00,14.25,36.50,138.24,90.37,6.00,0.99,0.75,0.00,42.75,0.00
382.712,1997.00,24.38,11.31,352.00,546.66,161.25,77.94,412.90,93.56,45.00,91.00,14.25,36.50,138.24,90.37,6.00,0.99,0.75,0.00,42.75,4.69
382.954,2355.50,24.38,11.31,352.00,546.66,161.25,77.94,412.90,93.56,45.00,91.00,14.25,36.50,138.24,90.37,6.00,0.99,0.75,0.00,42.75,4.69
383.192,2355.50,29.59,11.31,352.00,546.66,161.25,77.94,412.90,93.56,45.00,91.00,14.25,36.50,138.24,90.37,6.00,0.99,0.75,0.00,42.75,4.69
383.432,2355.50,29.59,15.46,352.00,546.66,161.25,77.94,412.90,93.56,45.00,91.00,14.25,36.50,138.24,90.37,6.00,0.99,0.75,0.00,42.75,4.69
383.674,2355.50,29.59,15.46,460.00,546.66,161.25,77.94,412.90,93.56,45.00,91.00,14.25,36.50,138.24,90.37,6.00,0.99,0.75,0.00,42.75,4.69
383.912,2355.50,29.59,15.46,460.00,465.81,161.25,77.94,412.90,93.56,45.00,91.00,14.25,36.50,138.24,90.37,6.00,0.99,0.75,0.00,42.75,4.69
384.154,2355.50,29.59,15.46,460.00,465.81,167.25,77.94,412.90,93.56,45.00,91.00,14.25,36.50,138.24,90.37,6.00,0.99,0.75,0.00,42.75,4.69
384.392,2355.50,29.59,15.46,460.00,465.81,167.25,110.85,412.90,93.56,45.00,91.00,14.25,36.50,138.24,90.37,6.00,0.99,0.75,0.00,42.75,4.69
384.632,2355.50,29.59,15.46,460.00,465.81,167.25,110.85,484.50,93.56,45.00,91.00,14.25,36.50,138.24,90.37,6.00,0.99,0.75,0.00,42.75,4.69
384.874,2355.50,29.59,15.46,460.00,465.81,167.25,110.85,484.50,96.46,45.00,91.00,14.25,36.50,138.24,90.37,6.00,0.99,0.75,0.00,42.75,4.69
385.112,2355.50,29.59,15.46,460.00,465.81,167.25,110.85,484.50,96.46,45.00,91.00,14.25,36.50,138.24,90.37,6.00,0.99,0.75,0.00,42.75,4.69
385.354,2355.50,29.59,15.46,460.00,465.81,167.25,110.85,484.50,96.46,45.00,92.00,14.25,36.50,138.24,90.37,6.00,0.99,0.75,0.00,42.75,4.69
385.592,2355.50,29.59,15.46,460.00,465.81,167.25,110.85,484.50,96.46,45.00,92.00,14.25,36.50,138.24,90.37,6.00,0.99,0.75,0.00,42.75,4.69
385.832,2355.50,29.59,15.46,460.00,465.81,167.25,110.85,484.50,96.46,45.00,92.00,14.25,36.50,138.24,90.37,6.00,0.99,0.75,0.00,42.75,4.69
386.074,2355.50,29.59,15.46,460.00,465.81,167.25,110.85,484.50,96.46,45.00,92.00,14.25,36.50,158.79,90.37,6.00,0.99,0.75,0.00,42.75,4.69
386.522,2355.50,29.59,15.46,460.00,465.81,167.25,110.85,484.50,96.46,45.00,92.00,14.25,36.50,158.79,75.75,6.00,0.99,0.75,0.00,42.75,4.69
386.762,2355.50,29.59,15.46,460.00,465.81,167.25,110.85,484.50,96.46,45.00,92.00,14.25,36.50,158.79,75.75,6.00,0.99,0.75,0.00,42.75,4.69
387.002,2355.50,29.59,15.46,460.00,465.81,167.25,110.85,484.50,96.46,45.00,92.00,14.25,36.50,158.79,75.75,6.00,0.99,0.75,0.00,42.75,4.69
387.242,2355.50,29.59,15.46,460.00,465.81,167.25,110.85,484.50,96.46,45.00,92.00,14.25,36.50,158.79,75.75,6.00,0.99,-1.50,0.00,42.75,4.69
387.482,2355.50,29.59,15.46,460.00,465.81,167.25,110.85,484.50,96.46,45.00,92.00,14.25,36.50,158.79,75.75,6.00,0.99,-1.50,0.00,42.75,4.69
387.722,2355.50,29.59,15.46,460.00,465.81,167.25,110.85,484.50,96.46,45.00,92.00,14.25,36.50,158.79,75.75,6.00,0.99,-1.50,0.00,44.25,4.69
387.963,2355.50,29.59,15.46,460.00,465.81,167.25,110.85,484.50,96.46,45.00,92.00,14.25,36.50,158.79,75.75,6.00,0.99,-1.50,0.00,44.25,6.25
388.202,2678.00,29.59,15.46,460.00,465.81,167.25,110.85,484.50,96.46,45.00,92.00,14.25,36.50,158.79,75.75,6.00,0.99,-1.50,0.00,44.25,6.25
388.442,2678.00,31.07,15.46,460.00,465.81,167.25,110.85,484.50,96.46,45.00,92.00,14.25,36.50,158.79,75.75,6.00,0.99,-1.50,0.00,44.25,6.25
388.682,2678.00,31.07,17.24,460.00,465.81,167.25,110.85,484.50,96.46,45.00,92.00,14.25,36.50,158.79,75.75,6.00,0.99,-1.50,0.00,44.25,6.25
388.922,2678.00,31.07,17.24,544.00,465.81,167.25,110.85,484.50,96.46,45.00,92.00,14.25,36.50,158.79,75.75,6.00,0.99,-1.50,0.00,44.25,6.25
389.163,2678.00,31.07,17.24,544.00,548.03,167.25,110.85,484.50,96.46,45.00,92.00,14.25,36.50,158.79,75.75,6.00,0.99,-1.50,0.00,44.25,6.25
389.432,2678.00,31.07,17.24,544.00,548.03,172.50,110.85,484.50,96.46,45.00,92.00,14.25,36.50,158.79,75.75,6.00,0.99,-1.50,0.00,44.25,6.25
389.674,2678.00,31.07,17.24,544.00,548.03,172.50,126.25,484.50,96.46,45.00,92.00,14.25,36.50,158.79,75.75,6.00,0.99,-1.50,0.00,44.25,6.25
389.912,2678.00,31.07,17.24,544.00,548.03,172.50,126.25,557.50,96.46,45.00,92.00,14.25,36.50,158.79,75.75,6.00,0.99,-1.50,0.00,44.25,6.25
390.154,2678.00,31.07,17.24,544.00,548.03,172.50,126.25,557.50,90.56,45.00,92.00,14.25,36.50,158.79,75.75,6.00,0.99,-1.50,0.00,44.25,6.25
390.392,2678.00,31.07,17.24,544.00,548.03,172.50,126.25,557.50,90.56,70.50,92.00,14.25,36.50,158.79,75.75,6.00,0.99,-1.50,0.00,44.25,6.25
390.632,2678.00,31.07,17.24,544.00,548.03,172.50,126.25,557.50,90.56,70.50,93.00,14.25,36.50,158.79,75.75,6.00,0.99,-1.50,0.00,44.25,6.25
390.874,2678.00,31.07,17.24,544.00,548.03,172.50,126.25,557.50,90.56,70.50,93.00,14.25,36.50,158.79,75.75,6.00,0.99,-1.50,0.00,44.25,6.25
391.112,2678.00,31.07,17.24,544.00,548.03,172.50,126.25,557.50,90.56,70.50,93.00,14.25,36.50,158.79,75.75,6.00,0.99,-1.50,0.00,44.25,6.25
391.354,2678.00,31.07,17.24,544.00,548.03,172.50,126.25,557.50,90.56,70.50,93.00,14.25,36.50,168.06,75.75,6.00,0.99,-1.50,0.00,44.25,6.25
391.592,2678.00,31.07,17.24,544.00,548.03,172.50,126.25,557.50,90.56,70.50,93.00,14.25,36.50,168.06,11.75,6.00,0.99,-1.50,0.00,44.25,6.25
391.832,2678.00,31.07,17.24,544.00,548.03,172.50,126.25,557.50,90.56,70.50,93.00,14.25,36.50,168.06,11.75,6.00,0.99,-1.50,0.00,44.25,6.25
392.072,2678.00,31.07,17.24,544.00,548.03,172.50,126.25,557.50,90.56,70.50,93.00,14.25,36.50,168.06,11.75,6.00,0.90,-1.50,0.00,44.25,6.25
392.312,2678.00,31.07,17.24,544.00,548.03,172.50,126.25,557.50,90.56,70.50,93.00,14.25,36.50,168.06,11.75,6.00,0.90,-8.25,0.00,44.25,6.25
392.554,2678.00,31.07,17.24,544.00,548.03,172.50,126.25,557.50,90.56,70.50,93.00,14.25,36.50,168.06,11.75,6.00,0.90,-8.25,0.00,44.25,6.25
392.792,2678.00,31.07,17.24,544.00,548.03,172.50,126.25,557.50,90.56,70.50,93.00,14.25,36.50,168.06,11.75,6.00,0.90,-8.25,0.00,44.25,6.25
393.032,2678.00,31.07,17.24,544.00,548.03,172.50,126.25,557.50,90.56,70.50,93.00,14.25,36.50,168.06,11.75,6.00,0.90,-8.25,0.00,44.25,0.00
393.274,2584.00,31.07,17.24,544.00,548.03,172.50,126.25,557.50,90.56,70.50,93.00,14.25,36.50,168.06,11.75,6.00,0.90,-8.25,0.00,44.25,0.00
393.512,2584.00,13.51,17.24,544.00,548.03,172.50,126.25,557.50,90.56,70.50,93.00,14.25,36.50,168.06,11.75,6.00,0.90,-8.25,0.00,44.25,0.00
393.754,2584.00,13.51,0.68,544.00,548.03,172.50,126.25,557.50,90.56,70.50,93.00,14.25,36.50,168.06,11.75,6.00,0.90,-8.25,0.00,44.25,0.00
393.992,2584.00,13.51,0.68,48.00,548.03,172.50,126.25,557.50,90.56,70.50,93.00,14.25,36.50,168.06,11.75,6.00,0.90,-8.25,0.00,44.25,0.00
394.232,2584.00,13.51,0.68,48.00,49.41,172.50,126.25,557.50,90.56,70.50,93.00,14.25,36.50,168.06,11.75,6.00,0.90,-8.25,0.00,44.25,0.00
394.474,2584.00,13.51,0.68,48.00,49.41,17.25,126.25,557.50,90.56,70.50,93.00,14.25,36.50,168.06,11.75,6.00,0.90,-8.25,0.00,44.25,0.00
394.712,2584.00,13.51,0.68,48.00,49.41,17.25,119.94,557.50,90.56,70.50,93.00,14.25,36.50,168.06,11.75,6.00,0.90,-8.25,0.00,44.25,0.00
394.954,2584.00,13.51,0.68,48.00,49.41,17.25,119.94,50.50,90.56,70.50,93.00,14.25,36.50,168.06,11.75,6.00,0.90,-8.25,0.00,44.25,0.00
395.192,2584.00,13.51,0.68,48.00,49.41,17.25,119.94,50.50,86.06,70.50,93.00,14.25,36.50,168.06,11.75,6.00,0.90,-8.25,0.00,44.25,0.00
395.432,2584.00,13.51,0.68,48.00,49.41,17.25,119.94,50.50,86.06,72.00,93.00,14.25,36.50,168.06,11.75,6.00,0.90,-8.25,0.00,44.25,0.00
395.671,2584.00,13.51,0.68,48.00,49.41,17.25,119.94,50.50,86.06,72.00,92.00,14.25,36.50,168.06,11.75,6.00,0.90,-8.25,0.00,44.25,0.00
395.912,2584.00,13.51,0.68,48.00,49.41,17.25,119.94,50.50,86.06,72.00,92.00,14.25,36.50,168.06,11.75,6.00,0.90,-8.25,0.00,44.25,0.00
396.152,2584.00,13.51,0.68,48.00,49.41,17.25,119.94,50.50,86.06,72.00,92.00,14.25,36.50,168.06,11.75,6.00,0.90,-8.25,0.00,44.25,0.00
396.392,2584.00,13.51,0.68,48.00,49.41,17.25,119.94,50.50,86.06,72.00,92.00,14.25,36.50,153.64,11.75,6.00,0.90,-8.25,0.00,44.25,0.00
396.632,2584.00,13.51,0.68,48.00,49.41,17.25,119.94,50.50,86.06,72.00,92.00,14.25,36.50,153.64,13.45,6.00,0.90,-8.25,0.00,44.25,0.00
396.874,2584.00,13.51,0.68,48.00,49.41,17.25,119.94,50.50,86.06,72.00,92.00,14.25,36.50,153.64,13.45,6.00,0.90,-8.25,0.00,44.25,0.00
397.112,2584.00,13.51,0.68,48.00,49.41,17.25,119.94,50.50,86.06,72.00,92.00,14.25,36.50,153.64,13.45,6.00,1.00,-8.25,0.00,44.25,0.00
397.354,2584.00,13.51,0.68,48.00,49.41,17.25,119.94,50.50,86.06,72.00,92.00,14.25,36.50,153.64,13.45,6.00,1.00,-9.75,0.00,44.25,0.00
397.592,2584.00,13.51,0.68,48.00,49.41,17.25,119.94,50.50,86.06,72.00,92.00,14.25,36.50,153.64,13.45,6.00,1.00,-9.75,0.00,44.25,0.00
397.832,2584.00,13.51,0.68,48.00,49.41,17.25,119.94,50.50,86.06,72.00,92.00,14.25,36.50,153.64,13.45,6.00,1.00,-9.75,0.00,45.00,0.00
398.074,2584.00,13.51,0.68,48.00,49.41,17.25,119.94,50.50,86.06,72.00,92.00,14.25,36.50,153.64,13.45,6.00,1.00,-9.75,0.00,45.00,0.00
398.312,2360.00,13.51,0.68,48.00,49.41,17.25,119.94,50.50,86.06,72.00,92.00,14.25,36.50,153.64,13.45,6.00,1.00,-9.75,0.00,45.00,0.00
398.554,2360.00,13.53,0.68,48.00,49.41,17.25,119.94,50.50,86.06,72.00,92.00,14.25,36.50,153.64,13.45,6.00,1.00,-9.75,0.00,45.00,0.00
398.792,2360.00,13.53,0.42,48.00,49.41,17.25,119.94,50.50,86.06,72.00,92.00,14.25,36.50,153.64,13.45,6.00,1.00,-9.75,0.00,45.00,0.00
399.032,2360.00,13.53,0.42,40.00,49.41,17.25,119.94,50.50,86.06,72.00,92.00,14.25,36.50,153.64,13.45,6.00,1.00,-9.75,0.00,45.00,0.00
399.274,2360.00,13.53,0.42,40.00,40.81,17.25,119.94,50.50,86.06,72.00,92.00,14.25,36.50,153.64,13.45,6.00,1.00,-9.75,0.00,45.00,0.00
399.512,2360.00,13.53,0.42,40.00,40.81,15.75,119.94,50.50,86.06,72.00,92.00,14.25,36.50,153.64,13.45,6.00,1.00,-9.75,0.00,45.00,0.00
399.752,2360.00,13.53,0.42,40.00,40.81,15.75,104.64,50.50,86.06,72.00,92.00,14.25,36.50,153.64,13.45,6.00,1.00,-9.75,0.00,45.00,0.00
399.992,2360.00,13.53,0.42,40.00,40.81,15.75,104.64,41.40,86.06,72.00,92.00,14.25,36.50,153.64,13.45,6.00,1.00,-9.75,0.00,45.00,0.00
400.232,2360.00,13.53,0.42,40.00,40.81,15.75,104.64,41.40,86.46,72.00,92.00,14.25,36.50,153.64,13.45,6.00,1.00,-9.75,0.00,45.00,0.00
400.474,2360.00,13.53,0.42,40.00,40.81,15.75,104.64,41.40,86.46,66.00,92.00,14.25,36.50,153.64,13.45,6.00,1.00,-9.75,0.00,45.00,0.00
400.712,2360.00,13.53,0.42,40.00,40.81,15.75,104.64,41.40,86.46,66.00,91.00,14.25,36.50,153.64,13.45,6.00,1.00,-9.75,0.00,45.00,0.00
400.954,2360.00,13.53,0.42,40.00,40.81,15.75,104.64,41.40,86.46,66.00,91.00,14.25,36.50,153.64,13.45,6.00,1.00,-9.75,0.00,45.00,0.00
401.192,2360.00,13.53,0.42,40.00,40.81,15.75,104.64,41.40,86.46,66.00,91.00,14.25,36.50,153.64,13.45,6.00,1.00,-9.75,0.00,45.00,0.00
401.432,2360.00,13.53,0.42,40.00,40.81,15.75,104.64,41.40,86.46,66.00,91.00,14.25,36.50,140.53,13.45,6.00,1.00,-9.75,0.00,45.00,0.00
401.674,2360.00,13.53,0.42,40.00,40.81,15.75,104.64,41.40,86.46,66.00,91.00,14.25,36.50,140.53,11.28,6.00,1.00,-9.75,0.00,45.00,0.00
401.912,2360.00,13.53,0.42,40.00,40.81,15.75,104.64,41.40,86.46,66.00,91.00,14.25,36.50,140.53,11.28,6.00,1.00,-9.75,0.00,45.00,0.00
402.152,2360.00,13.53,0.42,40.00,40.81,15.75,104.64,41.40,86.46,66.00,91.00,14.25,36.50,140.53,11.28,6.00,1.00,-9.75,0.00,45.00,0.00
402.392,2360.00,13.53,0.42,40.00,40.81,15.75,104.64,41.40,86.46,66.00,91.00,14.25,36.50,140.53,11.28,6.00,1.00,-9.75,0.00,45.00,0.00
402.632,2360.00,13.53,0.42,40.00,40.81,15.75,104.64,41.40,86.46,66.00,91.00,14.25,36.50,140.53,11.28,6.00,1.00,-9.75,0.00,45.00,0.00
402.874,2360.00,13.53,0.42,40.00,40.81,15.75,104.64,41.40,86.46,66.00,91.00,14.25,36.50,140.53,11.28,6.00,1.00,-9.75,0.00,45.00,0.00
403.112,2360.00,13.53,0.42,40.00,40.81,15.75,104.64,41.40,86.46,66.00,91.00,14.25,36.50,140.53,11.28,6.00,1.00,-9.75,0.00,45.00,0.39
403.352,2157.00,13.53,0.42,40.00,40.81,15.75,104.64,41.40,86.46,66.00,91.00,14.25,36.50,140.53,11.28,6.00,1.00,-9.75,0.00,45.00,0.39
403.592,2157.00,13.51,0.42,40.00,40.81,15.75,104.64,41.40,86.46,66.00,91.00,14.25,36.50,140.53,11.28,6.00,1.00,-9.75,0.00,45.00,0.39
403.832,2157.00,13.51,0.32,40.00,40.81,15.75,104.64,41.40,86.46,66.00,91.00,14.25,36.50,140.53,11.28,6.00,1.00,-9.75,0.00,45.00,0.39
404.074,2157.00,13.51,0.32,32.00,40.81,15.75,104.64,41.40,86.46,66.00,91.00,14.25,36.50,140.53,11.28,6.00,1.00,-9.75,0.00,45.00,0.39
404.312,2157.00,13.51,0.32,32.00,32.44,15.75,104.64,41.40,86.46,66.00,91.00,14.25,36.50,140.53,11.28,6.00,1.00,-9.75,0.00,45.00,0.39
404.554,2157.00,13.51,0.32,32.00,32.44,13.50,104.64,41.40,86.46,66.00,91.00,14.25,36.50,140.53,11.28,6.00,1.00,-9.75,0.00,45.00,0.39
404.792,2157.00,13.51,0.32,32.00,32.44,13.50,95.15,41.40,86.46,66.00,91.00,14.25,36.50,140.53,11.28,6.00,1.00,-9.75,0.00,45.00,0.39
405.032,2157.00,13.51,0.32,32.00,32.44,13.50,95.15,33.90,86.46,66.00,91.00,14.25,36.50,140.53,11.28,6.00,1.00,-9.75,0.00,45.00,0.39
405.274,2157.00,13.51,0.32,32.00,32.44,13.50,95.15,33.90,84.46,66.00,91.00,14.25,36.50,140.53,11.28,6.00,1.00,-9.75,0.00,45.00,0.39
405.512,2157.00,13.51,0.32,32.00,32.44,13.50,95.15,33.90,84.46,63.75,91.00,14.25,36.50,140.53,11.28,6.00,1.00,-9.75,0.00,45.00,0.39
405.752,2157.00,13.51,0.32,32.00,32.44,13.50,95.15,33.90,84.46,63.75,90.00,14.25,36.50,140.53,11.28,6.00,1.00,-9.75,0.00,45.00,0.39
405.992,2157.00,13.51,0.32,32.00,32.44,13.50,95.15,33.90,84.46,63.75,90.00,14.24,36.50,140.53,11.28,6.00,1.00,-9.75,0.00,45.00,0.39
406.232,2157.00,13.51,0.32,32.00,32.44,13.50,95.15,33.90,84.46,63.75,90.00,14.24,36.50,140.53,11.28,6.00,1.00,-9.75,0.00,45.00,0.39
406.474,2157.00,13.51,0.32,32.00,32.44,13.50,95.15,33.90,84.46,63.75,90.00,14.24,36.50,129.57,11.28,6.00,1.00,-9.75,0.00,45.00,0.39
406.712,2157.00,13.51,0.32,32.00,32.44,13.50,95.15,33.90,84.46,63.75,90.00,14.24,36.50,129.57,10.34,6.00,1.00,-9.75,0.00,45.00,0.39
406.952,2157.00,13.51,0.32,32.00,32.44,13.50,95.15,33.90,84.46,63.75,90.00,14.24,36.50,129.57,10.34,6.00,1.00,-9.75,0.00,45.00,0.39
407.192,2157.00,13.51,0.32,32.00,32.44,13.50,95.15,33.90,84.46,63.75,90.00,14.24,36.50,129.57,10.34,6.00,1.01,-9.75,0.00,45.00,0.39
407.432,2157.00,13.51,0.32,32.00,32.44,13.50,95.15,33.90,84.46,63.75,90.00,14.24,36.50,129.57,10.34,6.00,1.01,-9.75,0.00,45.00,0.39
407.674,2157.00,13.51,0.32,32.00,32.44,13.50,95.15,33.90,84.46,63.75,90.00,14.24,36.50,129.57,10.34,6.00,1.01,-9.75,0.00,45.00,0.39
407.912,2157.00,13.51,0.32,32.00,32.44,13.50,95.15,33.90,84.46,63.75,90.00,14.24,36.50,129.57,10.34,6.00,1.01,-9.75,0.00,45.00,0.39
408.154,2157.00,13.51,0.32,32.00,32.44,13.50,95.15,33.90,84.46,63.75,90.00,14.24,36.50,129.57,10.34,6.00,1.01,-9.75,0.00,45.00,0.39
408.392,1990.00,13.51,0.32,32.00,32.44,13.50,95.15,33.90,84.46,63.75,90.00,14.24,36.50,129.57,10.34,6.00,1.01,-9.75,0.00,45.00,0.39
408.632,1990.00,13.51,0.32,32.00,32.44,13.50,95.15,33.90,84.46,63.75,90.00,14.24,36.50,129.57,10.34,6.00,1.01,-9.75,0.00,45.00,0.39
408.874,1990.00,13.51,0.22,32.00,32.44,13.50,95.15,33.90,84.46,63.75,90.00,14.24,36.50,129.57,10.34,6.00,1.01,-9.75,0.00,45.00,0.39
409.112,1990.00,13.51,0.22,28.00,32.44,13.50,95.15,33.90,84.46,63.75,90.00,14.24,36.50,129.57,10.34,6.00,1.01,-9.75,0.00,45.00,0.39
409.354,1990.00,13.51,0.22,28.00,25.97,13.50,95.15,33.90,84.46,63.75,90.00,14.24,36.50,129.57,10.34,6.00,1.01,-9.75,0.00,45.00,0.39
409.592,1990.00,13.51,0.22,28.00,25.97,12.00,95.15,33.90,84.46,63.75,90.00,14.24,36.50,129.57,10.34,6.00,1.01,-9.75,0.00,45.00,0.39
409.832,1990.00,13.51,0.22,28.00,25.97,12.00,88.96,33.90,84.46,63.75,90.00,14.24,36.50,129.57,10.34,6.00,1.01,-9.75,0.00,45.00,0.39
410.074,1990.00,13.51,0.22,28.00,25.97,12.00,88.96,28.00,84.46,63.75,90.00,14.24,36.50,129.57,10.34,6.00,1.01,-9.75,0.00,45.00,0.39
410.312,1990.00,13.51,0.22,28.00,25.97,12.00,88.96,28.00,85.46,63.75,90.00,14.24,36.50,129.57,10.34,6.00,1.01,-9.75,0.00,45.00,0.39
410.554,1990.00,13.51,0.22,28.00,25.97,12.00,88.96,28.00,85.46,60.75,90.00,14.24,36.50,129.57,10.34,6.00,1.01,-9.75,0.00,45.00,0.39
410.792,1990.00,13.51,0.22,28.00,25.97,12.00,88.96,28.00,85.46,60.75,90.00,14.24,36.50,129.57,10.34,6.00,1.01,-9.75,0.00,45.00,0.39
411.032,1990.00,13.51,0.22,28.00,25.97,12.00,88.96,28.00,85.46,60.75,90.00,14.24,36.50,129.57,10.34,6.00,1.01,-9.75,0.00,45.00,0.39
411.274,1990.00,13.51,0.22,28.00,25.97,12.00,88.96,28.00,85.46,60.75,90.00,14.24,36.50,129.57,10.34,6.00,1.01,-9.75,0.00,45.00,0.39
411.512,1990.00,13.51,0.22,28.00,25.97,12.00,88.96,28.00,85.46,60.75,90.00,14.24,36.50,119.96,10.34,6.00,1.01,-9.75,0.00,45.00,0.39
411.754,1990.00,13.51,0.22,28.00,25.97,12.00,88.96,28.00,85.46,60.75,90.00,14.24,36.50,119.96,19.01,6.00,1.01,-9.75,0.00,45.00,0.39
411.992,1990.00,13.51,0.22,28.00,25.97,12.00,88.96,28.00,85.46,60.75,90.00,14.24,36.50,119.96,19.01,6.00,1.01,-9.75,0.00,45.00,0.39
412.232,1990.00,13.51,0.22,28.00,25.97,12.00,88.96,28.00,85.46,60.75,90.00,14.24,36.50,119.96,19.01,6.00,1.00,-9.75,0.00,45.00,0.39
412.474,1990.00,13.51,0.22,28.00,25.97,12.00,88.96,28.00,85.46,60.75,90.00,14.24,36.50,119.96,19.01,6.00,1.00,24.00,0.00,45.00,0.39
412.712,1990.00,13.51,0.22,28.00,25.97,12.00,88.96,28.00,85.46,60.75,90.00,14.24,36.50,119.96,19.01,6.00,1.00,24.00,0.00,45.00,0.39
412.954,1990.00,13.51,0.22,28.00,25.97,12.00,88.96,28.00,85.46,60.75,90.00,14.24,36.50,119.96,19.01,6.00,1.00,24.00,0.00,44.25,0.39
413.192,1990.00,13.51,0.22,28.00,25.97,12.00,88.96,28.00,85.46,60.75,90.00,14.24,36.50,119.96,19.01,6.00,1.00,24.00,0.00,44.25,0.39
413.432,1909.50,13.51,0.22,28.00,25.97,12.00,88.96,28.00,85.46,60.75,90.00,14.24,36.50,119.96,19.01,6.00,1.00,24.00,0.00,44.25,0.39
413.674,1909.50,13.50,0.22,28.00,25.97,12.00,88.96,28.00,85.46,60.75,90.00,14.24,36.50,119.96,19.01,6.00,1.00,24.00,0.00,44.25,0.39
413.912,1909.50,13.50,0.65,28.00,25.97,12.00,88.96,28.00,85.46,60.75,90.00,14.24,36.50,119.96,19.01,6.00,1.00,24.00,0.00,44.25,0.39
414.154,1909.50,13.50,0.65,68.00,25.97,12.00,88.96,28.00,85.46,60.75,90.00,14.24,36.50,119.96,19.01,6.00,1.00,24.00,0.00,44.25,0.39
414.392,1909.50,13.50,0.65,68.00,65.53,12.00,88.96,28.00,85.46,60.75,90.00,14.24,36.50,119.96,19.01,6.00,1.00,24.00,0.00,44.25,0.39
414.632,1909.50,13.50,0.65,68.00,65.53,30.75,88.96,28.00,85.46,60.75,90.00,14.24,36.50,119.96,19.01,6.00,1.00,24.00,0.00,44.25,0.39
414.872,1909.50,13.50,0.65,68.00,65.53,30.75,83.76,28.00,85.46,60.75,90.00,14.24,36.50,119.96,19.01,6.00,1.00,24.00,0.00,44.25,0.39
415.112,1909.50,13.50,0.65,68.00,65.53,30.75,83.76,71.90,85.46,60.75,90.00,14.24,36.50,119.96,19.01,6.00,1.00,24.00,0.00,44.25,0.39
415.354,1909.50,13.50,0.65,68.00,65.53,30.75,83.76,71.90,89.16,60.75,90.00,14.24,36.50,119.96,19.01,6.00,1.00,24.00,0.00,44.25,0.39
415.592,1909.50,13.50,0.65,68.00,65.53,30.75,83.76,71.90,89.16,59.25,90.00,14.24,36.50,119.96,19.01,6.00,1.00,24.00,0.00,44.25,0.39
415.832,1909.50,13.50,0.65,68.00,65.53,30.75,83.76,71.90,89.16,59.25,89.00,14.24,36.50,119.96,19.01,6.00,1.00,24.00,0.00,44.25,0.39
416.074,1909.50,13.50,0.65,68.00,65.53,30.75,83.76,71.90,89.16,59.25,89.00,14.24,36.50,119.96,19.01,6.00,1.00,24.00,0.00,44.25,0.39
416.312,1909.50,13.50,0.65,68.00,65.53,30.75,83.76,71.90,89.16,59.25,89.00,14.24,36.50,119.96,19.01,6.00,1.00,24.00,0.00,44.25,0.39
416.554,1909.50,13.50,0.65,68.00,65.53,30.75,83.76,71.90,89.16,59.25,89.00,14.24,36.50,117.66,19.01,6.00,1.00,24.00,0.00,44.25,0.39
416.792,1909.50,13.50,0.65,68.00,65.53,30.75,83.76,71.90,89.16,59.25,89.00,14.24,36.50,117.66,17.45,6.00,1.00,24.00,0.00,44.25,0.39
417.032,1909.50,13.50,0.65,68.00,65.53,30.75,83.76,71.90,89.16,59.25,89.00,14.24,36.50,117.66,17.45,6.00,1.00,24.00,0.00,44.25,0.39
417.274,1909.50,13.50,0.65,68.00,65.53,30.75,83.76,71.90,89.16,59.25,89.00,14.24,36.50,117.66,17.45,6.00,1.00,24.00,0.00,44.25,0.39
417.512,1909.50,13.50,0.65,68.00,65.53,30.75,83.76,71.90,89.16,59.25,89.00,14.24,36.50,117.66,17.45,6.00,1.00,24.00,0.00,44.25,0.39
417.754,1909.50,13.50,0.65,68.00,65.53,30.75,83.76,71.90,89.16,59.25,89.00,14.24,36.50,117.66,17.45,6.00,1.00,24.00,0.00,44.25,0.39
417.992,1909.50,13.50,0.65,68.00,65.53,30.75,83.76,71.90,89.16,59.25,89.00,14.24,36.50,117.66,17.45,6.00,1.00,24.00,0.00,44.25,0.39
418.232,1909.50,13.50,0.65,68.00,65.53,30.75,83.76,71.90,89.16,59.25,89.00,14.24,36.50,117.66,17.45,6.00,1.00,24.00,0.00,44.25,0.39
418.472,1882.50,13.50,0.65,68.00,65.53,30.75,83.76,71.90,89.16,59.25,89.00,14.24,36.50,117.66,17.45,6.00,1.00,24.00,0.00,44.25,0.39
418.712,1882.50,13.56,0.65,68.00,65.53,30.75,83.76,71.90,89.16,59.25,89.00,14.24,36.50,117.66,17.45,6.00,1.00,24.00,0.00,44.25,0.39
418.954,1882.50,13.56,1.18,68.00,65.53,30.75,83.76,71.90,89.16,59.25,89.00,14.24,36.50,117.66,17.45,6.00,1.00,24.00,0.00,44.25,0.39
419.192,1882.50,13.56,1.18,80.00,65.53,30.75,83.76,71.90,89.16,59.25,89.00,14.24,36.50,117.66,17.45,6.00,1.00,24.00,0.00,44.25,0.39
419.432,1882.50,13.56,1.18,80.00,80.34,30.75,83.76,71.90,89.16,59.25,89.00,14.24,36.50,117.66,17.45,6.00,1.00,24.00,0.00,44.25,0.39
419.674,1882.50,13.56,1.18,80.00,80.34,36.75,83.76,71.90,89.16,59.25,89.00,14.24,36.50,117.66,17.45,6.00,1.00,24.00,0.00,44.25,0.39
419.912,1882.50,13.56,1.18,80.00,80.34,36.75,79.84,71.90,89.16,59.25,89.00,14.24,36.50,117.66,17.45,6.00,1.00,24.00,0.00,44.25,0.39
420.154,1882.50,13.56,1.18,80.00,80.34,36.75,79.84,78.00,89.16,59.25,89.00,14.24,36.50,117.66,17.45,6.00,1.00,24.00,0.00,44.25,0.39
420.392,1882.50,13.56,1.18,80.00,80.34,36.75,79.84,78.00,92.36,59.25,89.00,14.24,36.50,117.66,17.45,6.00,1.00,24.00,0.00,44.25,0.39
420.632,1882.50,13.56,1.18,80.00,80.34,36.75,79.84,78.00,92.36,58.50,89.00,14.24,36.50,117.66,17.45,6.00,1.00,24.00,0.00,44.25,0.39
420.874,1882.50,13.56,1.18,80.00,80.34,36.75,79.84,78.00,92.36,58.50,89.00,14.24,36.50,117.66,17.45,6.00,1.00,24.00,0.00,44.25,0.39
421.112,1882.50,13.56,1.18,80.00,80.34,36.75,79.84,78.00,92.36,58.50,89.00,14.24,36.50,117.66,17.45,6.00,1.00,24.00,0.00,44.25,0.39
421.352,1882.50,13.56,1.18,80.00,80.34,36.75,79.84,78.00,92.36,58.50,89.00,14.24,36.50,117.66,17.45,6.00,1.00,24.00,0.00,44.25,0.39
421.592,1882.50,13.56,1.18,80.00,80.34,36.75,79.84,78.00,92.36,58.50,89.00,14.24,36.50,117.21,17.45,6.00,1.00,24.00,0.00,44.25,0.39
421.832,1882.50,13.56,1.18,80.00,80.34,36.75,79.84,78.00,92.36,58.50,89.00,14.24,36.50,117.21,17.30,6.00,1.00,24.00,0.00,44.25,0.39
422.074,1882.50,13.56,1.18,80.00,80.34,36.75,79.84,78.00,92.36,58.50,89.00,14.24,36.50,117.21,17.30,6.00,1.00,24.00,0.00,44.25,0.39
422.312,1882.50,13.56,1.18,80.00,80.34,36.75,79.84,78.00,92.36,58.50,89.00,14.24,36.50,117.21,17.30,6.00,0.99,24.00,0.00,44.25,0.39
422.554,1882.50,13.56,1.18,80.00,80.34,36.75,79.84,78.00,92.36,58.50,89.00,14.24,36.50,117.21,17.30,6.00,0.99,24.00,0.00,44.25,0.39
422.792,1882.50,13.56,1.18,80.00,80.34,36.75,79.84,78.00,92.36,58.50,89.00,14.24,36.50,117.21,17.30,6.00,0.99,24.00,0.00,44.25,0.39
423.032,1882.50,13.56,1.18,80.00,80.34,36.75,79.84,78.00,92.36,58.50,89.00,14.24,36.50,117.21,17.30,6.00,0.99,24.00,0.00,44.25,0.39
423.274,1882.50,13.56,1.18,80.00,80.34,36.75,79.84,78.00,92.36,58.50,89.00,14.24,36.50,117.21,17.30,6.00,0.99,24.00,0.00,44.25,0.78
423.512,1879.00,13.56,1.18,80.00,80.34,36.75,79.84,78.00,92.36,58.50,89.00,14.24,36.50,117.21,17.30,6.00,0.99,24.00,0.00,44.25,0.78
423.754,1879.00,13.53,1.18,80.00,80.34,36.75,79.84,78.00,92.36,58.50,89.00,14.24,36.50,117.21,17.30,6.00,0.99,24.00,0.00,44.25,0.78
423.992,1879.00,13.53,1.40,80.00,80.34,36.75,79.84,78.00,92.36,58.50,89.00,14.24,36.50,117.21,17.30,6.00,0.99,24.00,0.00,44.25,0.78
424.232,1879.00,13.53,1.40,84.00,80.34,36.75,79.84,78.00,92.36,58.50,89.00,14.24,36.50,117.21,17.30,6.00,0.99,24.00,0.00,44.25,0.78
424.472,1879.00,13.53,1.40,84.00,82.19,36.75,79.84,78.00,92.36,58.50,89.00,14.24,36.50,117.21,17.30,6.00,0.99,24.00,0.00,44.25,0.78
424.712,1879.00,13.53,1.40,84.00,82.19,39.00,79.84,78.00,92.36,58.50,89.00,14.24,36.50,117.21,17.30,6.00,0.99,24.00,0.00,44.25,0.78
424.954,1879.00,13.53,1.40,84.00,82.19,39.00,77.94,78.00,92.36,58.50,89.00,14.24,36.50,117.21,17.30,6.00,0.99,24.00,0.00,44.25,0.78
425.192,1879.00,13.53,1.40,84.00,82.19,39.00,77.94,86.40,92.36,58.50,89.00,14.24,36.50,117.21,17.30,6.00,0.99,24.00,0.00,44.25,0.78
425.432,1879.00,13.53,1.40,84.00,82.19,39.00,77.94,86.40,94.36,58.50,89.00,14.24,36.50,117.21,17.30,6.00,0.99,24.00,0.00,44.25,0.78
425.674,1879.00,13.53,1.40,84.00,82.19,39.00,77.94,86.40,94.36,55.50,89.00,14.24,36.50,117.21,17.30,6.00,0.99,24.00,0.00,44.25,0.78
425.912,1879.00,13.53,1.40,84.00,82.19,39.00,77.94,86.40,94.36,55.50,89.00,14.24,36.50,117.21,17.30,6.00,0.99,24.00,0.00,44.25,0.78
426.152,1879.00,13.53,1.40,84.00,82.19,39.00,77.94,86.40,94.36,55.50,89.00,14.24,36.50,117.21,17.30,6.00,0.99,24.00,0.00,44.25,0.78
426.392,1879.00,13.53,1.40,84.00,82.19,39.00,77.94,86.40,94.36,55.50,89.00,14.24,36.50,117.21,17.30,6.00,0.99,24.00,0.00,44.25,0.78
426.632,1879.00,13.53,1.40,84.00,82.19,39.00,77.94,86.40,94.36,55.50,89.00,14.24,36.50,116.88,17.30,6.00,0.99,24.00,0.00,44.25,0.78
426.874,1879.00,13.53,1.40,84.00,82.19,39.00,77.94,86.40,94.36,55.50,89.00,14.24,36.50,116.88,17.41,6.00,0.99,24.00,0.00,44.25,0.78
427.112,1879.00,13.53,1.40,84.00,82.19,39.00,77.94,86.40,94.36,55.50,89.00,14.24,36.50,116.88,17.41,6.00,0.99,24.00,0.00,44.25,0.78
427.354,1879.00,13.53,1.40,84.00,82.19,39.00,77.94,86.40,94.36,55.50,89.00,14.24,36.50,116.88,17.41,6.00,0.99,24.00,0.00,44.25,0.78
427.592,1879.00,13.53,1.40,84.00,82.19,39.00,77.94,86.40,94.36,55.50,89.00,14.24,36.50,116.88,17.41,6.00,0.99,21.75,0.00,44.25,0.78
427.832,1879.00,13.53,1.40,84.00,82.19,39.00,77.94,86.40,94.36,55.50,89.00,14.24,36.50,116.88,17.41,6.00,0.99,21.75,0.00,44.25,0.78
428.074,1879.00,13.53,1.40,84.00,82.19,39.00,77.94,86.40,94.36,55.50,89.00,14.24,36.50,116.88,17.41,6.00,0.99,21.75,0.00,43.50,0.78
428.312,1879.00,13.53,1.40,84.00,82.19,39.00,77.94,86.40,94.36,55.50,89.00,14.24,36.50,116.88,17.41,6.00,0.99,21.75,0.00,43.50,0.39
428.554,1875.50,13.53,1.40,84.00,82.19,39.00,77.94,86.40,94.36,55.50,89.00,14.24,36.50,116.88,17.41,6.00,0.99,21.75,0.00,43.50,0.39
428.792,1875.50,13.59,1.40,84.00,82.19,39.00,77.94,86.40,94.36,55.50,89.00,14.24,36.50,116.88,17.41,6.00,0.99,21.75,0.00,43.50,0.39
429.032,1875.50,13.59,1.82,84.00,82.19,39.00,77.94,86.40,94.36,55.50,89.00,14.24,36.50,116.88,17.41,6.00,0.99,21.75,0.00,43.50,0.39
429.274,1875.50,13.59,1.82,96.00,82.19,39.00,77.94,86.40,94.36,55.50,89.00,14.24,36.50,116.88,17.41,6.00,0.99,21.75,0.00,43.50,0.39
429.512,1875.50,13.59,1.82,96.00,93.28,39.00,77.94,86.40,94.36,55.50,89.00,14.24,36.50,116.88,17.41,6.00,0.99,21.75,0.00,43.50,0.39
429.752,1875.50,13.59,1.82,96.00,93.28,44.25,77.94,86.40,94.36,55.50,89.00,14.24,36.50,116.88,17.41,6.00,0.99,21.75,0.00,43.50,0.39
429.992,1875.50,13.59,1.82,96.00,93.28,44.25,76.96,86.40,94.36,55.50,89.00,14.24,36.50,116.88,17.41,6.00,0.99,21.75,0.00,43.50,0.39
430.232,1875.50,13.59,1.82,96.00,93.28,44.25,76.96,97.30,94.36,55.50,89.00,14.24,36.50,116.88,17.41,6.00,0.99,21.75,0.00,43.50,0.39
430.474,1875.50,13.59,1.82,96.00,93.28,44.25,76.96,97.30,95.16,55.50,89.00,14.24,36.50,116.88,17.41,6.00,0.99,21.75,0.00,43.50,0.39
430.712,1875.50,13.59,1.82,96.00,93.28,44.25,76.96,97.30,95.16,52.50,89.00,14.24,36.50,116.88,17.41,6.00,0.99,21.75,0.00,43.50,0.39
430.952,1875.50,13.59,1.82,96.00,93.28,44.25,76.96,97.30,95.16,52.50,89.00,14.24,36.50,116.88,17.41,6.00,0.99,21.75,0.00,43.50,0.39
431.192,1875.50,13.59,1.82,96.00,93.28,44.25,76.96,97.30,95.16,52.50,89.00,14.24,36.50,116.88,17.41,6.00,0.99,21.75,0.00,43.50,0.39
431.432,1875.50,13.59,1.82,96.00,93.28,44.25,76.96,97.30,95.16,52.50,89.00,14.24,36.50,116.88,17.41,6.00,0.99,21.75,0.00,43.50,0.39
431.672,1875.50,13.59,1.82,96.00,93.28,44.25,76.96,97.30,95.16,52.50,89.00,14.24,36.50,117.05,17.41,6.00,0.99,21.75,0.00,43.50,0.39
431.912,1875.50,13.59,1.82,96.00,93.28,44.25,76.96,97.30,95.16,52.50,89.00,14.24,36.50,117.05,17.55,6.00,0.99,21.75,0.00,43.50,0.39
432.154,1875.50,13.59,1.82,96.00,93.28,44.25,76.96,97.30,95.16,52.50,89.00,14.24,36.50,117.05,17.55,6.00,0.99,21.75,0.00,43.50,0.39
432.392,1875.50,13.59,1.82,96.00,93.28,44.25,76.96,97.30,95.16,52.50,89.00,14.24,36.50,117.05,17.55,6.00,0.99,21.75,0.00,43.50,0.39
432.632,1875.50,13.59,1.82,96.00,93.28,44.25,76.96,97.30,95.16,52.50,89.00,14.24,36.50,117.05,17.55,6.00,0.99,21.00,0.00,43.50,0.39
432.874,1875.50,13.59,1.82,96.00,93.28,44.25,76.96,97.30,95.16,52.50,89.00,14.24,36.50,117.05,17.55,6.00,0.99,21.00,0.00,43.50,0.39
433.112,1875.50,13.59,1.82,96.00,93.28,44.25,76.96,97.30,95.16,52.50,89.00,14.24,36.50,117.05,17.55,6.00,0.99,21.00,0.00,43.50,0.39
433.352,1875.50,13.59,1.82,96.00,93.28,44.25,76.96,97.30,95.16,52.50,89.00,14.24,36.50,117.05,17.55,6.00,0.99,21.00,0.00,43.50,0.78
433.592,1882.00,13.59,1.82,96.00,93.28,44.25,76.96,97.30,95.16,52.50,89.00,14.24,36.50,117.05,17.55,6.00,0.99,21.00,0.00,43.50,0.78
433.832,1882.00,13.62,1.82,96.00,93.28,44.25,76.96,97.30,95.16,52.50,89.00,14.24,36.50,117.05,17.55,6.00,0.99,21.00,0.00,43.50,0.78
434.072,1882.00,13.62,2.03,96.00,93.28,44.25,76.96,97.30,95.16,52.50,89.00,14.24,36.50,117.05,17.55,6.00,0.99,21.00,0.00,43.50,0.78
434.312,1882.00,13.62,2.03,96.00,93.28,44.25,76.96,97.30,95.16,52.50,89.00,14.24,36.50,117.05,17.55,6.00,0.99,21.00,0.00,43.50,0.78
434.554,1882.00,13.62,2.03,96.00,96.28,44.25,76.96,97.30,95.16,52.50,89.00,14.24,36.50,117.05,17.55,6.00,0.99,21.00,0.00,43.50,0.78
434.792,1882.00,13.62,2.03,96.00,96.28,44.25,76.96,97.30,95.16,52.50,89.00,14.24,36.50,117.05,17.55,6.00,0.99,21.00,0.00,43.50,0.78
435.032,1882.00,13.62,2.03,96.00,96.28,44.25,76.75,97.30,95.16,52.50,89.00,14.24,36.50,117.05,17.55,6.00,0.99,21.00,0.00,43.50,0.78
435.274,1882.00,13.62,2.03,96.00,96.28,44.25,76.75,97.70,95.16,52.50,89.00,14.24,36.50,117.05,17.55,6.00,0.99,21.00,0.00,43.50,0.78
435.512,1882.00,13.62,2.03,96.00,96.28,44.25,76.75,97.70,94.26,52.50,89.00,14.24,36.50,117.05,17.55,6.00,0.99,21.00,0.00,43.50,0.78
435.754,1882.00,13.62,2.03,96.00,96.28,44.25,76.75,97.70,94.26,48.00,89.00,14.24,36.50,117.05,17.55,6.00,0.99,21.00,0.00,43.50,0.78
435.992,1882.00,13.62,2.03,96.00,96.28,44.25,76.75,97.70,94.26,48.00,90.00,14.24,36.50,117.05,17.55,6.00,0.99,21.00,0.00,43.50,0.78
436.232,1882.00,13.62,2.03,96.00,96.28,44.25,76.75,97.70,94.26,48.00,90.00,14.24,36.50,117.05,17.55,6.00,0.99,21.00,0.00,43.50,0.78
436.474,1882.00,13.62,2.03,96.00,96.28,44.25,76.75,97.70,94.26,48.00,90.00,14.24,36.50,117.05,17.55,6.00,0.99,21.00,0.00,43.50,0.78
436.712,1882.00,13.62,2.03,96.00,96.28,44.25,76.75,97.70,94.26,48.00,90.00,14.24,36.50,117.62,17.55,6.00,0.99,21.00,0.00,43.50,0.78
436.954,1882.00,13.62,2.03,96.00,96.28,44.25,76.75,97.70,94.26,48.00,90.00,14.24,36.50,117.62,17.35,6.00,0.99,21.00,0.00,43.50,0.78
437.192,1882.00,13.62,2.03,96.00,96.28,44.25,76.75,97.70,94.26,48.00,90.00,14.24,36.50,117.62,17.35,6.00,0.99,21.00,0.00,43.50,0.78
437.432,1882.00,13.62,2.03,96.00,96.28,44.25,76.75,97.70,94.26,48.00,90.00,14.24,36.50,117.62,17.35,6.00,0.99,21.00,0.00,43.50,0.78
437.672,1882.00,13.62,2.03,96.00,96.28,44.25,76.75,97.70,94.26,48.00,90.00,14.24,36.50,117.62,17.35,6.00,0.99,22.50,0.00,43.50,0.78
437.912,1882.00,13.62,2.03,96.00,96.28,44.25,76.75,97.70,94.26,48.00,90.00,14.24,36.50,117.62,17.35,6.00,0.99,22.50,0.00,43.50,0.78
438.154,1882.00,13.62,2.03,96.00,96.28,44.25,76.75,97.70,94.26,48.00,90.00,14.24,36.50,117.62,17.35,6.00,0.99,22.50,0.00,43.50,0.78
438.392,1882.00,13.62,2.03,96.00,96.28,44.25,76.75,97.70,94.26,48.00,90.00,14.24,36.50,117.62,17.35,6.00,0.99,22.50,0.00,43.50,0.78
438.632,1886.50,13.62,2.03,96.00,96.28,44.25,76.75,97.70,94.26,48.00,90.00,14.24,36.50,117.62,17.35,6.00,0.99,22.50,0.00,43.50,0.78
438.874,1886.50,13.56,2.03,96.00,96.28,44.25,76.75,97.70,94.26,48.00,90.00,14.24,36.50,117.62,17.35,6.00,0.99,22.50,0.00,43.50,0.78
439.112,1886.50,13.56,1.71,96.00,96.28,44.25,76.75,97.70,94.26,48.00,90.00,14.24,36.50,117.62,17.35,6.00,0.99,22.50,0.00,43.50,0.78
439.352,1886.50,13.56,1.71,88.00,96.28,44.25,76.75,97.70,94.26,48.00,90.00,14.24,36.50,117.62,17.35,6.00,0.99,22.50,0.00,43.50,0.78
439.592,1886.50,13.56,1.71,88.00,87.31,44.25,76.75,97.70,94.26,48.00,90.00,14.24,36.50,117.62,17.35,6.00,0.99,22.50,0.00,43.50,0.78
439.832,1886.50,13.56,1.71,88.00,87.31,41.25,76.75,97.70,94.26,48.00,90.00,14.24,36.50,117.62,17.35,6.00,0.99,22.50,0.00,43.50,0.78
440.074,1886.50,13.56,1.71,88.00,87.31,41.25,76.26,97.70,94.26,48.00,90.00,14.24,36.50,117.62,17.35,6.00,0.99,22.50,0.00,43.50,0.78
440.312,1886.50,13.56,1.71,88.00,87.31,41.25,76.26,91.00,94.26,48.00,90.00,14.24,36.50,117.62,17.35,6.00,0.99,22.50,0.00,43.50,0.78
440.555,1886.50,13.56,1.71,88.00,87.31,41.25,76.26,91.00,92.86,48.00,90.00,14.24,36.50,117.62,17.35,6.00,0.99,22.50,0.00,43.50,0.78
440.792,1886.50,13.56,1.71,88.00,87.31,41.25,76.26,91.00,92.86,45.75,90.00,14.24,36.50,117.62,17.35,6.00,0.99,22.50,0.00,43.50,0.78
441.032,1886.50,13.56,1.71,88.00,87.31,41.25,76.26,91.00,92.86,45.75,90.00,14.24,36.50,117.62,17.35,6.00,0.99,22.50,0.00,43.50,0.78
441.274,1886.50,13.56,1.71,88.00,87.31,41.25,76.26,91.00,92.86,45.75,90.00,14.23,36.50,117.62,17.35,6.00,0.99,22.50,0.00,43.50,0.78
441.512,1886.50,13.56,1.71,88.00,87.31,41.25,76.26,91.00,92.86,45.75,90.00,14.23,36.50,117.62,17.35,6.00,0.99,22.50,0.00,43.50,0.78
441.755,1886.50,13.56,1.71,88.00,87.31,41.25,76.26,91.00,92.86,45.75,90.00,14.23,36.50,117.49,17.35,6.00,0.99,22.50,0.00,43.50,0.78
441.992,1886.50,13.56,1.71,88.00,87.31,41.25,76.26,91.00,92.86,45.75,90.00,14.23,36.50,117.49,17.57,6.00,0.99,22.50,0.00,43.50,0.78
442.232,1886.50,13.56,1.71,88.00,87.31,41.25,76.26,91.00,92.86,45.75,90.00,14.23,36.50,117.49,17.57,6.00,0.99,22.50,0.00,43.50,0.78
442.474,1886.50,13.56,1.71,88.00,87.31,41.25,76.26,91.00,92.86,45.75,90.00,14.23,36.50,117.49,17.57,6.00,0.99,22.50,0.00,43.50,0.78
442.712,1886.50,13.56,1.71,88.00,87.31,41.25,76.26,91.00,92.86,45.75,90.00,14.23,36.50,117.49,17.57,6.00,0.99,22.50,0.00,43.50,0.78
442.952,1886.50,13.56,1.71,88.00,87.31,41.25,76.26,91.00,92.86,45.75,90.00,14.23,36.50,117.49,17.57,6.00,0.99,22.50,0.00,43.50,0.78
443.192,1886.50,13.56,1.71,88.00,87.31,41.25,76.26,91.00,92.86,45.75,90.00,14.23,36.50,117.49,17.57,6.00,0.99,22.50,0.00,43.50,0.78
443.432,1886.50,13.56,1.71,88.00,87.31,41.25,76.26,91.00,92.86,45.75,90.00,14.23,36.50,117.49,17.57,6.00,0.99,22.50,0.00,43.50,0.78
443.675,1885.00,13.56,1.71,88.00,87.31,41.25,76.26,91.00,92.86,45.75,90.00,14.23,36.50,117.49,17.57,6.00,0.99,22.50,0.00,43.50,0.78
443.912,1885.00,13.59,1.71,88.00,87.31,41.25,76.26,91.00,92.86,45.75,90.00,14.23,36.50,117.49,17.57,6.00,0.99,22.50,0.00,43.50,0.78
444.155,1885.00,13.59,1.72,88.00,87.31,41.25,76.26,91.00,92.86,45.75,90.00,14.23,36.50,117.49,17.57,6.00,0.99,22.50,0.00,43.50,0.78
444.392,1885.00,13.59,1.72,88.00,87.31,41.25,76.26,91.00,92.86,45.75,90.00,14.23,36.50,117.49,17.57,6.00,0.99,22.50,0.00,43.50,0.78
444.632,1885.00,13.59,1.72,88.00,88.25,41.25,76.26,91.00,92.86,45.75,90.00,14.23,36.50,117.49,17.57,6.00,0.99,22.50,0.00,43.50,0.78
444.872,1885.00,13.59,1.72,88.00,88.25,40.50,76.26,91.00,92.86,45.75,90.00,14.23,36.50,117.49,17.57,6.00,0.99,22.50,0.00,43.50,0.78
445.112,1885.00,13.59,1.72,88.00,88.25,40.50,75.15,91.00,92.86,45.75,90.00,14.23,36.50,117.49,17.57,6.00,0.99,22.50,0.00,43.50,0.78
445.354,1885.00,13.59,1.72,88.00,88.25,40.50,75.15,90.30,92.86,45.75,90.00,14.23,36.50,117.49,17.57,6.00,0.99,22.50,0.00,43.50,0.78
445.592,1885.00,13.59,1.72,88.00,88.25,40.50,75.15,90.30,92.06,45.75,90.00,14.23,36.50,117.49,17.57,6.00,0.99,22.50,0.00,43.50,0.78
445.832,1885.00,13.59,1.72,88.00,88.25,40.50,75.15,90.30,92.06,46.50,90.00,14.23,36.50,117.49,17.57,6.00,0.99,22.50,0.00,43.50,0.78
446.074,1885.00,13.59,1.72,88.00,88.25,40.50,75.15,90.30,92.06,46.50,90.00,14.23,36.50,117.49,17.57,6.00,0.99,22.50,0.00,43.50,0.78
446.312,1885.00,13.59,1.72,88.00,88.25,40.50,75.15,90.30,92.06,46.50,90.00,14.23,36.50,117.49,17.57,6.00,0.99,22.50,0.00,43.50,0.78
446.555,1885.00,13.59,1.72,88.00,88.25,40.50,75.15,90.30,92.06,46.50,90.00,14.23,36.50,117.49,17.57,6.00,0.99,22.50,0.00,43.50,0.78
446.792,1885.00,13.59,1.72,88.00,88.25,40.50,75.15,90.30,92.06,46.50,90.00,14.23,36.50,117.58,17.57,6.00,0.99,22.50,0.00,43.50,0.78
447.032,1885.00,13.59,1.72,88.00,88.25,40.50,75.15,90.30,92.06,46.50,90.00,14.23,36.50,117.58,17.21,6.00,0.99,22.50,0.00,43.50,0.78
447.274,1885.00,13.59,1.72,88.00,88.25,40.50,75.15,90.30,92.06,46.50,90.00,14.23,36.50,117.58,17.21,6.00,0.99,22.50,0.00,43.50,0.78
447.513,1885.00,13.59,1.72,88.00,88.25,40.50,75.15,90.30,92.06,46.50,90.00,14.23,36.50,117.58,17.21,6.00,1.00,22.50,0.00,43.50,0.78
447.754,1885.00,13.59,1.72,88.00,88.25,40.50,75.15,90.30,92.06,46.50,90.00,14.23,36.50,117.58,17.21,6.00,1.00,22.50,0.00,43.50,0.78
447.992,1885.00,13.59,1.72,88.00,88.25,40.50,75.15,90.30,92.06,46.50,90.00,14.23,36.50,117.58,17.21,6.00,1.00,22.50,0.00,43.50,0.78
448.232,1885.00,13.59,1.72,88.00,88.25,40.50,75.15,90.30,92.06,46.50,90.00,14.23,36.50,117.58,17.21,6.00,1.00,22.50,0.00,43.50,0.78
448.472,1885.00,13.59,1.72,88.00,88.25,40.50,75.15,90.30,92.06,46.50,90.00,14.23,36.50,117.58,17.21,6.00,1.00,22.50,0.00,43.50,0.78
448.713,1886.00,13.59,1.72,88.00,88.25,40.50,75.15,90.30,92.06,46.50,90.00,14.23,36.50,117.58,17.21,6.00,1.00,22.50,0.00,43.50,0.78
448.954,1886.00,13.54,1.72,88.00,88.25,40.50,75.15,90.30,92.06,46.50,90.00,14.23,36.50,117.58,17.21,6.00,1.00,22.50,0.00,43.50,0.78
449.192,1886.00,13.54,1.51,88.00,88.25,40.50,75.15,90.30,92.06,46.50,90.00,14.23,36.50,117.58,17.21,6.00,1.00,22.50,0.00,43.50,0.78
449.432,1886.00,13.54,1.51,84.00,88.25,40.50,75.15,90.30,92.06,46.50,90.00,14.23,36.50,117.58,17.21,6.00,1.00,22.50,0.00,43.50,0.78
449.675,1886.00,13.54,1.51,84.00,83.81,40.50,75.15,90.30,92.06,46.50,90.00,14.23,36.50,117.58,17.21,6.00,1.00,22.50,0.00,43.50,0.78
449.912,1886.00,13.54,1.51,84.00,83.81,39.00,75.15,90.30,92.06,46.50,90.00,14.23,36.50,117.58,17.21,6.00,1.00,22.50,0.00,43.50,0.78
450.154,1886.00,13.54,1.51,84.00,83.81,39.00,74.24,90.30,92.06,46.50,90.00,14.23,36.50,117.58,17.21,6.00,1.00,22.50,0.00,43.50,0.78
450.393,1886.00,13.54,1.51,84.00,83.81,39.00,74.24,86.60,92.06,46.50,90.00,14.23,36.50,117.58,17.21,6.00,1.00,22.50,0.00,43.50,0.78
450.632,1886.00,13.54,1.51,84.00,83.81,39.00,74.24,86.60,91.36,46.50,90.00,14.23,36.50,117.58,17.21,6.00,1.00,22.50,0.00,43.50,0.78
450.874,1886.00,13.54,1.51,84.00,83.81,39.00,74.24,86.60,91.36,47.25,90.00,14.23,36.50,117.58,17.21,6.00,1.00,22.50,0.00,43.50,0.78
451.112,1886.00,13.54,1.51,84.00,83.81,39.00,74.24,86.60,91.36,47.25,90.00,14.23,36.50,117.58,17.21,6.00,1.00,22.50,0.00,43.50,0.78
451.354,1886.00,13.54,1.51,84.00,83.81,39.00,74.24,86.60,91.36,47.25,90.00,14.23,36.50,117.58,17.21,6.00,1.00,22.50,0.00,43.50,0.78
451.592,1886.00,13.54,1.51,84.00,83.81,39.00,74.24,86.60,91.36,47.25,90.00,14.23,36.50,117.58,17.21,6.00,1.00,22.50,0.00,43.50,0.78
451.833,1886.00,13.54,1.51,84.00,83.81,39.00,74.24,86.60,91.36,47.25,90.00,14.23,36.50,117.32,17.21,6.00,1.00,22.50,0.00,43.50,0.78
452.074,1886.00,13.54,1.51,84.00,83.81,39.00,74.24,86.60,91.36,47.25,90.00,14.23,36.50,117.32,17.09,6.00,1.00,22.50,0.00,43.50,0.78
452.312,1886.00,13.54,1.51,84.00,83.81,39.00,74.24,86.60,91.36,47.25,90.00,14.23,36.50,117.32,17.09,6.00,1.00,22.50,0.00,43.50,0.78
452.554,1886.00,13.54,1.51,84.00,83.81,39.00,74.24,86.60,91.36,47.25,90.00,14.23,36.50,117.32,17.09,6.00,0.99,22.50,0.00,43.50,0.78
452.792,1886.00,13.54,1.51,84.00,83.81,39.00,74.24,86.60,91.36,47.25,90.00,14.23,36.50,117.32,17.09,6.00,0.99,24.00,0.00,43.50,0.78
453.032,1886.00,13.54,1.51,84.00,83.81,39.00,74.24,86.60,91.36,47.25,90.00,14.23,36.50,117.32,17.09,6.00,0.99,24.00,0.00,43.50,0.78
453.274,1886.00,13.54,1.51,84.00,83.81,39.00,74.24,86.60,91.36,47.25,90.00,14.23,36.50,117.32,17.09,6.00,0.99,24.00,0.00,43.50,0.78
453.512,1886.00,13.54,1.51,84.00,83.81,39.00,74.24,86.60,91.36,47.25,90.00,14.23,36.50,117.32,17.09,6.00,0.99,24.00,0.00,43.50,0.78
453.754,1885.50,13.54,1.51,84.00,83.81,39.00,74.24,86.60,91.36,47.25,90.00,14.23,36.50,117.32,17.09,6.00,0.99,24.00,0.00,43.50,0.78
453.992,1885.50,13.53,1.51,84.00,83.81,39.00,74.24,86.60,91.36,47.25,90.00,14.23,36.50,117.32,17.09,6.00,0.99,24.00,0.00,43.50,0.78
454.232,1885.50,13.53,1.47,84.00,83.81,39.00,74.24,86.60,91.36,47.25,90.00,14.23,36.50,117.32,17.09,6.00,0.99,24.00,0.00,43.50,0.78
454.474,1885.50,13.53,1.47,84.00,83.81,39.00,74.24,86.60,91.36,47.25,90.00,14.23,36.50,117.32,17.09,6.00,0.99,24.00,0.00,43.50,0.78
454.712,1885.50,13.53,1.47,84.00,82.34,39.00,74.24,86.60,91.36,47.25,90.00,14.23,36.50,117.32,17.09,6.00,0.99,24.00,0.00,43.50,0.78
454.954,1885.50,13.53,1.47,84.00,82.34,38.25,74.24,86.60,91.36,47.25,90.00,14.23,36.50,117.32,17.09,6.00,0.99,24.00,0.00,43.50,0.78
455.192,1885.50,13.53,1.47,84.00,82.34,38.25,73.26,86.60,91.36,47.25,90.00,14.23,36.50,117.32,17.09,6.00,0.99,24.00,0.00,43.50,0.78
455.432,1885.50,13.53,1.47,84.00,82.34,38.25,73.26,85.30,91.36,47.25,90.00,14.23,36.50,117.32,17.09,6.00,0.99,24.00,0.00,43.50,0.78
455.674,1885.50,13.53,1.47,84.00,82.34,38.25,73.26,85.30,91.56,47.25,90.00,14.23,36.50,117.32,17.09,6.00,0.99,24.00,0.00,43.50,0.78
455.912,1885.50,13.53,1.47,84.00,82.34,38.25,73.26,85.30,91.56,48.00,90.00,14.23,36.50,117.32,17.09,6.00,0.99,24.00,0.00,43.50,0.78
456.154,1885.50,13.53,1.47,84.00,82.34,38.25,73.26,85.30,91.56,48.00,90.00,14.23,36.50,117.32,17.09,6.00,0.99,24.00,0.00,43.50,0.78
456.392,1885.50,13.53,1.47,84.00,82.34,38.25,73.26,85.30,91.56,48.00,90.00,14.22,36.50,117.32,17.09,6.00,0.99,24.00,0.00,43.50,0.78
456.632,1885.50,13.53,1.47,84.00,82.34,38.25,73.26,85.30,91.56,48.00,90.00,14.22,36.50,117.32,17.09,6.00,0.99,24.00,0.00,43.50,0.78
456.875,1885.50,13.53,1.47,84.00,82.34,38.25,73.26,85.30,91.56,48.00,90.00,14.22,36.50,117.41,17.09,6.00,0.99,24.00,0.00,43.50,0.78
457.112,1885.50,13.53,1.47,84.00,82.34,38.25,73.26,85.30,91.56,48.00,90.00,14.22,36.50,117.41,17.26,6.00,0.99,24.00,0.00,43.50,0.78
457.354,1885.50,13.53,1.47,84.00,82.34,38.25,73.26,85.30,91.56,48.00,90.00,14.22,36.50,117.41,17.26,6.00,0.99,24.00,0.00,43.50,0.78
457.592,1885.50,13.53,1.47,84.00,82.34,38.25,73.26,85.30,91.56,48.00,90.00,14.22,36.50,117.41,17.26,6.00,0.99,24.00,0.00,43.50,0.78
457.832,1885.50,13.53,1.47,84.00,82.34,38.25,73.26,85.30,91.56,48.00,90.00,14.22,36.50,117.41,17.26,6.00,0.99,21.00,0.00,43.50,0.78
458.075,1885.50,13.53,1.47,84.00,82.34,38.25,73.26,85.30,91.56,48.00,90.00,14.22,36.50,117.41,17.26,6.00,0.99,21.00,0.00,43.50,0.78
458.313,1885.50,13.53,1.47,84.00,82.34,38.25,73.26,85.30,91.56,48.00,90.00,14.22,36.50,117.41,17.26,6.00,0.99,21.00,0.00,43.50,0.78
458.554,1885.50,13.53,1.47,84.00,82.34,38.25,73.26,85.30,91.56,48.00,90.00,14.22,36.50,117.41,17.26,6.00,0.99,21.00,0.00,43.50,0.78
458.792,1882.00,13.53,1.47,84.00,82.34,38.25,73.26,85.30,91.56,48.00,90.00,14.22,36.50,117.41,17.26,6.00,0.99,21.00,0.00,43.50,0.78
459.033,1882.00,13.54,1.47,84.00,82.34,38.25,73.26,85.30,91.56,48.00,90.00,14.22,36.50,117.41,17.26,6.00,0.99,21.00,0.00,43.50,0.78
459.274,1882.00,13.54,1.44,84.00,82.34,38.25,73.26,85.30,91.56,48.00,90.00,14.22,36.50,117.41,17.26,6.00,0.99,21.00,0.00,43.50,0.78
459.512,1882.00,13.54,1.44,84.00,82.34,38.25,73.26,85.30,91.56,48.00,90.00,14.22,36.50,117.41,17.26,6.00,0.99,21.00,0.00,43.50,0.78
459.755,1882.00,13.54,1.44,84.00,83.72,38.25,73.26,85.30,91.56,48.00,90.00,14.22,36.50,117.41,17.26,6.00,0.99,21.00,0.00,43.50,0.78
459.992,1882.00,13.54,1.44,84.00,83.72,39.00,73.26,85.30,91.56,48.00,90.00,14.22,36.50,117.41,17.26,6.00,0.99,21.00,0.00,43.50,0.78
460.232,1882.00,13.54,1.44,84.00,83.72,39.00,72.34,85.30,91.56,48.00,90.00,14.22,36.50,117.41,17.26,6.00,0.99,21.00,0.00,43.50,0.78
460.474,1882.00,13.54,1.44,84.00,83.72,39.00,72.34,85.90,91.56,48.00,90.00,14.22,36.50,117.41,17.26,6.00,0.99,21.00,0.00,43.50,0.78
460.712,1882.00,13.54,1.44,84.00,83.72,39.00,72.34,85.90,92.56,48.00,90.00,14.22,36.50,117.41,17.26,6.00,0.99,21.00,0.00,43.50,0.78
460.954,1882.00,13.54,1.44,84.00,83.72,39.00,72.34,85.90,92.56,48.00,90.00,14.22,36.50,117.41,17.26,6.00,0.99,21.00,0.00,43.50,0.78
461.192,1882.00,13.54,1.44,84.00,83.72,39.00,72.34,85.90,92.56,48.00,90.00,14.22,36.50,117.41,17.26,6.00,0.99,21.00,0.00,43.50,0.78
461.432,1882.00,13.54,1.44,84.00,83.72,39.00,72.34,85.90,92.56,48.00,90.00,14.22,36.50,117.41,17.26,6.00,0.99,21.00,0.00,43.50,0.78
461.675,1882.00,13.54,1.44,84.00,83.72,39.00,72.34,85.90,92.56,48.00,90.00,14.22,36.50,117.41,17.26,6.00,0.99,21.00,0.00,43.50,0.78
461.915,1882.00,13.54,1.44,84.00,83.72,39.00,72.34,85.90,92.56,48.00,90.00,14.22,36.50,117.38,17.26,6.00,0.99,21.00,0.00,43.50,0.78
462.152,1882.00,13.54,1.44,84.00,83.72,39.00,72.34,85.90,92.56,48.00,90.00,14.22,36.50,117.38,17.10,6.00,0.99,21.00,0.00,43.50,0.78
462.392,1882.00,13.54,1.44,84.00,83.72,39.00,72.34,85.90,92.56,48.00,90.00,14.22,36.50,117.38,17.10,6.00,0.99,21.00,0.00,43.50,0.78
462.632,1882.00,13.54,1.44,84.00,83.72,39.00,72.34,85.90,92.56,48.00,90.00,14.22,36.50,117.38,17.10,6.00,0.99,21.00,0.00,43.50,0.78
462.875,1882.00,13.54,1.44,84.00,83.72,39.00,72.34,85.90,92.56,48.00,90.00,14.22,36.50,117.38,17.10,6.00,0.99,24.00,0.00,43.50,0.78
463.112,1882.00,13.54,1.44,84.00,83.72,39.00,72.34,85.90,92.56,48.00,90.00,14.22,36.50,117.38,17.10,6.00,0.99,24.00,0.00,43.50,0.78
463.354,1882.00,13.54,1.44,84.00,83.72,39.00,72.34,85.90,92.56,48.00,90.00,14.22,36.50,117.38,17.10,6.00,0.99,24.00,0.00,43.50,0.78
463.592,1882.00,13.54,1.44,84.00,83.72,39.00,72.34,85.90,92.56,48.00,90.00,14.22,36.50,117.38,17.10,6.00,0.99,24.00,0.00,43.50,0.78
463.832,1883.50,13.54,1.44,84.00,83.72,39.00,72.34,85.90,92.56,48.00,90.00,14.22,36.50,117.38,17.10,6.00,0.99,24.00,0.00,43.50,0.78
464.075,1883.50,13.53,1.44,84.00,83.72,39.00,72.34,85.90,92.56,48.00,90.00,14.22,36.50,117.38,17.10,6.00,0.99,24.00,0.00,43.50,0.78
464.312,1883.50,13.53,1.47,84.00,83.72,39.00,72.34,85.90,92.56,48.00,90.00,14.22,36.50,117.38,17.10,6.00,0.99,24.00,0.00,43.50,0.78
464.554,1883.50,13.53,1.47,84.00,83.72,39.00,72.34,85.90,92.56,48.00,90.00,14.22,36.50,117.38,17.10,6.00,0.99,24.00,0.00,43.50,0.78
464.792,1883.50,13.53,1.47,84.00,85.03,39.00,72.34,85.90,92.56,48.00,90.00,14.22,36.50,117.38,17.10,6.00,0.99,24.00,0.00,43.50,0.78
465.032,1883.50,13.53,1.47,84.00,85.03,39.75,72.34,85.90,92.56,48.00,90.00,14.22,36.50,117.38,17.10,6.00,0.99,24.00,0.00,43.50,0.78
465.275,1883.50,13.53,1.47,84.00,85.03,39.75,71.64,85.90,92.56,48.00,90.00,14.22,36.50,117.38,17.10,6.00,0.99,24.00,0.00,43.50,0.78
465.512,1883.50,13.53,1.47,84.00,85.03,39.75,71.64,87.50,92.56,48.00,90.00,14.22,36.50,117.38,17.10,6.00,0.99,24.00,0.00,43.50,0.78
465.755,1883.50,13.53,1.47,84.00,85.03,39.75,71.64,87.50,93.36,48.00,90.00,14.22,36.50,117.38,17.10,6.00,0.99,24.00,0.00,43.50,0.78
465.992,1883.50,13.53,1.47,84.00,85.03,39.75,71.64,87.50,93.36,47.25,90.00,14.22,36.50,117.38,17.10,6.00,0.99,24.00,0.00,43.50,0.78
466.232,1883.50,13.53,1.47,84.00,85.03,39.75,71.64,87.50,93.36,47.25,90.00,14.22,36.50,117.38,17.10,6.00,0.99,24.00,0.00,43.50,0.78
466.473,1883.50,13.53,1.47,84.00,85.03,39.75,71.64,87.50,93.36,47.25,90.00,14.22,36.50,117.38,17.10,6.00,0.99,24.00,0.00,43.50,0.78
466.712,1883.50,13.53,1.47,84.00,85.03,39.75,71.64,87.50,93.36,47.25,90.00,14.22,36.00,117.38,17.10,6.00,0.99,24.00,0.00,43.50,0.78
466.954,1883.50,13.53,1.47,84.00,85.03,39.75,71.64,87.50,93.36,47.25,90.00,14.22,36.00,118.17,17.10,6.00,0.99,24.00,0.00,43.50,0.78
467.192,1883.50,13.53,1.47,84.00,85.03,39.75,71.64,87.50,93.36,47.25,90.00,14.22,36.00,118.17,97.93,6.00,0.99,24.00,0.00,43.50,0.78
467.432,1883.50,13.53,1.47,84.00,85.03,39.75,71.64,87.50,93.36,47.25,90.00,14.22,36.00,118.17,97.93,6.00,0.99,24.00,0.00,43.50,0.78
467.675,1883.50,13.53,1.47,84.00,85.03,39.75,71.64,87.50,93.36,47.25,90.00,14.22,36.00,118.17,97.93,6.00,0.97,24.00,0.00,43.50,0.78
467.912,1883.50,13.53,1.47,84.00,85.03,39.75,71.64,87.50,93.36,47.25,90.00,14.22,36.00,118.17,97.93,6.00,0.97,6.00,0.00,43.50,0.78
468.154,1883.50,13.53,1.47,84.00,85.03,39.75,71.64,87.50,93.36,47.25,90.00,14.22,36.00,118.17,97.93,6.00,0.97,6.00,0.00,43.50,0.78
468.392,1883.50,13.53,1.47,84.00,85.03,39.75,71.64,87.50,93.36,47.25,90.00,14.22,36.00,118.17,97.93,6.00,0.97,6.00,0.00,43.50,0.78
468.632,1883.50,13.53,1.47,84.00,85.03,39.75,71.64,87.50,93.36,47.25,90.00,14.22,36.00,118.17,97.93,6.00,0.97,6.00,0.00,43.50,0.00
468.875,1990.50,13.53,1.47,84.00,85.03,39.75,71.64,87.50,93.36,47.25,90.00,14.22,36.00,118.17,97.93,6.00,0.97,6.00,0.00,43.50,0.00
469.112,1990.50,25.67,1.47,84.00,85.03,39.75,71.64,87.50,93.36,47.25,90.00,14.22,36.00,118.17,97.93,6.00,0.97,6.00,0.00,43.50,0.00
469.355,1990.50,25.67,12.72,84.00,85.03,39.75,71.64,87.50,93.36,47.25,90.00,14.22,36.00,118.17,97.93,6.00,0.97,6.00,0.00,43.50,0.00
469.592,1990.50,25.67,12.72,372.00,85.03,39.75,71.64,87.50,93.36,47.25,90.00,14.22,36.00,118.17,97.93,6.00,0.97,6.00,0.00,43.50,0.00
469.833,1990.50,25.67,12.72,372.00,583.75,39.75,71.64,87.50,93.36,47.25,90.00,14.22,36.00,118.17,97.93,6.00,0.97,6.00,0.00,43.50,0.00
470.074,1990.50,25.67,12.72,372.00,583.75,166.50,71.64,87.50,93.36,47.25,90.00,14.22,36.00,118.17,97.93,6.00,0.97,6.00,0.00,43.50,0.00
470.312,1990.50,25.67,12.72,372.00,583.75,166.50,80.85,87.50,93.36,47.25,90.00,14.22,36.00,118.17,97.93,6.00,0.97,6.00,0.00,43.50,0.00
470.555,1990.50,25.67,12.72,372.00,583.75,166.50,80.85,417.60,93.36,47.25,90.00,14.22,36.00,118.17,97.93,6.00,0.97,6.00,0.00,43.50,0.00
470.792,1990.50,25.67,12.72,372.00,583.75,166.50,80.85,417.60,94.06,47.25,90.00,14.22,36.00,118.17,97.93,6.00,0.97,6.00,0.00,43.50,0.00
471.032,1990.50,25.67,12.72,372.00,583.75,166.50,80.85,417.60,94.06,46.50,90.00,14.22,36.00,118.17,97.93,6.00,0.97,6.00,0.00,43.50,0.00
471.275,1990.50,25.67,12.72,372.00,583.75,166.50,80.85,417.60,94.06,46.50,90.00,14.22,36.00,118.17,97.93,6.00,0.97,6.00,0.00,43.50,0.00
471.512,1990.50,25.67,12.72,372.00,583.75,166.50,80.85,417.60,94.06,46.50,90.00,14.22,36.00,118.17,97.93,6.00,0.97,6.00,0.00,43.50,0.00
471.753,1990.50,25.67,12.72,372.00,583.75,166.50,80.85,417.60,94.06,46.50,90.00,14.22,36.00,118.17,97.93,6.00,0.97,6.00,0.00,43.50,0.00
471.992,1990.50,25.67,12.72,372.00,583.75,166.50,80.85,417.60,94.06,46.50,90.00,14.22,36.00,136.90,97.93,6.00,0.97,6.00,0.00,43.50,0.00
472.232,1990.50,25.67,12.72,372.00,583.75,166.50,80.85,417.60,94.06,46.50,90.00,14.22,36.00,136.90,91.00,6.00,0.97,6.00,0.00,43.50,0.00
472.475,1990.50,25.67,12.72,372.00,583.75,166.50,80.85,417.60,94.06,46.50,90.00,14.22,36.00,136.90,91.00,6.00,0.97,6.00,0.00,43.50,0.00
472.712,1990.50,25.67,12.72,372.00,583.75,166.50,80.85,417.60,94.06,46.50,90.00,14.22,36.00,136.90,91.00,6.00,0.99,6.00,0.00,43.50,0.00
472.955,1990.50,25.67,12.72,372.00,583.75,166.50,80.85,417.60,94.06,46.50,90.00,14.22,36.00,136.90,91.00,6.00,0.99,-1.50,0.00,43.50,0.00
473.192,1990.50,25.67,12.72,372.00,583.75,166.50,80.85,417.60,94.06,46.50,90.00,14.22,36.00,136.90,91.00,6.00,0.99,-1.50,0.00,43.50,0.00
473.433,1990.50,25.67,12.72,372.00,583.75,166.50,80.85,417.60,94.06,46.50,90.00,14.22,36.00,136.90,91.00,6.00,0.99,-1.50,0.00,42.75,0.00
473.675,1990.50,25.67,12.72,372.00,583.75,166.50,80.85,417.60,94.06,46.50,90.00,14.22,36.00,136.90,91.00,6.00,0.99,-1.50,0.00,42.75,4.30
473.912,2333.00,25.67,12.72,372.00,583.75,166.50,80.85,417.60,94.06,46.50,90.00,14.22,36.00,136.90,91.00,6.00,0.99,-1.50,0.00,42.75,4.30
474.155,2333.00,29.94,12.72,372.00,583.75,166.50,80.85,417.60,94.06,46.50,90.00,14.22,36.00,136.90,91.00,6.00,0.99,-1.50,0.00,42.75,4.30
474.392,2333.00,29.94,15.90,372.00,583.75,166.50,80.85,417.60,94.06,46.50,90.00,14.22,36.00,136.90,91.00,6.00,0.99,-1.50,0.00,42.75,4.30
474.632,2333.00,29.94,15.90,460.00,583.75,166.50,80.85,417.60,94.06,46.50,90.00,14.22,36.00,136.90,91.00,6.00,0.99,-1.50,0.00,42.75,4.30
474.875,2333.00,29.94,15.90,460.00,467.50,166.50,80.85,417.60,94.06,46.50,90.00,14.22,36.00,136.90,91.00,6.00,0.99,-1.50,0.00,42.75,4.30
475.112,2333.00,29.94,15.90,460.00,467.50,168.00,80.85,417.60,94.06,46.50,90.00,14.22,36.00,136.90,91.00,6.00,0.99,-1.50,0.00,42.75,4.30
475.355,2333.00,29.94,15.90,460.00,467.50,168.00,114.86,417.60,94.06,46.50,90.00,14.22,36.00,136.90,91.00,6.00,0.99,-1.50,0.00,42.75,4.30
475.592,2333.00,29.94,15.90,460.00,467.50,168.00,114.86,478.00,94.06,46.50,90.00,14.22,36.00,136.90,91.00,6.00,0.99,-1.50,0.00,42.75,4.30
475.835,2333.00,29.94,15.90,460.00,467.50,168.00,114.86,478.00,96.26,46.50,90.00,14.22,36.00,136.90,91.00,6.00,0.99,-1.50,0.00,42.75,4.30
476.075,2333.00,29.94,15.90,460.00,467.50,168.00,114.86,478.00,96.26,45.75,90.00,14.22,36.00,136.90,91.00,6.00,0.99,-1.50,0.00,42.75,4.30
476.312,2333.00,29.94,15.90,460.00,467.50,168.00,114.86,478.00,96.26,45.75,91.00,14.22,36.00,136.90,91.00,6.00,0.99,-1.50,0.00,42.75,4.30
476.554,2333.00,29.94,15.90,460.00,467.50,168.00,114.86,478.00,96.26,45.75,91.00,14.21,36.00,136.90,91.00,6.00,0.99,-1.50,0.00,42.75,4.30
476.793,2333.00,29.94,15.90,460.00,467.50,168.00,114.86,478.00,96.26,45.75,91.00,14.21,36.00,136.90,91.00,6.00,0.99,-1.50,0.00,42.75,4.30
477.033,2333.00,29.94,15.90,460.00,467.50,168.00,114.86,478.00,96.26,45.75,91.00,14.21,36.00,156.07,91.00,6.00,0.99,-1.50,0.00,42.75,4.30
477.275,2333.00,29.94,15.90,460.00,467.50,168.00,114.86,478.00,96.26,45.75,91.00,14.21,36.00,156.07,65.17,6.00,0.99,-1.50,0.00,42.75,4.30
477.512,2333.00,29.94,15.90,460.00,467.50,168.00,114.86,478.00,96.26,45.75,91.00,14.21,36.00,156.07,65.17,6.00,0.99,-1.50,0.00,42.75,4.30
477.755,2333.00,29.94,15.90,460.00,467.50,168.00,114.86,478.00,96.26,45.75,91.00,14.21,36.00,156.07,65.17,6.00,0.99,-1.50,0.00,42.75,4.30
477.992,2333.00,29.94,15.90,460.00,467.50,168.00,114.86,478.00,96.26,45.75,91.00,14.21,36.00,156.07,65.17,6.00,0.99,-0.75,0.00,42.75,4.30
478.232,2333.00,29.94,15.90,460.00,467.50,168.00,114.86,478.00,96.26,45.75,91.00,14.21,36.00,156.07,65.17,6.00,0.99,-0.75,0.00,42.75,4.30
478.475,2333.00,29.94,15.90,460.00,467.50,168.00,114.86,478.00,96.26,45.75,91.00,14.21,36.00,156.07,65.17,6.00,0.99,-0.75,0.00,44.25,4.30
478.712,2333.00,29.94,15.90,460.00,467.50,168.00,114.86,478.00,96.26,45.75,91.00,14.21,36.00,156.07,65.17,6.00,0.99,-0.75,0.00,44.25,5.08
478.955,2611.00,29.94,15.90,460.00,467.50,168.00,114.86,478.00,96.26,45.75,91.00,14.21,36.00,156.07,65.17,6.00,0.99,-0.75,0.00,44.25,5.08
479.192,2611.00,31.77,15.90,460.00,467.50,168.00,114.86,478.00,96.26,45.75,91.00,14.21,36.00,156.07,65.17,6.00,0.99,-0.75,0.00,44.25,5.08
479.463,2611.00,31.77,17.42,460.00,467.50,168.00,114.86,478.00,96.26,45.75,91.00,14.21,36.00,156.07,65.17,6.00,0.99,-0.75,0.00,44.25,5.08
479.703,2611.00,31.77,17.42,524.00,467.50,168.00,114.86,478.00,96.26,45.75,91.00,14.21,36.00,156.07,65.17,6.00,0.99,-0.75,0.00,44.25,5.08
479.943,2611.00,31.77,17.42,524.00,527.59,168.00,114.86,478.00,96.26,45.75,91.00,14.21,36.00,156.07,65.17,6.00,0.99,-0.75,0.00,44.25,5.08
480.182,2611.00,31.77,17.42,524.00,527.59,167.25,114.86,478.00,96.26,45.75,91.00,14.21,36.00,156.07,65.17,6.00,0.99,-0.75,0.00,44.25,5.08
480.422,2611.00,31.77,17.42,524.00,527.59,167.25,130.05,478.00,96.26,45.75,91.00,14.21,36.00,156.07,65.17,6.00,0.99,-0.75,0.00,44.25,5.08
480.663,2611.00,31.77,17.42,524.00,527.59,167.25,130.05,530.80,96.26,45.75,91.00,14.21,36.00,156.07,65.17,6.00,0.99,-0.75,0.00,44.25,5.08
480.903,2611.00,31.77,17.42,524.00,527.59,167.25,130.05,530.80,90.66,45.75,91.00,14.21,36.00,156.07,65.17,6.00,0.99,-0.75,0.00,44.25,5.08
481.143,2611.00,31.77,17.42,524.00,527.59,167.25,130.05,530.80,90.66,71.25,91.00,14.21,36.00,156.07,65.17,6.00,0.99,-0.75,0.00,44.25,5.08
481.382,2611.00,31.77,17.42,524.00,527.59,167.25,130.05,530.80,90.66,71.25,91.00,14.21,36.00,156.07,65.17,6.00,0.99,-0.75,0.00,44.25,5.08
481.622,2611.00,31.77,17.42,524.00,527.59,167.25,130.05,530.80,90.66,71.25,91.00,14.21,36.00,156.07,65.17,6.00,0.99,-0.75,0.00,44.25,5.08
481.863,2611.00,31.77,17.42,524.00,527.59,167.25,130.05,530.80,90.66,71.25,91.00,14.21,36.00,156.07,65.17,6.00,0.99,-0.75,0.00,44.25,5.08
482.102,2611.00,31.77,17.42,524.00,527.59,167.25,130.05,530.80,90.66,71.25,91.00,14.21,36.00,172.73,65.17,6.00,0.99,-0.75,0.00,44.25,5.08
482.342,2611.00,31.77,17.42,524.00,527.59,167.25,130.05,530.80,90.66,71.25,91.00,14.21,36.00,172.73,88.80,6.00,0.99,-0.75,0.00,44.25,5.08
482.582,2611.00,31.77,17.42,524.00,527.59,167.25,130.05,530.80,90.66,71.25,91.00,14.21,36.00,172.73,88.80,6.00,0.99,-0.75,0.00,44.25,5.08
482.823,2611.00,31.77,17.42,524.00,527.59,167.25,130.05,530.80,90.66,71.25,91.00,14.21,36.00,172.73,88.80,6.00,0.98,-0.75,0.00,44.25,5.08
483.092,2611.00,31.77,17.42,524.00,527.59,167.25,130.05,530.80,90.66,71.25,91.00,14.21,36.00,172.73,88.80,6.00,0.98,-0.75,0.00,44.25,5.08
483.334,2611.00,31.77,17.42,524.00,527.59,167.25,130.05,530.80,90.66,71.25,91.00,14.21,36.00,172.73,88.80,6.00,0.98,-0.75,0.00,44.25,5.08
483.574,2611.00,31.77,17.42,524.00,527.59,167.25,130.05,530.80,90.66,71.25,91.00,14.21,36.00,172.73,88.80,6.00,0.98,-0.75,0.00,45.75,5.08
483.812,2611.00,31.77,17.42,524.00,527.59,167.25,130.05,530.80,90.66,71.25,91.00,14.21,36.00,172.73,88.80,6.00,0.98,-0.75,0.00,45.75,8.59
484.055,2870.50,31.77,17.42,524.00,527.59,167.25,130.05,530.80,90.66,71.25,91.00,14.21,36.00,172.73,88.80,6.00,0.98,-0.75,0.00,45.75,8.59
484.292,2870.50,29.76,17.42,524.00,527.59,167.25,130.05,530.80,90.66,71.25,91.00,14.21,36.00,172.73,88.80,6.00,0.98,-0.75,0.00,45.75,8.59
484.533,2870.50,29.76,15.63,524.00,527.59,167.25,130.05,530.80,90.66,71.25,91.00,14.21,36.00,172.73,88.80,6.00,0.98,-0.75,0.00,45.75,8.59
484.803,2870.50,29.76,15.63,576.00,527.59,167.25,130.05,530.80,90.66,71.25,91.00,14.21,36.00,172.73,88.80,6.00,0.98,-0.75,0.00,45.75,8.59
485.042,2870.50,29.76,15.63,576.00,718.88,167.25,130.05,530.80,90.66,71.25,91.00,14.21,36.00,172.73,88.80,6.00,0.98,-0.75,0.00,45.75,8.59
485.283,2870.50,29.76,15.63,576.00,718.88,179.25,130.05,530.80,90.66,71.25,91.00,14.21,36.00,172.73,88.80,6.00,0.98,-0.75,0.00,45.75,8.59
485.523,2870.50,29.76,15.63,576.00,718.88,179.25,140.24,530.80,90.66,71.25,91.00,14.21,36.00,172.73,88.80,6.00,0.98,-0.75,0.00,45.75,8.59
485.763,2870.50,29.76,15.63,576.00,718.88,179.25,140.24,622.00,90.66,71.25,91.00,14.21,36.00,172.73,88.80,6.00,0.98,-0.75,0.00,45.75,8.59
486.002,2870.50,29.76,15.63,576.00,718.88,179.25,140.24,622.00,87.56,71.25,91.00,14.21,36.00,172.73,88.80,6.00,0.98,-0.75,0.00,45.75,8.59
486.243,2870.50,29.76,15.63,576.00,718.88,179.25,140.24,622.00,87.56,72.75,91.00,14.21,36.00,172.73,88.80,6.00,0.98,-0.75,0.00,45.75,8.59
486.482,2870.50,29.76,15.63,576.00,718.88,179.25,140.24,622.00,87.56,72.75,92.00,14.21,36.00,172.73,88.80,6.00,0.98,-0.75,0.00,45.75,8.59
486.723,2870.50,29.76,15.63,576.00,718.88,179.25,140.24,622.00,87.56,72.75,92.00,14.20,36.00,172.73,88.80,6.00,0.98,-0.75,0.00,45.75,8.59
486.964,2870.50,29.76,15.63,576.00,718.88,179.25,140.24,622.00,87.56,72.75,92.00,14.20,36.00,172.73,88.80,6.00,0.98,-0.75,0.00,45.75,8.59
487.203,2870.50,29.76,15.63,576.00,718.88,179.25,140.24,622.00,87.56,72.75,92.00,14.20,36.00,184.70,88.80,6.00,0.98,-0.75,0.00,45.75,8.59
487.442,2870.50,29.76,15.63,576.00,718.88,179.25,140.24,622.00,87.56,72.75,92.00,14.20,36.00,184.70,10.41,6.00,0.98,-0.75,0.00,45.75,8.59
487.682,2870.50,29.76,15.63,576.00,718.88,179.25,140.24,622.00,87.56,72.75,92.00,14.20,36.00,184.70,10.41,6.00,0.98,-0.75,0.00,45.75,8.59
487.923,2870.50,29.76,15.63,576.00,718.88,179.25,140.24,622.00,87.56,72.75,92.00,14.20,36.00,184.70,10.41,6.00,0.94,-0.75,0.00,45.75,8.59
488.163,2870.50,29.76,15.63,576.00,718.88,179.25,140.24,622.00,87.56,72.75,92.00,14.20,36.00,184.70,10.41,6.00,0.94,-7.50,0.00,45.75,8.59
488.402,2870.50,29.76,15.63,576.00,718.88,179.25,140.24,622.00,87.56,72.75,92.00,14.20,36.00,184.70,10.41,6.00,0.94,-7.50,1.00,45.75,8.59
488.642,2870.50,29.76,15.63,576.00,718.88,179.25,140.24,622.00,87.56,72.75,92.00,14.20,36.00,184.70,10.41,6.00,0.94,-7.50,1.00,46.50,8.59
488.883,2870.50,29.76,15.63,576.00,718.88,179.25,140.24,622.00,87.56,72.75,92.00,14.20,36.00,184.70,10.41,6.00,0.94,-7.50,1.00,46.50,0.00
489.123,2771.50,29.76,15.63,576.00,718.88,179.25,140.24,622.00,87.56,72.75,92.00,14.20,36.00,184.70,10.41,6.00,0.94,-7.50,1.00,46.50,0.00
489.364,2771.50,13.91,15.63,576.00,718.88,179.25,140.24,622.00,87.56,72.75,92.00,14.20,36.00,184.70,10.41,6.00,0.94,-7.50,1.00,46.50,0.00
489.602,2771.50,13.91,1.00,576.00,718.88,179.25,140.24,622.00,87.56,72.75,92.00,14.20,36.00,184.70,10.41,6.00,0.94,-7.50,1.00,46.50,0.00
489.843,2771.50,13.91,1.00,68.00,718.88,179.25,140.24,622.00,87.56,72.75,92.00,14.20,36.00,184.70,10.41,6.00,0.94,-7.50,1.00,46.50,0.00
490.083,2771.50,13.91,1.00,68.00,69.62,179.25,140.24,622.00,87.56,72.75,92.00,14.20,36.00,184.70,10.41,6.00,0.94,-7.50,1.00,46.50,0.00
490.323,2771.50,13.91,1.00,68.00,69.62,21.75,140.24,622.00,87.56,72.75,92.00,14.20,36.00,184.70,10.41,6.00,0.94,-7.50,1.00,46.50,0.00
490.564,2771.50,13.91,1.00,68.00,69.62,21.75,135.04,622.00,87.56,72.75,92.00,14.20,36.00,184.70,10.41,6.00,0.94,-7.50,1.00,46.50,0.00
490.803,2771.50,13.91,1.00,68.00,69.62,21.75,135.04,67.90,87.56,72.75,92.00,14.20,36.00,184.70,10.41,6.00,0.94,-7.50,1.00,46.50,0.00
491.043,2771.50,13.91,1.00,68.00,69.62,21.75,135.04,67.90,88.76,72.75,92.00,14.20,36.00,184.70,10.41,6.00,0.94,-7.50,1.00,46.50,0.00
491.282,2771.50,13.91,1.00,68.00,69.62,21.75,135.04,67.90,88.76,74.25,92.00,14.20,36.00,184.70,10.41,6.00,0.94,-7.50,1.00,46.50,0.00
491.523,2771.50,13.91,1.00,68.00,69.62,21.75,135.04,67.90,88.76,74.25,91.00,14.20,36.00,184.70,10.41,6.00,0.94,-7.50,1.00,46.50,0.00
491.763,2771.50,13.91,1.00,68.00,69.62,21.75,135.04,67.90,88.76,74.25,91.00,14.20,36.00,184.70,10.41,6.00,0.94,-7.50,1.00,46.50,0.00
492.002,2771.50,13.91,1.00,68.00,69.62,21.75,135.04,67.90,88.76,74.25,91.00,14.20,36.00,184.70,10.41,6.00,0.94,-7.50,1.00,46.50,0.00
492.243,2771.50,13.91,1.00,68.00,69.62,21.75,135.04,67.90,88.76,74.25,91.00,14.20,36.00,162.18,10.41,6.00,0.94,-7.50,1.00,46.50,0.00
492.483,2771.50,13.91,1.00,68.00,69.62,21.75,135.04,67.90,88.76,74.25,91.00,14.20,36.00,162.18,16.26,6.00,0.94,-7.50,1.00,46.50,0.00
492.723,2771.50,13.91,1.00,68.00,69.62,21.75,135.04,67.90,88.76,74.25,91.00,14.20,36.00,162.18,16.26,6.00,0.94,-7.50,1.00,46.50,0.00
492.964,2771.50,13.91,1.00,68.00,69.62,21.75,135.04,67.90,88.76,74.25,91.00,14.20,36.00,162.18,16.26,6.00,16.00,-7.50,1.00,46.50,0.00
493.203,2771.50,13.91,1.00,68.00,69.62,21.75,135.04,67.90,88.76,74.25,91.00,14.20,36.00,162.18,16.26,6.00,16.00,-15.00,1.00,46.50,0.00
493.443,2771.50,13.91,1.00,68.00,69.62,21.75,135.04,67.90,88.76,74.25,91.00,14.20,36.00,162.18,16.26,6.00,16.00,-15.00,1.00,46.50,0.00
493.683,2771.50,13.91,1.00,68.00,69.62,21.75,135.04,67.90,88.76,74.25,91.00,14.20,36.00,162.18,16.26,6.00,16.00,-15.00,1.00,46.50,0.00
493.923,2771.50,13.91,1.00,68.00,69.62,21.75,135.04,67.90,88.76,74.25,91.00,14.20,36.00,162.18,16.26,6.00,16.00,-15.00,1.00,46.50,0.39
494.164,2457.50,13.91,1.00,68.00,69.62,21.75,135.04,67.90,88.76,74.25,91.00,14.20,36.00,162.18,16.26,6.00,16.00,-15.00,1.00,46.50,0.39
494.403,2457.50,13.43,1.00,68.00,69.62,21.75,135.04,67.90,88.76,74.25,91.00,14.20,36.00,162.18,16.26,6.00,16.00,-15.00,1.00,46.50,0.39
494.643,2457.50,13.43,0.61,68.00,69.62,21.75,135.04,67.90,88.76,74.25,91.00,14.20,36.00,162.18,16.26,6.00,16.00,-15.00,1.00,46.50,0.39
494.883,2457.50,13.43,0.61,56.00,69.62,21.75,135.04,67.90,88.76,74.25,91.00,14.20,36.00,162.18,16.26,6.00,16.00,-15.00,1.00,46.50,0.39
495.123,2457.50,13.43,0.61,56.00,56.44,21.75,135.04,67.90,88.76,74.25,91.00,14.20,36.00,162.18,16.26,6.00,16.00,-15.00,1.00,46.50,0.39
495.364,2457.50,13.43,0.61,56.00,56.44,19.50,135.04,67.90,88.76,74.25,91.00,14.20,36.00,162.18,16.26,6.00,16.00,-15.00,1.00,46.50,0.39
495.603,2457.50,13.43,0.61,56.00,56.44,19.50,115.54,67.90,88.76,74.25,91.00,14.20,36.00,162.18,16.26,6.00,16.00,-15.00,1.00,46.50,0.39
495.843,2457.50,13.43,0.61,56.00,56.44,19.50,115.54,54.10,88.76,74.25,91.00,14.20,36.00,162.18,16.26,6.00,16.00,-15.00,1.00,46.50,0.39
496.083,2457.50,13.43,0.61,56.00,56.44,19.50,115.54,54.10,84.86,74.25,91.00,14.20,36.00,162.18,16.26,6.00,16.00,-15.00,1.00,46.50,0.39
496.323,2457.50,13.43,0.61,56.00,56.44,19.50,115.54,54.10,84.86,74.25,91.00,14.20,36.00,162.18,16.26,6.00,16.00,-15.00,1.00,46.50,0.39
496.564,2457.50,13.43,0.61,56.00,56.44,19.50,115.54,54.10,84.86,74.25,91.00,14.20,36.00,162.18,16.26,6.00,16.00,-15.00,1.00,46.50,0.39
496.803,2457.50,13.43,0.61,56.00,56.44,19.50,115.54,54.10,84.86,74.25,91.00,14.19,36.00,162.18,16.26,6.00,16.00,-15.00,1.00,46.50,0.39
497.043,2457.50,13.43,0.61,56.00,56.44,19.50,115.54,54.10,84.86,74.25,91.00,14.19,36.00,162.18,16.26,6.00,16.00,-15.00,1.00,46.50,0.39
497.283,2457.50,13.43,0.61,56.00,56.44,19.50,115.54,54.10,84.86,74.25,91.00,14.19,36.00,143.96,16.26,6.00,16.00,-15.00,1.00,46.50,0.39
497.523,2457.50,13.43,0.61,56.00,56.44,19.50,115.54,54.10,84.86,74.25,91.00,14.19,36.00,143.96,13.20,6.00,16.00,-15.00,1.00,46.50,0.39
497.764,2457.50,13.43,0.61,56.00,56.44,19.50,115.54,54.10,84.86,74.25,91.00,14.19,36.00,143.96,13.20,6.00,16.00,-15.00,1.00,46.50,0.39
498.002,2457.50,13.43,0.61,56.00,56.44,19.50,115.54,54.10,84.86,74.25,91.00,14.19,36.00,143.96,13.20,6.00,16.00,-15.00,1.00,46.50,0.39
498.243,2457.50,13.43,0.61,56.00,56.44,19.50,115.54,54.10,84.86,74.25,91.00,14.19,36.00,143.96,13.20,6.00,16.00,-15.75,1.00,46.50,0.39
498.483,2457.50,13.43,0.61,56.00,56.44,19.50,115.54,54.10,84.86,74.25,91.00,14.19,36.00,143.96,13.20,6.00,16.00,-15.75,0.00,46.50,0.39
498.723,2457.50,13.43,0.61,56.00,56.44,19.50,115.54,54.10,84.86,74.25,91.00,14.19,36.00,143.96,13.20,6.00,16.00,-15.75,0.00,45.75,0.39
498.963,2457.50,13.43,0.61,56.00,56.44,19.50,115.54,54.10,84.86,74.25,91.00,14.19,36.00,143.96,13.20,6.00,16.00,-15.75,0.00,45.75,0.78
499.203,2196.50,13.43,0.61,56.00,56.44,19.50,115.54,54.10,84.86,74.25,91.00,14.19,36.00,143.96,13.20,6.00,16.00,-15.75,0.00,45.75,0.78
499.443,2196.50,13.44,0.61,56.00,56.44,19.50,115.54,54.10,84.86,74.25,91.00,14.19,36.00,143.96,13.20,6.00,16.00,-15.75,0.00,45.75,0.78
499.683,2196.50,13.44,0.41,56.00,56.44,19.50,115.54,54.10,84.86,74.25,91.00,14.19,36.00,143.96,13.20,6.00,16.00,-15.75,0.00,45.75,0.78
499.923,2196.50,13.44,0.41,40.00,56.44,19.50,115.54,54.10,84.86,74.25,91.00,14.19,36.00,143.96,13.20,6.00,16.00,-15.75,0.00,45.75,0.78
500.164,2196.50,13.44,0.41,40.00,41.97,19.50,115.54,54.10,84.86,74.25,91.00,14.19,36.00,143.96,13.20,6.00,16.00,-15.75,0.00,45.75,0.78
500.403,2196.50,13.44,0.41,40.00,41.97,15.75,115.54,54.10,84.86,74.25,91.00,14.19,36.00,143.96,13.20,6.00,16.00,-15.75,0.00,45.75,0.78
500.643,2196.50,13.44,0.41,40.00,41.97,15.75,103.54,54.10,84.86,74.25,91.00,14.19,36.00,143.96,13.20,6.00,16.00,-15.75,0.00,45.75,0.78
500.883,2196.50,13.44,0.41,40.00,41.97,15.75,103.54,39.90,84.86,74.25,91.00,14.19,36.00,143.96,13.20,6.00,16.00,-15.75,0.00,45.75,0.78
501.123,2196.50,13.44,0.41,40.00,41.97,15.75,103.54,39.90,83.26,74.25,91.00,14.19,36.00,143.96,13.20,6.00,16.00,-15.75,0.00,45.75,0.78
501.364,2196.50,13.44,0.41,40.00,41.97,15.75,103.54,39.90,83.26,69.00,91.00,14.19,36.00,143.96,13.20,6.00,16.00,-15.75,0.00,45.75,0.78
501.603,2196.50,13.44,0.41,40.00,41.97,15.75,103.54,39.90,83.26,69.00,90.00,14.19,36.00,143.96,13.20,6.00,16.00,-15.75,0.00,45.75,0.78
501.842,2196.50,13.44,0.41,40.00,41.97,15.75,103.54,39.90,83.26,69.00,90.00,14.18,36.00,143.96,13.20,6.00,16.00,-15.75,0.00,45.75,0.78
502.083,2196.50,13.44,0.41,40.00,41.97,15.75,103.54,39.90,83.26,69.00,90.00,14.18,36.00,143.96,13.20,6.00,16.00,-15.75,0.00,45.75,0.78
502.322,2196.50,13.44,0.41,40.00,41.97,15.75,103.54,39.90,83.26,69.00,90.00,14.18,36.00,130.88,13.20,6.00,16.00,-15.75,0.00,45.75,0.78
502.563,2196.50,13.44,0.41,40.00,41.97,15.75,103.54,39.90,83.26,69.00,90.00,14.18,36.00,130.88,11.28,6.00,16.00,-15.75,0.00,45.75,0.78
502.803,2196.50,13.44,0.41,40.00,41.97,15.75,103.54,39.90,83.26,69.00,90.00,14.18,36.00,130.88,11.28,6.00,16.00,-15.75,0.00,45.75,0.78
503.043,2196.50,13.44,0.41,40.00,41.97,15.75,103.54,39.90,83.26,69.00,90.00,14.18,36.00,130.88,11.28,6.00,3.93,-15.75,0.00,45.75,0.78
503.282,2196.50,13.44,0.41,40.00,41.97,15.75,103.54,39.90,83.26,69.00,90.00,14.18,36.00,130.88,11.28,6.00,3.93,-9.75,0.00,45.75,0.78
503.523,2196.50,13.44,0.41,40.00,41.97,15.75,103.54,39.90,83.26,69.00,90.00,14.18,36.00,130.88,11.28,6.00,3.93,-9.75,0.00,45.75,0.78
503.764,2196.50,13.44,0.41,40.00,41.97,15.75,103.54,39.90,83.26,69.00,90.00,14.18,36.00,130.88,11.28,6.00,3.93,-9.75,0.00,45.75,0.78
504.003,2196.50,13.44,0.41,40.00,41.97,15.75,103.54,39.90,83.26,69.00,90.00,14.18,36.00,130.88,11.28,6.00,3.93,-9.75,0.00,45.75,1.17
504.243,2011.00,13.44,0.41,40.00,41.97,15.75,103.54,39.90,83.26,69.00,90.00,14.18,36.00,130.88,11.28,6.00,3.93,-9.75,0.00,45.75,1.17
504.483,2011.00,13.43,0.41,40.00,41.97,15.75,103.54,39.90,83.26,69.00,90.00,14.18,36.00,130.88,11.28,6.00,3.93,-9.75,0.00,45.75,1.17
504.723,2011.00,13.43,0.20,40.00,41.97,15.75,103.54,39.90,83.26,69.00,90.00,14.18,36.00,130.88,11.28,6.00,3.93,-9.75,0.00,45.75,1.17
504.964,2011.00,13.43,0.20,28.00,41.97,15.75,103.54,39.90,83.26,69.00,90.00,14.18,36.00,130.88,11.28,6.00,3.93,-9.75,0.00,45.75,1.17
505.203,2011.00,13.43,0.20,28.00,29.03,15.75,103.54,39.90,83.26,69.00,90.00,14.18,36.00,130.88,11.28,6.00,3.93,-9.75,0.00,45.75,1.17
505.442,2011.00,13.43,0.20,28.00,29.03,12.00,103.54,39.90,83.26,69.00,90.00,14.18,36.00,130.88,11.28,6.00,3.93,-9.75,0.00,45.75,1.17
505.683,2011.00,13.43,0.20,28.00,29.03,12.00,97.54,39.90,83.26,69.00,90.00,14.18,36.00,130.88,11.28,6.00,3.93,-9.75,0.00,45.75,1.17
505.923,2011.00,13.43,0.20,28.00,29.03,12.00,97.54,28.40,83.26,69.00,90.00,14.18,36.00,130.88,11.28,6.00,3.93,-9.75,0.00,45.75,1.17
506.164,2011.00,13.43,0.20,28.00,29.03,12.00,97.54,28.40,81.66,69.00,90.00,14.18,36.00,130.88,11.28,6.00,3.93,-9.75,0.00,45.75,1.17
506.403,2011.00,13.43,0.20,28.00,29.03,12.00,97.54,28.40,81.66,66.00,90.00,14.18,36.00,130.88,11.28,6.00,3.93,-9.75,0.00,45.75,1.17
506.642,2011.00,13.43,0.20,28.00,29.03,12.00,97.54,28.40,81.66,66.00,89.00,14.18,36.00,130.88,11.28,6.00,3.93,-9.75,0.00,45.75,1.17
506.883,2011.00,13.43,0.20,28.00,29.03,12.00,97.54,28.40,81.66,66.00,89.00,14.18,36.00,130.88,11.28,6.00,3.93,-9.75,0.00,45.75,1.17
507.123,2011.00,13.43,0.20,28.00,29.03,12.00,97.54,28.40,81.66,66.00,89.00,14.18,36.00,130.88,11.28,6.00,3.93,-9.75,0.00,45.75,1.17
507.364,2011.00,13.43,0.20,28.00,29.03,12.00,97.54,28.40,81.66,66.00,89.00,14.18,36.00,121.22,11.28,6.00,3.93,-9.75,0.00,45.75,1.17
507.603,2011.00,13.43,0.20,28.00,29.03,12.00,97.54,28.40,81.66,66.00,89.00,14.18,36.00,121.22,9.60,6.00,3.93,-9.75,0.00,45.75,1.17
507.842,2011.00,13.43,0.20,28.00,29.03,12.00,97.54,28.40,81.66,66.00,89.00,14.18,36.00,121.22,9.60,6.00,3.93,-9.75,0.00,45.75,1.17
508.083,2011.00,13.43,0.20,28.00,29.03,12.00,97.54,28.40,81.66,66.00,89.00,14.18,36.00,121.22,9.60,6.00,0.91,-9.75,0.00,45.75,1.17
508.323,2011.00,13.43,0.20,28.00,29.03,12.00,97.54,28.40,81.66,66.00,89.00,14.18,36.00,121.22,9.60,6.00,0.91,18.75,0.00,45.75,1.17
508.564,2011.00,13.43,0.20,28.00,29.03,12.00,97.54,28.40,81.66,66.00,89.00,14.18,36.00,121.22,9.60,6.00,0.91,18.75,0.00,45.75,1.17
508.803,2011.00,13.43,0.20,28.00,29.03,12.00,97.54,28.40,81.66,66.00,89.00,14.18,36.00,121.22,9.60,6.00,0.91,18.75,0.00,45.75,1.17
509.043,2011.00,13.43,0.20,28.00,29.03,12.00,97.54,28.40,81.66,66.00,89.00,14.18,36.00,121.22,9.60,6.00,0.91,18.75,0.00,45.75,0.78
509.283,1910.50,13.43,0.20,28.00,29.03,12.00,97.54,28.40,81.66,66.00,89.00,14.18,36.00,121.22,9.60,6.00,0.91,18.75,0.00,45.75,0.78
509.523,1910.50,13.49,0.20,28.00,29.03,12.00,97.54,28.40,81.66,66.00,89.00,14.18,36.00,121.22,9.60,6.00,0.91,18.75,0.00,45.75,0.78
509.764,1910.50,13.49,0.20,28.00,29.03,12.00,97.54,28.40,81.66,66.00,89.00,14.18,36.00,121.22,9.60,6.00,0.91,18.75,0.00,45.75,0.78
510.003,1910.50,13.49,0.20,60.00,29.03,12.00,97.54,28.40,81.66,66.00,89.00,14.18,36.00,121.22,9.60,6.00,0.91,18.75,0.00,45.75,0.78
510.243,1910.50,13.49,0.20,60.00,60.25,12.00,97.54,28.40,81.66,66.00,89.00,14.18,36.00,121.22,9.60,6.00,0.91,18.75,0.00,45.75,0.78
510.483,1910.50,13.49,0.20,60.00,60.25,27.75,97.54,28.40,81.66,66.00,89.00,14.18,36.00,121.22,9.60,6.00,0.91,18.75,0.00,45.75,0.78
510.723,1910.50,13.49,0.20,60.00,60.25,27.75,92.76,28.40,81.66,66.00,89.00,14.18,36.00,121.22,9.60,6.00,0.91,18.75,0.00,45.75,0.78
510.964,1910.50,13.49,0.20,60.00,60.25,27.75,92.76,61.60,81.66,66.00,89.00,14.18,36.00,121.22,9.60,6.00,0.91,18.75,0.00,45.75,0.78
511.203,1910.50,13.49,0.20,60.00,60.25,27.75,92.76,61.60,82.66,66.00,89.00,14.18,36.00,121.22,9.60,6.00,0.91,18.75,0.00,45.75,0.78
511.443,1910.50,13.49,0.20,60.00,60.25,27.75,92.76,61.60,82.66,62.25,89.00,14.18,36.00,121.22,9.60,6.00,0.91,18.75,0.00,45.75,0.78
511.683,1910.50,13.49,0.20,60.00,60.25,27.75,92.76,61.60,82.66,62.25,89.00,14.18,36.00,121.22,9.60,6.00,0.91,18.75,0.00,45.75,0.78
511.923,1910.50,13.49,0.20,60.00,60.25,27.75,92.76,61.60,82.66,62.25,89.00,14.18,36.00,121.22,9.60,6.00,0.91,18.75,0.00,45.75,0.78
512.163,1910.50,13.49,0.20,60.00,60.25,27.75,92.76,61.60,82.66,62.25,89.00,14.18,36.00,121.22,9.60,6.00,0.91,18.75,0.00,45.75,0.78
512.403,1910.50,13.49,0.20,60.00,60.25,27.75,92.76,61.60,82.66,62.25,89.00,14.18,36.00,117.87,9.60,6.00,0.91,18.75,0.00,45.75,0.78
512.643,1910.50,13.49,0.20,60.00,60.25,27.75,92.76,61.60,82.66,62.25,89.00,14.18,36.00,117.87,17.09,6.00,0.91,18.75,0.00,45.75,0.78
512.883,1910.50,13.49,0.20,60.00,60.25,27.75,92.76,61.60,82.66,62.25,89.00,14.18,36.00,117.87,17.09,6.00,0.91,18.75,0.00,45.75,0.78
513.123,1910.50,13.49,0.20,60.00,60.25,27.75,92.76,61.60,82.66,62.25,89.00,14.18,36.00,117.87,17.09,6.00,1.01,18.75,0.00,45.75,0.78
513.364,1910.50,13.49,0.20,60.00,60.25,27.75,92.76,61.60,82.66,62.25,89.00,14.18,36.00,117.87,17.09,6.00,1.01,24.00,0.00,45.75,0.78
513.602,1910.50,13.49,0.20,60.00,60.25,27.75,92.76,61.60,82.66,62.25,89.00,14.18,36.00,117.87,17.09,6.00,1.01,24.00,0.00,45.75,0.78
513.842,1910.50,13.49,0.20,60.00,60.25,27.75,92.76,61.60,82.66,62.25,89.00,14.18,36.00,117.87,17.09,6.00,1.01,24.00,0.00,45.75,0.78
514.083,1910.50,13.49,0.20,60.00,60.25,27.75,92.76,61.60,82.66,62.25,89.00,14.18,36.00,117.87,17.09,6.00,1.01,24.00,0.00,45.75,0.78
514.323,1880.50,13.49,0.20,60.00,60.25,27.75,92.76,61.60,82.66,62.25,89.00,14.18,36.00,117.87,17.09,6.00,1.01,24.00,0.00,45.75,0.78
514.564,1880.50,13.46,0.20,60.00,60.25,27.75,92.76,61.60,82.66,62.25,89.00,14.18,36.00,117.87,17.09,6.00,1.01,24.00,0.00,45.75,0.78
514.803,1880.50,13.46,0.65,60.00,60.25,27.75,92.76,61.60,82.66,62.25,89.00,14.18,36.00,117.87,17.09,6.00,1.01,24.00,0.00,45.75,0.78
515.043,1880.50,13.46,0.65,68.00,60.25,27.75,92.76,61.60,82.66,62.25,89.00,14.18,36.00,117.87,17.09,6.00,1.01,24.00,0.00,45.75,0.78
515.283,1880.50,13.46,0.65,68.00,68.62,27.75,92.76,61.60,82.66,62.25,89.00,14.18,36.00,117.87,17.09,6.00,1.01,24.00,0.00,45.75,0.78
515.523,1880.50,13.46,0.65,68.00,68.62,32.25,92.76,61.60,82.66,62.25,89.00,14.18,36.00,117.87,17.09,6.00,1.01,24.00,0.00,45.75,0.78
515.764,1880.50,13.46,0.65,68.00,68.62,32.25,87.34,61.60,82.66,62.25,89.00,14.18,36.00,117.87,17.09,6.00,1.01,24.00,0.00,45.75,0.78
516.002,1880.50,13.46,0.65,68.00,68.62,32.25,87.34,73.60,82.66,62.25,89.00,14.18,36.00,117.87,17.09,6.00,1.01,24.00,0.00,45.75,0.78
516.243,1880.50,13.46,0.65,68.00,68.62,32.25,87.34,73.60,85.96,62.25,89.00,14.18,36.00,117.87,17.09,6.00,1.01,24.00,0.00,45.75,0.78
516.483,1880.50,13.46,0.65,68.00,68.62,32.25,87.34,73.60,85.96,61.50,89.00,14.18,36.00,117.87,17.09,6.00,1.01,24.00,0.00,45.75,0.78
516.723,1880.50,13.46,0.65,68.00,68.62,32.25,87.34,73.60,85.96,61.50,88.00,14.18,36.00,117.87,17.09,6.00,1.01,24.00,0.00,45.75,0.78
516.964,1880.50,13.46,0.65,68.00,68.62,32.25,87.34,73.60,85.96,61.50,88.00,14.18,36.00,117.87,17.09,6.00,1.01,24.00,0.00,45.75,0.78
517.202,1880.50,13.46,0.65,68.00,68.62,32.25,87.34,73.60,85.96,61.50,88.00,14.18,36.00,117.87,17.09,6.00,1.01,24.00,0.00,45.75,0.78
517.443,1880.50,13.46,0.65,68.00,68.62,32.25,87.34,73.60,85.96,61.50,88.00,14.18,36.00,117.28,17.09,6.00,1.01,24.00,0.00,45.75,0.78
517.683,1880.50,13.46,0.65,68.00,68.62,32.25,87.34,73.60,85.96,61.50,88.00,14.18,36.00,117.28,16.63,6.00,1.01,24.00,0.00,45.75,0.78
517.923,1880.50,13.46,0.65,68.00,68.62,32.25,87.34,73.60,85.96,61.50,88.00,14.18,36.00,117.28,16.63,6.00,1.01,24.00,0.00,45.75,0.78
518.164,1880.50,13.46,0.65,68.00,68.62,32.25,87.34,73.60,85.96,61.50,88.00,14.18,36.00,117.28,16.63,6.00,0.99,24.00,0.00,45.75,0.78
518.403,1880.50,13.46,0.65,68.00,68.62,32.25,87.34,73.60,85.96,61.50,88.00,14.18,36.00,117.28,16.63,6.00,0.99,24.00,0.00,45.75,0.78
518.643,1880.50,13.46,0.65,68.00,68.62,32.25,87.34,73.60,85.96,61.50,88.00,14.18,36.00,117.28,16.63,6.00,0.99,24.00,0.00,45.75,0.78
518.883,1880.50,13.46,0.65,68.00,68.62,32.25,87.34,73.60,85.96,61.50,88.00,14.18,36.00,117.28,16.63,6.00,0.99,24.00,0.00,45.00,0.78
519.123,1880.50,13.46,0.65,68.00,68.62,32.25,87.34,73.60,85.96,61.50,88.00,14.18,36.00,117.28,16.63,6.00,0.99,24.00,0.00,45.00,1.17
519.363,1877.50,13.46,0.65,68.00,68.62,32.25,87.34,73.60,85.96,61.50,88.00,14.18,36.00,117.28,16.63,6.00,0.99,24.00,0.00,45.00,1.17
519.602,1877.50,13.43,0.65,68.00,68.62,32.25,87.34,73.60,85.96,61.50,88.00,14.18,36.00,117.28,16.63,6.00,0.99,24.00,0.00,45.00,1.17
519.843,1877.50,13.43,0.84,68.00,68.62,32.25,87.34,73.60,85.96,61.50,88.00,14.18,36.00,117.28,16.63,6.00,0.99,24.00,0.00,45.00,1.17
520.082,1877.50,13.43,0.84,72.00,68.62,32.25,87.34,73.60,85.96,61.50,88.00,14.18,36.00,117.28,16.63,6.00,0.99,24.00,0.00,45.00,1.17
520.323,1877.50,13.43,0.84,72.00,71.44,32.25,87.34,73.60,85.96,61.50,88.00,14.18,36.00,117.28,16.63,6.00,0.99,24.00,0.00,45.00,1.17
520.563,1877.50,13.43,0.84,72.00,71.44,33.75,87.34,73.60,85.96,61.50,88.00,14.18,36.00,117.28,16.63,6.00,0.99,24.00,0.00,45.00,1.17
520.803,1877.50,13.43,0.84,72.00,71.44,33.75,84.55,73.60,85.96,61.50,88.00,14.18,36.00,117.28,16.63,6.00,0.99,24.00,0.00,45.00,1.17
521.043,1877.50,13.43,0.84,72.00,71.44,33.75,84.55,72.80,85.96,61.50,88.00,14.18,36.00,117.28,16.63,6.00,0.99,24.00,0.00,45.00,1.17
521.283,1877.50,13.43,0.84,72.00,71.44,33.75,84.55,72.80,89.66,61.50,88.00,14.18,36.00,117.28,16.63,6.00,0.99,24.00,0.00,45.00,1.17
521.523,1877.50,13.43,0.84,72.00,71.44,33.75,84.55,72.80,89.66,60.75,88.00,14.18,36.00,117.28,16.63,6.00,0.99,24.00,0.00,45.00,1.17
521.764,1877.50,13.43,0.84,72.00,71.44,33.75,84.55,72.80,89.66,60.75,88.00,14.18,36.00,117.28,16.63,6.00,0.99,24.00,0.00,45.00,1.17
522.003,1877.50,13.43,0.84,72.00,71.44,33.75,84.55,72.80,89.66,60.75,88.00,14.18,36.00,117.28,16.63,6.00,0.99,24.00,0.00,45.00,1.17
522.243,1877.50,13.43,0.84,72.00,71.44,33.75,84.55,72.80,89.66,60.75,88.00,14.18,36.00,117.28,16.63,6.00,0.99,24.00,0.00,45.00,1.17
522.483,1877.50,13.43,0.84,72.00,71.44,33.75,84.55,72.80,89.66,60.75,88.00,14.18,36.00,117.78,16.63,6.00,0.99,24.00,0.00,45.00,1.17
522.723,1877.50,13.43,0.84,72.00,71.44,33.75,84.55,72.80,89.66,60.75,88.00,14.18,36.00,117.78,15.85,6.00,0.99,24.00,0.00,45.00,1.17
522.963,1877.50,13.43,0.84,72.00,71.44,33.75,84.55,72.80,89.66,60.75,88.00,14.18,36.00,117.78,15.85,6.00,0.99,24.00,0.00,45.00,1.17
523.203,1877.50,13.43,0.84,72.00,71.44,33.75,84.55,72.80,89.66,60.75,88.00,14.18,36.00,117.78,15.85,6.00,0.99,24.00,0.00,45.00,1.17
523.443,1877.50,13.43,0.84,72.00,71.44,33.75,84.55,72.80,89.66,60.75,88.00,14.18,36.00,117.78,15.85,6.00,0.99,24.00,0.00,45.00,1.17
523.683,1877.50,13.43,0.84,72.00,71.44,33.75,84.55,72.80,89.66,60.75,88.00,14.18,36.00,117.78,15.85,6.00,0.99,24.00,0.00,45.00,1.17
523.923,1877.50,13.43,0.84,72.00,71.44,33.75,84.55,72.80,89.66,60.75,88.00,14.18,36.00,117.78,15.85,6.00,0.99,24.00,0.00,45.00,1.17
524.164,1877.50,13.43,0.84,72.00,71.44,33.75,84.55,72.80,89.66,60.75,88.00,14.18,36.00,117.78,15.85,6.00,0.99,24.00,0.00,45.00,1.17
524.403,1890.50,13.43,0.84,72.00,71.44,33.75,84.55,72.80,89.66,60.75,88.00,14.18,36.00,117.78,15.85,6.00,0.99,24.00,0.00,45.00,1.17
524.642,1890.50,13.44,0.84,72.00,71.44,33.75,84.55,72.80,89.66,60.75,88.00,14.18,36.00,117.78,15.85,6.00,0.99,24.00,0.00,45.00,1.17
524.883,1890.50,13.44,0.57,72.00,71.44,33.75,84.55,72.80,89.66,60.75,88.00,14.18,36.00,117.78,15.85,6.00,0.99,24.00,0.00,45.00,1.17
525.123,1890.50,13.44,0.57,56.00,71.44,33.75,84.55,72.80,89.66,60.75,88.00,14.18,36.00,117.78,15.85,6.00,0.99,24.00,0.00,45.00,1.17
525.363,1890.50,13.44,0.57,56.00,55.91,33.75,84.55,72.80,89.66,60.75,88.00,14.18,36.00,117.78,15.85,6.00,0.99,24.00,0.00,45.00,1.17
525.602,1890.50,13.44,0.57,56.00,55.91,26.25,84.55,72.80,89.66,60.75,88.00,14.18,36.00,117.78,15.85,6.00,0.99,24.00,0.00,45.00,1.17
525.843,1890.50,13.44,0.57,56.00,55.91,26.25,82.44,72.80,89.66,60.75,88.00,14.18,36.00,117.78,15.85,6.00,0.99,24.00,0.00,45.00,1.17
526.083,1890.50,13.44,0.57,56.00,55.91,26.25,82.44,56.70,89.66,60.75,88.00,14.18,36.00,117.78,15.85,6.00,0.99,24.00,0.00,45.00,1.17
526.323,1890.50,13.44,0.57,56.00,55.91,26.25,82.44,56.70,92.66,60.75,88.00,14.18,36.00,117.78,15.85,6.00,0.99,24.00,0.00,45.00,1.17
526.564,1890.50,13.44,0.57,56.00,55.91,26.25,82.44,56.70,92.66,60.00,88.00,14.18,36.00,117.78,15.85,6.00,0.99,24.00,0.00,45.00,1.17
526.803,1890.50,13.44,0.57,56.00,55.91,26.25,82.44,56.70,92.66,60.00,88.00,14.18,36.00,117.78,15.85,6.00,0.99,24.00,0.00,45.00,1.17
527.042,1890.50,13.44,0.57,56.00,55.91,26.25,82.44,56.70,92.66,60.00,88.00,14.18,36.00,117.78,15.85,6.00,0.99,24.00,0.00,45.00,1.17
527.283,1890.50,13.44,0.57,56.00,55.91,26.25,82.44,56.70,92.66,60.00,88.00,14.18,36.00,117.78,15.85,6.00,0.99,24.00,0.00,45.00,1.17
527.523,1890.50,13.44,0.57,56.00,55.91,26.25,82.44,56.70,92.66,60.00,88.00,14.18,36.00,117.62,15.85,6.00,0.99,24.00,0.00,45.00,1.17
527.763,1890.50,13.44,0.57,56.00,55.91,26.25,82.44,56.70,92.66,60.00,88.00,14.18,36.00,117.62,15.34,6.00,0.99,24.00,0.00,45.00,1.17
528.003,1890.50,13.44,0.57,56.00,55.91,26.25,82.44,56.70,92.66,60.00,88.00,14.18,36.00,117.62,15.34,6.00,0.99,24.00,0.00,45.00,1.17
528.243,1890.50,13.44,0.57,56.00,55.91,26.25,82.44,56.70,92.66,60.00,88.00,14.18,36.00,117.62,15.34,6.00,1.00,24.00,0.00,45.00,1.17
528.483,1890.50,13.44,0.57,56.00,55.91,26.25,82.44,56.70,92.66,60.00,88.00,14.18,36.00,117.62,15.34,6.00,1.00,23.25,0.00,45.00,1.17
528.723,1890.50,13.44,0.57,56.00,55.91,26.25,82.44,56.70,92.66,60.00,88.00,14.18,36.00,117.62,15.34,6.00,1.00,23.25,0.00,45.00,1.17
528.964,1890.50,13.44,0.57,56.00,55.91,26.25,82.44,56.70,92.66,60.00,88.00,14.18,36.00,117.62,15.34,6.00,1.00,23.25,0.00,45.00,1.17
529.203,1890.50,13.44,0.57,56.00,55.91,26.25,82.44,56.70,92.66,60.00,88.00,14.18,36.00,117.62,15.34,6.00,1.00,23.25,0.00,45.00,1.17
529.442,1886.00,13.44,0.57,56.00,55.91,26.25,82.44,56.70,92.66,60.00,88.00,14.18,36.00,117.62,15.34,6.00,1.00,23.25,0.00,45.00,1.17
529.682,1886.00,13.44,0.57,56.00,55.91,26.25,82.44,56.70,92.66,60.00,88.00,14.18,36.00,117.62,15.34,6.00,1.00,23.25,0.00,45.00,1.17
529.923,1886.00,13.44,0.38,56.00,55.91,26.25,82.44,56.70,92.66,60.00,88.00,14.18,36.00,117.62,15.34,6.00,1.00,23.25,0.00,45.00,1.17
530.164,1886.00,13.44,0.38,52.00,55.91,26.25,82.44,56.70,92.66,60.00,88.00,14.18,36.00,117.62,15.34,6.00,1.00,23.25,0.00,45.00,1.17
530.403,1886.00,13.44,0.38,52.00,48.72,26.25,82.44,56.70,92.66,60.00,88.00,14.18,36.00,117.62,15.34,6.00,1.00,23.25,0.00,45.00,1.17
530.643,1886.00,13.44,0.38,52.00,48.72,22.50,82.44,56.70,92.66,60.00,88.00,14.18,36.00,117.62,15.34,6.00,1.00,23.25,0.00,45.00,1.17
530.883,1886.00,13.44,0.38,52.00,48.72,22.50,80.55,56.70,92.66,60.00,88.00,14.18,36.00,117.62,15.34,6.00,1.00,23.25,0.00,45.00,1.17
531.122,1886.00,13.44,0.38,52.00,48.72,22.50,80.55,48.50,92.66,60.00,88.00,14.18,36.00,117.62,15.34,6.00,1.00,23.25,0.00,45.00,1.17
531.364,1886.00,13.44,0.38,52.00,48.72,22.50,80.55,48.50,93.36,60.00,88.00,14.18,36.00,117.62,15.34,6.00,1.00,23.25,0.00,45.00,1.17
531.603,1886.00,13.44,0.38,52.00,48.72,22.50,80.55,48.50,93.36,53.25,88.00,14.18,36.00,117.62,15.34,6.00,1.00,23.25,0.00,45.00,1.17
531.843,1886.00,13.44,0.38,52.00,48.72,22.50,80.55,48.50,93.36,53.25,88.00,14.18,36.00,117.62,15.34,6.00,1.00,23.25,0.00,45.00,1.17
532.113,1886.00,13.44,0.38,52.00,48.72,22.50,80.55,48.50,93.36,53.25,88.00,14.18,36.00,117.62,15.34,6.00,1.00,23.25,0.00,45.00,1.17
532.355,1886.00,13.44,0.38,52.00,48.72,22.50,80.55,48.50,93.36,53.25,88.00,14.18,36.00,117.62,15.34,6.00,1.00,23.25,0.00,45.00,1.17
532.592,1886.00,13.44,0.38,52.00,48.72,22.50,80.55,48.50,93.36,53.25,88.00,14.18,36.00,118.20,15.34,6.00,1.00,23.25,0.00,45.00,1.17
532.833,1886.00,13.44,0.38,52.00,48.72,22.50,80.55,48.50,93.36,53.25,88.00,14.18,36.00,118.20,13.78,6.00,1.00,23.25,0.00,45.00,1.17
533.075,1886.00,13.44,0.38,52.00,48.72,22.50,80.55,48.50,93.36,53.25,88.00,14.18,36.00,118.20,13.78,6.00,1.00,23.25,0.00,45.00,1.17
533.313,1886.00,13.44,0.38,52.00,48.72,22.50,80.55,48.50,93.36,53.25,88.00,14.18,36.00,118.20,13.78,6.00,0.98,23.25,0.00,45.00,1.17
533.555,1886.00,13.44,0.38,52.00,48.72,22.50,80.55,48.50,93.36,53.25,88.00,14.18,36.00,118.20,13.78,6.00,0.98,21.75,0.00,45.00,1.17
533.793,1886.00,13.44,0.38,52.00,48.72,22.50,80.55,48.50,93.36,53.25,88.00,14.18,36.00,118.20,13.78,6.00,0.98,21.75,0.00,45.00,1.17
534.033,1886.00,13.44,0.38,52.00,48.72,22.50,80.55,48.50,93.36,53.25,88.00,14.18,36.00,118.20,13.78,6.00,0.98,21.75,0.00,45.00,1.17
534.275,1886.00,13.44,0.38,52.00,48.72,22.50,80.55,48.50,93.36,53.25,88.00,14.18,36.00,118.20,13.78,6.00,0.98,21.75,0.00,45.00,1.17
534.513,1888.50,13.44,0.38,52.00,48.72,22.50,80.55,48.50,93.36,53.25,88.00,14.18,36.00,118.20,13.78,6.00,0.98,21.75,0.00,45.00,1.17
534.753,1888.50,13.45,0.38,52.00,48.72,22.50,80.55,48.50,93.36,53.25,88.00,14.18,36.00,118.20,13.78,6.00,0.98,21.75,0.00,45.00,1.17
534.993,1888.50,13.45,0.24,52.00,48.72,22.50,80.55,48.50,93.36,53.25,88.00,14.18,36.00,118.20,13.78,6.00,0.98,21.75,0.00,45.00,1.17
535.233,1888.50,13.45,0.24,40.00,48.72,22.50,80.55,48.50,93.36,53.25,88.00,14.18,36.00,118.20,13.78,6.00,0.98,21.75,0.00,45.00,1.17
535.473,1888.50,13.45,0.24,40.00,38.50,22.50,80.55,48.50,93.36,53.25,88.00,14.18,36.00,118.20,13.78,6.00,0.98,21.75,0.00,45.00,1.17
535.713,1888.50,13.45,0.24,40.00,38.50,18.75,80.55,48.50,93.36,53.25,88.00,14.18,36.00,118.20,13.78,6.00,0.98,21.75,0.00,45.00,1.17
535.955,1888.50,13.45,0.24,40.00,38.50,18.75,79.14,48.50,93.36,53.25,88.00,14.18,36.00,118.20,13.78,6.00,0.98,21.75,0.00,45.00,1.17
536.193,1888.50,13.45,0.24,40.00,38.50,18.75,79.14,41.10,93.36,53.25,88.00,14.18,36.00,118.20,13.78,6.00,0.98,21.75,0.00,45.00,1.17
536.433,1888.50,13.45,0.24,40.00,38.50,18.75,79.14,41.10,92.46,53.25,88.00,14.18,36.00,118.20,13.78,6.00,0.98,21.75,0.00,45.00,1.17
536.675,1888.50,13.45,0.24,40.00,38.50,18.75,79.14,41.10,92.46,50.25,88.00,14.18,36.00,118.20,13.78,6.00,0.98,21.75,0.00,45.00,1.17
536.913,1888.50,13.45,0.24,40.00,38.50,18.75,79.14,41.10,92.46,50.25,88.00,14.18,36.00,118.20,13.78,6.00,0.98,21.75,0.00,45.00,1.17
537.154,1888.50,13.45,0.24,40.00,38.50,18.75,79.14,41.10,92.46,50.25,88.00,14.18,36.00,118.20,13.78,6.00,0.98,21.75,0.00,45.00,1.17
537.393,1888.50,13.45,0.24,40.00,38.50,18.75,79.14,41.10,92.46,50.25,88.00,14.18,36.00,118.20,13.78,6.00,0.98,21.75,0.00,45.00,1.17
537.633,1888.50,13.45,0.24,40.00,38.50,18.75,79.14,41.10,92.46,50.25,88.00,14.18,36.00,117.76,13.78,6.00,0.98,21.75,0.00,45.00,1.17
537.873,1888.50,13.45,0.24,40.00,38.50,18.75,79.14,41.10,92.46,50.25,88.00,14.18,36.00,117.76,13.08,6.00,0.98,21.75,0.00,45.00,1.17
538.113,1888.50,13.45,0.24,40.00,38.50,18.75,79.14,41.10,92.46,50.25,88.00,14.18,36.00,117.76,13.08,6.00,0.98,21.75,0.00,45.00,1.17
538.355,1888.50,13.45,0.24,40.00,38.50,18.75,79.14,41.10,92.46,50.25,88.00,14.18,36.00,117.76,13.08,6.00,0.99,21.75,0.00,45.00,1.17
538.593,1888.50,13.45,0.24,40.00,38.50,18.75,79.14,41.10,92.46,50.25,88.00,14.18,36.00,117.76,13.08,6.00,0.99,22.50,0.00,45.00,1.17
538.833,1888.50,13.45,0.24,40.00,38.50,18.75,79.14,41.10,92.46,50.25,88.00,14.18,36.00,117.76,13.08,6.00,0.99,22.50,0.00,45.00,1.17
539.075,1888.50,13.45,0.24,40.00,38.50,18.75,79.14,41.10,92.46,50.25,88.00,14.18,36.00,117.76,13.08,6.00,0.99,22.50,0.00,45.00,1.17
539.313,1888.50,13.45,0.24,40.00,38.50,18.75,79.14,41.10,92.46,50.25,88.00,14.18,36.00,117.76,13.08,6.00,0.99,22.50,0.00,45.00,1.17
539.555,1883.50,13.45,0.24,40.00,38.50,18.75,79.14,41.10,92.46,50.25,88.00,14.18,36.00,117.76,13.08,6.00,0.99,22.50,0.00,45.00,1.17
539.793,1883.50,13.44,0.24,40.00,38.50,18.75,79.14,41.10,92.46,50.25,88.00,14.18,36.00,117.76,13.08,6.00,0.99,22.50,0.00,45.00,1.17
540.033,1883.50,13.44,0.19,40.00,38.50,18.75,79.14,41.10,92.46,50.25,88.00,14.18,36.00,117.76,13.08,6.00,0.99,22.50,0.00,45.00,1.17
540.273,1883.50,13.44,0.19,32.00,38.50,18.75,79.14,41.10,92.46,50.25,88.00,14.18,36.00,117.76,13.08,6.00,0.99,22.50,0.00,45.00,1.17
540.513,1883.50,13.44,0.19,32.00,33.75,18.75,79.14,41.10,92.46,50.25,88.00,14.18,36.00,117.76,13.08,6.00,0.99,22.50,0.00,45.00,1.17
540.755,1883.50,13.44,0.19,32.00,33.75,15.75,79.14,41.10,92.46,50.25,88.00,14.18,36.00,117.76,13.08,6.00,0.99,22.50,0.00,45.00,1.17
540.993,1883.50,13.44,0.19,32.00,33.75,15.75,78.25,41.10,92.46,50.25,88.00,14.18,36.00,117.76,13.08,6.00,0.99,22.50,0.00,45.00,1.17
541.233,1883.50,13.44,0.19,32.00,33.75,15.75,78.25,37.40,92.46,50.25,88.00,14.18,36.00,117.76,13.08,6.00,0.99,22.50,0.00,45.00,1.17
541.475,1883.50,13.44,0.19,32.00,33.75,15.75,78.25,37.40,91.06,50.25,88.00,14.18,36.00,117.76,13.08,6.00,0.99,22.50,0.00,45.00,1.17
541.713,1883.50,13.44,0.19,32.00,33.75,15.75,78.25,37.40,91.06,47.25,88.00,14.18,36.00,117.76,13.08,6.00,0.99,22.50,0.00,45.00,1.17
541.955,1883.50,13.44,0.19,32.00,33.75,15.75,78.25,37.40,91.06,47.25,89.00,14.18,36.00,117.76,13.08,6.00,0.99,22.50,0.00,45.00,1.17
542.193,1883.50,13.44,0.19,32.00,33.75,15.75,78.25,37.40,91.06,47.25,89.00,14.19,36.00,117.76,13.08,6.00,0.99,22.50,0.00,45.00,1.17
542.433,1883.50,13.44,0.19,32.00,33.75,15.75,78.25,37.40,91.06,47.25,89.00,14.19,36.00,117.76,13.08,6.00,0.99,22.50,0.00,45.00,1.17
542.675,1883.50,13.44,0.19,32.00,33.75,15.75,78.25,37.40,91.06,47.25,89.00,14.19,36.00,117.34,13.08,6.00,0.99,22.50,0.00,45.00,1.17
542.913,1883.50,13.44,0.19,32.00,33.75,15.75,78.25,37.40,91.06,47.25,89.00,14.19,36.00,117.34,13.05,6.00,0.99,22.50,0.00,45.00,1.17
543.153,1883.50,13.44,0.19,32.00,33.75,15.75,78.25,37.40,91.06,47.25,89.00,14.19,36.00,117.34,13.05,6.00,0.99,22.50,0.00,45.00,1.17
543.393,1883.50,13.44,0.19,32.00,33.75,15.75,78.25,37.40,91.06,47.25,89.00,14.19,36.00,117.34,13.05,6.00,1.00,22.50,0.00,45.00,1.17
543.633,1883.50,13.44,0.19,32.00,33.75,15.75,78.25,37.40,91.06,47.25,89.00,14.19,36.00,117.34,13.05,6.00,1.00,21.75,0.00,45.00,1.17
543.875,1883.50,13.44,0.19,32.00,33.75,15.75,78.25,37.40,91.06,47.25,89.00,14.19,36.00,117.34,13.05,6.00,1.00,21.75,0.00,45.00,1.17
544.113,1883.50,13.44,0.19,32.00,33.75,15.75,78.25,37.40,91.06,47.25,89.00,14.19,36.00,117.34,13.05,6.00,1.00,21.75,0.00,45.00,1.17
544.354,1883.50,13.44,0.19,32.00,33.75,15.75,78.25,37.40,91.06,47.25,89.00,14.19,36.00,117.34,13.05,6.00,1.00,21.75,0.00,45.00,1.17
544.593,1880.00,13.44,0.19,32.00,33.75,15.75,78.25,37.40,91.06,47.25,89.00,14.19,36.00,117.34,13.05,6.00,1.00,21.75,0.00,45.00,1.17
544.833,1880.00,13.46,0.19,32.00,33.75,15.75,78.25,37.40,91.06,47.25,89.00,14.19,36.00,117.34,13.05,6.00,1.00,21.75,0.00,45.00,1.17
545.075,1880.00,13.46,0.21,32.00,33.75,15.75,78.25,37.40,91.06,47.25,89.00,14.19,36.00,117.34,13.05,6.00,1.00,21.75,0.00,45.00,1.17
545.313,1880.00,13.46,0.21,44.00,33.75,15.75,78.25,37.40,91.06,47.25,89.00,14.19,36.00,117.34,13.05,6.00,1.00,21.75,0.00,45.00,1.17
545.553,1880.00,13.46,0.21,44.00,42.84,15.75,78.25,37.40,91.06,47.25,89.00,14.19,36.00,117.34,13.05,6.00,1.00,21.75,0.00,45.00,1.17
545.793,1880.00,13.46,0.21,44.00,42.84,20.25,78.25,37.40,91.06,47.25,89.00,14.19,36.00,117.34,13.05,6.00,1.00,21.75,0.00,45.00,1.17
546.033,1880.00,13.46,0.21,44.00,42.84,20.25,77.05,37.40,91.06,47.25,89.00,14.19,36.00,117.34,13.05,6.00,1.00,21.75,0.00,45.00,1.17
546.273,1880.00,13.46,0.21,44.00,42.84,20.25,77.05,44.60,91.06,47.25,89.00,14.19,36.00,117.34,13.05,6.00,1.00,21.75,0.00,45.00,1.17
546.513,1880.00,13.46,0.21,44.00,42.84,20.25,77.05,44.60,89.96,47.25,89.00,14.19,36.00,117.34,13.05,6.00,1.00,21.75,0.00,45.00,1.17
546.755,1880.00,13.46,0.21,44.00,42.84,20.25,77.05,44.60,89.96,46.50,89.00,14.19,36.00,117.34,13.05,6.00,1.00,21.75,0.00,45.00,1.17
546.993,1880.00,13.46,0.21,44.00,42.84,20.25,77.05,44.60,89.96,46.50,89.00,14.19,36.00,117.34,13.05,6.00,1.00,21.75,0.00,45.00,1.17
547.233,1880.00,13.46,0.21,44.00,42.84,20.25,77.05,44.60,89.96,46.50,89.00,14.19,36.00,117.34,13.05,6.00,1.00,21.75,0.00,45.00,1.17
547.475,1880.00,13.46,0.21,44.00,42.84,20.25,77.05,44.60,89.96,46.50,89.00,14.19,36.00,117.34,13.05,6.00,1.00,21.75,0.00,45.00,1.17
547.713,1880.00,13.46,0.21,44.00,42.84,20.25,77.05,44.60,89.96,46.50,89.00,14.19,36.00,117.67,13.05,6.00,1.00,21.75,0.00,45.00,1.17
547.953,1880.00,13.46,0.21,44.00,42.84,20.25,77.05,44.60,89.96,46.50,89.00,14.19,36.00,117.67,13.50,6.00,1.00,21.75,0.00,45.00,1.17
548.193,1880.00,13.46,0.21,44.00,42.84,20.25,77.05,44.60,89.96,46.50,89.00,14.19,36.00,117.67,13.50,6.00,1.00,21.75,0.00,45.00,1.17
548.433,1880.00,13.46,0.21,44.00,42.84,20.25,77.05,44.60,89.96,46.50,89.00,14.19,36.00,117.67,13.50,6.00,1.00,21.75,0.00,45.00,1.17
548.675,1880.00,13.46,0.21,44.00,42.84,20.25,77.05,44.60,89.96,46.50,89.00,14.19,36.00,117.67,13.50,6.00,1.00,21.75,0.00,45.00,1.17
548.913,1880.00,13.46,0.21,44.00,42.84,20.25,77.05,44.60,89.96,46.50,89.00,14.19,36.00,117.67,13.50,6.00,1.00,21.75,0.00,45.00,1.17
549.155,1880.00,13.46,0.21,44.00,42.84,20.25,77.05,44.60,89.96,46.50,89.00,14.19,36.00,117.67,13.50,6.00,1.00,21.75,0.00,45.00,1.17
549.393,1880.00,13.46,0.21,44.00,42.84,20.25,77.05,44.60,89.96,46.50,89.00,14.19,36.00,117.67,13.50,6.00,1.00,21.75,0.00,45.00,1.17
549.633,1883.00,13.46,0.21,44.00,42.84,20.25,77.05,44.60,89.96,46.50,89.00,14.19,36.00,117.67,13.50,6.00,1.00,21.75,0.00,45.00,1.17
549.875,1883.00,13.47,0.21,44.00,42.84,20.25,77.05,44.60,89.96,46.50,89.00,14.19,36.00,117.67,13.50,6.00,1.00,21.75,0.00,45.00,1.17
550.113,1883.00,13.47,0.22,44.00,42.84,20.25,77.05,44.60,89.96,46.50,89.00,14.19,36.00,117.67,13.50,6.00,1.00,21.75,0.00,45.00,1.17
550.355,1883.00,13.47,0.22,36.00,42.84,20.25,77.05,44.60,89.96,46.50,89.00,14.19,36.00,117.67,13.50,6.00,1.00,21.75,0.00,45.00,1.17
550.593,1883.00,13.47,0.22,36.00,35.28,20.25,77.05,44.60,89.96,46.50,89.00,14.19,36.00,117.67,13.50,6.00,1.00,21.75,0.00,45.00,1.17
550.833,1883.00,13.47,0.22,36.00,35.28,15.75,77.05,44.60,89.96,46.50,89.00,14.19,36.00,117.67,13.50,6.00,1.00,21.75,0.00,45.00,1.17
551.073,1883.00,13.47,0.22,36.00,35.28,15.75,75.86,44.60,89.96,46.50,89.00,14.19,36.00,117.67,13.50,6.00,1.00,21.75,0.00,45.00,1.17
551.313,1883.00,13.47,0.22,36.00,35.28,15.75,75.86,37.50,89.96,46.50,89.00,14.19,36.00,117.67,13.50,6.00,1.00,21.75,0.00,45.00,1.17
551.553,1883.00,13.47,0.22,36.00,35.28,15.75,75.86,37.50,90.66,46.50,89.00,14.19,36.00,117.67,13.50,6.00,1.00,21.75,0.00,45.00,1.17
551.793,1883.00,13.47,0.22,36.00,35.28,15.75,75.86,37.50,90.66,47.25,89.00,14.19,36.00,117.67,13.50,6.00,1.00,21.75,0.00,45.00,1.17
552.033,1883.00,13.47,0.22,36.00,35.28,15.75,75.86,37.50,90.66,47.25,89.00,14.19,36.00,117.67,13.50,6.00,1.00,21.75,0.00,45.00,1.17
552.275,1883.00,13.47,0.22,36.00,35.28,15.75,75.86,37.50,90.66,47.25,89.00,14.20,36.00,117.67,13.50,6.00,1.00,21.75,0.00,45.00,1.17
552.513,1883.00,13.47,0.22,36.00,35.28,15.75,75.86,37.50,90.66,47.25,89.00,14.20,36.00,117.67,13.50,6.00,1.00,21.75,0.00,45.00,1.17
552.755,1883.00,13.47,0.22,36.00,35.28,15.75,75.86,37.50,90.66,47.25,89.00,14.20,36.00,117.49,13.50,6.00,1.00,21.75,0.00,45.00,1.17
552.993,1883.00,13.47,0.22,36.00,35.28,15.75,75.86,37.50,90.66,47.25,89.00,14.20,36.00,117.49,12.14,6.00,1.00,21.75,0.00,45.00,1.17
553.233,1883.00,13.47,0.22,36.00,35.28,15.75,75.86,37.50,90.66,47.25,89.00,14.20,36.00,117.49,12.14,6.00,1.00,21.75,0.00,45.00,1.17
553.473,1883.00,13.47,0.22,36.00,35.28,15.75,75.86,37.50,90.66,47.25,89.00,14.20,36.00,117.49,12.14,6.00,0.99,21.75,0.00,45.00,1.17
553.713,1883.00,13.47,0.22,36.00,35.28,15.75,75.86,37.50,90.66,47.25,89.00,14.20,36.00,117.49,12.14,6.00,0.99,22.50,0.00,45.00,1.17
553.953,1883.00,13.47,0.22,36.00,35.28,15.75,75.86,37.50,90.66,47.25,89.00,14.20,36.00,117.49,12.14,6.00,0.99,22.50,0.00,45.00,1.17
554.193,1883.00,13.47,0.22,36.00,35.28,15.75,75.86,37.50,90.66,47.25,89.00,14.20,36.00,117.49,12.14,6.00,0.99,22.50,0.00,45.00,1.17
554.432,1883.00,13.47,0.22,36.00,35.28,15.75,75.86,37.50,90.66,47.25,89.00,14.20,36.00,117.49,12.14,6.00,0.99,22.50,0.00,45.00,1.17
554.675,1882.00,13.47,0.22,36.00,35.28,15.75,75.86,37.50,90.66,47.25,89.00,14.20,36.00,117.49,12.14,6.00,0.99,22.50,0.00,45.00,1.17
554.913,1882.00,13.48,0.22,36.00,35.28,15.75,75.86,37.50,90.66,47.25,89.00,14.20,36.00,117.49,12.14,6.00,0.99,22.50,0.00,45.00,1.17
555.155,1882.00,13.48,0.19,36.00,35.28,15.75,75.86,37.50,90.66,47.25,89.00,14.20,36.00,117.49,12.14,6.00,0.99,22.50,0.00,45.00,1.17
555.393,1882.00,13.48,0.19,36.00,35.28,15.75,75.86,37.50,90.66,47.25,89.00,14.20,36.00,117.49,12.14,6.00,0.99,22.50,0.00,45.00,1.17
555.633,1882.00,13.48,0.19,36.00,36.38,15.75,75.86,37.50,90.66,47.25,89.00,14.20,36.00,117.49,12.14,6.00,0.99,22.50,0.00,45.00,1.17
555.875,1882.00,13.48,0.19,36.00,36.38,17.25,75.86,37.50,90.66,47.25,89.00,14.20,36.00,117.49,12.14,6.00,0.99,22.50,0.00,45.00,1.17
556.113,1882.00,13.48,0.19,36.00,36.38,17.25,75.04,37.50,90.66,47.25,89.00,14.20,36.00,117.49,12.14,6.00,0.99,22.50,0.00,45.00,1.17
556.353,1882.00,13.48,0.19,36.00,36.38,17.25,75.04,39.00,90.66,47.25,89.00,14.20,36.00,117.49,12.14,6.00,0.99,22.50,0.00,45.00,1.17
556.593,1882.00,13.48,0.19,36.00,36.38,17.25,75.04,39.00,91.86,47.25,89.00,14.20,36.00,117.49,12.14,6.00,0.99,22.50,0.00,45.00,1.17
556.833,1882.00,13.48,0.19,36.00,36.38,17.25,75.04,39.00,91.86,46.50,89.00,14.20,36.00,117.49,12.14,6.00,0.99,22.50,0.00,45.00,1.17
557.073,1882.00,13.48,0.19,36.00,36.38,17.25,75.04,39.00,91.86,46.50,89.00,14.20,36.00,117.49,12.14,6.00,0.99,22.50,0.00,45.00,1.17
557.313,1882.00,13.48,0.19,36.00,36.38,17.25,75.04,39.00,91.86,46.50,89.00,14.20,36.00,117.49,12.14,6.00,0.99,22.50,0.00,45.00,1.17
557.555,1882.00,13.48,0.19,36.00,36.38,17.25,75.04,39.00,91.86,46.50,89.00,14.20,36.50,117.49,12.14,6.00,0.99,22.50,0.00,45.00,1.17
557.793,1882.00,13.48,0.19,36.00,36.38,17.25,75.04,39.00,91.86,46.50,89.00,14.20,36.50,117.32,12.14,6.00,0.99,22.50,0.00,45.00,1.17
558.033,1882.00,13.48,0.19,36.00,36.38,17.25,75.04,39.00,91.86,46.50,89.00,14.20,36.50,117.32,12.59,6.00,0.99,22.50,0.00,45.00,1.17
558.275,1882.00,13.48,0.19,36.00,36.38,17.25,75.04,39.00,91.86,46.50,89.00,14.20,36.50,117.32,12.59,6.00,0.99,22.50,0.00,45.00,1.17
558.513,1882.00,13.48,0.19,36.00,36.38,17.25,75.04,39.00,91.86,46.50,89.00,14.20,36.50,117.32,12.59,6.00,0.99,22.50,0.00,45.00,1.17
558.755,1882.00,13.48,0.19,36.00,36.38,17.25,75.04,39.00,91.86,46.50,89.00,14.20,36.50,117.32,12.59,6.00,0.99,22.50,0.00,45.00,1.17
558.993,1882.00,13.48,0.19,36.00,36.38,17.25,75.04,39.00,91.86,46.50,89.00,14.20,36.50,117.32,12.59,6.00,0.99,22.50,0.00,45.00,1.17
559.233,1882.00,13.48,0.19,36.00,36.38,17.25,75.04,39.00,91.86,46.50,89.00,14.20,36.50,117.32,12.59,6.00,0.99,22.50,0.00,45.00,1.17
559.473,1882.00,13.48,0.19,36.00,36.38,17.25,75.04,39.00,91.86,46.50,89.00,14.20,36.50,117.32,12.59,6.00,0.99,22.50,0.00,45.00,1.17
559.713,1879.00,13.48,0.19,36.00,36.38,17.25,75.04,39.00,91.86,46.50,89.00,14.20,36.50,117.32,12.59,6.00,0.99,22.50,0.00,45.00,1.17
559.955,1879.00,13.46,0.19,36.00,36.38,17.25,75.04,39.00,91.86,46.50,89.00,14.20,36.50,117.32,12.59,6.00,0.99,22.50,0.00,45.00,1.17
560.193,1879.00,13.46,0.21,36.00,36.38,17.25,75.04,39.00,91.86,46.50,89.00,14.20,36.50,117.32,12.59,6.00,0.99,22.50,0.00,45.00,1.17
560.433,1879.00,13.46,0.21,36.00,36.38,17.25,75.04,39.00,91.86,46.50,89.00,14.20,36.50,117.32,12.59,6.00,0.99,22.50,0.00,45.00,1.17
560.675,1879.00,13.46,0.21,36.00,35.06,17.25,75.04,39.00,91.86,46.50,89.00,14.20,36.50,117.32,12.59,6.00,0.99,22.50,0.00,45.00,1.17
560.913,1879.00,13.46,0.21,36.00,35.06,17.25,75.04,39.00,91.86,46.50,89.00,14.20,36.50,117.32,12.59,6.00,0.99,22.50,0.00,45.00,1.17
561.155,1879.00,13.46,0.21,36.00,35.06,17.25,74.24,39.00,91.86,46.50,89.00,14.20,36.50,117.32,12.59,6.00,0.99,22.50,0.00,45.00,1.17
561.393,1879.00,13.46,0.21,36.00,35.06,17.25,74.24,38.30,91.86,46.50,89.00,14.20,36.50,117.32,12.59,6.00,0.99,22.50,0.00,45.00,1.17
561.633,1879.00,13.46,0.21,36.00,35.06,17.25,74.24,38.30,92.06,46.50,89.00,14.20,36.50,117.32,12.59,6.00,0.99,22.50,0.00,45.00,1.17
561.875,1879.00,13.46,0.21,36.00,35.06,17.25,74.24,38.30,92.06,46.50,89.00,14.20,36.50,117.32,12.59,6.00,0.99,22.50,0.00,45.00,1.17
562.113,1879.00,13.46,0.21,36.00,35.06,17.25,74.24,38.30,92.06,46.50,89.00,14.20,36.50,117.32,12.59,6.00,0.99,22.50,0.00,45.00,1.17
562.355,1879.00,13.46,0.21,36.00,35.06,17.25,74.24,38.30,92.06,46.50,89.00,14.21,36.50,117.32,12.59,6.00,0.99,22.50,0.00,45.00,1.17
562.593,1879.00,13.46,0.21,36.00,35.06,17.25,74.24,38.30,92.06,46.50,89.00,14.21,36.50,117.32,12.59,6.00,0.99,22.50,0.00,45.00,1.17
562.833,1879.00,13.46,0.21,36.00,35.06,17.25,74.24,38.30,92.06,46.50,89.00,14.21,36.50,117.07,12.59,6.00,0.99,22.50,0.00,45.00,1.17
563.075,1879.00,13.46,0.21,36.00,35.06,17.25,74.24,38.30,92.06,46.50,89.00,14.21,36.50,117.07,15.55,6.00,0.99,22.50,0.00,45.00,1.17
563.313,1879.00,13.46,0.21,36.00,35.06,17.25,74.24,38.30,92.06,46.50,89.00,14.21,36.50,117.07,15.55,6.00,0.99,22.50,0.00,45.00,1.17
563.555,1879.00,13.46,0.21,36.00,35.06,17.25,74.24,38.30,92.06,46.50,89.00,14.21,36.50,117.07,15.55,6.00,1.00,22.50,0.00,45.00,1.17
563.793,1879.00,13.46,0.21,36.00,35.06,17.25,74.24,38.30,92.06,46.50,89.00,14.21,36.50,117.07,15.55,6.00,1.00,22.50,0.00,45.00,1.17
564.033,1879.00,13.46,0.21,36.00,35.06,17.25,74.24,38.30,92.06,46.50,89.00,14.21,36.50,117.07,15.55,6.00,1.00,22.50,0.00,45.00,1.17
564.275,1879.00,13.46,0.21,36.00,35.06,17.25,74.24,38.30,92.06,46.50,89.00,14.21,36.50,117.07,15.55,6.00,1.00,22.50,0.00,45.00,1.17
564.513,1879.00,13.46,0.21,36.00,35.06,17.25,74.24,38.30,92.06,46.50,89.00,14.21,36.50,117.07,15.55,6.00,1.00,22.50,0.00,45.00,1.17
564.753,1874.00,13.46,0.21,36.00,35.06,17.25,74.24,38.30,92.06,46.50,89.00,14.21,36.50,117.07,15.55,6.00,1.00,22.50,0.00,45.00,1.17
564.993,1874.00,13.48,0.21,36.00,35.06,17.25,74.24,38.30,92.06,46.50,89.00,14.21,36.50,117.07,15.55,6.00,1.00,22.50,0.00,45.00,1.17
565.233,1874.00,13.48,0.30,36.00,35.06,17.25,74.24,38.30,92.06,46.50,89.00,14.21,36.50,117.07,15.55,6.00,1.00,22.50,0.00,45.00,1.17
565.475,1874.00,13.48,0.30,48.00,35.06,17.25,74.24,38.30,92.06,46.50,89.00,14.21,36.50,117.07,15.55,6.00,1.00,22.50,0.00,45.00,1.17
565.713,1874.00,13.48,0.30,48.00,47.16,17.25,74.24,38.30,92.06,46.50,89.00,14.21,36.50,117.07,15.55,6.00,1.00,22.50,0.00,45.00,1.17
565.955,1874.00,13.48,0.30,48.00,47.16,22.50,74.24,38.30,92.06,46.50,89.00,14.21,36.50,117.07,15.55,6.00,1.00,22.50,0.00,45.00,1.17
566.193,1874.00,13.48,0.30,48.00,47.16,22.50,72.95,38.30,92.06,46.50,89.00,14.21,36.50,117.07,15.55,6.00,1.00,22.50,0.00,45.00,1.17
566.643,1874.00,13.48,0.30,48.00,47.16,22.50,72.95,50.40,92.06,46.50,89.00,14.21,36.50,117.07,15.55,6.00,1.00,22.50,0.00,45.00,1.17
566.883,1874.00,13.48,0.30,48.00,47.16,22.50,72.95,50.40,91.56,46.50,89.00,14.21,36.50,117.07,15.55,6.00,1.00,22.50,0.00,45.00,1.17
567.123,1874.00,13.48,0.30,48.00,47.16,22.50,72.95,50.40,91.56,45.75,89.00,14.21,36.50,117.07,15.55,6.00,1.00,22.50,0.00,45.00,1.17
567.364,1874.00,13.48,0.30,48.00,47.16,22.50,72.95,50.40,91.56,45.75,89.00,14.21,36.50,117.07,15.55,6.00,1.00,22.50,0.00,45.00,1.17
567.603,1874.00,13.48,0.30,48.00,47.16,22.50,72.95,50.40,91.56,45.75,89.00,14.21,36.50,117.07,15.55,6.00,1.00,22.50,0.00,45.00,1.17
567.842,1874.00,13.48,0.30,48.00,47.16,22.50,72.95,50.40,91.56,45.75,89.00,14.21,36.50,117.07,15.55,6.00,1.00,22.50,0.00,45.00,1.17
568.083,1874.00,13.48,0.30,48.00,47.16,22.50,72.95,50.40,91.56,45.75,89.00,14.21,36.50,117.07,15.55,6.00,1.00,22.50,0.00,45.00,1.17
568.323,1874.00,13.48,0.30,48.00,47.16,22.50,72.95,50.40,91.56,45.75,89.00,14.21,36.50,117.07,15.19,6.00,1.00,22.50,0.00,45.00,1.17
568.563,1874.00,13.48,0.30,48.00,47.16,22.50,72.95,50.40,91.56,45.75,89.00,14.21,36.50,117.07,15.19,6.00,1.00,22.50,0.00,45.00,1.17
568.803,1874.00,13.48,0.30,48.00,47.16,22.50,72.95,50.40,91.56,45.75,89.00,14.21,36.50,117.07,15.19,6.00,0.98,22.50,0.00,45.00,1.17
569.043,1874.00,13.48,0.30,48.00,47.16,22.50,72.95,50.40,91.56,45.75,89.00,14.21,36.50,117.07,15.19,6.00,0.98,22.50,0.00,45.00,1.17
569.283,1874.00,13.48,0.30,48.00,47.16,22.50,72.95,50.40,91.56,45.75,89.00,14.21,36.50,117.07,15.19,6.00,0.98,22.50,0.00,45.00,1.17
569.523,1874.00,13.48,0.30,48.00,47.16,22.50,72.95,50.40,91.56,45.75,89.00,14.21,36.50,117.07,15.19,6.00,0.98,22.50,0.00,45.00,1.17
569.763,1874.00,13.48,0.30,48.00,47.16,22.50,72.95,50.40,91.56,45.75,89.00,14.21,36.50,117.07,15.19,6.00,0.98,22.50,0.00,45.00,1.17
570.003,1871.00,13.48,0.30,48.00,47.16,22.50,72.95,50.40,91.56,45.75,89.00,14.21,36.50,117.07,15.19,6.00,0.98,22.50,0.00,45.00,1.17
570.243,1871.00,13.53,0.30,48.00,47.16,22.50,72.95,50.40,91.56,45.75,89.00,14.21,36.50,117.07,15.19,6.00,0.98,22.50,0.00,45.00,1.17
570.483,1871.00,13.53,0.43,48.00,47.16,22.50,72.95,50.40,91.56,45.75,89.00,14.21,36.50,117.07,15.19,6.00,0.98,22.50,0.00,45.00,1.17
570.723,1871.00,13.53,0.43,68.00,47.16,22.50,72.95,50.40,91.56,45.75,89.00,14.21,36.50,117.07,15.19,6.00,0.98,22.50,0.00,45.00,1.17
570.964,1871.00,13.53,0.43,68.00,65.00,22.50,72.95,50.40,91.56,45.75,89.00,14.21,36.50,117.07,15.19,6.00,0.98,22.50,0.00,45.00,1.17
571.203,1871.00,13.53,0.43,68.00,65.00,33.00,72.95,50.40,91.56,45.75,89.00,14.21,36.50,117.07,15.19,6.00,0.98,22.50,0.00,45.00,1.17
571.443,1871.00,13.53,0.43,68.00,65.00,33.00,71.45,50.40,91.56,45.75,89.00,14.21,36.50,117.07,15.19,6.00,0.98,22.50,0.00,45.00,1.17
571.683,1871.00,13.53,0.43,68.00,65.00,33.00,71.45,70.80,91.56,45.75,89.00,14.21,36.50,117.07,15.19,6.00,0.98,22.50,0.00,45.00,1.17
571.923,1871.00,13.53,0.43,68.00,65.00,33.00,71.45,70.80,91.26,45.75,89.00,14.21,36.50,117.07,15.19,6.00,0.98,22.50,0.00,45.00,1.17
572.164,1871.00,13.53,0.43,68.00,65.00,33.00,71.45,70.80,91.26,45.75,89.00,14.21,36.50,117.07,15.19,6.00,0.98,22.50,0.00,45.00,1.17
572.403,1871.00,13.53,0.43,68.00,65.00,33.00,71.45,70.80,91.26,45.75,89.00,14.21,36.50,117.07,15.19,6.00,0.98,22.50,0.00,45.00,1.17
572.643,1871.00,13.53,0.43,68.00,65.00,33.00,71.45,70.80,91.26,45.75,89.00,14.22,36.50,117.07,15.19,6.00,0.98,22.50,0.00,45.00,1.17
572.883,1871.00,13.53,0.43,68.00,65.00,33.00,71.45,70.80,91.26,45.75,89.00,14.22,36.50,117.07,15.19,6.00,0.98,22.50,0.00,45.00,1.17
573.123,1871.00,13.53,0.43,68.00,65.00,33.00,71.45,70.80,91.26,45.75,89.00,14.22,36.50,116.86,15.19,6.00,0.98,22.50,0.00,45.00,1.17
573.363,1871.00,13.53,0.43,68.00,65.00,33.00,71.45,70.80,91.26,45.75,89.00,14.22,36.50,116.86,17.12,6.00,0.98,22.50,0.00,45.00,1.17
573.603,1871.00,13.53,0.43,68.00,65.00,33.00,71.45,70.80,91.26,45.75,89.00,14.22,36.50,116.86,17.12,6.00,0.98,22.50,0.00,45.00,1.17
573.843,1871.00,13.53,0.43,68.00,65.00,33.00,71.45,70.80,91.26,45.75,89.00,14.22,36.50,116.86,17.12,6.00,1.00,22.50,0.00,45.00,1.17
574.083,1871.00,13.53,0.43,68.00,65.00,33.00,71.45,70.80,91.26,45.75,89.00,14.22,36.50,116.86,17.12,6.00,1.00,23.25,0.00,45.00,1.17
574.323,1871.00,13.53,0.43,68.00,65.00,33.00,71.45,70.80,91.26,45.75,89.00,14.22,36.50,116.86,17.12,6.00,1.00,23.25,0.00,45.00,1.17
574.563,1871.00,13.53,0.43,68.00,65.00,33.00,71.45,70.80,91.26,45.75,89.00,14.22,36.50,116.86,17.12,6.00,1.00,23.25,0.00,44.25,1.17
574.803,1871.00,13.53,0.43,68.00,65.00,33.00,71.45,70.80,91.26,45.75,89.00,14.22,36.50,116.86,17.12,6.00,1.00,23.25,0.00,44.25,1.17
575.043,1874.50,13.53,0.43,68.00,65.00,33.00,71.45,70.80,91.26,45.75,89.00,14.22,36.50,116.86,17.12,6.00,1.00,23.25,0.00,44.25,1.17
575.283,1874.50,13.48,0.43,68.00,65.00,33.00,71.45,70.80,91.26,45.75,89.00,14.22,36.50,116.86,17.12,6.00,1.00,23.25,0.00,44.25,1.17
575.523,1874.50,13.48,0.85,68.00,65.00,33.00,71.45,70.80,91.26,45.75,89.00,14.22,36.50,116.86,17.12,6.00,1.00,23.25,0.00,44.25,1.17
575.764,1874.50,13.48,0.85,76.00,65.00,33.00,71.45,70.80,91.26,45.75,89.00,14.22,36.50,116.86,17.12,6.00,1.00,23.25,0.00,44.25,1.17
576.003,1874.50,13.48,0.85,76.00,74.81,33.00,71.45,70.80,91.26,45.75,89.00,14.22,36.50,116.86,17.12,6.00,1.00,23.25,0.00,44.25,1.17
576.243,1874.50,13.48,0.85,76.00,74.81,34.50,71.45,70.80,91.26,45.75,89.00,14.22,36.50,116.86,17.12,6.00,1.00,23.25,0.00,44.25,1.17
576.483,1874.50,13.48,0.85,76.00,74.81,34.50,70.54,70.80,91.26,45.75,89.00,14.22,36.50,116.86,17.12,6.00,1.00,23.25,0.00,44.25,1.17
576.723,1874.50,13.48,0.85,76.00,74.81,34.50,70.54,75.30,91.26,45.75,89.00,14.22,36.50,116.86,17.12,6.00,1.00,23.25,0.00,44.25,1.17
576.964,1874.50,13.48,0.85,76.00,74.81,34.50,70.54,75.30,91.26,45.75,89.00,14.22,36.50,116.86,17.12,6.00,1.00,23.25,0.00,44.25,1.17
577.203,1874.50,13.48,0.85,76.00,74.81,34.50,70.54,75.30,91.26,45.00,89.00,14.22,36.50,116.86,17.12,6.00,1.00,23.25,0.00,44.25,1.17
577.443,1874.50,13.48,0.85,76.00,74.81,34.50,70.54,75.30,91.26,45.00,89.00,14.22,36.50,116.86,17.12,6.00,1.00,23.25,0.00,44.25,1.17
577.682,1874.50,13.48,0.85,76.00,74.81,34.50,70.54,75.30,91.26,45.00,89.00,14.22,36.50,116.86,17.12,6.00,1.00,23.25,0.00,44.25,1.17
577.924,1874.50,13.48,0.85,76.00,74.81,34.50,70.54,75.30,91.26,45.00,89.00,14.22,36.50,116.86,17.12,6.00,1.00,23.25,0.00,44.25,1.17
578.164,1874.50,13.48,0.85,76.00,74.81,34.50,70.54,75.30,91.26,45.00,89.00,14.22,36.50,116.93,17.12,6.00,1.00,23.25,0.00,44.25,1.17
578.403,1874.50,13.48,0.85,76.00,74.81,34.50,70.54,75.30,91.26,45.00,89.00,14.22,36.50,116.93,16.84,6.00,1.00,23.25,0.00,44.25,1.17
578.643,1874.50,13.48,0.85,76.00,74.81,34.50,70.54,75.30,91.26,45.00,89.00,14.22,36.50,116.93,16.84,6.00,1.00,23.25,0.00,44.25,1.17
578.913,1874.50,13.48,0.85,76.00,74.81,34.50,70.54,75.30,91.26,45.00,89.00,14.22,36.50,116.93,16.84,6.00,1.00,23.25,0.00,44.25,1.17
579.155,1874.50,13.48,0.85,76.00,74.81,34.50,70.54,75.30,91.26,45.00,89.00,14.22,36.50,116.93,16.84,6.00,1.00,24.00,0.00,44.25,1.17
579.393,1874.50,13.48,0.85,76.00,74.81,34.50,70.54,75.30,91.26,45.00,89.00,14.22,36.50,116.93,16.84,6.00,1.00,24.00,0.00,44.25,1.17
579.633,1874.50,13.48,0.85,76.00,74.81,34.50,70.54,75.30,91.26,45.00,89.00,14.22,36.50,116.93,16.84,6.00,1.00,24.00,0.00,44.25,1.17
579.875,1874.50,13.48,0.85,76.00,74.81,34.50,70.54,75.30,91.26,45.00,89.00,14.22,36.50,116.93,16.84,6.00,1.00,24.00,0.00,44.25,1.17
580.142,1879.50,13.48,0.85,76.00,74.81,34.50,70.54,75.30,91.26,45.00,89.00,14.22,36.50,116.93,16.84,6.00,1.00,24.00,0.00,44.25,1.17
580.382,1879.50,13.45,0.85,76.00,74.81,34.50,70.54,75.30,91.26,45.00,89.00,14.22,36.50,116.93,16.84,6.00,1.00,24.00,0.00,44.25,1.17
580.623,1879.50,13.45,0.93,76.00,74.81,34.50,70.54,75.30,91.26,45.00,89.00,14.22,36.50,116.93,16.84,6.00,1.00,24.00,0.00,44.25,1.17
580.864,1879.50,13.45,0.93,76.00,74.81,34.50,70.54,75.30,91.26,45.00,89.00,14.22,36.50,116.93,16.84,6.00,1.00,24.00,0.00,44.25,1.17
581.103,1879.50,13.45,0.93,76.00,74.59,34.50,70.54,75.30,91.26,45.00,89.00,14.22,36.50,116.93,16.84,6.00,1.00,24.00,0.00,44.25,1.17
581.343,1879.50,13.45,0.93,76.00,74.59,34.50,70.54,75.30,91.26,45.00,89.00,14.22,36.50,116.93,16.84,6.00,1.00,24.00,0.00,44.25,1.17
581.583,1879.50,13.45,0.93,76.00,74.59,34.50,70.35,75.30,91.26,45.00,89.00,14.22,36.50,116.93,16.84,6.00,1.00,24.00,0.00,44.25,1.17
581.823,1879.50,13.45,0.93,76.00,74.59,34.50,70.35,76.80,91.26,45.00,89.00,14.22,36.50,116.93,16.84,6.00,1.00,24.00,0.00,44.25,1.17
582.064,1879.50,13.45,0.93,76.00,74.59,34.50,70.35,76.80,91.66,45.00,89.00,14.22,36.50,116.93,16.84,6.00,1.00,24.00,0.00,44.25,1.17
582.303,1879.50,13.45,0.93,76.00,74.59,34.50,70.35,76.80,91.66,44.25,89.00,14.22,36.50,116.93,16.84,6.00,1.00,24.00,0.00,44.25,1.17
582.543,1879.50,13.45,0.93,76.00,74.59,34.50,70.35,76.80,91.66,44.25,89.00,14.22,36.50,116.93,16.84,6.00,1.00,24.00,0.00,44.25,1.17
582.782,1879.50,13.45,0.93,76.00,74.59,34.50,70.35,76.80,91.66,44.25,89.00,14.22,36.50,116.93,16.84,6.00,1.00,24.00,0.00,44.25,1.17
583.023,1879.50,13.45,0.93,76.00,74.59,34.50,70.35,76.80,91.66,44.25,89.00,14.22,36.50,116.93,16.84,6.00,1.00,24.00,0.00,44.25,1.17
583.264,1879.50,13.45,0.93,76.00,74.59,34.50,70.35,76.80,91.66,44.25,89.00,14.22,36.50,117.57,16.84,6.00,1.00,24.00,0.00,44.25,1.17
583.503,1879.50,13.45,0.93,76.00,74.59,34.50,70.35,76.80,91.66,44.25,89.00,14.22,36.50,117.57,16.29,6.00,1.00,24.00,0.00,44.25,1.17
583.743,1879.50,13.45,0.93,76.00,74.59,34.50,70.35,76.80,91.66,44.25,89.00,14.22,36.50,117.57,16.29,6.00,1.00,24.00,0.00,44.25,1.17
583.983,1879.50,13.45,0.93,76.00,74.59,34.50,70.35,76.80,91.66,44.25,89.00,14.22,36.50,117.57,16.29,6.00,0.99,24.00,0.00,44.25,1.17
584.223,1879.50,13.45,0.93,76.00,74.59,34.50,70.35,76.80,91.66,44.25,89.00,14.22,36.50,117.57,16.29,6.00,0.99,24.00,0.00,44.25,1.17
584.464,1879.50,13.45,0.93,76.00,74.59,34.50,70.35,76.80,91.66,44.25,89.00,14.22,36.50,117.57,16.29,6.00,0.99,24.00,0.00,44.25,1.17
584.703,1879.50,13.45,0.93,76.00,74.59,34.50,70.35,76.80,91.66,44.25,89.00,14.22,36.50,117.57,16.29,6.00,0.99,24.00,0.00,44.25,1.17
584.943,1879.50,13.45,0.93,76.00,74.59,34.50,70.35,76.80,91.66,44.25,89.00,14.22,36.50,117.57,16.29,6.00,0.99,24.00,0.00,44.25,1.17
585.184,1884.50,13.45,0.93,76.00,74.59,34.50,70.35,76.80,91.66,44.25,89.00,14.22,36.50,117.57,16.29,6.00,0.99,24.00,0.00,44.25,1.17
585.423,1884.50,13.51,0.93,76.00,74.59,34.50,70.35,76.80,91.66,44.25,89.00,14.22,36.50,117.57,16.29,6.00,0.99,24.00,0.00,44.25,1.17
585.664,1884.50,13.51,0.78,76.00,74.59,34.50,70.35,76.80,91.66,44.25,89.00,14.22,36.50,117.57,16.29,6.00,0.99,24.00,0.00,44.25,1.17
585.903,1884.50,13.51,0.78,68.00,74.59,34.50,70.35,76.80,91.66,44.25,89.00,14.22,36.50,117.57,16.29,6.00,0.99,24.00,0.00,44.25,1.17
586.143,1884.50,13.51,0.78,68.00,65.97,34.50,70.35,76.80,91.66,44.25,89.00,14.22,36.50,117.57,16.29,6.00,0.99,24.00,0.00,44.25,1.17
586.383,1884.50,13.51,0.78,68.00,65.97,31.50,70.35,76.80,91.66,44.25,89.00,14.22,36.50,117.57,16.29,6.00,0.99,24.00,0.00,44.25,1.17
586.623,1884.50,13.51,0.78,68.00,65.97,31.50,69.95,76.80,91.66,44.25,89.00,14.22,36.50,117.57,16.29,6.00,0.99,24.00,0.00,44.25,1.17
586.864,1884.50,13.51,0.78,68.00,65.97,31.50,69.95,70.80,91.66,44.25,89.00,14.22,36.50,117.57,16.29,6.00,0.99,24.00,0.00,44.25,1.17
587.103,1884.50,13.51,0.78,68.00,65.97,31.50,69.95,70.80,92.16,44.25,89.00,14.22,36.50,117.57,16.29,6.00,0.99,24.00,0.00,44.25,1.17
587.343,1884.50,13.51,0.78,68.00,65.97,31.50,69.95,70.80,92.16,43.50,89.00,14.22,36.50,117.57,16.29,6.00,0.99,24.00,0.00,44.25,1.17
587.584,1884.50,13.51,0.78,68.00,65.97,31.50,69.95,70.80,92.16,43.50,89.00,14.22,36.50,117.57,16.29,6.00,0.99,24.00,0.00,44.25,1.17
587.855,1884.50,13.51,0.78,68.00,65.97,31.50,69.95,70.80,92.16,43.50,89.00,14.23,36.50,117.57,16.29,6.00,0.99,24.00,0.00,44.25,1.17
588.093,1884.50,13.51,0.78,68.00,65.97,31.50,69.95,70.80,92.16,43.50,89.00,14.23,36.50,117.57,16.29,6.00,0.99,24.00,0.00,44.25,1.17
588.333,1884.50,13.51,0.78,68.00,65.97,31.50,69.95,70.80,92.16,43.50,89.00,14.23,36.50,117.57,16.29,6.00,0.99,24.00,0.00,44.25,1.17
588.575,1884.50,13.51,0.78,68.00,65.97,31.50,69.95,70.80,92.16,43.50,89.00,14.23,36.50,117.57,16.54,6.00,0.99,24.00,0.00,44.25,1.17
588.813,1884.50,13.51,0.78,68.00,65.97,31.50,69.95,70.80,92.16,43.50,89.00,14.23,36.50,117.57,16.54,6.00,0.99,24.00,0.00,44.25,1.17
589.053,1884.50,13.51,0.78,68.00,65.97,31.50,69.95,70.80,92.16,43.50,89.00,14.23,36.50,117.57,16.54,6.00,0.99,24.00,0.00,44.25,1.17
589.324,1884.50,13.51,0.78,68.00,65.97,31.50,69.95,70.80,92.16,43.50,89.00,14.23,36.50,117.57,16.54,6.00,0.99,24.00,0.00,44.25,1.17
589.564,1884.50,13.51,0.78,68.00,65.97,31.50,69.95,70.80,92.16,43.50,89.00,14.23,36.50,117.57,16.54,6.00,0.99,24.00,0.00,44.25,1.17
589.803,1884.50,13.51,0.78,68.00,65.97,31.50,69.95,70.80,92.16,43.50,89.00,14.23,36.50,117.57,16.54,6.00,0.99,24.00,0.00,44.25,1.17
590.043,1884.50,13.51,0.78,68.00,65.97,31.50,69.95,70.80,92.16,43.50,89.00,14.23,36.50,117.57,16.54,6.00,0.99,24.00,0.00,44.25,1.17
590.283,1881.00,13.51,0.78,68.00,65.97,31.50,69.95,70.80,92.16,43.50,89.00,14.23,36.50,117.57,16.54,6.00,0.99,24.00,0.00,44.25,1.17
590.523,1881.00,13.51,0.78,68.00,65.97,31.50,69.95,70.80,92.16,43.50,89.00,14.23,36.50,117.57,16.54,6.00,0.99,24.00,0.00,44.25,1.17
590.764,1881.00,13.51,0.74,68.00,65.97,31.50,69.95,70.80,92.16,43.50,89.00,14.23,36.50,117.57,16.54,6.00,0.99,24.00,0.00,44.25,1.17
591.003,1881.00,13.51,0.74,72.00,65.97,31.50,69.95,70.80,92.16,43.50,89.00,14.23,36.50,117.57,16.54,6.00,0.99,24.00,0.00,44.25,1.17
591.243,1881.00,13.51,0.74,72.00,69.22,31.50,69.95,70.80,92.16,43.50,89.00,14.23,36.50,117.57,16.54,6.00,0.99,24.00,0.00,44.25,1.17
591.483,1881.00,13.51,0.74,72.00,69.22,32.25,69.95,70.80,92.16,43.50,89.00,14.23,36.50,117.57,16.54,6.00,0.99,24.00,0.00,44.25,1.17
591.723,1881.00,13.51,0.74,72.00,69.22,32.25,69.04,70.80,92.16,43.50,89.00,14.23,36.50,117.57,16.54,6.00,0.99,24.00,0.00,44.25,1.17
591.964,1881.00,13.51,0.74,72.00,69.22,32.25,69.04,71.90,92.16,43.50,89.00,14.23,36.50,117.57,16.54,6.00,0.99,24.00,0.00,44.25,1.17
592.203,1881.00,13.51,0.74,72.00,69.22,32.25,69.04,71.90,92.66,43.50,89.00,14.23,36.50,117.57,16.54,6.00,0.99,24.00,0.00,44.25,1.17
592.443,1881.00,13.51,0.74,72.00,69.22,32.25,69.04,71.90,92.66,43.50,89.00,14.23,36.50,117.57,16.54,6.00,0.99,24.00,0.00,44.25,1.17
592.683,1881.00,13.51,0.74,72.00,69.22,32.25,69.04,71.90,92.66,43.50,89.00,14.23,36.50,117.57,16.54,6.00,0.99,24.00,0.00,44.25,1.17
592.955,1881.00,13.51,0.74,72.00,69.22,32.25,69.04,71.90,92.66,43.50,89.00,14.23,36.50,117.57,16.54,6.00,0.99,24.00,0.00,44.25,1.17
593.193,1881.00,13.51,0.74,72.00,69.22,32.25,69.04,71.90,92.66,43.50,89.00,14.23,36.50,117.57,16.54,6.00,0.99,24.00,0.00,44.25,1.17
593.433,1881.00,13.51,0.74,72.00,69.22,32.25,69.04,71.90,92.66,43.50,89.00,14.23,36.50,117.35,16.54,6.00,0.99,24.00,0.00,44.25,1.17
593.673,1881.00,13.51,0.74,72.00,69.22,32.25,69.04,71.90,92.66,43.50,89.00,14.23,36.50,117.35,16.84,6.00,0.99,24.00,0.00,44.25,1.17
593.912,1881.00,13.51,0.74,72.00,69.22,32.25,69.04,71.90,92.66,43.50,89.00,14.23,36.50,117.35,16.84,6.00,0.99,24.00,0.00,44.25,1.17
594.153,1881.00,13.51,0.74,72.00,69.22,32.25,69.04,71.90,92.66,43.50,89.00,14.23,36.50,117.35,16.84,6.00,0.99,24.00,0.00,44.25,1.17
594.393,1881.00,13.51,0.74,72.00,69.22,32.25,69.04,71.90,92.66,43.50,89.00,14.23,36.50,117.35,16.84,6.00,0.99,24.00,0.00,44.25,1.17
594.633,1881.00,13.51,0.74,72.00,69.22,32.25,69.04,71.90,92.66,43.50,89.00,14.23,36.50,117.35,16.84,6.00,0.99,24.00,0.00,44.25,1.17
594.875,1881.00,13.51,0.74,72.00,69.22,32.25,69.04,71.90,92.66,43.50,89.00,14.23,36.50,117.35,16.84,6.00,0.99,24.00,0.00,44.25,1.17
595.113,1881.00,13.51,0.74,72.00,69.22,32.25,69.04,71.90,92.66,43.50,89.00,14.23,36.50,117.35,16.84,6.00,0.99,24.00,0.00,44.25,1.17
595.355,1879.50,13.51,0.74,72.00,69.22,32.25,69.04,71.90,92.66,43.50,89.00,14.23,36.50,117.35,16.84,6.00,0.99,24.00,0.00,44.25,1.17
595.593,1879.50,13.49,0.74,72.00,69.22,32.25,69.04,71.90,92.66,43.50,89.00,14.23,36.50,117.35,16.84,6.00,0.99,24.00,0.00,44.25,1.17
595.833,1879.50,13.49,0.83,72.00,69.22,32.25,69.04,71.90,92.66,43.50,89.00,14.23,36.50,117.35,16.84,6.00,0.99,24.00,0.00,44.25,1.17
596.075,1879.50,13.49,0.83,76.00,69.22,32.25,69.04,71.90,92.66,43.50,89.00,14.23,36.50,117.35,16.84,6.00,0.99,24.00,0.00,44.25,1.17
596.313,1879.50,13.49,0.83,76.00,73.72,32.25,69.04,71.90,92.66,43.50,89.00,14.23,36.50,117.35,16.84,6.00,0.99,24.00,0.00,44.25,1.17
596.555,1879.50,13.49,0.83,76.00,73.72,34.50,69.04,71.90,92.66,43.50,89.00,14.23,36.50,117.35,16.84,6.00,0.99,24.00,0.00,44.25,1.17
596.793,1879.50,13.49,0.83,76.00,73.72,34.50,68.45,71.90,92.66,43.50,89.00,14.23,36.50,117.35,16.84,6.00,0.99,24.00,0.00,44.25,1.17
597.033,1879.50,13.49,0.83,76.00,73.72,34.50,68.45,76.60,92.66,43.50,89.00,14.23,36.50,117.35,16.84,6.00,0.99,24.00,0.00,44.25,1.17
597.275,1879.50,13.49,0.83,76.00,73.72,34.50,68.45,76.60,92.96,43.50,89.00,14.23,36.50,117.35,16.84,6.00,0.99,24.00,0.00,44.25,1.17
597.513,1879.50,13.49,0.83,76.00,73.72,34.50,68.45,76.60,92.96,43.50,89.00,14.23,36.50,117.35,16.84,6.00,0.99,24.00,0.00,44.25,1.17
597.755,1879.50,13.49,0.83,76.00,73.72,34.50,68.45,76.60,92.96,43.50,89.00,14.23,36.50,117.35,16.84,6.00,0.99,24.00,0.00,44.25,1.17
597.993,1879.50,13.49,0.83,76.00,73.72,34.50,68.45,76.60,92.96,43.50,89.00,14.23,36.50,117.35,16.84,6.00,0.99,24.00,0.00,44.25,1.17
598.233,1879.50,13.49,0.83,76.00,73.72,34.50,68.45,76.60,92.96,43.50,89.00,14.23,36.50,117.35,16.84,6.00,0.99,24.00,0.00,44.25,1.17
598.475,1879.50,13.49,0.83,76.00,73.72,34.50,68.45,76.60,92.96,43.50,89.00,14.23,36.50,117.37,16.84,6.00,0.99,24.00,0.00,44.25,1.17
598.713,1879.50,13.49,0.83,76.00,73.72,34.50,68.45,76.60,92.96,43.50,89.00,14.23,36.50,117.37,16.93,6.00,0.99,24.00,0.00,44.25,1.17
598.955,1879.50,13.49,0.83,76.00,73.72,34.50,68.45,76.60,92.96,43.50,89.00,14.23,36.50,117.37,16.93,6.00,0.99,24.00,0.00,44.25,1.17
599.193,1879.50,13.49,0.83,76.00,73.72,34.50,68.45,76.60,92.96,43.50,89.00,14.23,36.50,117.37,16.93,6.00,1.00,24.00,0.00,44.25,1.17
599.433,1879.50,13.49,0.83,76.00,73.72,34.50,68.45,76.60,92.96,43.50,89.00,14.23,36.50,117.37,16.93,6.00,1.00,24.00,0.00,44.25,1.17
599.675,1879.50,13.49,0.83,76.00,73.72,34.50,68.45,76.60,92.96,43.50,89.00,14.23,36.50,117.37,16.93,6.00,1.00,24.00,0.00,44.25,1.17
599.913,1879.50,13.49,0.83,76.00,73.72,34.50,68.45,76.60,92.96,43.50,89.00,14.23,36.50,117.37,16.93,6.00,1.00,24.00,0.00,44.25,1.17
600.155,1879.50,13.49,0.83,76.00,73.72,34.50,68.45,76.60,92.96,43.50,89.00,14.23,36.50,117.37,16.93,6.00,1.00,24.00,0.00,44.25,1.17
600.393,1882.00,13.49,0.83,76.00,73.72,34.50,68.45,76.60,92.96,43.50,89.00,14.23,36.50,117.37,16.93,6.00,1.00,24.00,0.00,44.25,1.17
600.633,1882.00,13.49,0.83,76.00,73.72,34.50,68.45,76.60,92.96,43.50,89.00,14.23,36.50,117.37,16.93,6.00,1.00,24.00,0.00,44.25,1.17
600.875,1882.00,13.49,0.97,76.00,73.72,34.50,68.45,76.60,92.96,43.50,89.00,14.23,36.50,117.37,16.93,6.00,1.00,24.00,0.00,44.25,1.17
601.113,1882.00,13.49,0.97,76.00,73.72,34.50,68.45,76.60,92.96,43.50,89.00,14.23,36.50,117.37,16.93,6.00,1.00,24.00,0.00,44.25,1.17
601.355,1882.00,13.49,0.97,76.00,75.12,34.50,68.45,76.60,92.96,43.50,89.00,14.23,36.50,117.37,16.93,6.00,1.00,24.00,0.00,44.25,1.17
601.593,1882.00,13.49,0.97,76.00,75.12,35.25,68.45,76.60,92.96,43.50,89.00,14.23,36.50,117.37,16.93,6.00,1.00,24.00,0.00,44.25,1.17
601.833,1882.00,13.49,0.97,76.00,75.12,35.25,67.84,76.60,92.96,43.50,89.00,14.23,36.50,117.37,16.93,6.00,1.00,24.00,0.00,44.25,1.17
602.075,1882.00,13.49,0.97,76.00,75.12,35.25,67.84,77.20,92.96,43.50,89.00,14.23,36.50,117.37,16.93,6.00,1.00,24.00,0.00,44.25,1.17
602.313,1882.00,13.49,0.97,76.00,75.12,35.25,67.84,77.20,93.26,43.50,89.00,14.23,36.50,117.37,16.93,6.00,1.00,24.00,0.00,44.25,1.17
602.555,1882.00,13.49,0.97,76.00,75.12,35.25,67.84,77.20,93.26,42.75,89.00,14.23,36.50,117.37,16.93,6.00,1.00,24.00,0.00,44.25,1.17
602.793,1882.00,13.49,0.97,76.00,75.12,35.25,67.84,77.20,93.26,42.75,89.00,14.23,36.50,117.37,16.93,6.00,1.00,24.00,0.00,44.25,1.17
603.033,1882.00,13.49,0.97,76.00,75.12,35.25,67.84,77.20,93.26,42.75,89.00,14.23,36.50,117.37,16.93,6.00,1.00,24.00,0.00,44.25,1.17
603.275,1882.00,13.49,0.97,76.00,75.12,35.25,67.84,77.20,93.26,42.75,89.00,14.23,36.50,117.37,16.93,6.00,1.00,24.00,0.00,44.25,1.17
603.513,1882.00,13.49,0.97,76.00,75.12,35.25,67.84,77.20,93.26,42.75,89.00,14.23,36.50,117.54,16.93,6.00,1.00,24.00,0.00,44.25,1.17
603.755,1882.00,13.49,0.97,76.00,75.12,35.25,67.84,77.20,93.26,42.75,89.00,14.23,36.50,117.54,16.55,6.00,1.00,24.00,0.00,44.25,1.17
603.993,1882.00,13.49,0.97,76.00,75.12,35.25,67.84,77.20,93.26,42.75,89.00,14.23,36.50,117.54,16.55,6.00,1.00,24.00,0.00,44.25,1.17
604.233,1882.00,13.49,0.97,76.00,75.12,35.25,67.84,77.20,93.26,42.75,89.00,14.23,36.50,117.54,16.55,6.00,0.99,24.00,0.00,44.25,1.17
604.475,1882.00,13.49,0.97,76.00,75.12,35.25,67.84,77.20,93.26,42.75,89.00,14.23,36.50,117.54,16.55,6.00,0.99,24.00,0.00,44.25,1.17
604.713,1882.00,13.49,0.97,76.00,75.12,35.25,67.84,77.20,93.26,42.75,89.00,14.23,36.50,117.54,16.55,6.00,0.99,24.00,0.00,44.25,1.17
604.953,1882.00,13.49,0.97,76.00,75.12,35.25,67.84,77.20,93.26,42.75,89.00,14.23,36.50,117.54,16.55,6.00,0.99,24.00,0.00,44.25,1.17
605.193,1882.00,13.49,0.97,76.00,75.12,35.25,67.84,77.20,93.26,42.75,89.00,14.23,36.50,117.54,16.55,6.00,0.99,24.00,0.00,44.25,1.17
605.433,1885.50,13.49,0.97,76.00,75.12,35.25,67.84,77.20,93.26,42.75,89.00,14.23,36.50,117.54,16.55,6.00,0.99,24.00,0.00,44.25,1.17
605.675,1885.50,13.47,0.97,76.00,75.12,35.25,67.84,77.20,93.26,42.75,89.00,14.23,36.50,117.54,16.55,6.00,0.99,24.00,0.00,44.25,1.17
605.913,1885.50,13.47,0.81,76.00,75.12,35.25,67.84,77.20,93.26,42.75,89.00,14.23,36.50,117.54,16.55,6.00,0.99,24.00,0.00,44.25,1.17
606.155,1885.50,13.47,0.81,72.00,75.12,35.25,67.84,77.20,93.26,42.75,89.00,14.23,36.50,117.54,16.55,6.00,0.99,24.00,0.00,44.25,1.17
606.423,1885.50,13.47,0.81,72.00,70.31,35.25,67.84,77.20,93.26,42.75,89.00,14.23,36.50,117.54,16.55,6.00,0.99,24.00,0.00,44.25,1.17
606.664,1885.50,13.47,0.81,72.00,70.31,33.00,67.84,77.20,93.26,42.75,89.00,14.23,36.50,117.54,16.55,6.00,0.99,24.00,0.00,44.25,1.17
606.903,1885.50,13.47,0.81,72.00,70.31,33.00,67.54,77.20,93.26,42.75,89.00,14.23,36.50,117.54,16.55,6.00,0.99,24.00,0.00,44.25,1.17
607.143,1885.50,13.47,0.81,72.00,70.31,33.00,67.54,72.50,93.26,42.75,89.00,14.23,36.50,117.54,16.55,6.00,0.99,24.00,0.00,44.25,1.17
607.383,1885.50,13.47,0.81,72.00,70.31,33.00,67.54,72.50,93.56,42.75,89.00,14.23,36.50,117.54,16.55,6.00,0.99,24.00,0.00,44.25,1.17
607.623,1885.50,13.47,0.81,72.00,70.31,33.00,67.54,72.50,93.56,42.75,89.00,14.23,36.50,117.54,16.55,6.00,0.99,24.00,0.00,44.25,1.17
607.864,1885.50,13.47,0.81,72.00,70.31,33.00,67.54,72.50,93.56,42.75,89.00,14.23,36.50,117.54,16.55,6.00,0.99,24.00,0.00,44.25,1.17
608.103,1885.50,13.47,0.81,72.00,70.31,33.00,67.54,72.50,93.56,42.75,89.00,14.23,36.50,117.54,16.55,6.00,0.99,24.00,0.00,44.25,1.17
608.343,1885.50,13.47,0.81,72.00,70.31,33.00,67.54,72.50,93.56,42.75,89.00,14.23,36.50,117.54,16.55,6.00,0.99,24.00,0.00,44.25,1.17
608.583,1885.50,13.47,0.81,72.00,70.31,33.00,67.54,72.50,93.56,42.75,89.00,14.23,36.50,117.42,16.55,6.00,0.99,24.00,0.00,44.25,1.17
608.823,1885.50,13.47,0.81,72.00,70.31,33.00,67.54,72.50,93.56,42.75,89.00,14.23,36.50,117.42,16.37,6.00,0.99,24.00,0.00,44.25,1.17
609.064,1885.50,13.47,0.81,72.00,70.31,33.00,67.54,72.50,93.56,42.75,89.00,14.23,36.50,117.42,16.37,6.00,0.99,24.00,0.00,44.25,1.17
609.303,1885.50,13.47,0.81,72.00,70.31,33.00,67.54,72.50,93.56,42.75,89.00,14.23,36.50,117.42,16.37,6.00,0.99,24.00,0.00,44.25,1.17
609.543,1885.50,13.47,0.81,72.00,70.31,33.00,67.54,72.50,93.56,42.75,89.00,14.23,36.50,117.42,16.37,6.00,0.99,24.00,0.00,44.25,1.17
609.813,1885.50,13.47,0.81,72.00,70.31,33.00,67.54,72.50,93.56,42.75,89.00,14.23,36.50,117.42,16.37,6.00,0.99,24.00,0.00,44.25,1.17
610.055,1885.50,13.47,0.81,72.00,70.31,33.00,67.54,72.50,93.56,42.75,89.00,14.23,36.50,117.42,16.37,6.00,0.99,24.00,0.00,44.25,1.17
610.293,1885.50,13.47,0.81,72.00,70.31,33.00,67.54,72.50,93.56,42.75,89.00,14.23,36.50,117.42,16.37,6.00,0.99,24.00,0.00,44.25,1.17
610.533,1883.00,13.47,0.81,72.00,70.31,33.00,67.54,72.50,93.56,42.75,89.00,14.23,36.50,117.42,16.37,6.00,0.99,24.00,0.00,44.25,1.17
610.775,1883.00,13.51,0.81,72.00,70.31,33.00,67.54,72.50,93.56,42.75,89.00,14.23,36.50,117.42,16.37,6.00,0.99,24.00,0.00,44.25,1.17
611.013,1883.00,13.51,0.74,72.00,70.31,33.00,67.54,72.50,93.56,42.75,89.00,14.23,36.50,117.42,16.37,6.00,0.99,24.00,0.00,44.25,1.17
611.253,1883.00,13.51,0.74,68.00,70.31,33.00,67.54,72.50,93.56,42.75,89.00,14.23,36.50,117.42,16.37,6.00,0.99,24.00,0.00,44.25,1.17
611.493,1883.00,13.51,0.74,68.00,68.09,33.00,67.54,72.50,93.56,42.75,89.00,14.23,36.50,117.42,16.37,6.00,0.99,24.00,0.00,44.25,1.17
611.733,1883.00,13.51,0.74,68.00,68.09,32.25,67.54,72.50,93.56,42.75,89.00,14.23,36.50,117.42,16.37,6.00,0.99,24.00,0.00,44.25,1.17
611.975,1883.00,13.51,0.74,68.00,68.09,32.25,66.74,72.50,93.56,42.75,89.00,14.23,36.50,117.42,16.37,6.00,0.99,24.00,0.00,44.25,1.17
612.213,1883.00,13.51,0.74,68.00,68.09,32.25,66.74,72.50,93.56,42.75,89.00,14.23,36.50,117.42,16.37,6.00,0.99,24.00,0.00,44.25,1.17
612.455,1883.00,13.51,0.74,68.00,68.09,32.25,66.74,72.50,93.76,42.75,89.00,14.23,36.50,117.42,16.37,6.00,0.99,24.00,0.00,44.25,1.17
612.693,1883.00,13.51,0.74,68.00,68.09,32.25,66.74,72.50,93.76,42.75,89.00,14.23,36.50,117.42,16.37,6.00,0.99,24.00,0.00,44.25,1.17
612.933,1883.00,13.51,0.74,68.00,68.09,32.25,66.74,72.50,93.76,42.75,89.00,14.23,36.50,117.42,16.37,6.00,0.99,24.00,0.00,44.25,1.17
613.175,1883.00,13.51,0.74,68.00,68.09,32.25,66.74,72.50,93.76,42.75,89.00,14.23,36.50,117.42,16.37,6.00,0.99,24.00,0.00,44.25,1.17
613.443,1883.00,13.51,0.74,68.00,68.09,32.25,66.74,72.50,93.76,42.75,89.00,14.23,36.50,117.42,16.37,6.00,0.99,24.00,0.00,44.25,1.17
613.683,1883.00,13.51,0.74,68.00,68.09,32.25,66.74,72.50,93.76,42.75,89.00,14.23,36.50,117.49,16.37,6.00,0.99,24.00,0.00,44.25,1.17
613.923,1883.00,13.51,0.74,68.00,68.09,32.25,66.74,72.50,93.76,42.75,89.00,14.23,36.50,117.49,16.41,6.00,0.99,24.00,0.00,44.25,1.17
614.165,1883.00,13.51,0.74,68.00,68.09,32.25,66.74,72.50,93.76,42.75,89.00,14.23,36.50,117.49,16.41,6.00,0.99,24.00,0.00,44.25,1.17
614.403,1883.00,13.51,0.74,68.00,68.09,32.25,66.74,72.50,93.76,42.75,89.00,14.23,36.50,117.49,16.41,6.00,1.00,24.00,0.00,44.25,1.17
614.643,1883.00,13.51,0.74,68.00,68.09,32.25,66.74,72.50,93.76,42.75,89.00,14.23,36.50,117.49,16.41,6.00,1.00,24.00,0.00,44.25,1.17
614.883,1883.00,13.51,0.74,68.00,68.09,32.25,66.74,72.50,93.76,42.75,89.00,14.23,36.50,117.49,16.41,6.00,1.00,24.00,0.00,44.25,1.17
615.123,1883.00,13.51,0.74,68.00,68.09,32.25,66.74,72.50,93.76,42.75,89.00,14.23,36.50,117.49,16.41,6.00,1.00,24.00,0.00,44.25,1.17
615.364,1883.00,13.51,0.74,68.00,68.09,32.25,66.74,72.50,93.76,42.75,89.00,14.23,36.50,117.49,16.41,6.00,1.00,24.00,0.00,44.25,1.17
615.603,1882.00,13.51,0.74,68.00,68.09,32.25,66.74,72.50,93.76,42.75,89.00,14.23,36.50,117.49,16.41,6.00,1.00,24.00,0.00,44.25,1.17
615.843,1882.00,13.51,0.74,68.00,68.09,32.25,66.74,72.50,93.76,42.75,89.00,14.23,36.50,117.49,16.41,6.00,1.00,24.00,0.00,44.25,1.17
616.083,1882.00,13.51,0.80,68.00,68.09,32.25,66.74,72.50,93.76,42.75,89.00,14.23,36.50,117.49,16.41,6.00,1.00,24.00,0.00,44.25,1.17
616.324,1882.00,13.51,0.80,72.00,68.09,32.25,66.74,72.50,93.76,42.75,89.00,14.23,36.50,117.49,16.41,6.00,1.00,24.00,0.00,44.25,1.17
616.563,1882.00,13.51,0.80,72.00,71.19,32.25,66.74,72.50,93.76,42.75,89.00,14.23,36.50,117.49,16.41,6.00,1.00,24.00,0.00,44.25,1.17
616.803,1882.00,13.51,0.80,72.00,71.19,33.00,66.74,72.50,93.76,42.75,89.00,14.23,36.50,117.49,16.41,6.00,1.00,24.00,0.00,44.25,1.17
617.043,1882.00,13.51,0.80,72.00,71.19,33.00,66.04,72.50,93.76,42.75,89.00,14.23,36.50,117.49,16.41,6.00,1.00,24.00,0.00,44.25,1.17
617.283,1882.00,13.51,0.80,72.00,71.19,33.00,66.04,73.50,93.76,42.75,89.00,14.23,36.50,117.49,16.41,6.00,1.00,24.00,0.00,44.25,1.17
617.523,1882.00,13.51,0.80,72.00,71.19,33.00,66.04,73.50,93.96,42.75,89.00,14.23,36.50,117.49,16.41,6.00,1.00,24.00,0.00,44.25,1.17
617.764,1882.00,13.51,0.80,72.00,71.19,33.00,66.04,73.50,93.96,42.00,89.00,14.23,36.50,117.49,16.41,6.00,1.00,24.00,0.00,44.25,1.17
618.003,1882.00,13.51,0.80,72.00,71.19,33.00,66.04,73.50,93.96,42.00,89.00,14.23,36.50,117.49,16.41,6.00,1.00,24.00,0.00,44.25,1.17
618.243,1882.00,13.51,0.80,72.00,71.19,33.00,66.04,73.50,93.96,42.00,89.00,14.23,36.50,117.49,16.41,6.00,1.00,24.00,0.00,44.25,1.17
618.483,1882.00,13.51,0.80,72.00,71.19,33.00,66.04,73.50,93.96,42.00,89.00,14.23,36.50,117.49,16.41,6.00,1.00,24.00,0.00,44.25,1.17
618.723,1882.00,13.51,0.80,72.00,71.19,33.00,66.04,73.50,93.96,42.00,89.00,14.23,36.50,117.50,16.41,6.00,1.00,24.00,0.00,44.25,1.17
618.964,1882.00,13.51,0.80,72.00,71.19,33.00,66.04,73.50,93.96,42.00,89.00,14.23,36.50,117.50,16.45,6.00,1.00,24.00,0.00,44.25,1.17
619.203,1882.00,13.51,0.80,72.00,71.19,33.00,66.04,73.50,93.96,42.00,89.00,14.23,36.50,117.50,16.45,6.00,1.00,24.00,0.00,44.25,1.17
619.443,1882.00,13.51,0.80,72.00,71.19,33.00,66.04,73.50,93.96,42.00,89.00,14.23,36.50,117.50,16.45,6.00,1.00,24.00,0.00,44.25,1.17
619.683,1882.00,13.51,0.80,72.00,71.19,33.00,66.04,73.50,93.96,42.00,89.00,14.23,36.50,117.50,16.45,6.00,1.00,24.00,0.00,44.25,1.17
619.923,1882.00,13.51,0.80,72.00,71.19,33.00,66.04,73.50,93.96,42.00,89.00,14.23,36.50,117.50,16.45,6.00,1.00,24.00,0.00,44.25,1.17
620.164,1882.00,13.51,0.80,72.00,71.19,33.00,66.04,73.50,93.96,42.00,89.00,14.23,36.50,117.50,16.45,6.00,1.00,24.00,0.00,44.25,1.17
620.403,1882.00,13.51,0.80,72.00,71.19,33.00,66.04,73.50,93.96,42.00,89.00,14.23,36.50,117.50,16.45,6.00,1.00,24.00,0.00,44.25,1.17
620.643,1879.50,13.51,0.80,72.00,71.19,33.00,66.04,73.50,93.96,42.00,89.00,14.23,36.50,117.50,16.45,6.00,1.00,24.00,0.00,44.25,1.17
620.883,1879.50,13.49,0.80,72.00,71.19,33.00,66.04,73.50,93.96,42.00,89.00,14.23,36.50,117.50,16.45,6.00,1.00,24.00,0.00,44.25,1.17
621.123,1879.50,13.49,0.80,72.00,71.19,33.00,66.04,73.50,93.96,42.00,89.00,14.23,36.50,117.50,16.45,6.00,1.00,24.00,0.00,44.25,1.17
621.364,1879.50,13.49,0.80,72.00,71.19,33.00,66.04,73.50,93.96,42.00,89.00,14.23,36.50,117.50,16.45,6.00,1.00,24.00,0.00,44.25,1.17
621.603,1879.50,13.49,0.80,72.00,73.31,33.00,66.04,73.50,93.96,42.00,89.00,14.23,36.50,117.50,16.45,6.00,1.00,24.00,0.00,44.25,1.17
621.843,1879.50,13.49,0.80,72.00,73.31,34.50,66.04,73.50,93.96,42.00,89.00,14.23,36.50,117.50,16.45,6.00,1.00,24.00,0.00,44.25,1.17
622.083,1879.50,13.49,0.80,72.00,73.31,34.50,65.55,73.50,93.96,42.00,89.00,14.23,36.50,117.50,16.45,6.00,1.00,24.00,0.00,44.25,1.17
622.323,1879.50,13.49,0.80,72.00,73.31,34.50,65.55,75.50,93.96,42.00,89.00,14.23,36.50,117.50,16.45,6.00,1.00,24.00,0.00,44.25,1.17
622.564,1879.50,13.49,0.80,72.00,73.31,34.50,65.55,75.50,94.16,42.00,89.00,14.23,36.50,117.50,16.45,6.00,1.00,24.00,0.00,44.25,1.17
622.803,1879.50,13.49,0.80,72.00,73.31,34.50,65.55,75.50,94.16,42.00,89.00,14.23,36.50,117.50,16.45,6.00,1.00,24.00,0.00,44.25,1.17
623.043,1879.50,13.49,0.80,72.00,73.31,34.50,65.55,75.50,94.16,42.00,89.00,14.23,36.50,117.50,16.45,6.00,1.00,24.00,0.00,44.25,1.17
623.283,1879.50,13.49,0.80,72.00,73.31,34.50,65.55,75.50,94.16,42.00,89.00,14.23,36.50,117.50,16.45,6.00,1.00,24.00,0.00,44.25,1.17
623.523,1879.50,13.49,0.80,72.00,73.31,34.50,65.55,75.50,94.16,42.00,89.00,14.23,36.50,117.50,16.45,6.00,1.00,24.00,0.00,44.25,1.17
623.765,1879.50,13.49,0.80,72.00,73.31,34.50,65.55,75.50,94.16,42.00,89.00,14.23,36.50,117.32,16.45,6.00,1.00,24.00,0.00,44.25,1.17
624.003,1879.50,13.49,0.80,72.00,73.31,34.50,65.55,75.50,94.16,42.00,89.00,14.23,36.50,117.32,16.57,6.00,1.00,24.00,0.00,44.25,1.17
624.243,1879.50,13.49,0.80,72.00,73.31,34.50,65.55,75.50,94.16,42.00,89.00,14.23,36.50,117.32,16.57,6.00,1.00,24.00,0.00,44.25,1.17
624.483,1879.50,13.49,0.80,72.00,73.31,34.50,65.55,75.50,94.16,42.00,89.00,14.23,36.50,117.32,16.57,6.00,0.99,24.00,0.00,44.25,1.17
624.723,1879.50,13.49,0.80,72.00,73.31,34.50,65.55,75.50,94.16,42.00,89.00,14.23,36.50,117.32,16.57,6.00,0.99,24.00,0.00,44.25,1.17
624.963,1879.50,13.49,0.80,72.00,73.31,34.50,65.55,75.50,94.16,42.00,89.00,14.23,36.50,117.32,16.57,6.00,0.99,24.00,0.00,44.25,1.17
625.203,1879.50,13.49,0.80,72.00,73.31,34.50,65.55,75.50,94.16,42.00,89.00,14.23,36.50,117.32,16.57,6.00,0.99,24.00,0.00,44.25,1.17
625.445,1879.50,13.49,0.80,72.00,73.31,34.50,65.55,75.50,94.16,42.00,89.00,14.23,36.50,117.32,16.57,6.00,0.99,24.00,0.00,44.25,1.17
625.683,1885.50,13.49,0.80,72.00,73.31,34.50,65.55,75.50,94.16,42.00,89.00,14.23,36.50,117.32,16.57,6.00,0.99,24.00,0.00,44.25,1.17
625.923,1885.50,13.51,0.80,72.00,73.31,34.50,65.55,75.50,94.16,42.00,89.00,14.23,36.50,117.32,16.57,6.00,0.99,24.00,0.00,44.25,1.17
626.164,1885.50,13.51,0.86,72.00,73.31,34.50,65.55,75.50,94.16,42.00,89.00,14.23,36.50,117.32,16.57,6.00,0.99,24.00,0.00,44.25,1.17
626.403,1885.50,13.51,0.86,72.00,73.31,34.50,65.55,75.50,94.16,42.00,89.00,14.23,36.50,117.32,16.57,6.00,0.99,24.00,0.00,44.25,1.17
626.644,1885.50,13.51,0.86,72.00,73.44,34.50,65.55,75.50,94.16,42.00,89.00,14.23,36.50,117.32,16.57,6.00,0.99,24.00,0.00,44.25,1.17
626.883,1885.50,13.51,0.86,72.00,73.44,33.75,65.55,75.50,94.16,42.00,89.00,14.23,36.50,117.32,16.57,6.00,0.99,24.00,0.00,44.25,1.17
627.123,1885.50,13.51,0.86,72.00,73.44,33.75,65.05,75.50,94.16,42.00,89.00,14.23,36.50,117.32,16.57,6.00,0.99,24.00,0.00,44.25,1.17
627.363,1885.50,13.51,0.86,72.00,73.44,33.75,65.05,75.30,94.16,42.00,89.00,14.23,36.50,117.32,16.57,6.00,0.99,24.00,0.00,44.25,1.17
627.603,1885.50,13.51,0.86,72.00,73.44,33.75,65.05,75.30,94.36,42.00,89.00,14.23,36.50,117.32,16.57,6.00,0.99,24.00,0.00,44.25,1.17
627.843,1885.50,13.51,0.86,72.00,73.44,33.75,65.05,75.30,94.36,42.00,89.00,14.23,36.50,117.32,16.57,6.00,0.99,24.00,0.00,44.25,1.17
628.083,1885.50,13.51,0.86,72.00,73.44,33.75,65.05,75.30,94.36,42.00,90.00,14.23,36.50,117.32,16.57,6.00,0.99,24.00,0.00,44.25,1.17
628.323,1885.50,13.51,0.86,72.00,73.44,33.75,65.05,75.30,94.36,42.00,90.00,14.23,36.50,117.32,16.57,6.00,0.99,24.00,0.00,44.25,1.17
628.564,1885.50,13.51,0.86,72.00,73.44,33.75,65.05,75.30,94.36,42.00,90.00,14.23,36.50,117.32,16.57,6.00,0.99,24.00,0.00,44.25,1.17
628.803,1885.50,13.51,0.86,72.00,73.44,33.75,65.05,75.30,94.36,42.00,90.00,14.23,36.50,117.48,16.57,6.00,0.99,24.00,0.00,44.25,1.17
629.043,1885.50,13.51,0.86,72.00,73.44,33.75,65.05,75.30,94.36,42.00,90.00,14.23,36.50,117.48,16.34,6.00,0.99,24.00,0.00,44.25,1.17
629.283,1885.50,13.51,0.86,72.00,73.44,33.75,65.05,75.30,94.36,42.00,90.00,14.23,36.50,117.48,16.34,6.00,0.99,24.00,0.00,44.25,1.17
629.523,1885.50,13.51,0.86,72.00,73.44,33.75,65.05,75.30,94.36,42.00,90.00,14.23,36.50,117.48,16.34,6.00,0.99,24.00,0.00,44.25,1.17
629.765,1885.50,13.51,0.86,72.00,73.44,33.75,65.05,75.30,94.36,42.00,90.00,14.23,36.50,117.48,16.34,6.00,0.99,24.00,0.00,44.25,1.17
630.003,1885.50,13.51,0.86,72.00,73.44,33.75,65.05,75.30,94.36,42.00,90.00,14.23,36.50,117.48,16.34,6.00,0.99,24.00,0.00,44.25,1.17
630.243,1885.50,13.51,0.86,72.00,73.44,33.75,65.05,75.30,94.36,42.00,90.00,14.23,36.50,117.48,16.34,6.00,0.99,24.00,0.00,44.25,1.17
630.483,1885.50,13.51,0.86,72.00,73.44,33.75,65.05,75.30,94.36,42.00,90.00,14.23,36.50,117.48,16.34,6.00,0.99,24.00,0.00,44.25,1.17
630.723,1884.50,13.51,0.86,72.00,73.44,33.75,65.05,75.30,94.36,42.00,90.00,14.23,36.50,117.48,16.34,6.00,0.99,24.00,0.00,44.25,1.17
630.964,1884.50,13.52,0.86,72.00,73.44,33.75,65.05,75.30,94.36,42.00,90.00,14.23,36.50,117.48,16.34,6.00,0.99,24.00,0.00,44.25,1.17
631.203,1884.50,13.52,0.76,72.00,73.44,33.75,65.05,75.30,94.36,42.00,90.00,14.23,36.50,117.48,16.34,6.00,0.99,24.00,0.00,44.25,1.17
631.443,1884.50,13.52,0.76,68.00,73.44,33.75,65.05,75.30,94.36,42.00,90.00,14.23,36.50,117.48,16.34,6.00,0.99,24.00,0.00,44.25,1.17
631.683,1884.50,13.52,0.76,68.00,68.44,33.75,65.05,75.30,94.36,42.00,90.00,14.23,36.50,117.48,16.34,6.00,0.99,24.00,0.00,44.25,1.17
631.923,1884.50,13.52,0.76,68.00,68.44,32.25,65.05,75.30,94.36,42.00,90.00,14.23,36.50,117.48,16.34,6.00,0.99,24.00,0.00,44.25,1.17
632.164,1884.50,13.52,0.76,68.00,68.44,32.25,64.75,75.30,94.36,42.00,90.00,14.23,36.50,117.48,16.34,6.00,0.99,24.00,0.00,44.25,1.17
632.403,1884.50,13.52,0.76,68.00,68.44,32.25,64.75,71.50,94.36,42.00,90.00,14.23,36.50,117.48,16.34,6.00,0.99,24.00,0.00,44.25,1.17
632.643,1884.50,13.52,0.76,68.00,68.44,32.25,64.75,71.50,94.56,42.00,90.00,14.23,36.50,117.48,16.34,6.00,0.99,24.00,0.00,44.25,1.17
632.883,1884.50,13.52,0.76,68.00,68.44,32.25,64.75,71.50,94.56,42.00,90.00,14.23,36.50,117.48,16.34,6.00,0.99,24.00,0.00,44.25,1.17
633.123,1884.50,13.52,0.76,68.00,68.44,32.25,64.75,71.50,94.56,42.00,90.00,14.23,36.50,117.48,16.34,6.00,0.99,24.00,0.00,44.25,1.17
633.363,1884.50,13.52,0.76,68.00,68.44,32.25,64.75,71.50,94.56,42.00,90.00,14.23,36.50,117.48,16.34,6.00,0.99,24.00,0.00,44.25,1.17
633.603,1884.50,13.52,0.76,68.00,68.44,32.25,64.75,71.50,94.56,42.00,90.00,14.23,36.50,117.48,16.34,6.00,0.99,24.00,0.00,44.25,1.17
633.843,1884.50,13.52,0.76,68.00,68.44,32.25,64.75,71.50,94.56,42.00,90.00,14.23,36.50,117.54,16.34,6.00,0.99,24.00,0.00,44.25,1.17
634.083,1884.50,13.52,0.76,68.00,68.44,32.25,64.75,71.50,94.56,42.00,90.00,14.23,36.50,117.54,16.41,6.00,0.99,24.00,0.00,44.25,1.17
634.323,1884.50,13.52,0.76,68.00,68.44,32.25,64.75,71.50,94.56,42.00,90.00,14.23,36.50,117.54,16.41,6.00,0.99,24.00,0.00,44.25,1.17
634.564,1884.50,13.52,0.76,68.00,68.44,32.25,64.75,71.50,94.56,42.00,90.00,14.23,36.50,117.54,16.41,6.00,0.99,24.00,0.00,44.25,1.17
634.803,1884.50,13.52,0.76,68.00,68.44,32.25,64.75,71.50,94.56,42.00,90.00,14.23,36.50,117.54,16.41,6.00,0.99,24.00,0.00,44.25,1.17
635.043,1884.50,13.52,0.76,68.00,68.44,32.25,64.75,71.50,94.56,42.00,90.00,14.23,36.50,117.54,16.41,6.00,0.99,24.00,0.00,44.25,1.17
635.283,1884.50,13.52,0.76,68.00,68.44,32.25,64.75,71.50,94.56,42.00,90.00,14.23,36.50,117.54,16.41,6.00,0.99,24.00,0.00,43.50,1.17
635.523,1884.50,13.52,0.76,68.00,68.44,32.25,64.75,71.50,94.56,42.00,90.00,14.23,36.50,117.54,16.41,6.00,0.99,24.00,0.00,43.50,1.17
635.764,1882.50,13.52,0.76,68.00,68.44,32.25,64.75,71.50,94.56,42.00,90.00,14.23,36.50,117.54,16.41,6.00,0.99,24.00,0.00,43.50,1.17
636.003,1882.50,13.50,0.76,68.00,68.44,32.25,64.75,71.50,94.56,42.00,90.00,14.23,36.50,117.54,16.41,6.00,0.99,24.00,0.00,43.50,1.17
636.244,1882.50,13.50,0.74,68.00,68.44,32.25,64.75,71.50,94.56,42.00,90.00,14.23,36.50,117.54,16.41,6.00,0.99,24.00,0.00,43.50,1.17
636.483,1882.50,13.50,0.74,68.00,68.44,32.25,64.75,71.50,94.56,42.00,90.00,14.23,36.50,117.54,16.41,6.00,0.99,24.00,0.00,43.50,1.17
636.723,1882.50,13.50,0.74,68.00,69.25,32.25,64.75,71.50,94.56,42.00,90.00,14.23,36.50,117.54,16.41,6.00,0.99,24.00,0.00,43.50,1.17
636.965,1882.50,13.50,0.74,68.00,69.25,33.00,64.75,71.50,94.56,42.00,90.00,14.23,36.50,117.54,16.41,6.00,0.99,24.00,0.00,43.50,1.17
637.203,1882.50,13.50,0.74,68.00,69.25,33.00,64.05,71.50,94.56,42.00,90.00,14.23,36.50,117.54,16.41,6.00,0.99,24.00,0.00,43.50,1.17
637.443,1882.50,13.50,0.74,68.00,69.25,33.00,64.05,72.30,94.56,42.00,90.00,14.23,36.50,117.54,16.41,6.00,0.99,24.00,0.00,43.50,1.17
637.683,1882.50,13.50,0.74,68.00,69.25,33.00,64.05,72.30,94.26,42.00,90.00,14.23,36.50,117.54,16.41,6.00,0.99,24.00,0.00,43.50,1.17
637.923,1882.50,13.50,0.74,68.00,69.25,33.00,64.05,72.30,94.26,41.25,90.00,14.23,36.50,117.54,16.41,6.00,0.99,24.00,0.00,43.50,1.17
638.163,1882.50,13.50,0.74,68.00,69.25,33.00,64.05,72.30,94.26,41.25,90.00,14.23,36.50,117.54,16.41,6.00,0.99,24.00,0.00,43.50,1.17
638.403,1882.50,13.50,0.74,68.00,69.25,33.00,64.05,72.30,94.26,41.25,90.00,14.23,36.50,117.54,16.41,6.00,0.99,24.00,0.00,43.50,1.17
638.643,1882.50,13.50,0.74,68.00,69.25,33.00,64.05,72.30,94.26,41.25,90.00,14.23,36.50,117.54,16.41,6.00,0.99,24.00,0.00,43.50,1.17
638.883,1882.50,13.50,0.74,68.00,69.25,33.00,64.05,72.30,94.26,41.25,90.00,14.23,36.50,117.32,16.41,6.00,0.99,24.00,0.00,43.50,1.17
639.123,1882.50,13.50,0.74,68.00,69.25,33.00,64.05,72.30,94.26,41.25,90.00,14.23,36.50,117.32,16.41,6.00,0.99,24.00,0.00,43.50,1.17
639.363,1882.50,13.50,0.74,68.00,69.25,33.00,64.05,72.30,94.26,41.25,90.00,14.23,36.50,117.32,16.41,6.00,0.99,24.00,0.00,43.50,1.17
639.603,1882.50,13.50,0.74,68.00,69.25,33.00,64.05,72.30,94.26,41.25,90.00,14.23,36.50,117.32,16.41,6.00,1.00,24.00,0.00,43.50,1.17
639.843,1882.50,13.50,0.74,68.00,69.25,33.00,64.05,72.30,94.26,41.25,90.00,14.23,36.50,117.32,16.41,6.00,1.00,24.00,0.00,43.50,1.17
640.083,1882.50,13.50,0.74,68.00,69.25,33.00,64.05,72.30,94.26,41.25,90.00,14.23,36.50,117.32,16.41,6.00,1.00,24.00,0.00,43.50,1.17
640.323,1882.50,13.50,0.74,68.00,69.25,33.00,64.05,72.30,94.26,41.25,90.00,14.23,36.50,117.32,16.41,6.00,1.00,24.00,0.00,43.50,1.17
640.564,1882.50,13.50,0.74,68.00,69.25,33.00,64.05,72.30,94.26,41.25,90.00,14.23,36.50,117.32,16.41,6.00,1.00,24.00,0.00,43.50,1.17
640.803,1879.50,13.50,0.74,68.00,69.25,33.00,64.05,72.30,94.26,41.25,90.00,14.23,36.50,117.32,16.41,6.00,1.00,24.00,0.00,43.50,1.17
641.043,1879.50,13.52,0.74,68.00,69.25,33.00,64.05,72.30,94.26,41.25,90.00,14.23,36.50,117.32,16.41,6.00,1.00,24.00,0.00,43.50,1.17
641.283,1879.50,13.52,0.76,68.00,69.25,33.00,64.05,72.30,94.26,41.25,90.00,14.23,36.50,117.32,16.41,6.00,1.00,24.00,0.00,43.50,1.17
641.523,1879.50,13.52,0.76,68.00,69.25,33.00,64.05,72.30,94.26,41.25,90.00,14.23,36.50,117.32,16.41,6.00,1.00,24.00,0.00,43.50,1.17
641.764,1879.50,13.52,0.76,68.00,68.78,33.00,64.05,72.30,94.26,41.25,90.00,14.23,36.50,117.32,16.41,6.00,1.00,24.00,0.00,43.50,1.17
642.003,1879.50,13.52,0.76,68.00,68.78,32.25,64.05,72.30,94.26,41.25,90.00,14.23,36.50,117.32,16.41,6.00,1.00,24.00,0.00,43.50,1.17
642.243,1879.50,13.52,0.76,68.00,68.78,32.25,63.55,72.30,94.26,41.25,90.00,14.23,36.50,117.32,16.41,6.00,1.00,24.00,0.00,43.50,1.17
642.483,1879.50,13.52,0.76,68.00,68.78,32.25,63.55,71.00,94.26,41.25,90.00,14.23,36.50,117.32,16.41,6.00,1.00,24.00,0.00,43.50,1.17
642.723,1879.50,13.52,0.76,68.00,68.78,32.25,63.55,71.00,93.26,41.25,90.00,14.23,36.50,117.32,16.41,6.00,1.00,24.00,0.00,43.50,1.17
642.964,1879.50,13.52,0.76,68.00,68.78,32.25,63.55,71.00,93.26,41.25,90.00,14.23,36.50,117.32,16.41,6.00,1.00,24.00,0.00,43.50,1.17
643.203,1879.50,13.52,0.76,68.00,68.78,32.25,63.55,71.00,93.26,41.25,90.00,14.23,36.50,117.32,16.41,6.00,1.00,24.00,0.00,43.50,1.17
643.443,1879.50,13.52,0.76,68.00,68.78,32.25,63.55,71.00,93.26,41.25,90.00,14.23,36.50,117.32,16.41,6.00,1.00,24.00,0.00,43.50,1.17
643.683,1879.50,13.52,0.76,68.00,68.78,32.25,63.55,71.00,93.26,41.25,90.00,14.23,36.50,117.32,16.41,6.00,1.00,24.00,0.00,43.50,1.17
643.923,1879.50,13.52,0.76,68.00,68.78,32.25,63.55,71.00,93.26,41.25,90.00,14.23,36.50,117.53,16.41,6.00,1.00,24.00,0.00,43.50,1.17
644.164,1879.50,13.52,0.76,68.00,68.78,32.25,63.55,71.00,93.26,41.25,90.00,14.23,36.50,117.53,16.60,6.00,1.00,24.00,0.00,43.50,1.17
644.403,1879.50,13.52,0.76,68.00,68.78,32.25,63.55,71.00,93.26,41.25,90.00,14.23,36.50,117.53,16.60,6.00,1.00,24.00,0.00,43.50,1.17
644.643,1879.50,13.52,0.76,68.00,68.78,32.25,63.55,71.00,93.26,41.25,90.00,14.23,36.50,117.53,16.60,6.00,0.99,24.00,0.00,43.50,1.17
644.883,1879.50,13.52,0.76,68.00,68.78,32.25,63.55,71.00,93.26,41.25,90.00,14.23,36.50,117.53,16.60,6.00,0.99,24.00,0.00,43.50,1.17
645.123,1879.50,13.52,0.76,68.00,68.78,32.25,63.55,71.00,93.26,41.25,90.00,14.23,36.50,117.53,16.60,6.00,0.99,24.00,0.00,43.50,1.17
645.364,1879.50,13.52,0.76,68.00,68.78,32.25,63.55,71.00,93.26,41.25,90.00,14.23,36.50,117.53,16.60,6.00,0.99,24.00,0.00,43.50,1.17
645.603,1879.50,13.52,0.76,68.00,68.78,32.25,63.55,71.00,93.26,41.25,90.00,14.23,36.50,117.53,16.60,6.00,0.99,24.00,0.00,43.50,1.17
645.843,1875.50,13.52,0.76,68.00,68.78,32.25,63.55,71.00,93.26,41.25,90.00,14.23,36.50,117.53,16.60,6.00,0.99,24.00,0.00,43.50,1.17
646.083,1875.50,13.51,0.76,68.00,68.78,32.25,63.55,71.00,93.26,41.25,90.00,14.23,36.50,117.53,16.60,6.00,0.99,24.00,0.00,43.50,1.17
646.323,1875.50,13.51,0.81,68.00,68.78,32.25,63.55,71.00,93.26,41.25,90.00,14.23,36.50,117.53,16.60,6.00,0.99,24.00,0.00,43.50,1.17
646.564,1875.50,13.51,0.81,88.00,68.78,32.25,63.55,71.00,93.26,41.25,90.00,14.23,36.50,117.53,16.60,6.00,0.99,24.00,0.00,43.50,1.17
646.803,1875.50,13.51,0.81,88.00,94.88,32.25,63.55,71.00,93.26,41.25,90.00,14.23,36.50,117.53,16.60,6.00,0.99,24.00,0.00,43.50,1.17
647.043,1875.50,13.51,0.81,88.00,94.88,31.50,63.55,71.00,93.26,41.25,90.00,14.23,36.50,117.53,16.60,6.00,0.99,24.00,0.00,43.50,1.17
647.283,1875.50,13.51,0.81,88.00,94.88,31.50,63.15,71.00,93.26,41.25,90.00,14.23,36.50,117.53,16.60,6.00,0.99,24.00,0.00,43.50,1.17
647.523,1875.50,13.51,0.81,88.00,94.88,31.50,63.15,94.60,93.26,41.25,90.00,14.23,36.50,117.53,16.60,6.00,0.99,24.00,0.00,43.50,1.17
647.764,1875.50,13.51,0.81,88.00,94.88,31.50,63.15,94.60,92.56,41.25,90.00,14.23,36.50,117.53,16.60,6.00,0.99,24.00,0.00,43.50,1.17
648.003,1875.50,13.51,0.81,88.00,94.88,31.50,63.15,94.60,92.56,41.25,90.00,14.23,36.50,117.53,16.60,6.00,0.99,24.00,0.00,43.50,1.17
648.243,1875.50,13.51,0.81,88.00,94.88,31.50,63.15,94.60,92.56,41.25,90.00,14.23,36.50,117.53,16.60,6.00,0.99,24.00,0.00,43.50,1.17
648.483,1875.50,13.51,0.81,88.00,94.88,31.50,63.15,94.60,92.56,41.25,90.00,14.23,36.50,117.53,16.60,6.00,0.99,24.00,0.00,43.50,1.17
648.723,1875.50,13.51,0.81,88.00,94.88,31.50,63.15,94.60,92.56,41.25,90.00,14.23,36.50,117.53,16.60,6.00,0.99,24.00,0.00,43.50,1.17
648.964,1875.50,13.51,0.81,88.00,94.88,31.50,63.15,94.60,92.56,41.25,90.00,14.23,36.50,120.55,16.60,6.00,0.99,24.00,0.00,43.50,1.17
649.203,1875.50,13.51,0.81,88.00,94.88,31.50,63.15,94.60,92.56,41.25,90.00,14.23,36.50,120.55,98.04,6.00,0.99,24.00,0.00,43.50,1.17
649.443,1875.50,13.51,0.81,88.00,94.88,31.50,63.15,94.60,92.56,41.25,90.00,14.23,36.50,120.55,98.04,6.00,0.99,24.00,0.00,43.50,1.17
649.683,1875.50,13.51,0.81,88.00,94.88,31.50,63.15,94.60,92.56,41.25,90.00,14.23,36.50,120.55,98.04,6.00,0.98,24.00,0.00,43.50,1.17
649.923,1875.50,13.51,0.81,88.00,94.88,31.50,63.15,94.60,92.56,41.25,90.00,14.23,36.50,120.55,98.04,6.00,0.98,0.00,0.00,43.50,1.17
650.164,1875.50,13.51,0.81,88.00,94.88,31.50,63.15,94.60,92.56,41.25,90.00,14.23,36.50,120.55,98.04,6.00,0.98,0.00,0.00,43.50,1.17
650.403,1875.50,13.51,0.81,88.00,94.88,31.50,63.15,94.60,92.56,41.25,90.00,14.23,36.50,120.55,98.04,6.00,0.98,0.00,0.00,43.50,1.17
650.643,1875.50,13.51,0.81,88.00,94.88,31.50,63.15,94.60,92.56,41.25,90.00,14.23,36.50,120.55,98.04,6.00,0.98,0.00,0.00,43.50,5.47
650.883,2737.00,13.51,0.81,88.00,94.88,31.50,63.15,94.60,92.56,41.25,90.00,14.23,36.50,120.55,98.04,6.00,0.98,0.00,0.00,43.50,5.47
651.123,2737.00,30.67,0.81,88.00,94.88,31.50,63.15,94.60,92.56,41.25,90.00,14.23,36.50,120.55,98.04,6.00,0.98,0.00,0.00,43.50,5.47
651.364,2737.00,30.67,16.38,88.00,94.88,31.50,63.15,94.60,92.56,41.25,90.00,14.23,36.50,120.55,98.04,6.00,0.98,0.00,0.00,43.50,5.47
651.603,2737.00,30.67,16.38,552.00,94.88,31.50,63.15,94.60,92.56,41.25,90.00,14.23,36.50,120.55,98.04,6.00,0.98,0.00,0.00,43.50,5.47
651.843,2737.00,30.67,16.38,552.00,558.38,31.50,63.15,94.60,92.56,41.25,90.00,14.23,36.50,120.55,98.04,6.00,0.98,0.00,0.00,43.50,5.47
652.083,2737.00,30.67,16.38,552.00,558.38,166.50,63.15,94.60,92.56,41.25,90.00,14.23,36.50,120.55,98.04,6.00,0.98,0.00,0.00,43.50,5.47
652.323,2737.00,30.67,16.38,552.00,558.38,166.50,92.85,94.60,92.56,41.25,90.00,14.23,36.50,120.55,98.04,6.00,0.98,0.00,0.00,43.50,5.47
652.563,2737.00,30.67,16.38,552.00,558.38,166.50,92.85,583.40,92.56,41.25,90.00,14.23,36.50,120.55,98.04,6.00,0.98,0.00,0.00,43.50,5.47
652.803,2737.00,30.67,16.38,552.00,558.38,166.50,92.85,583.40,92.56,41.25,90.00,14.23,36.50,120.55,98.04,6.00,0.98,0.00,0.00,43.50,5.47
653.043,2737.00,30.67,16.38,552.00,558.38,166.50,92.85,583.40,92.56,42.00,90.00,14.23,36.50,120.55,98.04,6.00,0.98,0.00,0.00,43.50,5.47
653.283,2737.00,30.67,16.38,552.00,558.38,166.50,92.85,583.40,92.56,42.00,91.00,14.23,36.50,120.55,98.04,6.00,0.98,0.00,0.00,43.50,5.47
653.523,2737.00,30.67,16.38,552.00,558.38,166.50,92.85,583.40,92.56,42.00,91.00,14.23,36.50,120.55,98.04,6.00,0.98,0.00,0.00,43.50,5.47
653.764,2737.00,30.67,16.38,552.00,558.38,166.50,92.85,583.40,92.56,42.00,91.00,14.23,36.50,120.55,98.04,6.00,0.98,0.00,0.00,43.50,5.47
654.003,2737.00,30.67,16.38,552.00,558.38,166.50,92.85,583.40,92.56,42.00,91.00,14.23,36.50,150.64,98.04,6.00,0.98,0.00,0.00,43.50,5.47
654.243,2737.00,30.67,16.38,552.00,558.38,166.50,92.85,583.40,92.56,42.00,91.00,14.23,36.50,150.64,58.93,6.00,0.98,0.00,0.00,43.50,5.47
654.483,2737.00,30.67,16.38,552.00,558.38,166.50,92.85,583.40,92.56,42.00,91.00,14.23,36.50,150.64,58.93,6.00,0.98,0.00,0.00,43.50,5.47
654.723,2737.00,30.67,16.38,552.00,558.38,166.50,92.85,583.40,92.56,42.00,91.00,14.23,36.50,150.64,58.93,6.00,0.99,0.00,0.00,43.50,5.47
654.964,2737.00,30.67,16.38,552.00,558.38,166.50,92.85,583.40,92.56,42.00,91.00,14.23,36.50,150.64,58.93,6.00,0.99,-0.75,0.00,43.50,5.47
655.203,2737.00,30.67,16.38,552.00,558.38,166.50,92.85,583.40,92.56,42.00,91.00,14.23,36.50,150.64,58.93,6.00,0.99,-0.75,0.00,43.50,5.47
655.443,2737.00,30.67,16.38,552.00,558.38,166.50,92.85,583.40,92.56,42.00,91.00,14.23,36.50,150.64,58.93,6.00,0.99,-0.75,0.00,44.25,5.47
655.683,2737.00,30.67,16.38,552.00,558.38,166.50,92.85,583.40,92.56,42.00,91.00,14.23,36.50,150.64,58.93,6.00,0.99,-0.75,0.00,44.25,12.11
655.923,3353.00,30.67,16.38,552.00,558.38,166.50,92.85,583.40,92.56,42.00,91.00,14.23,36.50,150.64,58.93,6.00,0.99,-0.75,0.00,44.25,12.11
656.164,3353.00,31.27,16.38,552.00,558.38,166.50,92.85,583.40,92.56,42.00,91.00,14.23,36.50,150.64,58.93,6.00,0.99,-0.75,0.00,44.25,12.11
656.403,3353.00,31.27,18.43,552.00,558.38,166.50,92.85,583.40,92.56,42.00,91.00,14.23,36.50,150.64,58.93,6.00,0.99,-0.75,0.00,44.25,12.11
656.643,3353.00,31.27,18.43,748.00,558.38,166.50,92.85,583.40,92.56,42.00,91.00,14.23,36.50,150.64,58.93,6.00,0.99,-0.75,0.00,44.25,12.11
656.883,3353.00,31.27,18.43,748.00,746.09,166.50,92.85,583.40,92.56,42.00,91.00,14.23,36.50,150.64,58.93,6.00,0.99,-0.75,0.00,44.25,12.11
657.123,3353.00,31.27,18.43,748.00,746.09,184.50,92.85,583.40,92.56,42.00,91.00,14.23,36.50,150.64,58.93,6.00,0.99,-0.75,0.00,44.25,12.11
657.365,3353.00,31.27,18.43,748.00,746.09,184.50,120.86,583.40,92.56,42.00,91.00,14.23,36.50,150.64,58.93,6.00,0.99,-0.75,0.00,44.25,12.11
657.603,3353.00,31.27,18.43,748.00,746.09,184.50,120.86,765.20,92.56,42.00,91.00,14.23,36.50,150.64,58.93,6.00,0.99,-0.75,0.00,44.25,12.11
657.843,3353.00,31.27,18.43,748.00,746.09,184.50,120.86,765.20,94.76,42.00,91.00,14.23,36.50,150.64,58.93,6.00,0.99,-0.75,0.00,44.25,12.11
658.083,3353.00,31.27,18.43,748.00,746.09,184.50,120.86,765.20,94.76,57.75,91.00,14.23,36.50,150.64,58.93,6.00,0.99,-0.75,0.00,44.25,12.11
658.323,3353.00,31.27,18.43,748.00,746.09,184.50,120.86,765.20,94.76,57.75,92.00,14.23,36.50,150.64,58.93,6.00,0.99,-0.75,0.00,44.25,12.11
658.563,3353.00,31.27,18.43,748.00,746.09,184.50,120.86,765.20,94.76,57.75,92.00,14.23,36.50,150.64,58.93,6.00,0.99,-0.75,0.00,44.25,12.11
658.803,3353.00,31.27,18.43,748.00,746.09,184.50,120.86,765.20,94.76,57.75,92.00,14.23,36.50,150.64,58.93,6.00,0.99,-0.75,0.00,44.25,12.11
659.043,3353.00,31.27,18.43,748.00,746.09,184.50,120.86,765.20,94.76,57.75,92.00,14.23,36.50,178.32,58.93,6.00,0.99,-0.75,0.00,44.25,12.11
659.283,3353.00,31.27,18.43,748.00,746.09,184.50,120.86,765.20,94.76,57.75,92.00,14.23,36.50,178.32,97.91,6.00,0.99,-0.75,0.00,44.25,12.11
659.523,3353.00,31.27,18.43,748.00,746.09,184.50,120.86,765.20,94.76,57.75,92.00,14.23,36.50,178.32,97.91,6.00,0.99,-0.75,0.00,44.25,12.11
659.765,3353.00,31.27,18.43,748.00,746.09,184.50,120.86,765.20,94.76,57.75,92.00,14.23,36.50,178.32,97.91,6.00,0.94,-0.75,0.00,44.25,12.11
660.003,3353.00,31.27,18.43,748.00,746.09,184.50,120.86,765.20,94.76,57.75,92.00,14.23,36.50,178.32,97.91,6.00,0.94,-2.25,0.00,44.25,12.11
660.243,3353.00,31.27,18.43,748.00,746.09,184.50,120.86,765.20,94.76,57.75,92.00,14.23,36.50,178.32,97.91,6.00,0.94,-2.25,0.00,44.25,12.11
660.483,3353.00,31.27,18.43,748.00,746.09,184.50,120.86,765.20,94.76,57.75,92.00,14.23,36.50,178.32,97.91,6.00,0.94,-2.25,0.00,47.25,12.11
660.723,3353.00,31.27,18.43,748.00,746.09,184.50,120.86,765.20,94.76,57.75,92.00,14.23,36.50,178.32,97.91,6.00,0.94,-2.25,0.00,47.25,12.89
660.963,3797.50,31.27,18.43,748.00,746.09,184.50,120.86,765.20,94.76,57.75,92.00,14.23,36.50,178.32,97.91,6.00,0.94,-2.25,0.00,47.25,12.89
661.203,3797.50,14.56,18.43,748.00,746.09,184.50,120.86,765.20,94.76,57.75,92.00,14.23,36.50,178.32,97.91,6.00,0.94,-2.25,0.00,47.25,12.89
661.443,3797.50,14.56,4.20,748.00,746.09,184.50,120.86,765.20,94.76,57.75,92.00,14.23,36.50,178.32,97.91,6.00,0.94,-2.25,0.00,47.25,12.89
661.683,3797.50,14.56,4.20,80.00,746.09,184.50,120.86,765.20,94.76,57.75,92.00,14.23,36.50,178.32,97.91,6.00,0.94,-2.25,0.00,47.25,12.89
661.923,3797.50,14.56,4.20,80.00,79.41,184.50,120.86,765.20,94.76,57.75,92.00,14.23,36.50,178.32,97.91,6.00,0.94,-2.25,0.00,47.25,12.89
662.164,3797.50,14.56,4.20,80.00,79.41,24.00,120.86,765.20,94.76,57.75,92.00,14.23,36.50,178.32,97.91,6.00,0.94,-2.25,0.00,47.25,12.89
662.403,3797.50,14.56,4.20,80.00,79.41,24.00,136.44,765.20,94.76,57.75,92.00,14.23,36.50,178.32,97.91,6.00,0.94,-2.25,0.00,47.25,12.89
662.643,3797.50,14.56,4.20,80.00,79.41,24.00,136.44,100.90,94.76,57.75,92.00,14.23,36.50,178.32,97.91,6.00,0.94,-2.25,0.00,47.25,12.89
662.883,3797.50,14.56,4.20,80.00,79.41,24.00,136.44,100.90,88.06,57.75,92.00,14.23,36.50,178.32,97.91,6.00,0.94,-2.25,0.00,47.25,12.89
663.123,3797.50,14.56,4.20,80.00,79.41,24.00,136.44,100.90,88.06,78.75,92.00,14.23,36.50,178.32,97.91,6.00,0.94,-2.25,0.00,47.25,12.89
663.364,3797.50,14.56,4.20,80.00,79.41,24.00,136.44,100.90,88.06,78.75,92.00,14.23,36.50,178.32,97.91,6.00,0.94,-2.25,0.00,47.25,12.89
663.603,3797.50,14.56,4.20,80.00,79.41,24.00,136.44,100.90,88.06,78.75,92.00,14.22,36.50,178.32,97.91,6.00,0.94,-2.25,0.00,47.25,12.89
663.843,3797.50,14.56,4.20,80.00,79.41,24.00,136.44,100.90,88.06,78.75,92.00,14.22,36.50,178.32,97.91,6.00,0.94,-2.25,0.00,47.25,12.89
664.083,3797.50,14.56,4.20,80.00,79.41,24.00,136.44,100.90,88.06,78.75,92.00,14.22,36.50,166.52,97.91,6.00,0.94,-2.25,0.00,47.25,12.89
664.323,3797.50,14.56,4.20,80.00,79.41,24.00,136.44,100.90,88.06,78.75,92.00,14.22,36.50,166.52,20.47,6.00,0.94,-2.25,0.00,47.25,12.89
664.564,3797.50,14.56,4.20,80.00,79.41,24.00,136.44,100.90,88.06,78.75,92.00,14.22,36.50,166.52,20.47,6.00,0.94,-2.25,0.00,47.25,12.89
664.803,3797.50,14.56,4.20,80.00,79.41,24.00,136.44,100.90,88.06,78.75,92.00,14.22,36.50,166.52,20.47,6.00,16.00,-2.25,0.00,47.25,12.89
665.043,3797.50,14.56,4.20,80.00,79.41,24.00,136.44,100.90,88.06,78.75,92.00,14.22,36.50,166.52,20.47,6.00,16.00,-10.50,0.00,47.25,12.89
665.283,3797.50,14.56,4.20,80.00,79.41,24.00,136.44,100.90,88.06,78.75,92.00,14.22,36.50,166.52,20.47,6.00,16.00,-10.50,1.00,47.25,12.89
665.523,3797.50,14.56,4.20,80.00,79.41,24.00,136.44,100.90,88.06,78.75,92.00,14.22,36.50,166.52,20.47,6.00,16.00,-10.50,1.00,46.50,12.89
665.764,3797.50,14.56,4.20,80.00,79.41,24.00,136.44,100.90,88.06,78.75,92.00,14.22,36.50,166.52,20.47,6.00,16.00,-10.50,1.00,46.50,0.00
666.003,3117.00,14.56,4.20,80.00,79.41,24.00,136.44,100.90,88.06,78.75,92.00,14.22,36.50,166.52,20.47,6.00,16.00,-10.50,1.00,46.50,0.00
666.243,3117.00,14.14,4.20,80.00,79.41,24.00,136.44,100.90,88.06,78.75,92.00,14.22,36.50,166.52,20.47,6.00,16.00,-10.50,1.00,46.50,0.00
666.483,3117.00,14.14,1.11,80.00,79.41,24.00,136.44,100.90,88.06,78.75,92.00,14.22,36.50,166.52,20.47,6.00,16.00,-10.50,1.00,46.50,0.00
666.723,3117.00,14.14,1.11,84.00,79.41,24.00,136.44,100.90,88.06,78.75,92.00,14.22,36.50,166.52,20.47,6.00,16.00,-10.50,1.00,46.50,0.00
666.964,3117.00,14.14,1.11,84.00,82.31,24.00,136.44,100.90,88.06,78.75,92.00,14.22,36.50,166.52,20.47,6.00,16.00,-10.50,1.00,46.50,0.00
667.203,3117.00,14.14,1.11,84.00,82.31,23.25,136.44,100.90,88.06,78.75,92.00,14.22,36.50,166.52,20.47,6.00,16.00,-10.50,1.00,46.50,0.00
667.443,3117.00,14.14,1.11,84.00,82.31,23.25,114.25,100.90,88.06,78.75,92.00,14.22,36.50,166.52,20.47,6.00,16.00,-10.50,1.00,46.50,0.00
667.683,3117.00,14.14,1.11,84.00,82.31,23.25,114.25,78.50,88.06,78.75,92.00,14.22,36.50,166.52,20.47,6.00,16.00,-10.50,1.00,46.50,0.00
667.923,3117.00,14.14,1.11,84.00,82.31,23.25,114.25,78.50,87.26,78.75,92.00,14.22,36.50,166.52,20.47,6.00,16.00,-10.50,1.00,46.50,0.00
668.163,3117.00,14.14,1.11,84.00,82.31,23.25,114.25,78.50,87.26,77.25,92.00,14.22,36.50,166.52,20.47,6.00,16.00,-10.50,1.00,46.50,0.00
668.403,3117.00,14.14,1.11,84.00,82.31,23.25,114.25,78.50,87.26,77.25,91.00,14.22,36.50,166.52,20.47,6.00,16.00,-10.50,1.00,46.50,0.00
668.643,3117.00,14.14,1.11,84.00,82.31,23.25,114.25,78.50,87.26,77.25,91.00,14.22,36.50,166.52,20.47,6.00,16.00,-10.50,1.00,46.50,0.00
668.883,3117.00,14.14,1.11,84.00,82.31,23.25,114.25,78.50,87.26,77.25,91.00,14.22,36.50,166.52,20.47,6.00,16.00,-10.50,1.00,46.50,0.00
669.123,3117.00,14.14,1.11,84.00,82.31,23.25,114.25,78.50,87.26,77.25,91.00,14.22,36.50,133.99,20.47,6.00,16.00,-10.50,1.00,46.50,0.00
669.364,3117.00,14.14,1.11,84.00,82.31,23.25,114.25,78.50,87.26,77.25,91.00,14.22,36.50,133.99,17.45,6.00,16.00,-10.50,1.00,46.50,0.00
669.603,3117.00,14.14,1.11,84.00,82.31,23.25,114.25,78.50,87.26,77.25,91.00,14.22,36.50,133.99,17.45,6.00,16.00,-10.50,1.00,46.50,0.00
669.843,3117.00,14.14,1.11,84.00,82.31,23.25,114.25,78.50,87.26,77.25,91.00,14.22,36.50,133.99,17.45,6.00,16.00,-10.50,1.00,46.50,0.00
670.083,3117.00,14.14,1.11,84.00,82.31,23.25,114.25,78.50,87.26,77.25,91.00,14.22,36.50,133.99,17.45,6.00,16.00,-14.25,1.00,46.50,0.00
670.323,3117.00,14.14,1.11,84.00,82.31,23.25,114.25,78.50,87.26,77.25,91.00,14.22,36.50,133.99,17.45,6.00,16.00,-14.25,0.00,46.50,0.00
670.564,3117.00,14.14,1.11,84.00,82.31,23.25,114.25,78.50,87.26,77.25,91.00,14.22,36.50,133.99,17.45,6.00,16.00,-14.25,0.00,46.50,0.00
670.803,3117.00,14.14,1.11,84.00,82.31,23.25,114.25,78.50,87.26,77.25,91.00,14.22,36.50,133.99,17.45,6.00,16.00,-14.25,0.00,46.50,0.39
671.043,2641.50,14.14,1.11,84.00,82.31,23.25,114.25,78.50,87.26,77.25,91.00,14.22,36.50,133.99,17.45,6.00,16.00,-14.25,0.00,46.50,0.39
671.283,2641.50,13.78,1.11,84.00,82.31,23.25,114.25,78.50,87.26,77.25,91.00,14.22,36.50,133.99,17.45,6.00,16.00,-14.25,0.00,46.50,0.39
671.523,2641.50,13.78,0.74,84.00,82.31,23.25,114.25,78.50,87.26,77.25,91.00,14.22,36.50,133.99,17.45,6.00,16.00,-14.25,0.00,46.50,0.39
671.765,2641.50,13.78,0.74,44.00,82.31,23.25,114.25,78.50,87.26,77.25,91.00,14.22,36.50,133.99,17.45,6.00,16.00,-14.25,0.00,46.50,0.39
672.003,2641.50,13.78,0.74,44.00,32.69,23.25,114.25,78.50,87.26,77.25,91.00,14.22,36.50,133.99,17.45,6.00,16.00,-14.25,0.00,46.50,0.39
672.243,2641.50,13.78,0.74,44.00,32.69,13.50,114.25,78.50,87.26,77.25,91.00,14.22,36.50,133.99,17.45,6.00,16.00,-14.25,0.00,46.50,0.39
672.483,2641.50,13.78,0.74,44.00,32.69,13.50,99.04,78.50,87.26,77.25,91.00,14.22,36.50,133.99,17.45,6.00,16.00,-14.25,0.00,46.50,0.39
672.723,2641.50,13.78,0.74,44.00,32.69,13.50,99.04,32.20,87.26,77.25,91.00,14.22,36.50,133.99,17.45,6.00,16.00,-14.25,0.00,46.50,0.39
672.964,2641.50,13.78,0.74,44.00,32.69,13.50,99.04,32.20,84.76,77.25,91.00,14.22,36.50,133.99,17.45,6.00,16.00,-14.25,0.00,46.50,0.39
673.203,2641.50,13.78,0.74,44.00,32.69,13.50,99.04,32.20,84.76,74.25,91.00,14.22,36.50,133.99,17.45,6.00,16.00,-14.25,0.00,46.50,0.39
673.443,2641.50,13.78,0.74,44.00,32.69,13.50,99.04,32.20,84.76,74.25,91.00,14.22,36.50,133.99,17.45,6.00,16.00,-14.25,0.00,46.50,0.39
673.684,2641.50,13.78,0.74,44.00,32.69,13.50,99.04,32.20,84.76,74.25,91.00,14.22,36.50,133.99,17.45,6.00,16.00,-14.25,0.00,46.50,0.39
673.923,2641.50,13.78,0.74,44.00,32.69,13.50,99.04,32.20,84.76,74.25,91.00,14.22,36.50,133.99,17.45,6.00,16.00,-14.25,0.00,46.50,0.39
674.164,2641.50,13.78,0.74,44.00,32.69,13.50,99.04,32.20,84.76,74.25,91.00,14.22,36.50,123.09,17.45,6.00,16.00,-14.25,0.00,46.50,0.39
674.403,2641.50,13.78,0.74,44.00,32.69,13.50,99.04,32.20,84.76,74.25,91.00,14.22,36.50,123.09,8.93,6.00,16.00,-14.25,0.00,46.50,0.39
674.643,2641.50,13.78,0.74,44.00,32.69,13.50,99.04,32.20,84.76,74.25,91.00,14.22,36.50,123.09,8.93,6.00,16.00,-14.25,0.00,46.50,0.39
674.883,2641.50,13.78,0.74,44.00,32.69,13.50,99.04,32.20,84.76,74.25,91.00,14.22,36.50,123.09,8.93,6.00,2.58,-14.25,0.00,46.50,0.39
675.123,2641.50,13.78,0.74,44.00,32.69,13.50,99.04,32.20,84.76,74.25,91.00,14.22,36.50,123.09,8.93,6.00,2.58,5.25,0.00,46.50,0.39
675.363,2641.50,13.78,0.74,44.00,32.69,13.50,99.04,32.20,84.76,74.25,91.00,14.22,36.50,123.09,8.93,6.00,2.58,5.25,0.00,46.50,0.39
675.603,2641.50,13.78,0.74,44.00,32.69,13.50,99.04,32.20,84.76,74.25,91.00,14.22,36.50,123.09,8.93,6.00,2.58,5.25,0.00,46.50,0.39
675.843,2641.50,13.78,0.74,44.00,32.69,13.50,99.04,32.20,84.76,74.25,91.00,14.22,36.50,123.09,8.93,6.00,2.58,5.25,0.00,46.50,0.78
676.083,1929.00,13.78,0.74,44.00,32.69,13.50,99.04,32.20,84.76,74.25,91.00,14.22,36.50,123.09,8.93,6.00,2.58,5.25,0.00,46.50,0.78
676.323,1929.00,13.48,0.74,44.00,32.69,13.50,99.04,32.20,84.76,74.25,91.00,14.22,36.50,123.09,8.93,6.00,2.58,5.25,0.00,46.50,0.78
676.564,1929.00,13.48,0.24,44.00,32.69,13.50,99.04,32.20,84.76,74.25,91.00,14.22,36.50,123.09,8.93,6.00,2.58,5.25,0.00,46.50,0.78
676.803,1929.00,13.48,0.24,48.00,32.69,13.50,99.04,32.20,84.76,74.25,91.00,14.22,36.50,123.09,8.93,6.00,2.58,5.25,0.00,46.50,0.78
677.043,1929.00,13.48,0.24,48.00,54.97,13.50,99.04,32.20,84.76,74.25,91.00,14.22,36.50,123.09,8.93,6.00,2.58,5.25,0.00,46.50,0.78
677.283,1929.00,13.48,0.24,48.00,54.97,24.75,99.04,32.20,84.76,74.25,91.00,14.22,36.50,123.09,8.93,6.00,2.58,5.25,0.00,46.50,0.78
677.523,1929.00,13.48,0.24,48.00,54.97,24.75,92.24,32.20,84.76,74.25,91.00,14.22,36.50,123.09,8.93,6.00,2.58,5.25,0.00,46.50,0.78
677.765,1929.00,13.48,0.24,48.00,54.97,24.75,92.24,57.60,84.76,74.25,91.00,14.22,36.50,123.09,8.93,6.00,2.58,5.25,0.00,46.50,0.78
678.003,1929.00,13.48,0.24,48.00,54.97,24.75,92.24,57.60,83.66,74.25,91.00,14.22,36.50,123.09,8.93,6.00,2.58,5.25,0.00,46.50,0.78
678.275,1929.00,13.48,0.24,48.00,54.97,24.75,92.24,57.60,83.66,69.00,91.00,14.22,36.50,123.09,8.93,6.00,2.58,5.25,0.00,46.50,0.78
678.513,1929.00,13.48,0.24,48.00,54.97,24.75,92.24,57.60,83.66,69.00,90.00,14.22,36.50,123.09,8.93,6.00,2.58,5.25,0.00,46.50,0.78
678.755,1929.00,13.48,0.24,48.00,54.97,24.75,92.24,57.60,83.66,69.00,90.00,14.22,36.50,123.09,8.93,6.00,2.58,5.25,0.00,46.50,0.78
678.993,1929.00,13.48,0.24,48.00,54.97,24.75,92.24,57.60,83.66,69.00,90.00,14.22,36.50,123.09,8.93,6.00,2.58,5.25,0.00,46.50,0.78
679.233,1929.00,13.48,0.24,48.00,54.97,24.75,92.24,57.60,83.66,69.00,90.00,14.22,36.50,118.37,8.93,6.00,2.58,5.25,0.00,46.50,0.78
679.475,1929.00,13.48,0.24,48.00,54.97,24.75,92.24,57.60,83.66,69.00,90.00,14.22,36.50,118.37,16.10,6.00,2.58,5.25,0.00,46.50,0.78
679.713,1929.00,13.48,0.24,48.00,54.97,24.75,92.24,57.60,83.66,69.00,90.00,14.22,36.50,118.37,16.10,6.00,2.58,5.25,0.00,46.50,0.78
679.953,1929.00,13.48,0.24,48.00,54.97,24.75,92.24,57.60,83.66,69.00,90.00,14.22,36.50,118.37,16.10,6.00,0.99,5.25,0.00,46.50,0.78
680.193,1929.00,13.48,0.24,48.00,54.97,24.75,92.24,57.60,83.66,69.00,90.00,14.22,36.50,118.37,16.10,6.00,0.99,24.00,0.00,46.50,0.78
680.433,1929.00,13.48,0.24,48.00,54.97,24.75,92.24,57.60,83.66,69.00,90.00,14.22,36.50,118.37,16.10,6.00,0.99,24.00,0.00,46.50,0.78
680.675,1929.00,13.48,0.24,48.00,54.97,24.75,92.24,57.60,83.66,69.00,90.00,14.22,36.50,118.37,16.10,6.00,0.99,24.00,0.00,45.75,0.78
680.913,1929.00,13.48,0.24,48.00,54.97,24.75,92.24,57.60,83.66,69.00,90.00,14.22,36.50,118.37,16.10,6.00,0.99,24.00,0.00,45.75,0.78
681.156,1882.00,13.48,0.24,48.00,54.97,24.75,92.24,57.60,83.66,69.00,90.00,14.22,36.50,118.37,16.10,6.00,0.99,24.00,0.00,45.75,0.78
681.393,1882.00,13.45,0.24,48.00,54.97,24.75,92.24,57.60,83.66,69.00,90.00,14.22,36.50,118.37,16.10,6.00,0.99,24.00,0.00,45.75,0.78
681.633,1882.00,13.45,0.68,48.00,54.97,24.75,92.24,57.60,83.66,69.00,90.00,14.22,36.50,118.37,16.10,6.00,0.99,24.00,0.00,45.75,0.78
681.875,1882.00,13.45,0.68,76.00,54.97,24.75,92.24,57.60,83.66,69.00,90.00,14.22,36.50,118.37,16.10,6.00,0.99,24.00,0.00,45.75,0.78
682.113,1882.00,13.45,0.68,76.00,74.62,24.75,92.24,57.60,83.66,69.00,90.00,14.22,36.50,118.37,16.10,6.00,0.99,24.00,0.00,45.75,0.78
682.355,1882.00,13.45,0.68,76.00,74.62,35.25,92.24,57.60,83.66,69.00,90.00,14.22,36.50,118.37,16.10,6.00,0.99,24.00,0.00,45.75,0.78
682.593,1882.00,13.45,0.68,76.00,74.62,35.25,85.44,57.60,83.66,69.00,90.00,14.22,36.50,118.37,16.10,6.00,0.99,24.00,0.00,45.75,0.78
682.834,1882.00,13.45,0.68,76.00,74.62,35.25,85.44,77.60,83.66,69.00,90.00,14.22,36.50,118.37,16.10,6.00,0.99,24.00,0.00,45.75,0.78
683.075,1882.00,13.45,0.68,76.00,74.62,35.25,85.44,77.60,82.86,69.00,90.00,14.22,36.50,118.37,16.10,6.00,0.99,24.00,0.00,45.75,0.78
683.313,1882.00,13.45,0.68,76.00,74.62,35.25,85.44,77.60,82.86,65.25,90.00,14.22,36.50,118.37,16.10,6.00,0.99,24.00,0.00,45.75,0.78
683.555,1882.00,13.45,0.68,76.00,74.62,35.25,85.44,77.60,82.86,65.25,90.00,14.22,36.50,118.37,16.10,6.00,0.99,24.00,0.00,45.75,0.78
683.793,1882.00,13.45,0.68,76.00,74.62,35.25,85.44,77.60,82.86,65.25,90.00,14.22,36.50,118.37,16.10,6.00,0.99,24.00,0.00,45.75,0.78
684.033,1882.00,13.45,0.68,76.00,74.62,35.25,85.44,77.60,82.86,65.25,90.00,14.22,36.50,118.37,16.10,6.00,0.99,24.00,0.00,45.75,0.78
684.275,1882.00,13.45,0.68,76.00,74.62,35.25,85.44,77.60,82.86,65.25,90.00,14.22,36.50,117.26,16.10,6.00,0.99,24.00,0.00,45.75,0.78
684.513,1882.00,13.45,0.68,76.00,74.62,35.25,85.44,77.60,82.86,65.25,90.00,14.22,36.50,117.26,16.70,6.00,0.99,24.00,0.00,45.75,0.78
684.755,1882.00,13.45,0.68,76.00,74.62,35.25,85.44,77.60,82.86,65.25,90.00,14.22,36.50,117.26,16.70,6.00,0.99,24.00,0.00,45.75,0.78
684.993,1882.00,13.45,0.68,76.00,74.62,35.25,85.44,77.60,82.86,65.25,90.00,14.22,36.50,117.26,16.70,6.00,1.00,24.00,0.00,45.75,0.78
685.233,1882.00,13.45,0.68,76.00,74.62,35.25,85.44,77.60,82.86,65.25,90.00,14.22,36.50,117.26,16.70,6.00,1.00,24.00,0.00,45.75,0.78
685.475,1882.00,13.45,0.68,76.00,74.62,35.25,85.44,77.60,82.86,65.25,90.00,14.22,36.50,117.26,16.70,6.00,1.00,24.00,0.00,45.75,0.78
685.714,1882.00,13.45,0.68,76.00,74.62,35.25,85.44,77.60,82.86,65.25,90.00,14.22,36.50,117.26,16.70,6.00,1.00,24.00,0.00,45.75,0.78
685.955,1882.00,13.45,0.68,76.00,74.62,35.25,85.44,77.60,82.86,65.25,90.00,14.22,36.50,117.26,16.70,6.00,1.00,24.00,0.00,45.75,0.78
686.193,1881.00,13.45,0.68,76.00,74.62,35.25,85.44,77.60,82.86,65.25,90.00,14.22,36.50,117.26,16.70,6.00,1.00,24.00,0.00,45.75,0.78
686.433,1881.00,13.51,0.68,76.00,74.62,35.25,85.44,77.60,82.86,65.25,90.00,14.22,36.50,117.26,16.70,6.00,1.00,24.00,0.00,45.75,0.78
686.675,1881.00,13.51,1.13,76.00,74.62,35.25,85.44,77.60,82.86,65.25,90.00,14.22,36.50,117.26,16.70,6.00,1.00,24.00,0.00,45.75,0.78
686.913,1881.00,13.51,1.13,80.00,74.62,35.25,85.44,77.60,82.86,65.25,90.00,14.22,36.50,117.26,16.70,6.00,1.00,24.00,0.00,45.75,0.78
687.156,1881.00,13.51,1.13,80.00,76.88,35.25,85.44,77.60,82.86,65.25,90.00,14.22,36.50,117.26,16.70,6.00,1.00,24.00,0.00,45.75,0.78
687.394,1881.00,13.51,1.13,80.00,76.88,36.00,85.44,77.60,82.86,65.25,90.00,14.22,36.50,117.26,16.70,6.00,1.00,24.00,0.00,45.75,0.78
687.633,1881.00,13.51,1.13,80.00,76.88,36.00,81.95,77.60,82.86,65.25,90.00,14.22,36.50,117.26,16.70,6.00,1.00,24.00,0.00,45.75,0.78
687.875,1881.00,13.51,1.13,80.00,76.88,36.00,81.95,80.10,82.86,65.25,90.00,14.22,36.50,117.26,16.70,6.00,1.00,24.00,0.00,45.75,0.78
688.113,1881.00,13.51,1.13,80.00,76.88,36.00,81.95,80.10,85.46,65.25,90.00,14.22,36.50,117.26,16.70,6.00,1.00,24.00,0.00,45.75,0.78
688.356,1881.00,13.51,1.13,80.00,76.88,36.00,81.95,80.10,85.46,63.00,90.00,14.22,36.50,117.26,16.70,6.00,1.00,24.00,0.00,45.75,0.78
688.593,1881.00,13.51,1.13,80.00,76.88,36.00,81.95,80.10,85.46,63.00,89.00,14.22,36.50,117.26,16.70,6.00,1.00,24.00,0.00,45.75,0.78
688.833,1881.00,13.51,1.13,80.00,76.88,36.00,81.95,80.10,85.46,63.00,89.00,14.21,36.50,117.26,16.70,6.00,1.00,24.00,0.00,45.75,0.78
689.075,1881.00,13.51,1.13,80.00,76.88,36.00,81.95,80.10,85.46,63.00,89.00,14.21,36.50,117.26,16.70,6.00,1.00,24.00,0.00,45.75,0.78
689.313,1881.00,13.51,1.13,80.00,76.88,36.00,81.95,80.10,85.46,63.00,89.00,14.21,36.50,117.48,16.70,6.00,1.00,24.00,0.00,45.75,0.78
689.555,1881.00,13.51,1.13,80.00,76.88,36.00,81.95,80.10,85.46,63.00,89.00,14.21,36.50,117.48,16.70,6.00,1.00,24.00,0.00,45.75,0.78
689.794,1881.00,13.51,1.13,80.00,76.88,36.00,81.95,80.10,85.46,63.00,89.00,14.21,36.50,117.48,16.70,6.00,1.00,24.00,0.00,45.75,0.78
690.033,1881.00,13.51,1.13,80.00,76.88,36.00,81.95,80.10,85.46,63.00,89.00,14.21,36.50,117.48,16.70,6.00,0.99,24.00,0.00,45.75,0.78
690.276,1881.00,13.51,1.13,80.00,76.88,36.00,81.95,80.10,85.46,63.00,89.00,14.21,36.50,117.48,16.70,6.00,0.99,24.00,0.00,45.75,0.78
690.513,1881.00,13.51,1.13,80.00,76.88,36.00,81.95,80.10,85.46,63.00,89.00,14.21,36.50,117.48,16.70,6.00,0.99,24.00,0.00,45.75,0.78
690.756,1881.00,13.51,1.13,80.00,76.88,36.00,81.95,80.10,85.46,63.00,89.00,14.21,36.50,117.48,16.70,6.00,0.99,24.00,0.00,45.75,0.78
690.993,1881.00,13.51,1.13,80.00,76.88,36.00,81.95,80.10,85.46,63.00,89.00,14.21,36.50,117.48,16.70,6.00,0.99,24.00,0.00,45.75,0.78
691.233,1886.50,13.51,1.13,80.00,76.88,36.00,81.95,80.10,85.46,63.00,89.00,14.21,36.50,117.48,16.70,6.00,0.99,24.00,0.00,45.75,0.78
691.473,1886.50,13.50,1.13,80.00,76.88,36.00,81.95,80.10,85.46,63.00,89.00,14.21,36.50,117.48,16.70,6.00,0.99,24.00,0.00,45.75,0.78
691.714,1886.50,13.50,1.05,80.00,76.88,36.00,81.95,80.10,85.46,63.00,89.00,14.21,36.50,117.48,16.70,6.00,0.99,24.00,0.00,45.75,0.78
691.953,1886.50,13.50,1.05,76.00,76.88,36.00,81.95,80.10,85.46,63.00,89.00,14.21,36.50,117.48,16.70,6.00,0.99,24.00,0.00,45.75,0.78
692.193,1886.50,13.50,1.05,76.00,74.66,36.00,81.95,80.10,85.46,63.00,89.00,14.21,36.50,117.48,16.70,6.00,0.99,24.00,0.00,45.75,0.78
692.433,1886.50,13.50,1.05,76.00,74.66,35.25,81.95,80.10,85.46,63.00,89.00,14.21,36.50,117.48,16.70,6.00,0.99,24.00,0.00,45.75,0.78
692.675,1886.50,13.50,1.05,76.00,74.66,35.25,80.05,80.10,85.46,63.00,89.00,14.21,36.50,117.48,16.70,6.00,0.99,24.00,0.00,45.75,0.78
692.913,1886.50,13.50,1.05,76.00,74.66,35.25,80.05,78.20,85.46,63.00,89.00,14.21,36.50,117.48,16.70,6.00,0.99,24.00,0.00,45.75,0.78
693.155,1886.50,13.50,1.05,76.00,74.66,35.25,80.05,78.20,89.66,63.00,89.00,14.21,36.50,117.48,16.70,6.00,0.99,24.00,0.00,45.75,0.78
693.393,1886.50,13.50,1.05,76.00,74.66,35.25,80.05,78.20,89.66,62.25,89.00,14.21,36.50,117.48,16.70,6.00,0.99,24.00,0.00,45.75,0.78
693.633,1886.50,13.50,1.05,76.00,74.66,35.25,80.05,78.20,89.66,62.25,89.00,14.21,36.50,117.48,16.70,6.00,0.99,24.00,0.00,45.75,0.78
693.875,1886.50,13.50,1.05,76.00,74.66,35.25,80.05,78.20,89.66,62.25,89.00,14.21,36.50,117.48,16.70,6.00,0.99,24.00,0.00,45.75,0.78
694.113,1886.50,13.50,1.05,76.00,74.66,35.25,80.05,78.20,89.66,62.25,89.00,14.21,37.00,117.48,16.70,6.00,0.99,24.00,0.00,45.75,0.78
694.353,1886.50,13.50,1.05,76.00,74.66,35.25,80.05,78.20,89.66,62.25,89.00,14.21,37.00,117.42,16.70,6.00,0.99,24.00,0.00,45.75,0.78
694.593,1886.50,13.50,1.05,76.00,74.66,35.25,80.05,78.20,89.66,62.25,89.00,14.21,37.00,117.42,16.63,6.00,0.99,24.00,0.00,45.75,0.78
694.833,1886.50,13.50,1.05,76.00,74.66,35.25,80.05,78.20,89.66,62.25,89.00,14.21,37.00,117.42,16.63,6.00,0.99,24.00,0.00,45.75,0.78
695.075,1886.50,13.50,1.05,76.00,74.66,35.25,80.05,78.20,89.66,62.25,89.00,14.21,37.00,117.42,16.63,6.00,1.00,24.00,0.00,45.75,0.78
695.314,1886.50,13.50,1.05,76.00,74.66,35.25,80.05,78.20,89.66,62.25,89.00,14.21,37.00,117.42,16.63,6.00,1.00,24.00,0.00,45.75,0.78
695.553,1886.50,13.50,1.05,76.00,74.66,35.25,80.05,78.20,89.66,62.25,89.00,14.21,37.00,117.42,16.63,6.00,1.00,24.00,0.00,45.75,0.78
695.793,1886.50,13.50,1.05,76.00,74.66,35.25,80.05,78.20,89.66,62.25,89.00,14.21,37.00,117.42,16.63,6.00,1.00,24.00,0.00,45.75,0.78
696.033,1886.50,13.50,1.05,76.00,74.66,35.25,80.05,78.20,89.66,62.25,89.00,14.21,37.00,117.42,16.63,6.00,1.00,24.00,0.00,45.75,0.78
696.273,1886.50,13.50,1.05,76.00,74.66,35.25,80.05,78.20,89.66,62.25,89.00,14.21,37.00,117.42,16.63,6.00,1.00,24.00,0.00,45.75,0.78
696.513,1886.50,13.50,1.05,76.00,74.66,35.25,80.05,78.20,89.66,62.25,89.00,14.21,37.00,117.42,16.63,6.00,1.00,24.00,0.00,45.75,0.78
696.756,1886.50,13.50,0.99,76.00,74.66,35.25,80.05,78.20,89.66,62.25,89.00,14.21,37.00,117.42,16.63,6.00,1.00,24.00,0.00,45.75,0.78
696.993,1886.50,13.50,0.99,76.00,74.66,35.25,80.05,78.20,89.66,62.25,89.00,14.21,37.00,117.42,16.63,6.00,1.00,24.00,0.00,45.75,0.78
697.233,1886.50,13.50,0.99,76.00,72.66,35.25,80.05,78.20,89.66,62.25,89.00,14.21,37.00,117.42,16.63,6.00,1.00,24.00,0.00,45.75,0.78
697.475,1886.50,13.50,0.99,76.00,72.66,35.25,80.05,78.20,89.66,62.25,89.00,14.21,37.00,117.42,16.63,6.00,1.00,24.00,0.00,45.75,0.78
697.713,1886.50,13.50,0.99,76.00,72.66,35.25,78.34,78.20,89.66,62.25,89.00,14.21,37.00,117.42,16.63,6.00,1.00,24.00,0.00,45.75,0.78
697.953,1886.50,13.50,0.99,76.00,72.66,35.25,78.34,77.30,89.66,62.25,89.00,14.21,37.00,117.42,16.63,6.00,1.00,24.00,0.00,45.75,0.78
698.193,1886.50,13.50,0.99,76.00,72.66,35.25,78.34,77.30,92.96,62.25,89.00,14.21,37.00,117.42,16.63,6.00,1.00,24.00,0.00,45.75,0.78
698.433,1886.50,13.50,0.99,76.00,72.66,35.25,78.34,77.30,92.96,60.75,89.00,14.21,37.00,117.42,16.63,6.00,1.00,24.00,0.00,45.75,0.78
698.676,1886.50,13.50,0.99,76.00,72.66,35.25,78.34,77.30,92.96,60.75,89.00,14.21,37.00,117.42,16.63,6.00,1.00,24.00,0.00,45.75,0.78
698.914,1886.50,13.50,0.99,76.00,72.66,35.25,78.34,77.30,92.96,60.75,89.00,14.21,37.00,117.42,16.63,6.00,1.00,24.00,0.00,45.75,0.78
699.153,1886.50,13.50,0.99,76.00,72.66,35.25,78.34,77.30,92.96,60.75,89.00,14.21,37.00,117.42,16.63,6.00,1.00,24.00,0.00,45.75,0.78
699.393,1886.50,13.50,0.99,76.00,72.66,35.25,78.34,77.30,92.96,60.75,89.00,14.21,37.00,117.31,16.63,6.00,1.00,24.00,0.00,45.75,0.78
699.633,1886.50,13.50,0.99,76.00,72.66,35.25,78.34,77.30,92.96,60.75,89.00,14.21,37.00,117.31,16.55,6.00,1.00,24.00,0.00,45.75,0.78
699.875,1886.50,13.50,0.99,76.00,72.66,35.25,78.34,77.30,92.96,60.75,89.00,14.21,37.00,117.31,16.55,6.00,1.00,24.00,0.00,45.75,0.78
700.113,1886.50,13.50,0.99,76.00,72.66,35.25,78.34,77.30,92.96,60.75,89.00,14.21,37.00,117.31,16.55,6.00,0.99,24.00,0.00,45.75,0.78
700.356,1886.50,13.50,0.99,76.00,72.66,35.25,78.34,77.30,92.96,60.75,89.00,14.21,37.00,117.31,16.55,6.00,0.99,24.00,0.00,45.75,0.78
700.593,1886.50,13.50,0.99,76.00,72.66,35.25,78.34,77.30,92.96,60.75,89.00,14.21,37.00,117.31,16.55,6.00,0.99,24.00,0.00,45.75,0.78
700.833,1886.50,13.50,0.99,76.00,72.66,35.25,78.34,77.30,92.96,60.75,89.00,14.21,37.00,117.31,16.55,6.00,0.99,24.00,0.00,45.00,0.78
701.075,1886.50,13.50,0.99,76.00,72.66,35.25,78.34,77.30,92.96,60.75,89.00,14.21,37.00,117.31,16.55,6.00,0.99,24.00,0.00,45.00,0.78
701.313,1883.50,13.50,0.99,76.00,72.66,35.25,78.34,77.30,92.96,60.75,89.00,14.21,37.00,117.31,16.55,6.00,0.99,24.00,0.00,45.00,0.78
701.556,1883.50,13.50,0.99,76.00,72.66,35.25,78.34,77.30,92.96,60.75,89.00,14.21,37.00,117.31,16.55,6.00,0.99,24.00,0.00,45.00,0.78
701.794,1883.50,13.50,1.08,76.00,72.66,35.25,78.34,77.30,92.96,60.75,89.00,14.21,37.00,117.31,16.55,6.00,0.99,24.00,0.00,45.00,0.78
702.033,1883.50,13.50,1.08,76.00,72.66,35.25,78.34,77.30,92.96,60.75,89.00,14.21,37.00,117.31,16.55,6.00,0.99,24.00,0.00,45.00,0.78
702.276,1883.50,13.50,1.08,76.00,75.00,35.25,78.34,77.30,92.96,60.75,89.00,14.21,37.00,117.31,16.55,6.00,0.99,24.00,0.00,45.00,0.78
702.513,1883.50,13.50,1.08,76.00,75.00,35.25,78.34,77.30,92.96,60.75,89.00,14.21,37.00,117.31,16.55,6.00,0.99,24.00,0.00,45.00,0.78
702.756,1883.50,13.50,1.08,76.00,75.00,35.25,76.84,77.30,92.96,60.75,89.00,14.21,37.00,117.31,16.55,6.00,0.99,24.00,0.00,45.00,0.78
702.993,1883.50,13.50,1.08,76.00,75.00,35.25,76.84,77.70,92.96,60.75,89.00,14.21,37.00,117.31,16.55,6.00,0.99,24.00,0.00,45.00,0.78
703.233,1883.50,13.50,1.08,76.00,75.00,35.25,76.84,77.70,94.26,60.75,89.00,14.21,37.00,117.31,16.55,6.00,0.99,24.00,0.00,45.00,0.78
703.475,1883.50,13.50,1.08,76.00,75.00,35.25,76.84,77.70,94.26,57.00,89.00,14.21,37.00,117.31,16.55,6.00,0.99,24.00,0.00,45.00,0.78
703.714,1883.50,13.50,1.08,76.00,75.00,35.25,76.84,77.70,94.26,57.00,89.00,14.21,37.00,117.31,16.55,6.00,0.99,24.00,0.00,45.00,0.78
703.955,1883.50,13.50,1.08,76.00,75.00,35.25,76.84,77.70,94.26,57.00,89.00,14.21,37.00,117.31,16.55,6.00,0.99,24.00,0.00,45.00,0.78
704.193,1883.50,13.50,1.08,76.00,75.00,35.25,76.84,77.70,94.26,57.00,89.00,14.21,37.00,117.31,16.55,6.00,0.99,24.00,0.00,45.00,0.78
704.433,1883.50,13.50,1.08,76.00,75.00,35.25,76.84,77.70,94.26,57.00,89.00,14.21,37.00,117.63,16.55,6.00,0.99,24.00,0.00,45.00,0.78
704.676,1883.50,13.50,1.08,76.00,75.00,35.25,76.84,77.70,94.26,57.00,89.00,14.21,37.00,117.63,16.54,6.00,0.99,24.00,0.00,45.00,0.78
704.913,1883.50,13.50,1.08,76.00,75.00,35.25,76.84,77.70,94.26,57.00,89.00,14.21,37.00,117.63,16.54,6.00,0.99,24.00,0.00,45.00,0.78
705.155,1883.50,13.50,1.08,76.00,75.00,35.25,76.84,77.70,94.26,57.00,89.00,14.21,37.00,117.63,16.54,6.00,0.99,24.00,0.00,45.00,0.78
705.394,1883.50,13.50,1.08,76.00,75.00,35.25,76.84,77.70,94.26,57.00,89.00,14.21,37.00,117.63,16.54,6.00,0.99,24.00,0.00,45.00,0.78
705.633,1883.50,13.50,1.08,76.00,75.00,35.25,76.84,77.70,94.26,57.00,89.00,14.21,37.00,117.63,16.54,6.00,0.99,24.00,0.00,45.00,0.78
705.876,1883.50,13.50,1.08,76.00,75.00,35.25,76.84,77.70,94.26,57.00,89.00,14.21,37.00,117.63,16.54,6.00,0.99,24.00,0.00,45.00,0.78
706.114,1883.50,13.50,1.08,76.00,75.00,35.25,76.84,77.70,94.26,57.00,89.00,14.21,37.00,117.63,16.54,6.00,0.99,24.00,0.00,45.00,0.78
706.354,1883.00,13.50,1.08,76.00,75.00,35.25,76.84,77.70,94.26,57.00,89.00,14.21,37.00,117.63,16.54,6.00,0.99,24.00,0.00,45.00,0.78
706.594,1883.00,13.46,1.08,76.00,75.00,35.25,76.84,77.70,94.26,57.00,89.00,14.21,37.00,117.63,16.54,6.00,0.99,24.00,0.00,45.00,0.78
706.833,1883.00,13.46,1.02,76.00,75.00,35.25,76.84,77.70,94.26,57.00,89.00,14.21,37.00,117.63,16.54,6.00,0.99,24.00,0.00,45.00,0.78
707.076,1883.00,13.46,1.02,72.00,75.00,35.25,76.84,77.70,94.26,57.00,89.00,14.21,37.00,117.63,16.54,6.00,0.99,24.00,0.00,45.00,0.78
707.314,1883.00,13.46,1.02,72.00,74.59,35.25,76.84,77.70,94.26,57.00,89.00,14.21,37.00,117.63,16.54,6.00,0.99,24.00,0.00,45.00,0.78
707.556,1883.00,13.46,1.02,72.00,74.59,34.50,76.84,77.70,94.26,57.00,89.00,14.21,37.00,117.63,16.54,6.00,0.99,24.00,0.00,45.00,0.78
707.793,1883.00,13.46,1.02,72.00,74.59,34.50,75.74,77.70,94.26,57.00,89.00,14.21,37.00,117.63,16.54,6.00,0.99,24.00,0.00,45.00,0.78
708.034,1883.00,13.46,1.02,72.00,74.59,34.50,75.74,76.80,94.26,57.00,89.00,14.21,37.00,117.63,16.54,6.00,0.99,24.00,0.00,45.00,0.78
708.274,1883.00,13.46,1.02,72.00,74.59,34.50,75.74,76.80,94.36,57.00,89.00,14.21,37.00,117.63,16.54,6.00,0.99,24.00,0.00,45.00,0.78
708.514,1883.00,13.46,1.02,72.00,74.59,34.50,75.74,76.80,94.36,51.75,89.00,14.21,37.00,117.63,16.54,6.00,0.99,24.00,0.00,45.00,0.78
708.754,1883.00,13.46,1.02,72.00,74.59,34.50,75.74,76.80,94.36,51.75,89.00,14.21,37.00,117.63,16.54,6.00,0.99,24.00,0.00,45.00,0.78
708.994,1883.00,13.46,1.02,72.00,74.59,34.50,75.74,76.80,94.36,51.75,89.00,14.21,37.00,117.63,16.54,6.00,0.99,24.00,0.00,45.00,0.78
709.234,1883.00,13.46,1.02,72.00,74.59,34.50,75.74,76.80,94.36,51.75,89.00,14.21,37.00,117.63,16.54,6.00,0.99,24.00,0.00,45.00,0.78
709.476,1883.00,13.46,1.02,72.00,74.59,34.50,75.74,76.80,94.36,51.75,89.00,14.21,37.00,117.27,16.54,6.00,0.99,24.00,0.00,45.00,0.78
709.714,1883.00,13.46,1.02,72.00,74.59,34.50,75.74,76.80,94.36,51.75,89.00,14.21,37.00,117.27,16.73,6.00,0.99,24.00,0.00,45.00,0.78
709.954,1883.00,13.46,1.02,72.00,74.59,34.50,75.74,76.80,94.36,51.75,89.00,14.21,37.00,117.27,16.73,6.00,0.99,24.00,0.00,45.00,0.78
710.194,1883.00,13.46,1.02,72.00,74.59,34.50,75.74,76.80,94.36,51.75,89.00,14.21,37.00,117.27,16.73,6.00,1.00,24.00,0.00,45.00,0.78
710.434,1883.00,13.46,1.02,72.00,74.59,34.50,75.74,76.80,94.36,51.75,89.00,14.21,37.00,117.27,16.73,6.00,1.00,24.00,0.00,45.00,0.78
710.674,1883.00,13.46,1.02,72.00,74.59,34.50,75.74,76.80,94.36,51.75,89.00,14.21,37.00,117.27,16.73,6.00,1.00,24.00,0.00,45.00,0.78
710.914,1883.00,13.46,1.02,72.00,74.59,34.50,75.74,76.80,94.36,51.75,89.00,14.21,37.00,117.27,16.73,6.00,1.00,24.00,0.00,45.00,0.78
711.154,1883.00,13.46,1.02,72.00,74.59,34.50,75.74,76.80,94.36,51.75,89.00,14.21,37.00,117.27,16.73,6.00,1.00,24.00,0.00,45.00,1.17
711.394,1884.50,13.46,1.02,72.00,74.59,34.50,75.74,76.80,94.36,51.75,89.00,14.21,37.00,117.27,16.73,6.00,1.00,24.00,0.00,45.00,1.17
711.634,1884.50,13.51,1.02,72.00,74.59,34.50,75.74,76.80,94.36,51.75,89.00,14.21,37.00,117.27,16.73,6.00,1.00,24.00,0.00,45.00,1.17
711.876,1884.50,13.51,1.05,72.00,74.59,34.50,75.74,76.80,94.36,51.75,89.00,14.21,37.00,117.27,16.73,6.00,1.00,24.00,0.00,45.00,1.17
712.114,1884.50,13.51,1.05,72.00,74.59,34.50,75.74,76.80,94.36,51.75,89.00,14.21,37.00,117.27,16.73,6.00,1.00,24.00,0.00,45.00,1.17
712.354,1884.50,13.51,1.05,72.00,75.00,34.50,75.74,76.80,94.36,51.75,89.00,14.21,37.00,117.27,16.73,6.00,1.00,24.00,0.00,45.00,1.17
712.594,1884.50,13.51,1.05,72.00,75.00,35.25,75.74,76.80,94.36,51.75,89.00,14.21,37.00,117.27,16.73,6.00,1.00,24.00,0.00,45.00,1.17
712.834,1884.50,13.51,1.05,72.00,75.00,35.25,74.55,76.80,94.36,51.75,89.00,14.21,37.00,117.27,16.73,6.00,1.00,24.00,0.00,45.00,1.17
713.074,1884.50,13.51,1.05,72.00,75.00,35.25,74.55,77.50,94.36,51.75,89.00,14.21,37.00,117.27,16.73,6.00,1.00,24.00,0.00,45.00,1.17
713.314,1884.50,13.51,1.05,72.00,75.00,35.25,74.55,77.50,93.96,51.75,89.00,14.21,37.00,117.27,16.73,6.00,1.00,24.00,0.00,45.00,1.17
713.556,1884.50,13.51,1.05,72.00,75.00,35.25,74.55,77.50,93.96,49.50,89.00,14.21,37.00,117.27,16.73,6.00,1.00,24.00,0.00,45.00,1.17
713.793,1884.50,13.51,1.05,72.00,75.00,35.25,74.55,77.50,93.96,49.50,89.00,14.21,37.00,117.27,16.73,6.00,1.00,24.00,0.00,45.00,1.17
714.034,1884.50,13.51,1.05,72.00,75.00,35.25,74.55,77.50,93.96,49.50,89.00,14.21,37.00,117.27,16.73,6.00,1.00,24.00,0.00,45.00,1.17
714.276,1884.50,13.51,1.05,72.00,75.00,35.25,74.55,77.50,93.96,49.50,89.00,14.21,37.00,117.27,16.73,6.00,1.00,24.00,0.00,45.00,1.17
714.514,1884.50,13.51,1.05,72.00,75.00,35.25,74.55,77.50,93.96,49.50,89.00,14.21,37.00,117.29,16.73,6.00,1.00,24.00,0.00,45.00,1.17
714.756,1884.50,13.51,1.05,72.00,75.00,35.25,74.55,77.50,93.96,49.50,89.00,14.21,37.00,117.29,17.48,6.00,1.00,24.00,0.00,45.00,1.17
714.993,1884.50,13.51,1.05,72.00,75.00,35.25,74.55,77.50,93.96,49.50,89.00,14.21,37.00,117.29,17.48,6.00,1.00,24.00,0.00,45.00,1.17
715.234,1884.50,13.51,1.05,72.00,75.00,35.25,74.55,77.50,93.96,49.50,89.00,14.21,37.00,117.29,17.48,6.00,0.99,24.00,0.00,45.00,1.17
715.476,1884.50,13.51,1.05,72.00,75.00,35.25,74.55,77.50,93.96,49.50,89.00,14.21,37.00,117.29,17.48,6.00,0.99,24.00,0.00,45.00,1.17
715.714,1884.50,13.51,1.05,72.00,75.00,35.25,74.55,77.50,93.96,49.50,89.00,14.21,37.00,117.29,17.48,6.00,0.99,24.00,0.00,45.00,1.17
715.955,1884.50,13.51,1.05,72.00,75.00,35.25,74.55,77.50,93.96,49.50,89.00,14.21,37.00,117.29,17.48,6.00,0.99,24.00,0.00,45.00,1.17
716.193,1884.50,13.51,1.05,72.00,75.00,35.25,74.55,77.50,93.96,49.50,89.00,14.21,37.00,117.29,17.48,6.00,0.99,24.00,0.00,45.00,1.17
716.433,2472.50,13.51,1.05,72.00,75.00,35.25,74.55,77.50,93.96,49.50,89.00,14.21,37.00,117.29,17.48,6.00,0.99,24.00,0.00,45.00,1.17
716.676,2472.50,16.83,1.05,72.00,75.00,35.25,74.55,77.50,93.96,49.50,89.00,14.21,37.00,117.29,17.48,6.00,0.99,24.00,0.00,45.00,1.17
716.913,2472.50,16.83,4.79,72.00,75.00,35.25,74.55,77.50,93.96,49.50,89.00,14.21,37.00,117.29,17.48,6.00,0.99,24.00,0.00,45.00,1.17
717.155,2472.50,16.83,4.79,320.00,75.00,35.25,74.55,77.50,93.96,49.50,89.00,14.21,37.00,117.29,17.48,6.00,0.99,24.00,0.00,45.00,1.17
717.394,2472.50,16.83,4.79,320.00,589.88,35.25,74.55,77.50,93.96,49.50,89.00,14.21,37.00,117.29,17.48,6.00,0.99,24.00,0.00,45.00,1.17
717.634,2472.50,16.83,4.79,320.00,589.88,147.75,74.55,77.50,93.96,49.50,89.00,14.21,37.00,117.29,17.48,6.00,0.99,24.00,0.00,45.00,1.17
717.876,2472.50,16.83,4.79,320.00,589.88,147.75,74.36,77.50,93.96,49.50,89.00,14.21,37.00,117.29,17.48,6.00,0.99,24.00,0.00,45.00,1.17
718.113,2472.50,16.83,4.79,320.00,589.88,147.75,74.36,501.90,93.96,49.50,89.00,14.21,37.00,117.29,17.48,6.00,0.99,24.00,0.00,45.00,1.17
718.354,2472.50,16.83,4.79,320.00,589.88,147.75,74.36,501.90,93.56,49.50,89.00,14.21,37.00,117.29,17.48,6.00,0.99,24.00,0.00,45.00,1.17
718.594,2472.50,16.83,4.79,320.00,589.88,147.75,74.36,501.90,93.56,48.00,89.00,14.21,37.00,117.29,17.48,6.00,0.99,24.00,0.00,45.00,1.17
718.834,2472.50,16.83,4.79,320.00,589.88,147.75,74.36,501.90,93.56,48.00,90.00,14.21,37.00,117.29,17.48,6.00,0.99,24.00,0.00,45.00,1.17
719.076,2472.50,16.83,4.79,320.00,589.88,147.75,74.36,501.90,93.56,48.00,90.00,14.21,37.00,117.29,17.48,6.00,0.99,24.00,0.00,45.00,1.17
719.313,2472.50,16.83,4.79,320.00,589.88,147.75,74.36,501.90,93.56,48.00,90.00,14.21,37.00,117.29,17.48,6.00,0.99,24.00,0.00,45.00,1.17
719.556,2472.50,16.83,4.79,320.00,589.88,147.75,74.36,501.90,93.56,48.00,90.00,14.21,37.00,132.39,17.48,6.00,0.99,24.00,0.00,45.00,1.17
719.793,2472.50,16.83,4.79,320.00,589.88,147.75,74.36,501.90,93.56,48.00,90.00,14.21,37.00,132.39,96.41,6.00,0.99,24.00,0.00,45.00,1.17
720.033,2472.50,16.83,4.79,320.00,589.88,147.75,74.36,501.90,93.56,48.00,90.00,14.21,37.00,132.39,96.41,6.00,0.99,24.00,0.00,45.00,1.17
720.276,2472.50,16.83,4.79,320.00,589.88,147.75,74.36,501.90,93.56,48.00,90.00,14.21,37.00,132.39,96.41,6.00,0.99,24.00,0.00,45.00,1.17
720.513,2472.50,16.83,4.79,320.00,589.88,147.75,74.36,501.90,93.56,48.00,90.00,14.21,37.00,132.39,96.41,6.00,0.99,1.50,0.00,45.00,1.17
720.754,2472.50,16.83,4.79,320.00,589.88,147.75,74.36,501.90,93.56,48.00,90.00,14.21,37.00,132.39,96.41,6.00,0.99,1.50,0.00,45.00,1.17
720.993,2472.50,16.83,4.79,320.00,589.88,147.75,74.36,501.90,93.56,48.00,90.00,14.21,37.00,132.39,96.41,6.00,0.99,1.50,0.00,44.25,1.17
721.233,2472.50,16.83,4.79,320.00,589.88,147.75,74.36,501.90,93.56,48.00,90.00,14.21,37.00,132.39,96.41,6.00,0.99,1.50,0.00,44.25,8.20
721.474,2993.00,16.83,4.79,320.00,589.88,147.75,74.36,501.90,93.56,48.00,90.00,14.21,37.00,132.39,96.41,6.00,0.99,1.50,0.00,44.25,8.20
721.716,2993.00,30.82,4.79,320.00,589.88,147.75,74.36,501.90,93.56,48.00,90.00,14.21,37.00,132.39,96.41,6.00,0.99,1.50,0.00,44.25,8.20
721.956,2993.00,30.82,16.69,320.00,589.88,147.75,74.36,501.90,93.56,48.00,90.00,14.21,37.00,132.39,96.41,6.00,0.99,1.50,0.00,44.25,8.20
722.194,2993.00,30.82,16.69,620.00,589.88,147.75,74.36,501.90,93.56,48.00,90.00,14.21,37.00,132.39,96.41,6.00,0.99,1.50,0.00,44.25,8.20
722.433,2993.00,30.82,16.69,620.00,619.78,147.75,74.36,501.90,93.56,48.00,90.00,14.21,37.00,132.39,96.41,6.00,0.99,1.50,0.00,44.25,8.20
722.676,2993.00,30.82,16.69,620.00,619.78,171.75,74.36,501.90,93.56,48.00,90.00,14.21,37.00,132.39,96.41,6.00,0.99,1.50,0.00,44.25,8.20
722.913,2993.00,30.82,16.69,620.00,619.78,171.75,116.55,501.90,93.56,48.00,90.00,14.21,37.00,132.39,96.41,6.00,0.99,1.50,0.00,44.25,8.20
723.154,2993.00,30.82,16.69,620.00,619.78,171.75,116.55,695.20,93.56,48.00,90.00,14.21,37.00,132.39,96.41,6.00,0.99,1.50,0.00,44.25,8.20
723.393,2993.00,30.82,16.69,620.00,619.78,171.75,116.55,695.20,94.36,48.00,90.00,14.21,37.00,132.39,96.41,6.00,0.99,1.50,0.00,44.25,8.20
723.633,2993.00,30.82,16.69,620.00,619.78,171.75,116.55,695.20,94.36,47.25,90.00,14.21,37.00,132.39,96.41,6.00,0.99,1.50,0.00,44.25,8.20
723.876,2993.00,30.82,16.69,620.00,619.78,171.75,116.55,695.20,94.36,47.25,91.00,14.21,37.00,132.39,96.41,6.00,0.99,1.50,0.00,44.25,8.20
724.114,2993.00,30.82,16.69,620.00,619.78,171.75,116.55,695.20,94.36,47.25,91.00,14.21,37.00,132.39,96.41,6.00,0.99,1.50,0.00,44.25,8.20
724.355,2993.00,30.82,16.69,620.00,619.78,171.75,116.55,695.20,94.36,47.25,91.00,14.21,37.00,132.39,96.41,6.00,0.99,1.50,0.00,44.25,8.20
724.593,2993.00,30.82,16.69,620.00,619.78,171.75,116.55,695.20,94.36,47.25,91.00,14.21,37.00,162.33,96.41,6.00,0.99,1.50,0.00,44.25,8.20
724.834,2993.00,30.82,16.69,620.00,619.78,171.75,116.55,695.20,94.36,47.25,91.00,14.21,37.00,162.33,96.12,6.00,0.99,1.50,0.00,44.25,8.20
725.076,2993.00,30.82,16.69,620.00,619.78,171.75,116.55,695.20,94.36,47.25,91.00,14.21,37.00,162.33,96.12,6.00,0.99,1.50,0.00,44.25,8.20
725.314,2993.00,30.82,16.69,620.00,619.78,171.75,116.55,695.20,94.36,47.25,91.00,14.21,37.00,162.33,96.12,6.00,0.99,1.50,0.00,44.25,8.20
725.556,2993.00,30.82,16.69,620.00,619.78,171.75,116.55,695.20,94.36,47.25,91.00,14.21,37.00,162.33,96.12,6.00,0.99,0.00,0.00,44.25,8.20
725.794,2993.00,30.82,16.69,620.00,619.78,171.75,116.55,695.20,94.36,47.25,91.00,14.21,37.00,162.33,96.12,6.00,0.99,0.00,0.00,44.25,8.20
726.034,2993.00,30.82,16.69,620.00,619.78,171.75,116.55,695.20,94.36,47.25,91.00,14.21,37.00,162.33,96.12,6.00,0.99,0.00,0.00,46.50,8.20
726.276,2993.00,30.82,16.69,620.00,619.78,171.75,116.55,695.20,94.36,47.25,91.00,14.21,37.00,162.33,96.12,6.00,0.99,0.00,0.00,46.50,10.94
726.514,3585.00,30.82,16.69,620.00,619.78,171.75,116.55,695.20,94.36,47.25,91.00,14.21,37.00,162.33,96.12,6.00,0.99,0.00,0.00,46.50,10.94
726.756,3585.00,33.52,16.69,620.00,619.78,171.75,116.55,695.20,94.36,47.25,91.00,14.21,37.00,162.33,96.12,6.00,0.99,0.00,0.00,46.50,10.94
726.993,3585.00,33.52,19.41,620.00,619.78,171.75,116.55,695.20,94.36,47.25,91.00,14.21,37.00,162.33,96.12,6.00,0.99,0.00,0.00,46.50,10.94
727.234,3585.00,33.52,19.41,768.00,619.78,171.75,116.55,695.20,94.36,47.25,91.00,14.21,37.00,162.33,96.12,6.00,0.99,0.00,0.00,46.50,10.94
727.476,3585.00,33.52,19.41,768.00,733.38,171.75,116.55,695.20,94.36,47.25,91.00,14.21,37.00,162.33,96.12,6.00,0.99,0.00,0.00,46.50,10.94
727.713,3585.00,33.52,19.41,768.00,733.38,181.50,116.55,695.20,94.36,47.25,91.00,14.21,37.00,162.33,96.12,6.00,0.99,0.00,0.00,46.50,10.94
727.954,3585.00,33.52,19.41,768.00,733.38,181.50,136.54,695.20,94.36,47.25,91.00,14.21,37.00,162.33,96.12,6.00,0.99,0.00,0.00,46.50,10.94
728.193,3585.00,33.52,19.41,768.00,733.38,181.50,136.54,746.20,94.36,47.25,91.00,14.21,37.00,162.33,96.12,6.00,0.99,0.00,0.00,46.50,10.94
728.434,3585.00,33.52,19.41,768.00,733.38,181.50,136.54,746.20,89.16,47.25,91.00,14.21,37.00,162.33,96.12,6.00,0.99,0.00,0.00,46.50,10.94
728.676,3585.00,33.52,19.41,768.00,733.38,181.50,136.54,746.20,89.16,77.25,91.00,14.21,37.00,162.33,96.12,6.00,0.99,0.00,0.00,46.50,10.94
728.914,3585.00,33.52,19.41,768.00,733.38,181.50,136.54,746.20,89.16,77.25,92.00,14.21,37.00,162.33,96.12,6.00,0.99,0.00,0.00,46.50,10.94
729.154,3585.00,33.52,19.41,768.00,733.38,181.50,136.54,746.20,89.16,77.25,92.00,14.20,37.00,162.33,96.12,6.00,0.99,0.00,0.00,46.50,10.94
729.394,3585.00,33.52,19.41,768.00,733.38,181.50,136.54,746.20,89.16,77.25,92.00,14.20,37.00,162.33,96.12,6.00,0.99,0.00,0.00,46.50,10.94
729.633,3585.00,33.52,19.41,768.00,733.38,181.50,136.54,746.20,89.16,77.25,92.00,14.20,37.00,190.07,96.12,6.00,0.99,0.00,0.00,46.50,10.94
729.874,3585.00,33.52,19.41,768.00,733.38,181.50,136.54,746.20,89.16,77.25,92.00,14.20,37.00,190.07,94.88,6.00,0.99,0.00,0.00,46.50,10.94
730.113,3585.00,33.52,19.41,768.00,733.38,181.50,136.54,746.20,89.16,77.25,92.00,14.20,37.00,190.07,94.88,6.00,0.99,0.00,0.00,46.50,10.94
730.356,3585.00,33.52,19.41,768.00,733.38,181.50,136.54,746.20,89.16,77.25,92.00,14.20,37.00,190.07,94.88,6.00,0.90,0.00,0.00,46.50,10.94
730.594,3585.00,33.52,19.41,768.00,733.38,181.50,136.54,746.20,89.16,77.25,92.00,14.20,37.00,190.07,94.88,6.00,0.90,-2.25,0.00,46.50,10.94
730.833,3585.00,33.52,19.41,768.00,733.38,181.50,136.54,746.20,89.16,77.25,92.00,14.20,37.00,190.07,94.88,6.00,0.90,-2.25,0.00,46.50,10.94
731.075,3585.00,33.52,19.41,768.00,733.38,181.50,136.54,746.20,89.16,77.25,92.00,14.20,37.00,190.07,94.88,6.00,0.90,-2.25,0.00,50.25,10.94
731.314,3585.00,33.52,19.41,768.00,733.38,181.50,136.54,746.20,89.16,77.25,92.00,14.20,37.00,190.07,94.88,6.00,0.90,-2.25,0.00,50.25,14.84
731.554,4141.50,33.52,19.41,768.00,733.38,181.50,136.54,746.20,89.16,77.25,92.00,14.20,37.00,190.07,94.88,6.00,0.90,-2.25,0.00,50.25,14.84
731.794,4141.50,31.84,19.41,768.00,733.38,181.50,136.54,746.20,89.16,77.25,92.00,14.20,37.00,190.07,94.88,6.00,0.90,-2.25,0.00,50.25,14.84
732.033,4141.50,31.84,17.62,768.00,733.38,181.50,136.54,746.20,89.16,77.25,92.00,14.20,37.00,190.07,94.88,6.00,0.90,-2.25,0.00,50.25,14.84
732.276,4141.50,31.84,17.62,852.00,733.38,181.50,136.54,746.20,89.16,77.25,92.00,14.20,37.00,190.07,94.88,6.00,0.90,-2.25,0.00,50.25,14.84
732.514,4141.50,31.84,17.62,852.00,534.00,181.50,136.54,746.20,89.16,77.25,92.00,14.20,37.00,190.07,94.88,6.00,0.90,-2.25,0.00,50.25,14.84
732.756,4141.50,31.84,17.62,852.00,534.00,16.50,136.54,746.20,89.16,77.25,92.00,14.20,37.00,190.07,94.88,6.00,0.90,-2.25,0.00,50.25,14.84
732.993,4141.50,31.84,17.62,852.00,534.00,16.50,148.96,746.20,89.16,77.25,92.00,14.20,37.00,190.07,94.88,6.00,0.90,-2.25,0.00,50.25,14.84
733.233,4141.50,31.84,17.62,852.00,534.00,16.50,148.96,91.50,89.16,77.25,92.00,14.20,37.00,190.07,94.88,6.00,0.90,-2.25,0.00,50.25,14.84
733.474,4141.50,31.84,17.62,852.00,534.00,16.50,148.96,91.50,89.06,77.25,92.00,14.20,37.00,190.07,94.88,6.00,0.90,-2.25,0.00,50.25,14.84
733.714,4141.50,31.84,17.62,852.00,534.00,16.50,148.96,91.50,89.06,79.50,92.00,14.20,37.00,190.07,94.88,6.00,0.90,-2.25,0.00,50.25,14.84
733.956,4141.50,31.84,17.62,852.00,534.00,16.50,148.96,91.50,89.06,79.50,93.00,14.20,37.00,190.07,94.88,6.00,0.90,-2.25,0.00,50.25,14.84
734.193,4141.50,31.84,17.62,852.00,534.00,16.50,148.96,91.50,89.06,79.50,93.00,14.20,37.00,190.07,94.88,6.00,0.90,-2.25,0.00,50.25,14.84
734.433,4141.50,31.84,17.62,852.00,534.00,16.50,148.96,91.50,89.06,79.50,93.00,14.20,37.00,190.07,94.88,6.00,0.90,-2.25,0.00,50.25,14.84
734.675,4141.50,31.84,17.62,852.00,534.00,16.50,148.96,91.50,89.06,79.50,93.00,14.20,37.00,199.46,94.88,6.00,0.90,-2.25,0.00,50.25,14.84
734.913,4141.50,31.84,17.62,852.00,534.00,16.50,148.96,91.50,89.06,79.50,93.00,14.20,37.00,199.46,16.74,6.00,0.90,-2.25,0.00,50.25,14.84
735.156,4141.50,31.84,17.62,852.00,534.00,16.50,148.96,91.50,89.06,79.50,93.00,14.20,37.00,199.46,16.74,6.00,0.90,-2.25,0.00,50.25,14.84
735.393,4141.50,31.84,17.62,852.00,534.00,16.50,148.96,91.50,89.06,79.50,93.00,14.20,37.00,199.46,16.74,6.00,0.89,-2.25,0.00,50.25,14.84
735.634,4141.50,31.84,17.62,852.00,534.00,16.50,148.96,91.50,89.06,79.50,93.00,14.20,37.00,199.46,16.74,6.00,0.89,-3.75,0.00,50.25,14.84
735.875,4141.50,31.84,17.62,852.00,534.00,16.50,148.96,91.50,89.06,79.50,93.00,14.20,37.00,199.46,16.74,6.00,0.89,-3.75,0.00,50.25,14.84
736.114,4141.50,31.84,17.62,852.00,534.00,16.50,148.96,91.50,89.06,79.50,93.00,14.20,37.00,199.46,16.74,6.00,0.89,-3.75,0.00,49.50,14.84
736.354,4141.50,31.84,17.62,852.00,534.00,16.50,148.96,91.50,89.06,79.50,93.00,14.20,37.00,199.46,16.74,6.00,0.89,-3.75,0.00,49.50,0.00
736.594,3972.00,31.84,17.62,852.00,534.00,16.50,148.96,91.50,89.06,79.50,93.00,14.20,37.00,199.46,16.74,6.00,0.89,-3.75,0.00,49.50,0.00
736.834,3972.00,13.46,17.62,852.00,534.00,16.50,148.96,91.50,89.06,79.50,93.00,14.20,37.00,199.46,16.74,6.00,0.89,-3.75,0.00,49.50,0.00
737.075,3972.00,13.46,1.34,852.00,534.00,16.50,148.96,91.50,89.06,79.50,93.00,14.20,37.00,199.46,16.74,6.00,0.89,-3.75,0.00,49.50,0.00
737.314,3972.00,13.46,1.34,84.00,534.00,16.50,148.96,91.50,89.06,79.50,93.00,14.20,37.00,199.46,16.74,6.00,0.89,-3.75,0.00,49.50,0.00
737.554,3972.00,13.46,1.34,84.00,83.25,16.50,148.96,91.50,89.06,79.50,93.00,14.20,37.00,199.46,16.74,6.00,0.89,-3.75,0.00,49.50,0.00
737.794,3972.00,13.46,1.34,84.00,83.25,24.00,148.96,91.50,89.06,79.50,93.00,14.20,37.00,199.46,16.74,6.00,0.89,-3.75,0.00,49.50,0.00
738.034,3972.00,13.46,1.34,84.00,83.25,24.00,130.54,91.50,89.06,79.50,93.00,14.20,37.00,199.46,16.74,6.00,0.89,-3.75,0.00,49.50,0.00
738.275,3972.00,13.46,1.34,84.00,83.25,24.00,130.54,107.60,89.06,79.50,93.00,14.20,37.00,199.46,16.74,6.00,0.89,-3.75,0.00,49.50,0.00
738.514,3972.00,13.46,1.34,84.00,83.25,24.00,130.54,107.60,88.76,79.50,93.00,14.20,37.00,199.46,16.74,6.00,0.89,-3.75,0.00,49.50,0.00
738.756,3972.00,13.46,1.34,84.00,83.25,24.00,130.54,107.60,88.76,81.00,93.00,14.20,37.00,199.46,16.74,6.00,0.89,-3.75,0.00,49.50,0.00
738.994,3972.00,13.46,1.34,84.00,83.25,24.00,130.54,107.60,88.76,81.00,90.00,14.20,37.00,199.46,16.74,6.00,0.89,-3.75,0.00,49.50,0.00
739.234,3972.00,13.46,1.34,84.00,83.25,24.00,130.54,107.60,88.76,81.00,90.00,14.20,37.00,199.46,16.74,6.00,0.89,-3.75,0.00,49.50,0.00
739.475,3972.00,13.46,1.34,84.00,83.25,24.00,130.54,107.60,88.76,81.00,90.00,14.20,37.00,199.46,16.74,6.00,0.89,-3.75,0.00,49.50,0.00
739.714,3972.00,13.46,1.34,84.00,83.25,24.00,130.54,107.60,88.76,81.00,90.00,14.20,37.00,181.01,16.74,6.00,0.89,-3.75,0.00,49.50,0.00
739.956,3972.00,13.46,1.34,84.00,83.25,24.00,130.54,107.60,88.76,81.00,90.00,14.20,37.00,181.01,20.52,6.00,0.89,-3.75,0.00,49.50,0.00
740.194,3972.00,13.46,1.34,84.00,83.25,24.00,130.54,107.60,88.76,81.00,90.00,14.20,37.00,181.01,20.52,6.00,0.89,-3.75,0.00,49.50,0.00
740.433,3972.00,13.46,1.34,84.00,83.25,24.00,130.54,107.60,88.76,81.00,90.00,14.20,37.00,181.01,20.52,6.00,16.00,-3.75,0.00,49.50,0.00
740.675,3972.00,13.46,1.34,84.00,83.25,24.00,130.54,107.60,88.76,81.00,90.00,14.20,37.00,181.01,20.52,6.00,16.00,-9.00,0.00,49.50,0.00
740.914,3972.00,13.46,1.34,84.00,83.25,24.00,130.54,107.60,88.76,81.00,90.00,14.20,37.00,181.01,20.52,6.00,16.00,-9.00,1.00,49.50,0.00
741.156,3972.00,13.46,1.34,84.00,83.25,24.00,130.54,107.60,88.76,81.00,90.00,14.20,37.00,181.01,20.52,6.00,16.00,-9.00,1.00,48.75,0.00
741.394,3972.00,13.46,1.34,84.00,83.25,24.00,130.54,107.60,88.76,81.00,90.00,14.20,37.00,181.01,20.52,6.00,16.00,-9.00,1.00,48.75,0.00
741.633,3503.00,13.46,1.34,84.00,83.25,24.00,130.54,107.60,88.76,81.00,90.00,14.20,37.00,181.01,20.52,6.00,16.00,-9.00,1.00,48.75,0.00
741.875,3503.00,14.11,1.34,84.00,83.25,24.00,130.54,107.60,88.76,81.00,90.00,14.20,37.00,181.01,20.52,6.00,16.00,-9.00,1.00,48.75,0.00
742.113,3503.00,14.11,1.29,84.00,83.25,24.00,130.54,107.60,88.76,81.00,90.00,14.20,37.00,181.01,20.52,6.00,16.00,-9.00,1.00,48.75,0.00
742.356,3503.00,14.11,1.29,92.00,83.25,24.00,130.54,107.60,88.76,81.00,90.00,14.20,37.00,181.01,20.52,6.00,16.00,-9.00,1.00,48.75,0.00
742.594,3503.00,14.11,1.29,92.00,92.00,24.00,130.54,107.60,88.76,81.00,90.00,14.20,37.00,181.01,20.52,6.00,16.00,-9.00,1.00,48.75,0.00
742.834,3503.00,14.11,1.29,92.00,92.00,24.00,130.54,107.60,88.76,81.00,90.00,14.20,37.00,181.01,20.52,6.00,16.00,-9.00,1.00,48.75,0.00
743.074,3503.00,14.11,1.29,92.00,92.00,24.00,110.94,107.60,88.76,81.00,90.00,14.20,37.00,181.01,20.52,6.00,16.00,-9.00,1.00,48.75,0.00
743.313,3503.00,14.11,1.29,92.00,92.00,24.00,110.94,88.10,88.76,81.00,90.00,14.20,37.00,181.01,20.52,6.00,16.00,-9.00,1.00,48.75,0.00
743.556,3503.00,14.11,1.29,92.00,92.00,24.00,110.94,88.10,85.86,81.00,90.00,14.20,37.00,181.01,20.52,6.00,16.00,-9.00,1.00,48.75,0.00
743.794,3503.00,14.11,1.29,92.00,92.00,24.00,110.94,88.10,85.86,78.75,90.00,14.20,37.00,181.01,20.52,6.00,16.00,-9.00,1.00,48.75,0.00
744.034,3503.00,14.11,1.29,92.00,92.00,24.00,110.94,88.10,85.86,78.75,90.00,14.20,37.00,181.01,20.52,6.00,16.00,-9.00,1.00,48.75,0.00
744.274,3503.00,14.11,1.29,92.00,92.00,24.00,110.94,88.10,85.86,78.75,90.00,14.21,37.00,181.01,20.52,6.00,16.00,-9.00,1.00,48.75,0.00
744.513,3503.00,14.11,1.29,92.00,92.00,24.00,110.94,88.10,85.86,78.75,90.00,14.21,37.00,181.01,20.52,6.00,16.00,-9.00,1.00,48.75,0.00
744.756,3503.00,14.11,1.29,92.00,92.00,24.00,110.94,88.10,85.86,78.75,90.00,14.21,37.00,146.88,20.52,6.00,16.00,-9.00,1.00,48.75,0.00
744.994,3503.00,14.11,1.29,92.00,92.00,24.00,110.94,88.10,85.86,78.75,90.00,14.21,37.00,146.88,19.15,6.00,16.00,-9.00,1.00,48.75,0.00
745.234,3503.00,14.11,1.29,92.00,92.00,24.00,110.94,88.10,85.86,78.75,90.00,14.21,37.00,146.88,19.15,6.00,16.00,-9.00,1.00,48.75,0.00
745.475,3503.00,14.11,1.29,92.00,92.00,24.00,110.94,88.10,85.86,78.75,90.00,14.21,37.00,146.88,19.15,6.00,16.00,-9.00,1.00,48.75,0.00
745.714,3503.00,14.11,1.29,92.00,92.00,24.00,110.94,88.10,85.86,78.75,90.00,14.21,37.00,146.88,19.15,6.00,16.00,-15.00,1.00,48.75,0.00
745.956,3503.00,14.11,1.29,92.00,92.00,24.00,110.94,88.10,85.86,78.75,90.00,14.21,37.00,146.88,19.15,6.00,16.00,-15.00,0.00,48.75,0.00
746.193,3503.00,14.11,1.29,92.00,92.00,24.00,110.94,88.10,85.86,78.75,90.00,14.21,37.00,146.88,19.15,6.00,16.00,-15.00,0.00,48.00,0.00
746.644,3503.00,14.11,1.29,92.00,92.00,24.00,110.94,88.10,85.86,78.75,90.00,14.21,37.00,146.88,19.15,6.00,16.00,-15.00,0.00,48.00,0.00
746.884,2226.00,14.11,1.29,92.00,92.00,24.00,110.94,88.10,85.86,78.75,90.00,14.21,37.00,146.88,19.15,6.00,16.00,-15.00,0.00,48.00,0.00
747.123,2226.00,13.48,1.29,92.00,92.00,24.00,110.94,88.10,85.86,78.75,90.00,14.21,37.00,146.88,19.15,6.00,16.00,-15.00,0.00,48.00,0.00
747.366,2226.00,13.48,0.57,92.00,92.00,24.00,110.94,88.10,85.86,78.75,90.00,14.21,37.00,146.88,19.15,6.00,16.00,-15.00,0.00,48.00,0.00
747.603,2226.00,13.48,0.57,40.00,92.00,24.00,110.94,88.10,85.86,78.75,90.00,14.21,37.00,146.88,19.15,6.00,16.00,-15.00,0.00,48.00,0.00
747.844,2226.00,13.48,0.57,40.00,42.47,24.00,110.94,88.10,85.86,78.75,90.00,14.21,37.00,146.88,19.15,6.00,16.00,-15.00,0.00,48.00,0.00
748.084,2226.00,13.48,0.57,40.00,42.47,16.50,110.94,88.10,85.86,78.75,90.00,14.21,37.00,146.88,19.15,6.00,16.00,-15.00,0.00,48.00,0.00
748.324,2226.00,13.48,0.57,40.00,42.47,16.50,100.75,88.10,85.86,78.75,90.00,14.21,37.00,146.88,19.15,6.00,16.00,-15.00,0.00,48.00,0.00
748.564,2226.00,13.48,0.57,40.00,42.47,16.50,100.75,40.50,85.86,78.75,90.00,14.21,37.00,146.88,19.15,6.00,16.00,-15.00,0.00,48.00,0.00
748.803,2226.00,13.48,0.57,40.00,42.47,16.50,100.75,40.50,83.66,78.75,90.00,14.21,37.00,146.88,19.15,6.00,16.00,-15.00,0.00,48.00,0.00
749.044,2226.00,13.48,0.57,40.00,42.47,16.50,100.75,40.50,83.66,73.50,90.00,14.21,37.00,146.88,19.15,6.00,16.00,-15.00,0.00,48.00,0.00
749.284,2226.00,13.48,0.57,40.00,42.47,16.50,100.75,40.50,83.66,73.50,89.00,14.21,37.00,146.88,19.15,6.00,16.00,-15.00,0.00,48.00,0.00
749.523,2226.00,13.48,0.57,40.00,42.47,16.50,100.75,40.50,83.66,73.50,89.00,14.20,37.00,146.88,19.15,6.00,16.00,-15.00,0.00,48.00,0.00
749.766,2226.00,13.48,0.57,40.00,42.47,16.50,100.75,40.50,83.66,73.50,89.00,14.20,37.00,146.88,19.15,6.00,16.00,-15.00,0.00,48.00,0.00
750.004,2226.00,13.48,0.57,40.00,42.47,16.50,100.75,40.50,83.66,73.50,89.00,14.20,37.00,131.58,19.15,6.00,16.00,-15.00,0.00,48.00,0.00
750.244,2226.00,13.48,0.57,40.00,42.47,16.50,100.75,40.50,83.66,73.50,89.00,14.20,37.00,131.58,11.17,6.00,16.00,-15.00,0.00,48.00,0.00
750.484,2226.00,13.48,0.57,40.00,42.47,16.50,100.75,40.50,83.66,73.50,89.00,14.20,37.00,131.58,11.17,6.00,16.00,-15.00,0.00,48.00,0.00
750.724,2226.00,13.48,0.57,40.00,42.47,16.50,100.75,40.50,83.66,73.50,89.00,14.20,37.00,131.58,11.17,6.00,16.00,-15.00,0.00,48.00,0.00
750.966,2226.00,13.48,0.57,40.00,42.47,16.50,100.75,40.50,83.66,73.50,89.00,14.20,37.00,131.58,11.17,6.00,16.00,-16.50,0.00,48.00,0.00
751.203,2226.00,13.48,0.57,40.00,42.47,16.50,100.75,40.50,83.66,73.50,89.00,14.20,37.00,131.58,11.17,6.00,16.00,-16.50,0.00,48.00,0.00
751.443,2226.00,13.48,0.57,40.00,42.47,16.50,100.75,40.50,83.66,73.50,89.00,14.20,37.00,131.58,11.17,6.00,16.00,-16.50,0.00,48.00,0.00
751.684,2226.00,13.48,0.57,40.00,42.47,16.50,100.75,40.50,83.66,73.50,89.00,14.20,37.00,131.58,11.17,6.00,16.00,-16.50,0.00,48.00,0.78
751.924,2001.50,13.48,0.57,40.00,42.47,16.50,100.75,40.50,83.66,73.50,89.00,14.20,37.00,131.58,11.17,6.00,16.00,-16.50,0.00,48.00,0.78
752.166,2001.50,13.48,0.57,40.00,42.47,16.50,100.75,40.50,83.66,73.50,89.00,14.20,37.00,131.58,11.17,6.00,16.00,-16.50,0.00,48.00,0.78
752.404,2001.50,13.48,0.31,40.00,42.47,16.50,100.75,40.50,83.66,73.50,89.00,14.20,37.00,131.58,11.17,6.00,16.00,-16.50,0.00,48.00,0.78
752.644,2001.50,13.48,0.31,44.00,42.47,16.50,100.75,40.50,83.66,73.50,89.00,14.20,37.00,131.58,11.17,6.00,16.00,-16.50,0.00,48.00,0.78
752.884,2001.50,13.48,0.31,44.00,29.88,16.50,100.75,40.50,83.66,73.50,89.00,14.20,37.00,131.58,11.17,6.00,16.00,-16.50,0.00,48.00,0.78
753.124,2001.50,13.48,0.31,44.00,29.88,12.00,100.75,40.50,83.66,73.50,89.00,14.20,37.00,131.58,11.17,6.00,16.00,-16.50,0.00,48.00,0.78
753.366,2001.50,13.48,0.31,44.00,29.88,12.00,96.74,40.50,83.66,73.50,89.00,14.20,37.00,131.58,11.17,6.00,16.00,-16.50,0.00,48.00,0.78
753.604,2001.50,13.48,0.31,44.00,29.88,12.00,96.74,28.10,83.66,73.50,89.00,14.20,37.00,131.58,11.17,6.00,16.00,-16.50,0.00,48.00,0.78
753.844,2001.50,13.48,0.31,44.00,29.88,12.00,96.74,28.10,82.16,73.50,89.00,14.20,37.00,131.58,11.17,6.00,16.00,-16.50,0.00,48.00,0.78
754.083,2001.50,13.48,0.31,44.00,29.88,12.00,96.74,28.10,82.16,69.75,89.00,14.20,37.00,131.58,11.17,6.00,16.00,-16.50,0.00,48.00,0.78
754.323,2001.50,13.48,0.31,44.00,29.88,12.00,96.74,28.10,82.16,69.75,89.00,14.20,37.00,131.58,11.17,6.00,16.00,-16.50,0.00,48.00,0.78
754.566,2001.50,13.48,0.31,44.00,29.88,12.00,96.74,28.10,82.16,69.75,89.00,14.20,37.00,131.58,11.17,6.00,16.00,-16.50,0.00,48.00,0.78
754.804,2001.50,13.48,0.31,44.00,29.88,12.00,96.74,28.10,82.16,69.75,89.00,14.20,37.00,131.58,11.17,6.00,16.00,-16.50,0.00,48.00,0.78
755.044,2001.50,13.48,0.31,44.00,29.88,12.00,96.74,28.10,82.16,69.75,89.00,14.20,37.00,119.06,11.17,6.00,16.00,-16.50,0.00,48.00,0.78
755.283,2001.50,13.48,0.31,44.00,29.88,12.00,96.74,28.10,82.16,69.75,89.00,14.20,37.00,119.06,9.27,6.00,16.00,-16.50,0.00,48.00,0.78
755.523,2001.50,13.48,0.31,44.00,29.88,12.00,96.74,28.10,82.16,69.75,89.00,14.20,37.00,119.06,9.27,6.00,16.00,-16.50,0.00,48.00,0.78
755.764,2001.50,13.48,0.31,44.00,29.88,12.00,96.74,28.10,82.16,69.75,89.00,14.20,37.00,119.06,9.27,6.00,2.36,-16.50,0.00,48.00,0.78
756.004,2001.50,13.48,0.31,44.00,29.88,12.00,96.74,28.10,82.16,69.75,89.00,14.20,37.00,119.06,9.27,6.00,2.36,21.75,0.00,48.00,0.78
756.243,2001.50,13.48,0.31,44.00,29.88,12.00,96.74,28.10,82.16,69.75,89.00,14.20,37.00,119.06,9.27,6.00,2.36,21.75,0.00,48.00,0.78
756.484,2001.50,13.48,0.31,44.00,29.88,12.00,96.74,28.10,82.16,69.75,89.00,14.20,37.00,119.06,9.27,6.00,2.36,21.75,0.00,48.00,0.78
756.754,2001.50,13.48,0.31,44.00,29.88,12.00,96.74,28.10,82.16,69.75,89.00,14.20,37.00,119.06,9.27,6.00,2.36,21.75,0.00,48.00,0.00
756.994,1880.50,13.48,0.31,44.00,29.88,12.00,96.74,28.10,82.16,69.75,89.00,14.20,37.00,119.06,9.27,6.00,2.36,21.75,0.00,48.00,0.00
757.234,1880.50,13.81,0.31,44.00,29.88,12.00,96.74,28.10,82.16,69.75,89.00,14.20,37.00,119.06,9.27,6.00,2.36,21.75,0.00,48.00,0.00
757.476,1880.50,13.81,1.98,44.00,29.88,12.00,96.74,28.10,82.16,69.75,89.00,14.20,37.00,119.06,9.27,6.00,2.36,21.75,0.00,48.00,0.00
757.714,1880.50,13.81,1.98,116.00,29.88,12.00,96.74,28.10,82.16,69.75,89.00,14.20,37.00,119.06,9.27,6.00,2.36,21.75,0.00,48.00,0.00
757.955,1880.50,13.81,1.98,116.00,111.31,12.00,96.74,28.10,82.16,69.75,89.00,14.20,37.00,119.06,9.27,6.00,2.36,21.75,0.00,48.00,0.00
758.194,1880.50,13.81,1.98,116.00,111.31,50.25,96.74,28.10,82.16,69.75,89.00,14.20,37.00,119.06,9.27,6.00,2.36,21.75,0.00,48.00,0.00
758.434,1880.50,13.81,1.98,116.00,111.31,50.25,92.55,28.10,82.16,69.75,89.00,14.20,37.00,119.06,9.27,6.00,2.36,21.75,0.00,48.00,0.00
758.676,1880.50,13.81,1.98,116.00,111.31,50.25,92.55,108.00,82.16,69.75,89.00,14.20,37.00,119.06,9.27,6.00,2.36,21.75,0.00,48.00,0.00
758.914,1880.50,13.81,1.98,116.00,111.31,50.25,92.55,108.00,82.26,69.75,89.00,14.20,37.00,119.06,9.27,6.00,2.36,21.75,0.00,48.00,0.00
759.154,1880.50,13.81,1.98,116.00,111.31,50.25,92.55,108.00,82.26,66.00,89.00,14.20,37.00,119.06,9.27,6.00,2.36,21.75,0.00,48.00,0.00
759.393,1880.50,13.81,1.98,116.00,111.31,50.25,92.55,108.00,82.26,66.00,88.00,14.20,37.00,119.06,9.27,6.00,2.36,21.75,0.00,48.00,0.00
759.634,1880.50,13.81,1.98,116.00,111.31,50.25,92.55,108.00,82.26,66.00,88.00,14.20,37.00,119.06,9.27,6.00,2.36,21.75,0.00,48.00,0.00
759.876,1880.50,13.81,1.98,116.00,111.31,50.25,92.55,108.00,82.26,66.00,88.00,14.20,37.00,119.06,9.27,6.00,2.36,21.75,0.00,48.00,0.00
760.114,1880.50,13.81,1.98,116.00,111.31,50.25,92.55,108.00,82.26,66.00,88.00,14.20,37.00,117.99,9.27,6.00,2.36,21.75,0.00,48.00,0.00
760.355,1880.50,13.81,1.98,116.00,111.31,50.25,92.55,108.00,82.26,66.00,88.00,14.20,37.00,117.99,17.62,6.00,2.36,21.75,0.00,48.00,0.00
760.594,1880.50,13.81,1.98,116.00,111.31,50.25,92.55,108.00,82.26,66.00,88.00,14.20,37.00,117.99,17.62,6.00,2.36,21.75,0.00,48.00,0.00
760.834,1880.50,13.81,1.98,116.00,111.31,50.25,92.55,108.00,82.26,66.00,88.00,14.20,37.00,117.99,17.62,6.00,1.01,21.75,0.00,48.00,0.00
761.076,1880.50,13.81,1.98,116.00,111.31,50.25,92.55,108.00,82.26,66.00,88.00,14.20,37.00,117.99,17.62,6.00,1.01,21.00,0.00,48.00,0.00
761.313,1880.50,13.81,1.98,116.00,111.31,50.25,92.55,108.00,82.26,66.00,88.00,14.20,37.00,117.99,17.62,6.00,1.01,21.00,0.00,48.00,0.00
761.555,1880.50,13.81,1.98,116.00,111.31,50.25,92.55,108.00,82.26,66.00,88.00,14.20,37.00,117.99,17.62,6.00,1.01,21.00,0.00,47.25,0.00
761.794,1880.50,13.81,1.98,116.00,111.31,50.25,92.55,108.00,82.26,66.00,88.00,14.20,37.00,117.99,17.62,6.00,1.01,21.00,0.00,47.25,0.39
762.034,1886.50,13.81,1.98,116.00,111.31,50.25,92.55,108.00,82.26,66.00,88.00,14.20,37.00,117.99,17.62,6.00,1.01,21.00,0.00,47.25,0.39
762.276,1886.50,13.59,1.98,116.00,111.31,50.25,92.55,108.00,82.26,66.00,88.00,14.20,37.00,117.99,17.62,6.00,1.01,21.00,0.00,47.25,0.39
762.513,1886.50,13.59,1.99,116.00,111.31,50.25,92.55,108.00,82.26,66.00,88.00,14.20,37.00,117.99,17.62,6.00,1.01,21.00,0.00,47.25,0.39
762.755,1886.50,13.59,1.99,96.00,111.31,50.25,92.55,108.00,82.26,66.00,88.00,14.20,37.00,117.99,17.62,6.00,1.01,21.00,0.00,47.25,0.39
762.994,1886.50,13.59,1.99,96.00,96.34,50.25,92.55,108.00,82.26,66.00,88.00,14.20,37.00,117.99,17.62,6.00,1.01,21.00,0.00,47.25,0.39
763.234,1886.50,13.59,1.99,96.00,96.34,45.00,92.55,108.00,82.26,66.00,88.00,14.20,37.00,117.99,17.62,6.00,1.01,21.00,0.00,47.25,0.39
763.476,1886.50,13.59,1.99,96.00,96.34,45.00,90.65,108.00,82.26,66.00,88.00,14.20,37.00,117.99,17.62,6.00,1.01,21.00,0.00,47.25,0.39
763.714,1886.50,13.59,1.99,96.00,96.34,45.00,90.65,26.00,82.26,66.00,88.00,14.20,37.00,117.99,17.62,6.00,1.01,21.00,0.00,47.25,0.39
763.954,1886.50,13.59,1.99,96.00,96.34,45.00,90.65,26.00,85.66,66.00,88.00,14.20,37.00,117.99,17.62,6.00,1.01,21.00,0.00,47.25,0.39
764.194,1886.50,13.59,1.99,96.00,96.34,45.00,90.65,26.00,85.66,64.50,88.00,14.20,37.00,117.99,17.62,6.00,1.01,21.00,0.00,47.25,0.39
764.434,1886.50,13.59,1.99,96.00,96.34,45.00,90.65,26.00,85.66,64.50,88.00,14.20,37.00,117.99,17.62,6.00,1.01,21.00,0.00,47.25,0.39
764.676,1886.50,13.59,1.99,96.00,96.34,45.00,90.65,26.00,85.66,64.50,88.00,14.19,37.00,117.99,17.62,6.00,1.01,21.00,0.00,47.25,0.39
764.914,1886.50,13.59,1.99,96.00,96.34,45.00,90.65,26.00,85.66,64.50,88.00,14.19,37.00,117.99,17.62,6.00,1.01,21.00,0.00,47.25,0.39
765.155,1886.50,13.59,1.99,96.00,96.34,45.00,90.65,26.00,85.66,64.50,88.00,14.19,37.00,113.42,17.62,6.00,1.01,21.00,0.00,47.25,0.39
765.394,1886.50,13.59,1.99,96.00,96.34,45.00,90.65,26.00,85.66,64.50,88.00,14.19,37.00,113.42,11.98,6.00,1.01,21.00,0.00,47.25,0.39
765.633,1886.50,13.59,1.99,96.00,96.34,45.00,90.65,26.00,85.66,64.50,88.00,14.19,37.00,113.42,11.98,6.00,1.01,21.00,0.00,47.25,0.39
765.876,1886.50,13.59,1.99,96.00,96.34,45.00,90.65,26.00,85.66,64.50,88.00,14.19,37.00,113.42,11.98,6.00,3.19,21.00,0.00,47.25,0.39
766.114,1886.50,13.59,1.99,96.00,96.34,45.00,90.65,26.00,85.66,64.50,88.00,14.19,37.00,113.42,11.98,6.00,3.19,-15.75,0.00,47.25,0.39
766.355,1886.50,13.59,1.99,96.00,96.34,45.00,90.65,26.00,85.66,64.50,88.00,14.19,37.00,113.42,11.98,6.00,3.19,-15.75,1.00,47.25,0.39
766.593,1886.50,13.59,1.99,96.00,96.34,45.00,90.65,26.00,85.66,64.50,88.00,14.19,37.00,113.42,11.98,6.00,3.19,-15.75,1.00,47.25,0.39
766.834,1886.50,13.59,1.99,96.00,96.34,45.00,90.65,26.00,85.66,64.50,88.00,14.19,37.00,113.42,11.98,6.00,3.19,-15.75,1.00,47.25,18.36
767.076,2697.50,13.59,1.99,96.00,96.34,45.00,90.65,26.00,85.66,64.50,88.00,14.19,37.00,113.42,11.98,6.00,3.19,-15.75,1.00,47.25,18.36
767.314,2697.50,13.49,1.99,96.00,96.34,45.00,90.65,26.00,85.66,64.50,88.00,14.19,37.00,113.42,11.98,6.00,3.19,-15.75,1.00,47.25,18.36
767.555,2697.50,13.49,0.49,96.00,96.34,45.00,90.65,26.00,85.66,64.50,88.00,14.19,37.00,113.42,11.98,6.00,3.19,-15.75,1.00,47.25,18.36
767.794,2697.50,13.49,0.49,64.00,96.34,45.00,90.65,26.00,85.66,64.50,88.00,14.19,37.00,113.42,11.98,6.00,3.19,-15.75,1.00,47.25,18.36
768.034,2697.50,13.49,0.49,64.00,65.72,45.00,90.65,26.00,85.66,64.50,88.00,14.19,37.00,113.42,11.98,6.00,3.19,-15.75,1.00,47.25,18.36
768.274,2697.50,13.49,0.49,64.00,65.72,21.00,90.65,26.00,85.66,64.50,88.00,14.19,37.00,113.42,11.98,6.00,3.19,-15.75,1.00,47.25,18.36
768.514,2697.50,13.49,0.49,64.00,65.72,21.00,88.84,26.00,85.66,64.50,88.00,14.19,37.00,113.42,11.98,6.00,3.19,-15.75,1.00,47.25,18.36
768.755,2697.50,13.49,0.49,64.00,65.72,21.00,88.84,63.00,85.66,64.50,88.00,14.19,37.00,113.42,11.98,6.00,3.19,-15.75,1.00,47.25,18.36
768.994,2697.50,13.49,0.49,64.00,65.72,21.00,88.84,63.00,90.06,64.50,88.00,14.19,37.00,113.42,11.98,6.00,3.19,-15.75,1.00,47.25,18.36
769.234,2697.50,13.49,0.49,64.00,65.72,21.00,88.84,63.00,90.06,63.75,88.00,14.19,37.00,113.42,11.98,6.00,3.19,-15.75,1.00,47.25,18.36
769.476,2697.50,13.49,0.49,64.00,65.72,21.00,88.84,63.00,90.06,63.75,88.00,14.19,37.00,113.42,11.98,6.00,3.19,-15.75,1.00,47.25,18.36
769.713,2697.50,13.49,0.49,64.00,65.72,21.00,88.84,63.00,90.06,63.75,88.00,14.19,37.00,113.42,11.98,6.00,3.19,-15.75,1.00,47.25,18.36
769.955,2697.50,13.49,0.49,64.00,65.72,21.00,88.84,63.00,90.06,63.75,88.00,14.19,37.00,113.42,11.98,6.00,3.19,-15.75,1.00,47.25,18.36
770.194,2697.50,13.49,0.49,64.00,65.72,21.00,88.84,63.00,90.06,63.75,88.00,14.19,37.00,98.29,11.98,6.00,3.19,-15.75,1.00,47.25,18.36
770.434,2697.50,13.49,0.49,64.00,65.72,21.00,88.84,63.00,90.06,63.75,88.00,14.19,37.00,98.29,14.84,6.00,3.19,-15.75,1.00,47.25,18.36
770.676,2697.50,13.49,0.49,64.00,65.72,21.00,88.84,63.00,90.06,63.75,88.00,14.19,37.00,98.29,14.84,6.00,3.19,-15.75,1.00,47.25,18.36
770.914,2697.50,13.49,0.49,64.00,65.72,21.00,88.84,63.00,90.06,63.75,88.00,14.19,37.00,98.29,14.84,6.00,16.00,-15.75,1.00,47.25,18.36
771.154,2697.50,13.49,0.49,64.00,65.72,21.00,88.84,63.00,90.06,63.75,88.00,14.19,37.00,98.29,14.84,6.00,16.00,-15.00,1.00,47.25,18.36
771.394,2697.50,13.49,0.49,64.00,65.72,21.00,88.84,63.00,90.06,63.75,88.00,14.19,37.00,98.29,14.84,6.00,16.00,-15.00,1.00,47.25,18.36
771.634,2697.50,13.49,0.49,64.00,65.72,21.00,88.84,63.00,90.06,63.75,88.00,14.19,37.00,98.29,14.84,6.00,16.00,-15.00,1.00,47.25,18.36
771.876,2697.50,13.49,0.49,64.00,65.72,21.00,88.84,63.00,90.06,63.75,88.00,14.19,37.00,98.29,14.84,6.00,16.00,-15.00,1.00,47.25,0.39
772.114,2248.00,13.49,0.49,64.00,65.72,21.00,88.84,63.00,90.06,63.75,88.00,14.19,37.00,98.29,14.84,6.00,16.00,-15.00,1.00,47.25,0.39
772.355,2248.00,13.47,0.49,64.00,65.72,21.00,88.84,63.00,90.06,63.75,88.00,14.19,37.00,98.29,14.84,6.00,16.00,-15.00,1.00,47.25,0.39
772.594,2248.00,13.47,0.36,64.00,65.72,21.00,88.84,63.00,90.06,63.75,88.00,14.19,37.00,98.29,14.84,6.00,16.00,-15.00,1.00,47.25,0.39
772.834,2248.00,13.47,0.36,60.00,65.72,21.00,88.84,63.00,90.06,63.75,88.00,14.19,37.00,98.29,14.84,6.00,16.00,-15.00,1.00,47.25,0.39
773.076,2248.00,13.47,0.36,60.00,62.38,21.00,88.84,63.00,90.06,63.75,88.00,14.19,37.00,98.29,14.84,6.00,16.00,-15.00,1.00,47.25,0.39
773.314,2248.00,13.47,0.36,60.00,62.38,18.00,88.84,63.00,90.06,63.75,88.00,14.19,37.00,98.29,14.84,6.00,16.00,-15.00,1.00,47.25,0.39
773.555,2248.00,13.47,0.36,60.00,62.38,18.00,86.36,63.00,90.06,63.75,88.00,14.19,37.00,98.29,14.84,6.00,16.00,-15.00,1.00,47.25,0.39
773.794,2248.00,13.47,0.36,60.00,62.38,18.00,86.36,76.30,90.06,63.75,88.00,14.19,37.00,98.29,14.84,6.00,16.00,-15.00,1.00,47.25,0.39
774.034,2248.00,13.47,0.36,60.00,62.38,18.00,86.36,76.30,92.06,63.75,88.00,14.19,37.00,98.29,14.84,6.00,16.00,-15.00,1.00,47.25,0.39
774.275,2248.00,13.47,0.36,60.00,62.38,18.00,86.36,76.30,92.06,60.75,88.00,14.19,37.00,98.29,14.84,6.00,16.00,-15.00,1.00,47.25,0.39
774.514,2248.00,13.47,0.36,60.00,62.38,18.00,86.36,76.30,92.06,60.75,88.00,14.19,37.00,98.29,14.84,6.00,16.00,-15.00,1.00,47.25,0.39
774.755,2248.00,13.47,0.36,60.00,62.38,18.00,86.36,76.30,92.06,60.75,88.00,14.19,37.00,98.29,14.84,6.00,16.00,-15.00,1.00,47.25,0.39
774.994,2248.00,13.47,0.36,60.00,62.38,18.00,86.36,76.30,92.06,60.75,88.00,14.19,37.00,98.29,14.84,6.00,16.00,-15.00,1.00,47.25,0.39
775.234,2248.00,13.47,0.36,60.00,62.38,18.00,86.36,76.30,92.06,60.75,88.00,14.19,37.00,84.54,14.84,6.00,16.00,-15.00,1.00,47.25,0.39
775.476,2248.00,13.47,0.36,60.00,62.38,18.00,86.36,76.30,92.06,60.75,88.00,14.19,37.00,84.54,16.70,6.00,16.00,-15.00,1.00,47.25,0.39
775.714,2248.00,13.47,0.36,60.00,62.38,18.00,86.36,76.30,92.06,60.75,88.00,14.19,37.00,84.54,16.70,5.00,16.00,-15.00,1.00,47.25,0.39
775.954,2248.00,13.47,0.36,60.00,62.38,18.00,86.36,76.30,92.06,60.75,88.00,14.19,37.00,84.54,16.70,5.00,16.00,-15.00,1.00,47.25,0.39
776.194,2248.00,13.47,0.36,60.00,62.38,18.00,86.36,76.30,92.06,60.75,88.00,14.19,37.00,84.54,16.70,5.00,16.00,-13.50,1.00,47.25,0.39
776.433,2248.00,13.47,0.36,60.00,62.38,18.00,86.36,76.30,92.06,60.75,88.00,14.19,37.00,84.54,16.70,5.00,16.00,-13.50,0.00,47.25,0.39
776.675,2248.00,13.47,0.36,60.00,62.38,18.00,86.36,76.30,92.06,60.75,88.00,14.19,37.00,84.54,16.70,5.00,16.00,-13.50,0.00,46.50,0.39
776.914,2248.00,13.47,0.36,60.00,62.38,18.00,86.36,76.30,92.06,60.75,88.00,14.19,37.00,84.54,16.70,5.00,16.00,-13.50,0.00,46.50,19.14
777.154,3364.50,13.47,0.36,60.00,62.38,18.00,86.36,76.30,92.06,60.75,88.00,14.19,37.00,84.54,16.70,5.00,16.00,-13.50,0.00,46.50,19.14
777.394,3364.50,13.43,0.36,60.00,62.38,18.00,86.36,76.30,92.06,60.75,88.00,14.19,37.00,84.54,16.70,5.00,16.00,-13.50,0.00,46.50,19.14
777.634,3364.50,13.43,0.92,60.00,62.38,18.00,86.36,76.30,92.06,60.75,88.00,14.19,37.00,84.54,16.70,5.00,16.00,-13.50,0.00,46.50,19.14
777.875,3364.50,13.43,0.92,88.00,62.38,18.00,86.36,76.30,92.06,60.75,88.00,14.19,37.00,84.54,16.70,5.00,16.00,-13.50,0.00,46.50,19.14
778.114,3364.50,13.43,0.92,88.00,86.22,18.00,86.36,76.30,92.06,60.75,88.00,14.19,37.00,84.54,16.70,5.00,16.00,-13.50,0.00,46.50,19.14
778.356,3364.50,13.43,0.92,88.00,86.22,24.00,86.36,76.30,92.06,60.75,88.00,14.19,37.00,84.54,16.70,5.00,16.00,-13.50,0.00,46.50,19.14
778.594,3364.50,13.43,0.92,88.00,86.22,24.00,83.85,76.30,92.06,60.75,88.00,14.19,37.00,84.54,16.70,5.00,16.00,-13.50,0.00,46.50,19.14
778.834,3364.50,13.43,0.92,88.00,86.22,24.00,83.85,80.60,92.06,60.75,88.00,14.19,37.00,84.54,16.70,5.00,16.00,-13.50,0.00,46.50,19.14
779.075,3364.50,13.43,0.92,88.00,86.22,24.00,83.85,80.60,89.56,60.75,88.00,14.19,37.00,84.54,16.70,5.00,16.00,-13.50,0.00,46.50,19.14
779.314,3364.50,13.43,0.92,88.00,86.22,24.00,83.85,80.60,89.56,51.75,88.00,14.19,37.00,84.54,16.70,5.00,16.00,-13.50,0.00,46.50,19.14
779.555,3364.50,13.43,0.92,88.00,86.22,24.00,83.85,80.60,89.56,51.75,88.00,14.19,37.00,84.54,16.70,5.00,16.00,-13.50,0.00,46.50,19.14
779.794,3364.50,13.43,0.92,88.00,86.22,24.00,83.85,80.60,89.56,51.75,88.00,14.19,37.00,84.54,16.70,5.00,16.00,-13.50,0.00,46.50,19.14
780.034,3364.50,13.43,0.92,88.00,86.22,24.00,83.85,80.60,89.56,51.75,88.00,14.19,37.00,84.54,16.70,5.00,16.00,-13.50,0.00,46.50,19.14
780.275,3364.50,13.43,0.92,88.00,86.22,24.00,83.85,80.60,89.56,51.75,88.00,14.19,37.00,64.32,16.70,5.00,16.00,-13.50,0.00,46.50,19.14
780.514,3364.50,13.43,0.92,88.00,86.22,24.00,83.85,80.60,89.56,51.75,88.00,14.19,37.00,64.32,16.02,5.00,16.00,-13.50,0.00,46.50,19.14
780.754,3364.50,13.43,0.92,88.00,86.22,24.00,83.85,80.60,89.56,51.75,88.00,14.19,37.00,64.32,16.02,4.00,16.00,-13.50,0.00,46.50,19.14
780.994,3364.50,13.43,0.92,88.00,86.22,24.00,83.85,80.60,89.56,51.75,88.00,14.19,37.00,64.32,16.02,4.00,16.00,-13.50,0.00,46.50,19.14
781.234,3364.50,13.43,0.92,88.00,86.22,24.00,83.85,80.60,89.56,51.75,88.00,14.19,37.00,64.32,16.02,4.00,16.00,-14.25,0.00,46.50,19.14
781.475,3364.50,13.43,0.92,88.00,86.22,24.00,83.85,80.60,89.56,51.75,88.00,14.19,37.00,64.32,16.02,4.00,16.00,-14.25,0.00,46.50,19.14
781.714,3364.50,13.43,0.92,88.00,86.22,24.00,83.85,80.60,89.56,51.75,88.00,14.19,37.00,64.32,16.02,4.00,16.00,-14.25,0.00,46.50,19.14
781.954,3364.50,13.43,0.92,88.00,86.22,24.00,83.85,80.60,89.56,51.75,88.00,14.19,37.00,64.32,16.02,4.00,16.00,-14.25,0.00,46.50,0.39
782.194,2650.00,13.43,0.92,88.00,86.22,24.00,83.85,80.60,89.56,51.75,88.00,14.19,37.00,64.32,16.02,4.00,16.00,-14.25,0.00,46.50,0.39
782.434,2650.00,13.46,0.92,88.00,86.22,24.00,83.85,80.60,89.56,51.75,88.00,14.19,37.00,64.32,16.02,4.00,16.00,-14.25,0.00,46.50,0.39
782.675,2650.00,13.46,0.58,88.00,86.22,24.00,83.85,80.60,89.56,51.75,88.00,14.19,37.00,64.32,16.02,4.00,16.00,-14.25,0.00,46.50,0.39
782.914,2650.00,13.46,0.58,52.00,86.22,24.00,83.85,80.60,89.56,51.75,88.00,14.19,37.00,64.32,16.02,4.00,16.00,-14.25,0.00,46.50,0.39
783.156,2650.00,13.46,0.58,52.00,54.53,24.00,83.85,80.60,89.56,51.75,88.00,14.19,37.00,64.32,16.02,4.00,16.00,-14.25,0.00,46.50,0.39
783.394,2650.00,13.46,0.58,52.00,54.53,18.00,83.85,80.60,89.56,51.75,88.00,14.19,37.00,64.32,16.02,4.00,16.00,-14.25,0.00,46.50,0.39
783.634,2650.00,13.46,0.58,52.00,54.53,18.00,82.54,80.60,89.56,51.75,88.00,14.19,37.00,64.32,16.02,4.00,16.00,-14.25,0.00,46.50,0.39
783.875,2650.00,13.46,0.58,52.00,54.53,18.00,82.54,69.20,89.56,51.75,88.00,14.19,37.00,64.32,16.02,4.00,16.00,-14.25,0.00,46.50,0.39
784.114,2650.00,13.46,0.58,52.00,54.53,18.00,82.54,69.20,87.36,51.75,88.00,14.19,37.00,64.32,16.02,4.00,16.00,-14.25,0.00,46.50,0.39
784.356,2650.00,13.46,0.58,52.00,54.53,18.00,82.54,69.20,87.36,51.75,88.00,14.19,37.00,64.32,16.02,4.00,16.00,-14.25,0.00,46.50,0.39
784.594,2650.00,13.46,0.58,52.00,54.53,18.00,82.54,69.20,87.36,51.75,88.00,14.19,37.00,64.32,16.02,4.00,16.00,-14.25,0.00,46.50,0.39
784.834,2650.00,13.46,0.58,52.00,54.53,18.00,82.54,69.20,87.36,51.75,88.00,14.19,37.00,64.32,16.02,4.00,16.00,-14.25,0.00,46.50,0.39
785.075,2650.00,13.46,0.58,52.00,54.53,18.00,82.54,69.20,87.36,51.75,88.00,14.19,37.00,64.32,16.02,4.00,16.00,-14.25,0.00,46.50,0.39
785.314,2650.00,13.46,0.58,52.00,54.53,18.00,82.54,69.20,87.36,51.75,88.00,14.19,37.00,64.14,16.02,4.00,16.00,-14.25,0.00,46.50,0.39
785.556,2650.00,13.46,0.58,52.00,54.53,18.00,82.54,69.20,87.36,51.75,88.00,14.19,37.00,64.14,15.96,4.00,16.00,-14.25,0.00,46.50,0.39
785.794,2650.00,13.46,0.58,52.00,54.53,18.00,82.54,69.20,87.36,51.75,88.00,14.19,37.00,64.14,15.96,4.00,16.00,-14.25,0.00,46.50,0.39
786.034,2650.00,13.46,0.58,52.00,54.53,18.00,82.54,69.20,87.36,51.75,88.00,14.19,37.00,64.14,15.96,4.00,1.01,-14.25,0.00,46.50,0.39
786.275,2650.00,13.46,0.58,52.00,54.53,18.00,82.54,69.20,87.36,51.75,88.00,14.19,37.00,64.14,15.96,4.00,1.01,31.50,0.00,46.50,0.39
786.514,2650.00,13.46,0.58,52.00,54.53,18.00,82.54,69.20,87.36,51.75,88.00,14.19,37.00,64.14,15.96,4.00,1.01,31.50,0.00,46.50,0.39
786.756,2650.00,13.46,0.58,52.00,54.53,18.00,82.54,69.20,87.36,51.75,88.00,14.19,37.00,64.14,15.96,4.00,1.01,31.50,0.00,46.50,0.39
786.993,2650.00,13.46,0.58,52.00,54.53,18.00,82.54,69.20,87.36,51.75,88.00,14.19,37.00,64.14,15.96,4.00,1.01,31.50,0.00,46.50,0.39
787.234,2883.50,13.46,0.58,52.00,54.53,18.00,82.54,69.20,87.36,51.75,88.00,14.19,37.00,64.14,15.96,4.00,1.01,31.50,0.00,46.50,0.39
787.474,2883.50,13.45,0.58,52.00,54.53,18.00,82.54,69.20,87.36,51.75,88.00,14.19,37.00,64.14,15.96,4.00,1.01,31.50,0.00,46.50,0.39
787.714,2883.50,13.45,0.71,52.00,54.53,18.00,82.54,69.20,87.36,51.75,88.00,14.19,37.00,64.14,15.96,4.00,1.01,31.50,0.00,46.50,0.39
787.956,2883.50,13.45,0.71,76.00,54.53,18.00,82.54,69.20,87.36,51.75,88.00,14.19,37.00,64.14,15.96,4.00,1.01,31.50,0.00,46.50,0.39
788.194,2883.50,13.45,0.71,76.00,75.06,18.00,82.54,69.20,87.36,51.75,88.00,14.19,37.00,64.14,15.96,4.00,1.01,31.50,0.00,46.50,0.39
788.434,2883.50,13.45,0.71,76.00,75.06,18.75,82.54,69.20,87.36,51.75,88.00,14.19,37.00,64.14,15.96,4.00,1.01,31.50,0.00,46.50,0.39
788.675,2883.50,13.45,0.71,76.00,75.06,18.75,80.94,69.20,87.36,51.75,88.00,14.19,37.00,64.14,15.96,4.00,1.01,31.50,0.00,46.50,0.39
788.914,2883.50,13.45,0.71,76.00,75.06,18.75,80.94,63.50,87.36,51.75,88.00,14.19,37.00,64.14,15.96,4.00,1.01,31.50,0.00,46.50,0.39
789.156,2883.50,13.45,0.71,76.00,75.06,18.75,80.94,63.50,89.76,51.75,88.00,14.19,37.00,64.14,15.96,4.00,1.01,31.50,0.00,46.50,0.39
789.394,2883.50,13.45,0.71,76.00,75.06,18.75,80.94,63.50,89.76,51.00,88.00,14.19,37.00,64.14,15.96,4.00,1.01,31.50,0.00,46.50,0.39
789.634,2883.50,13.45,0.71,76.00,75.06,18.75,80.94,63.50,89.76,51.00,88.00,14.19,37.00,64.14,15.96,4.00,1.01,31.50,0.00,46.50,0.39
789.875,2883.50,13.45,0.71,76.00,75.06,18.75,80.94,63.50,89.76,51.00,88.00,14.19,37.00,64.14,15.96,4.00,1.01,31.50,0.00,46.50,0.39
790.114,2883.50,13.45,0.71,76.00,75.06,18.75,80.94,63.50,89.76,51.00,88.00,14.19,37.00,64.14,15.96,4.00,1.01,31.50,0.00,46.50,0.39
790.354,2883.50,13.45,0.71,76.00,75.06,18.75,80.94,63.50,89.76,51.00,88.00,14.19,37.00,67.43,15.96,4.00,1.01,31.50,0.00,46.50,0.39
790.594,2883.50,13.45,0.71,76.00,75.06,18.75,80.94,63.50,89.76,51.00,88.00,14.19,37.00,67.43,16.88,4.00,1.01,31.50,0.00,46.50,0.39
790.834,2883.50,13.45,0.71,76.00,75.06,18.75,80.94,63.50,89.76,51.00,88.00,14.19,37.00,67.43,16.88,4.00,1.01,31.50,0.00,46.50,0.39
791.075,2883.50,13.45,0.71,76.00,75.06,18.75,80.94,63.50,89.76,51.00,88.00,14.19,37.00,67.43,16.88,4.00,16.00,31.50,0.00,46.50,0.39
791.344,2883.50,13.45,0.71,76.00,75.06,18.75,80.94,63.50,89.76,51.00,88.00,14.19,37.00,67.43,16.88,4.00,16.00,-12.75,0.00,46.50,0.39
791.584,2883.50,13.45,0.71,76.00,75.06,18.75,80.94,63.50,89.76,51.00,88.00,14.19,37.00,67.43,16.88,4.00,16.00,-12.75,0.00,46.50,0.39
791.824,2883.50,13.45,0.71,76.00,75.06,18.75,80.94,63.50,89.76,51.00,88.00,14.19,37.00,67.43,16.88,4.00,16.00,-12.75,0.00,46.50,0.39
792.066,2883.50,13.45,0.71,76.00,75.06,18.75,80.94,63.50,89.76,51.00,88.00,14.19,37.00,67.43,16.88,4.00,16.00,-12.75,0.00,46.50,0.39
792.304,2807.50,13.45,0.71,76.00,75.06,18.75,80.94,63.50,89.76,51.00,88.00,14.19,37.00,67.43,16.88,4.00,16.00,-12.75,0.00,46.50,0.39
792.544,2807.50,13.46,0.71,76.00,75.06,18.75,80.94,63.50,89.76,51.00,88.00,14.19,37.00,67.43,16.88,4.00,16.00,-12.75,0.00,46.50,0.39
792.784,2807.50,13.46,0.75,76.00,75.06,18.75,80.94,63.50,89.76,51.00,88.00,14.19,37.00,67.43,16.88,4.00,16.00,-12.75,0.00,46.50,0.39
793.024,2807.50,13.46,0.75,56.00,75.06,18.75,80.94,63.50,89.76,51.00,88.00,14.19,37.00,67.43,16.88,4.00,16.00,-12.75,0.00,46.50,0.39
793.266,2807.50,13.46,0.75,56.00,58.06,18.75,80.94,63.50,89.76,51.00,88.00,14.19,37.00,67.43,16.88,4.00,16.00,-12.75,0.00,46.50,0.39
793.503,2807.50,13.46,0.75,56.00,58.06,22.50,80.94,63.50,89.76,51.00,88.00,14.19,37.00,67.43,16.88,4.00,16.00,-12.75,0.00,46.50,0.39
793.744,2807.50,13.46,0.75,56.00,58.06,22.50,79.96,63.50,89.76,51.00,88.00,14.19,37.00,67.43,16.88,4.00,16.00,-12.75,0.00,46.50,0.39
793.984,2807.50,13.46,0.75,56.00,58.06,22.50,79.96,71.10,89.76,51.00,88.00,14.19,37.00,67.43,16.88,4.00,16.00,-12.75,0.00,46.50,0.39
794.224,2807.50,13.46,0.75,56.00,58.06,22.50,79.96,71.10,92.16,51.00,88.00,14.19,37.00,67.43,16.88,4.00,16.00,-12.75,0.00,46.50,0.39
794.466,2807.50,13.46,0.75,56.00,58.06,22.50,79.96,71.10,92.16,51.00,88.00,14.19,37.00,67.43,16.88,4.00,16.00,-12.75,0.00,46.50,0.39
794.704,2807.50,13.46,0.75,56.00,58.06,22.50,79.96,71.10,92.16,51.00,88.00,14.19,37.00,67.43,16.88,4.00,16.00,-12.75,0.00,46.50,0.39
794.944,2807.50,13.46,0.75,56.00,58.06,22.50,79.96,71.10,92.16,51.00,88.00,14.19,37.00,67.43,16.88,4.00,16.00,-12.75,0.00,46.50,0.39
795.184,2807.50,13.46,0.75,56.00,58.06,22.50,79.96,71.10,92.16,51.00,88.00,14.19,37.00,67.43,16.88,4.00,16.00,-12.75,0.00,46.50,0.39
795.424,2807.50,13.46,0.75,56.00,58.06,22.50,79.96,71.10,92.16,51.00,88.00,14.19,37.00,61.98,16.88,4.00,16.00,-12.75,0.00,46.50,0.39
795.666,2807.50,13.46,0.75,56.00,58.06,22.50,79.96,71.10,92.16,51.00,88.00,14.19,37.00,61.98,15.37,4.00,16.00,-12.75,0.00,46.50,0.39
795.904,2807.50,13.46,0.75,56.00,58.06,22.50,79.96,71.10,92.16,51.00,88.00,14.19,37.00,61.98,15.37,4.00,16.00,-12.75,0.00,46.50,0.39
796.144,2807.50,13.46,0.75,56.00,58.06,22.50,79.96,71.10,92.16,51.00,88.00,14.19,37.00,61.98,15.37,4.00,16.00,-12.75,0.00,46.50,0.39
796.384,2807.50,13.46,0.75,56.00,58.06,22.50,79.96,71.10,92.16,51.00,88.00,14.19,37.00,61.98,15.37,4.00,16.00,-15.00,0.00,46.50,0.39
796.625,2807.50,13.46,0.75,56.00,58.06,22.50,79.96,71.10,92.16,51.00,88.00,14.19,37.00,61.98,15.37,4.00,16.00,-15.00,0.00,46.50,0.39
796.866,2807.50,13.46,0.75,56.00,58.06,22.50,79.96,71.10,92.16,51.00,88.00,14.19,37.00,61.98,15.37,4.00,16.00,-15.00,0.00,46.50,0.39
797.104,2807.50,13.46,0.75,56.00,58.06,22.50,79.96,71.10,92.16,51.00,88.00,14.19,37.00,61.98,15.37,4.00,16.00,-15.00,0.00,46.50,0.00
797.344,2552.50,13.46,0.75,56.00,58.06,22.50,79.96,71.10,92.16,51.00,88.00,14.19,37.00,61.98,15.37,4.00,16.00,-15.00,0.00,46.50,0.00
797.584,2552.50,13.45,0.75,56.00,58.06,22.50,79.96,71.10,92.16,51.00,88.00,14.19,37.00,61.98,15.37,4.00,16.00,-15.00,0.00,46.50,0.00
797.824,2552.50,13.45,0.59,56.00,58.06,22.50,79.96,71.10,92.16,51.00,88.00,14.19,37.00,61.98,15.37,4.00,16.00,-15.00,0.00,46.50,0.00
798.066,2552.50,13.45,0.59,48.00,58.06,22.50,79.96,71.10,92.16,51.00,88.00,14.19,37.00,61.98,15.37,4.00,16.00,-15.00,0.00,46.50,0.00
798.304,2552.50,13.45,0.59,48.00,49.94,22.50,79.96,71.10,92.16,51.00,88.00,14.19,37.00,61.98,15.37,4.00,16.00,-15.00,0.00,46.50,0.00
798.544,2552.50,13.45,0.59,48.00,49.94,17.25,79.96,71.10,92.16,51.00,88.00,14.19,37.00,61.98,15.37,4.00,16.00,-15.00,0.00,46.50,0.00
798.784,2552.50,13.45,0.59,48.00,49.94,17.25,79.26,71.10,92.16,51.00,88.00,14.19,37.00,61.98,15.37,4.00,16.00,-15.00,0.00,46.50,0.00
799.024,2552.50,13.45,0.59,48.00,49.94,17.25,79.26,63.80,92.16,51.00,88.00,14.19,37.00,61.98,15.37,4.00,16.00,-15.00,0.00,46.50,0.00
799.266,2552.50,13.45,0.59,48.00,49.94,17.25,79.26,63.80,91.16,51.00,88.00,14.19,37.00,61.98,15.37,4.00,16.00,-15.00,0.00,46.50,0.00
799.504,2552.50,13.45,0.59,48.00,49.94,17.25,79.26,63.80,91.16,51.75,88.00,14.19,37.00,61.98,15.37,4.00,16.00,-15.00,0.00,46.50,0.00
799.744,2552.50,13.45,0.59,48.00,49.94,17.25,79.26,63.80,91.16,51.75,89.00,14.19,37.00,61.98,15.37,4.00,16.00,-15.00,0.00,46.50,0.00
799.984,2552.50,13.45,0.59,48.00,49.94,17.25,79.26,63.80,91.16,51.75,89.00,14.20,37.00,61.98,15.37,4.00,16.00,-15.00,0.00,46.50,0.00
800.224,2552.50,13.45,0.59,48.00,49.94,17.25,79.26,63.80,91.16,51.75,89.00,14.20,37.00,61.98,15.37,4.00,16.00,-15.00,0.00,46.50,0.00
800.466,2552.50,13.45,0.59,48.00,49.94,17.25,79.26,63.80,91.16,51.75,89.00,14.20,37.00,57.00,15.37,4.00,16.00,-15.00,0.00,46.50,0.00
800.704,2552.50,13.45,0.59,48.00,49.94,17.25,79.26,63.80,91.16,51.75,89.00,14.20,37.00,57.00,15.11,4.00,16.00,-15.00,0.00,46.50,0.00
800.944,2552.50,13.45,0.59,48.00,49.94,17.25,79.26,63.80,91.16,51.75,89.00,14.20,37.00,57.00,15.11,4.00,16.00,-15.00,0.00,46.50,0.00
801.184,2552.50,13.45,0.59,48.00,49.94,17.25,79.26,63.80,91.16,51.75,89.00,14.20,37.00,57.00,15.11,4.00,1.00,-15.00,0.00,46.50,0.00
801.424,2552.50,13.45,0.59,48.00,49.94,17.25,79.26,63.80,91.16,51.75,89.00,14.20,37.00,57.00,15.11,4.00,1.00,27.00,0.00,46.50,0.00
801.666,2552.50,13.45,0.59,48.00,49.94,17.25,79.26,63.80,91.16,51.75,89.00,14.20,37.00,57.00,15.11,4.00,1.00,27.00,0.00,46.50,0.00
801.904,2552.50,13.45,0.59,48.00,49.94,17.25,79.26,63.80,91.16,51.75,89.00,14.20,37.00,57.00,15.11,4.00,1.00,27.00,0.00,46.50,0.00
802.144,2552.50,13.45,0.59,48.00,49.94,17.25,79.26,63.80,91.16,51.75,89.00,14.20,37.00,57.00,15.11,4.00,1.00,27.00,0.00,46.50,0.00
802.383,2591.00,13.45,0.59,48.00,49.94,17.25,79.26,63.80,91.16,51.75,89.00,14.20,37.00,57.00,15.11,4.00,1.00,27.00,0.00,46.50,0.00
802.624,2591.00,13.68,0.59,48.00,49.94,17.25,79.26,63.80,91.16,51.75,89.00,14.20,37.00,57.00,15.11,4.00,1.00,27.00,0.00,46.50,0.00
802.866,2591.00,13.68,2.92,48.00,49.94,17.25,79.26,63.80,91.16,51.75,89.00,14.20,37.00,57.00,15.11,4.00,1.00,27.00,0.00,46.50,0.00
803.104,2591.00,13.68,2.92,172.00,49.94,17.25,79.26,63.80,91.16,51.75,89.00,14.20,37.00,57.00,15.11,4.00,1.00,27.00,0.00,46.50,0.00
803.344,2591.00,13.68,2.92,172.00,174.59,17.25,79.26,63.80,91.16,51.75,89.00,14.20,37.00,57.00,15.11,4.00,1.00,27.00,0.00,46.50,0.00
803.584,2591.00,13.68,2.92,172.00,174.59,54.00,79.26,63.80,91.16,51.75,89.00,14.20,37.00,57.00,15.11,4.00,1.00,27.00,0.00,46.50,0.00
803.824,2591.00,13.68,2.92,172.00,174.59,54.00,78.25,63.80,91.16,51.75,89.00,14.20,37.00,57.00,15.11,4.00,1.00,27.00,0.00,46.50,0.00
804.066,2591.00,13.68,2.92,172.00,174.59,54.00,78.25,205.90,91.16,51.75,89.00,14.20,37.00,57.00,15.11,4.00,1.00,27.00,0.00,46.50,0.00
804.304,2591.00,13.68,2.92,172.00,174.59,54.00,78.25,205.90,90.06,51.75,89.00,14.20,37.00,57.00,15.11,4.00,1.00,27.00,0.00,46.50,0.00
804.544,2591.00,13.68,2.92,172.00,174.59,54.00,78.25,205.90,90.06,51.00,89.00,14.20,37.00,57.00,15.11,4.00,1.00,27.00,0.00,46.50,0.00
804.784,2591.00,13.68,2.92,172.00,174.59,54.00,78.25,205.90,90.06,51.00,89.00,14.20,37.00,57.00,15.11,4.00,1.00,27.00,0.00,46.50,0.00
805.024,2591.00,13.68,2.92,172.00,174.59,54.00,78.25,205.90,90.06,51.00,89.00,14.20,37.00,57.00,15.11,4.00,1.00,27.00,0.00,46.50,0.00
805.264,2591.00,13.68,2.92,172.00,174.59,54.00,78.25,205.90,90.06,51.00,89.00,14.20,37.00,57.00,15.11,4.00,1.00,27.00,0.00,46.50,0.00
805.504,2591.00,13.68,2.92,172.00,174.59,54.00,78.25,205.90,90.06,51.00,89.00,14.20,37.00,74.57,15.11,4.00,1.00,27.00,0.00,46.50,0.00
805.744,2591.00,13.68,2.92,172.00,174.59,54.00,78.25,205.90,90.06,51.00,89.00,14.20,37.00,74.57,10.22,4.00,1.00,27.00,0.00,46.50,0.00
805.984,2591.00,13.68,2.92,172.00,174.59,54.00,78.25,205.90,90.06,51.00,89.00,14.20,37.00,74.57,10.22,4.00,1.00,27.00,0.00,46.50,0.00
806.224,2591.00,13.68,2.92,172.00,174.59,54.00,78.25,205.90,90.06,51.00,89.00,14.20,37.00,74.57,10.22,4.00,1.00,27.00,0.00,46.50,0.00
806.466,2591.00,13.68,2.92,172.00,174.59,54.00,78.25,205.90,90.06,51.00,89.00,14.20,37.00,74.57,10.22,4.00,1.00,-11.25,0.00,46.50,0.00
806.704,2591.00,13.68,2.92,172.00,174.59,54.00,78.25,205.90,90.06,51.00,89.00,14.20,37.00,74.57,10.22,4.00,1.00,-11.25,0.00,46.50,0.00
806.944,2591.00,13.68,2.92,172.00,174.59,54.00,78.25,205.90,90.06,51.00,89.00,14.20,37.00,74.57,10.22,4.00,1.00,-11.25,0.00,46.50,0.00
807.184,2591.00,13.68,2.92,172.00,174.59,54.00,78.25,205.90,90.06,51.00,89.00,14.20,37.00,74.57,10.22,4.00,1.00,-11.25,0.00,46.50,0.39
807.424,3083.50,13.68,2.92,172.00,174.59,54.00,78.25,205.90,90.06,51.00,89.00,14.20,37.00,74.57,10.22,4.00,1.00,-11.25,0.00,46.50,0.39
807.664,3083.50,13.45,2.92,172.00,174.59,54.00,78.25,205.90,90.06,51.00,89.00,14.20,37.00,74.57,10.22,4.00,1.00,-11.25,0.00,46.50,0.39
807.904,3083.50,13.45,1.04,172.00,174.59,54.00,78.25,205.90,90.06,51.00,89.00,14.20,37.00,74.57,10.22,4.00,1.00,-11.25,0.00,46.50,0.39
808.144,3083.50,13.45,1.04,80.00,174.59,54.00,78.25,205.90,90.06,51.00,89.00,14.20,37.00,74.57,10.22,4.00,1.00,-11.25,0.00,46.50,0.39
808.385,3083.50,13.45,1.04,80.00,80.84,54.00,78.25,205.90,90.06,51.00,89.00,14.20,37.00,74.57,10.22,4.00,1.00,-11.25,0.00,46.50,0.39
808.624,3083.50,13.45,1.04,80.00,80.84,22.50,78.25,205.90,90.06,51.00,89.00,14.20,37.00,74.57,10.22,4.00,1.00,-11.25,0.00,46.50,0.39
808.866,3083.50,13.45,1.04,80.00,80.84,22.50,82.44,205.90,90.06,51.00,89.00,14.20,37.00,74.57,10.22,4.00,1.00,-11.25,0.00,46.50,0.39
809.104,3083.50,13.45,1.04,80.00,80.84,22.50,82.44,66.40,90.06,51.00,89.00,14.20,37.00,74.57,10.22,4.00,1.00,-11.25,0.00,46.50,0.39
809.344,3083.50,13.45,1.04,80.00,80.84,22.50,82.44,66.40,91.76,51.00,89.00,14.20,37.00,74.57,10.22,4.00,1.00,-11.25,0.00,46.50,0.39
809.584,3083.50,13.45,1.04,80.00,80.84,22.50,82.44,66.40,91.76,51.00,89.00,14.20,37.00,74.57,10.22,4.00,1.00,-11.25,0.00,46.50,0.39
809.824,3083.50,13.45,1.04,80.00,80.84,22.50,82.44,66.40,91.76,51.00,89.00,14.20,37.00,74.57,10.22,4.00,1.00,-11.25,0.00,46.50,0.39
810.066,3083.50,13.45,1.04,80.00,80.84,22.50,82.44,66.40,91.76,51.00,89.00,14.20,37.00,74.57,10.22,4.00,1.00,-11.25,0.00,46.50,0.39
810.304,3083.50,13.45,1.04,80.00,80.84,22.50,82.44,66.40,91.76,51.00,89.00,14.20,37.00,74.57,10.22,4.00,1.00,-11.25,0.00,46.50,0.39
810.544,3083.50,13.45,1.04,80.00,80.84,22.50,82.44,66.40,91.76,51.00,89.00,14.20,37.00,68.08,10.22,4.00,1.00,-11.25,0.00,46.50,0.39
810.784,3083.50,13.45,1.04,80.00,80.84,22.50,82.44,66.40,91.76,51.00,89.00,14.20,37.00,68.08,17.10,4.00,1.00,-11.25,0.00,46.50,0.39
811.024,3083.50,13.45,1.04,80.00,80.84,22.50,82.44,66.40,91.76,51.00,89.00,14.20,37.00,68.08,17.10,4.00,1.00,-11.25,0.00,46.50,0.39
811.266,3083.50,13.45,1.04,80.00,80.84,22.50,82.44,66.40,91.76,51.00,89.00,14.20,37.00,68.08,17.10,4.00,16.00,-11.25,0.00,46.50,0.39
811.504,3083.50,13.45,1.04,80.00,80.84,22.50,82.44,66.40,91.76,51.00,89.00,14.20,37.00,68.08,17.10,4.00,16.00,-13.50,0.00,46.50,0.39
811.744,3083.50,13.45,1.04,80.00,80.84,22.50,82.44,66.40,91.76,51.00,89.00,14.20,37.00,68.08,17.10,4.00,16.00,-13.50,1.00,46.50,0.39
811.984,3083.50,13.45,1.04,80.00,80.84,22.50,82.44,66.40,91.76,51.00,89.00,14.20,37.00,68.08,17.10,4.00,16.00,-13.50,1.00,46.50,0.39
812.224,3083.50,13.45,1.04,80.00,80.84,22.50,82.44,66.40,91.76,51.00,89.00,14.20,37.00,68.08,17.10,4.00,16.00,-13.50,1.00,46.50,0.00
812.466,2723.00,13.45,1.04,80.00,80.84,22.50,82.44,66.40,91.76,51.00,89.00,14.20,37.00,68.08,17.10,4.00,16.00,-13.50,1.00,46.50,0.00
812.704,2723.00,13.45,1.04,80.00,80.84,22.50,82.44,66.40,91.76,51.00,89.00,14.20,37.00,68.08,17.10,4.00,16.00,-13.50,1.00,46.50,0.00
812.944,2723.00,13.45,0.79,80.00,80.84,22.50,82.44,66.40,91.76,51.00,89.00,14.20,37.00,68.08,17.10,4.00,16.00,-13.50,1.00,46.50,0.00
813.184,2723.00,13.45,0.79,64.00,80.84,22.50,82.44,66.40,91.76,51.00,89.00,14.20,37.00,68.08,17.10,4.00,16.00,-13.50,1.00,46.50,0.00
813.424,2723.00,13.45,0.79,64.00,65.38,22.50,82.44,66.40,91.76,51.00,89.00,14.20,37.00,68.08,17.10,4.00,16.00,-13.50,1.00,46.50,0.00
813.666,2723.00,13.45,0.79,64.00,65.38,21.00,82.44,66.40,91.76,51.00,89.00,14.20,37.00,68.08,17.10,4.00,16.00,-13.50,1.00,46.50,0.00
813.904,2723.00,13.45,0.79,64.00,65.38,21.00,80.15,66.40,91.76,51.00,89.00,14.20,37.00,68.08,17.10,4.00,16.00,-13.50,1.00,46.50,0.00
814.144,2723.00,13.45,0.79,64.00,65.38,21.00,80.15,63.20,91.76,51.00,89.00,14.20,37.00,68.08,17.10,4.00,16.00,-13.50,1.00,46.50,0.00
814.384,2723.00,13.45,0.79,64.00,65.38,21.00,80.15,63.20,92.76,51.00,89.00,14.20,37.00,68.08,17.10,4.00,16.00,-13.50,1.00,46.50,0.00
814.624,2723.00,13.45,0.79,64.00,65.38,21.00,80.15,63.20,92.76,51.75,89.00,14.20,37.00,68.08,17.10,4.00,16.00,-13.50,1.00,46.50,0.00
814.866,2723.00,13.45,0.79,64.00,65.38,21.00,80.15,63.20,92.76,51.75,89.00,14.20,37.00,68.08,17.10,4.00,16.00,-13.50,1.00,46.50,0.00
815.104,2723.00,13.45,0.79,64.00,65.38,21.00,80.15,63.20,92.76,51.75,89.00,14.20,37.00,68.08,17.10,4.00,16.00,-13.50,1.00,46.50,0.00
815.344,2723.00,13.45,0.79,64.00,65.38,21.00,80.15,63.20,92.76,51.75,89.00,14.20,37.00,68.08,17.10,4.00,16.00,-13.50,1.00,46.50,0.00
815.584,2723.00,13.45,0.79,64.00,65.38,21.00,80.15,63.20,92.76,51.75,89.00,14.20,37.00,57.37,17.10,4.00,16.00,-13.50,1.00,46.50,0.00
815.824,2723.00,13.45,0.79,64.00,65.38,21.00,80.15,63.20,92.76,51.75,89.00,14.20,37.00,57.37,12.86,4.00,16.00,-13.50,1.00,46.50,0.00
816.066,2723.00,13.45,0.79,64.00,65.38,21.00,80.15,63.20,92.76,51.75,89.00,14.20,37.00,57.37,12.86,4.00,16.00,-13.50,1.00,46.50,0.00
816.304,2723.00,13.45,0.79,64.00,65.38,21.00,80.15,63.20,92.76,51.75,89.00,14.20,37.00,57.37,12.86,4.00,0.93,-13.50,1.00,46.50,0.00
816.544,2723.00,13.45,0.79,64.00,65.38,21.00,80.15,63.20,92.76,51.75,89.00,14.20,37.00,57.37,12.86,4.00,0.93,27.00,1.00,46.50,0.00
816.784,2723.00,13.45,0.79,64.00,65.38,21.00,80.15,63.20,92.76,51.75,89.00,14.20,37.00,57.37,12.86,4.00,0.93,27.00,0.00,46.50,0.00
817.024,2723.00,13.45,0.79,64.00,65.38,21.00,80.15,63.20,92.76,51.75,89.00,14.20,37.00,57.37,12.86,4.00,0.93,27.00,0.00,47.25,0.00
817.266,2723.00,13.45,0.79,64.00,65.38,21.00,80.15,63.20,92.76,51.75,89.00,14.20,37.00,57.37,12.86,4.00,0.93,27.00,0.00,47.25,0.39
817.504,2460.00,13.45,0.79,64.00,65.38,21.00,80.15,63.20,92.76,51.75,89.00,14.20,37.00,57.37,12.86,4.00,0.93,27.00,0.00,47.25,0.39
817.744,2460.00,13.42,0.79,64.00,65.38,21.00,80.15,63.20,92.76,51.75,89.00,14.20,37.00,57.37,12.86,4.00,0.93,27.00,0.00,47.25,0.39
817.984,2460.00,13.42,0.77,64.00,65.38,21.00,80.15,63.20,92.76,51.75,89.00,14.20,37.00,57.37,12.86,4.00,0.93,27.00,0.00,47.25,0.39
818.224,2460.00,13.42,0.77,116.00,65.38,21.00,80.15,63.20,92.76,51.75,89.00,14.20,37.00,57.37,12.86,4.00,0.93,27.00,0.00,47.25,0.39
818.466,2460.00,13.42,0.77,116.00,115.91,21.00,80.15,63.20,92.76,51.75,89.00,14.20,37.00,57.37,12.86,4.00,0.93,27.00,0.00,47.25,0.39
818.704,2460.00,13.42,0.77,116.00,115.91,38.25,80.15,63.20,92.76,51.75,89.00,14.20,37.00,57.37,12.86,4.00,0.93,27.00,0.00,47.25,0.39
818.944,2460.00,13.42,0.77,116.00,115.91,38.25,78.34,63.20,92.76,51.75,89.00,14.20,37.00,57.37,12.86,4.00,0.93,27.00,0.00,47.25,0.39
819.184,2460.00,13.42,0.77,116.00,115.91,38.25,78.34,119.50,92.76,51.75,89.00,14.20,37.00,57.37,12.86,4.00,0.93,27.00,0.00,47.25,0.39
819.424,2460.00,13.42,0.77,116.00,115.91,38.25,78.34,119.50,91.96,51.75,89.00,14.20,37.00,57.37,12.86,4.00,0.93,27.00,0.00,47.25,0.39
819.664,2460.00,13.42,0.77,116.00,115.91,38.25,78.34,119.50,91.96,53.25,89.00,14.20,37.00,57.37,12.86,4.00,0.93,27.00,0.00,47.25,0.39
819.904,2460.00,13.42,0.77,116.00,115.91,38.25,78.34,119.50,91.96,53.25,89.00,14.20,37.00,57.37,12.86,4.00,0.93,27.00,0.00,47.25,0.39
820.144,2460.00,13.42,0.77,116.00,115.91,38.25,78.34,119.50,91.96,53.25,89.00,14.20,37.00,57.37,12.86,4.00,0.93,27.00,0.00,47.25,0.39
820.384,2460.00,13.42,0.77,116.00,115.91,38.25,78.34,119.50,91.96,53.25,89.00,14.20,37.00,57.37,12.86,4.00,0.93,27.00,0.00,47.25,0.39
820.624,2460.00,13.42,0.77,116.00,115.91,38.25,78.34,119.50,91.96,53.25,89.00,14.20,37.00,64.53,12.86,4.00,0.93,27.00,0.00,47.25,0.39
820.866,2460.00,13.42,0.77,116.00,115.91,38.25,78.34,119.50,91.96,53.25,89.00,14.20,37.00,64.53,17.23,4.00,0.93,27.00,0.00,47.25,0.39
821.104,2460.00,13.42,0.77,116.00,115.91,38.25,78.34,119.50,91.96,53.25,89.00,14.20,37.00,64.53,17.23,4.00,0.93,27.00,0.00,47.25,0.39
821.344,2460.00,13.42,0.77,116.00,115.91,38.25,78.34,119.50,91.96,53.25,89.00,14.20,37.00,64.53,17.23,4.00,1.01,27.00,0.00,47.25,0.39
821.584,2460.00,13.42,0.77,116.00,115.91,38.25,78.34,119.50,91.96,53.25,89.00,14.20,37.00,64.53,17.23,4.00,1.01,31.50,0.00,47.25,0.39
821.824,2460.00,13.42,0.77,116.00,115.91,38.25,78.34,119.50,91.96,53.25,89.00,14.20,37.00,64.53,17.23,4.00,1.01,31.50,0.00,47.25,0.39
822.066,2460.00,13.42,0.77,116.00,115.91,38.25,78.34,119.50,91.96,53.25,89.00,14.20,37.00,64.53,17.23,4.00,1.01,31.50,0.00,47.25,0.39
822.304,2460.00,13.42,0.77,116.00,115.91,38.25,78.34,119.50,91.96,53.25,89.00,14.20,37.00,64.53,17.23,4.00,1.01,31.50,0.00,47.25,0.00
822.544,3455.50,13.42,0.77,116.00,115.91,38.25,78.34,119.50,91.96,53.25,89.00,14.20,37.00,64.53,17.23,4.00,1.01,31.50,0.00,47.25,0.00
822.784,3455.50,29.46,0.77,116.00,115.91,38.25,78.34,119.50,91.96,53.25,89.00,14.20,37.00,64.53,17.23,4.00,1.01,31.50,0.00,47.25,0.00
823.024,3455.50,29.46,18.26,116.00,115.91,38.25,78.34,119.50,91.96,53.25,89.00,14.20,37.00,64.53,17.23,4.00,1.01,31.50,0.00,47.25,0.00
823.266,3455.50,29.46,18.26,988.00,115.91,38.25,78.34,119.50,91.96,53.25,89.00,14.20,37.00,64.53,17.23,4.00,1.01,31.50,0.00,47.25,0.00
823.504,3455.50,29.46,18.26,988.00,1041.72,38.25,78.34,119.50,91.96,53.25,89.00,14.20,37.00,64.53,17.23,4.00,1.01,31.50,0.00,47.25,0.00
823.744,3455.50,29.46,18.26,988.00,1041.72,184.50,78.34,119.50,91.96,53.25,89.00,14.20,37.00,64.53,17.23,4.00,1.01,31.50,0.00,47.25,0.00
823.984,3455.50,29.46,18.26,988.00,1041.72,184.50,85.84,119.50,91.96,53.25,89.00,14.20,37.00,64.53,17.23,4.00,1.01,31.50,0.00,47.25,0.00
824.224,3455.50,29.46,18.26,988.00,1041.72,184.50,85.84,1149.00,91.96,53.25,89.00,14.20,37.00,64.53,17.23,4.00,1.01,31.50,0.00,47.25,0.00
824.464,3455.50,29.46,18.26,988.00,1041.72,184.50,85.84,1149.00,91.86,53.25,89.00,14.20,37.00,64.53,17.23,4.00,1.01,31.50,0.00,47.25,0.00
824.704,3455.50,29.46,18.26,988.00,1041.72,184.50,85.84,1149.00,91.86,54.00,89.00,14.20,37.00,64.53,17.23,4.00,1.01,31.50,0.00,47.25,0.00
824.944,3455.50,29.46,18.26,988.00,1041.72,184.50,85.84,1149.00,91.86,54.00,90.00,14.20,37.00,64.53,17.23,4.00,1.01,31.50,0.00,47.25,0.00
825.184,3455.50,29.46,18.26,988.00,1041.72,184.50,85.84,1149.00,91.86,54.00,90.00,14.20,37.00,64.53,17.23,4.00,1.01,31.50,0.00,47.25,0.00
825.424,3455.50,29.46,18.26,988.00,1041.72,184.50,85.84,1149.00,91.86,54.00,90.00,14.20,37.00,64.53,17.23,4.00,1.01,31.50,0.00,47.25,0.00
825.666,3455.50,29.46,18.26,988.00,1041.72,184.50,85.84,1149.00,91.86,54.00,90.00,14.20,37.00,118.83,17.23,4.00,1.01,31.50,0.00,47.25,0.00
825.904,3455.50,29.46,18.26,988.00,1041.72,184.50,85.84,1149.00,91.86,54.00,90.00,14.20,37.00,118.83,97.99,4.00,1.01,31.50,0.00,47.25,0.00
826.144,3455.50,29.46,18.26,988.00,1041.72,184.50,85.84,1149.00,91.86,54.00,90.00,14.20,37.00,118.83,97.99,4.00,1.01,31.50,0.00,47.25,0.00
826.384,3455.50,29.46,18.26,988.00,1041.72,184.50,85.84,1149.00,91.86,54.00,90.00,14.20,37.00,118.83,97.99,4.00,0.90,31.50,0.00,47.25,0.00
826.624,3455.50,29.46,18.26,988.00,1041.72,184.50,85.84,1149.00,91.86,54.00,90.00,14.20,37.00,118.83,97.99,4.00,0.90,1.50,0.00,47.25,0.00
826.866,3455.50,29.46,18.26,988.00,1041.72,184.50,85.84,1149.00,91.86,54.00,90.00,14.20,37.00,118.83,97.99,4.00,0.90,1.50,0.00,47.25,0.00
827.104,3455.50,29.46,18.26,988.00,1041.72,184.50,85.84,1149.00,91.86,54.00,90.00,14.20,37.00,118.83,97.99,4.00,0.90,1.50,0.00,52.50,0.00
827.344,3455.50,29.46,18.26,988.00,1041.72,184.50,85.84,1149.00,91.86,54.00,90.00,14.20,37.00,118.83,97.99,4.00,0.90,1.50,0.00,52.50,34.77
827.584,5619.00,29.46,18.26,988.00,1041.72,184.50,85.84,1149.00,91.86,54.00,90.00,14.20,37.00,118.83,97.99,4.00,0.90,1.50,0.00,52.50,34.77
827.824,5619.00,13.47,18.26,988.00,1041.72,184.50,85.84,1149.00,91.86,54.00,90.00,14.20,37.00,118.83,97.99,4.00,0.90,1.50,0.00,52.50,34.77
828.064,5619.00,13.47,3.00,988.00,1041.72,184.50,85.84,1149.00,91.86,54.00,90.00,14.20,37.00,118.83,97.99,4.00,0.90,1.50,0.00,52.50,34.77
828.304,5619.00,13.47,3.00,156.00,1041.72,184.50,85.84,1149.00,91.86,54.00,90.00,14.20,37.00,118.83,97.99,4.00,0.90,1.50,0.00,52.50,34.77
828.544,5619.00,13.47,3.00,156.00,155.78,184.50,85.84,1149.00,91.86,54.00,90.00,14.20,37.00,118.83,97.99,4.00,0.90,1.50,0.00,52.50,34.77
828.784,5619.00,13.47,3.00,156.00,155.78,24.00,85.84,1149.00,91.86,54.00,90.00,14.20,37.00,118.83,97.99,4.00,0.90,1.50,0.00,52.50,34.77
829.024,5619.00,13.47,3.00,156.00,155.78,24.00,146.05,1149.00,91.86,54.00,90.00,14.20,37.00,118.83,97.99,4.00,0.90,1.50,0.00,52.50,34.77
829.266,5619.00,13.47,3.00,156.00,155.78,24.00,146.05,150.50,91.86,54.00,90.00,14.20,37.00,118.83,97.99,4.00,0.90,1.50,0.00,52.50,34.77
829.504,5619.00,13.47,3.00,156.00,155.78,24.00,146.05,150.50,92.26,54.00,90.00,14.20,37.00,118.83,97.99,4.00,0.90,1.50,0.00,52.50,34.77
829.744,5619.00,13.47,3.00,156.00,155.78,24.00,146.05,150.50,92.26,79.50,90.00,14.20,37.00,118.83,97.99,4.00,0.90,1.50,0.00,52.50,34.77
829.984,5619.00,13.47,3.00,156.00,155.78,24.00,146.05,150.50,92.26,79.50,95.00,14.20,37.00,118.83,97.99,4.00,0.90,1.50,0.00,52.50,34.77
830.224,5619.00,13.47,3.00,156.00,155.78,24.00,146.05,150.50,92.26,79.50,95.00,14.20,37.00,118.83,97.99,4.00,0.90,1.50,0.00,52.50,34.77
830.466,5619.00,13.47,3.00,156.00,155.78,24.00,146.05,150.50,92.26,79.50,95.00,14.20,37.00,118.83,97.99,4.00,0.90,1.50,0.00,52.50,34.77
830.704,5619.00,13.47,3.00,156.00,155.78,24.00,146.05,150.50,92.26,79.50,95.00,14.20,37.00,120.02,97.99,4.00,0.90,1.50,0.00,52.50,34.77
830.944,5619.00,13.47,3.00,156.00,155.78,24.00,146.05,150.50,92.26,79.50,95.00,14.20,37.00,120.02,21.58,4.00,0.90,1.50,0.00,52.50,34.77
831.184,5619.00,13.47,3.00,156.00,155.78,24.00,146.05,150.50,92.26,79.50,95.00,14.20,37.00,120.02,21.58,4.00,0.90,1.50,0.00,52.50,34.77
831.424,5619.00,13.47,3.00,156.00,155.78,24.00,146.05,150.50,92.26,79.50,95.00,14.20,37.00,120.02,21.58,4.00,16.00,1.50,0.00,52.50,34.77
831.666,5619.00,13.47,3.00,156.00,155.78,24.00,146.05,150.50,92.26,79.50,95.00,14.20,37.00,120.02,21.58,4.00,16.00,-3.00,0.00,52.50,34.77
831.904,5619.00,13.47,3.00,156.00,155.78,24.00,146.05,150.50,92.26,79.50,95.00,14.20,37.00,120.02,21.58,4.00,16.00,-3.00,0.00,52.50,34.77
832.144,5619.00,13.47,3.00,156.00,155.78,24.00,146.05,150.50,92.26,79.50,95.00,14.20,37.00,120.02,21.58,4.00,16.00,-3.00,0.00,50.25,34.77
832.384,5619.00,13.47,3.00,156.00,155.78,24.00,146.05,150.50,92.26,79.50,95.00,14.20,37.00,120.02,21.58,4.00,16.00,-3.00,0.00,50.25,0.39
832.624,4843.50,13.47,3.00,156.00,155.78,24.00,146.05,150.50,92.26,79.50,95.00,14.20,37.00,120.02,21.58,4.00,16.00,-3.00,0.00,50.25,0.39
832.866,4843.50,14.09,3.00,156.00,155.78,24.00,146.05,150.50,92.26,79.50,95.00,14.20,37.00,120.02,21.58,4.00,16.00,-3.00,0.00,50.25,0.39
833.104,4843.50,14.09,2.00,156.00,155.78,24.00,146.05,150.50,92.26,79.50,95.00,14.20,37.00,120.02,21.58,4.00,16.00,-3.00,0.00,50.25,0.39
833.344,4843.50,14.09,2.00,132.00,155.78,24.00,146.05,150.50,92.26,79.50,95.00,14.20,37.00,120.02,21.58,4.00,16.00,-3.00,0.00,50.25,0.39
833.584,4843.50,14.09,2.00,132.00,134.00,24.00,146.05,150.50,92.26,79.50,95.00,14.20,37.00,120.02,21.58,4.00,16.00,-3.00,0.00,50.25,0.39
833.824,4843.50,14.09,2.00,132.00,134.00,24.00,146.05,150.50,92.26,79.50,95.00,14.20,37.00,120.02,21.58,4.00,16.00,-3.00,0.00,50.25,0.39
834.066,4843.50,14.09,2.00,132.00,134.00,24.00,118.26,150.50,92.26,79.50,95.00,14.20,37.00,120.02,21.58,4.00,16.00,-3.00,0.00,50.25,0.39
834.304,4843.50,14.09,2.00,132.00,134.00,24.00,118.26,130.50,92.26,79.50,95.00,14.20,37.00,120.02,21.58,4.00,16.00,-3.00,0.00,50.25,0.39
834.544,4843.50,14.09,2.00,132.00,134.00,24.00,118.26,130.50,88.56,79.50,95.00,14.20,37.00,120.02,21.58,4.00,16.00,-3.00,0.00,50.25,0.39
834.784,4843.50,14.09,2.00,132.00,134.00,24.00,118.26,130.50,88.56,84.00,95.00,14.20,37.00,120.02,21.58,4.00,16.00,-3.00,0.00,50.25,0.39
835.024,4843.50,14.09,2.00,132.00,134.00,24.00,118.26,130.50,88.56,84.00,94.00,14.20,37.00,120.02,21.58,4.00,16.00,-3.00,0.00,50.25,0.39
835.266,4843.50,14.09,2.00,132.00,134.00,24.00,118.26,130.50,88.56,84.00,94.00,14.20,37.00,120.02,21.58,4.00,16.00,-3.00,0.00,50.25,0.39
835.504,4843.50,14.09,2.00,132.00,134.00,24.00,118.26,130.50,88.56,84.00,94.00,14.20,37.50,120.02,21.58,4.00,16.00,-3.00,0.00,50.25,0.39
835.745,4843.50,14.09,2.00,132.00,134.00,24.00,118.26,130.50,88.56,84.00,94.00,14.20,37.50,105.42,21.58,4.00,16.00,-3.00,0.00,50.25,0.39
835.984,4843.50,14.09,2.00,132.00,134.00,24.00,118.26,130.50,88.56,84.00,94.00,14.20,37.50,105.42,21.48,4.00,16.00,-3.00,0.00,50.25,0.39
836.224,4843.50,14.09,2.00,132.00,134.00,24.00,118.26,130.50,88.56,84.00,94.00,14.20,37.50,105.42,21.48,4.00,16.00,-3.00,0.00,50.25,0.39
836.466,4843.50,14.09,2.00,132.00,134.00,24.00,118.26,130.50,88.56,84.00,94.00,14.20,37.50,105.42,21.48,4.00,0.98,-3.00,0.00,50.25,0.39
836.704,4843.50,14.09,2.00,132.00,134.00,24.00,118.26,130.50,88.56,84.00,94.00,14.20,37.50,105.42,21.48,4.00,0.98,37.50,0.00,50.25,0.39
836.944,4843.50,14.09,2.00,132.00,134.00,24.00,118.26,130.50,88.56,84.00,94.00,14.20,37.50,105.42,21.48,4.00,0.98,37.50,0.00,50.25,0.39
837.184,4843.50,14.09,2.00,132.00,134.00,24.00,118.26,130.50,88.56,84.00,94.00,14.20,37.50,105.42,21.48,4.00,0.98,37.50,0.00,50.25,0.39
837.424,4843.50,14.09,2.00,132.00,134.00,24.00,118.26,130.50,88.56,84.00,94.00,14.20,37.50,105.42,21.48,4.00,0.98,37.50,0.00,50.25,33.59
837.665,4466.00,14.09,2.00,132.00,134.00,24.00,118.26,130.50,88.56,84.00,94.00,14.20,37.50,105.42,21.48,4.00,0.98,37.50,0.00,50.25,33.59
837.904,4466.00,13.46,2.00,132.00,134.00,24.00,118.26,130.50,88.56,84.00,94.00,14.20,37.50,105.42,21.48,4.00,0.98,37.50,0.00,50.25,33.59
838.144,4466.00,13.46,1.85,132.00,134.00,24.00,118.26,130.50,88.56,84.00,94.00,14.20,37.50,105.42,21.48,4.00,0.98,37.50,0.00,50.25,33.59
838.384,4466.00,13.46,1.85,116.00,134.00,24.00,118.26,130.50,88.56,84.00,94.00,14.20,37.50,105.42,21.48,4.00,0.98,37.50,0.00,50.25,33.59
838.624,4466.00,13.46,1.85,116.00,126.25,24.00,118.26,130.50,88.56,84.00,94.00,14.20,37.50,105.42,21.48,4.00,0.98,37.50,0.00,50.25,33.59
838.865,4466.00,13.46,1.85,116.00,126.25,27.75,118.26,130.50,88.56,84.00,94.00,14.20,37.50,105.42,21.48,4.00,0.98,37.50,0.00,50.25,33.59
839.104,4466.00,13.46,1.85,116.00,126.25,27.75,102.15,130.50,88.56,84.00,94.00,14.20,37.50,105.42,21.48,4.00,0.98,37.50,0.00,50.25,33.59
839.344,4466.00,13.46,1.85,116.00,126.25,27.75,102.15,153.80,88.56,84.00,94.00,14.20,37.50,105.42,21.48,4.00,0.98,37.50,0.00,50.25,33.59
839.584,4466.00,13.46,1.85,116.00,126.25,27.75,102.15,153.80,87.46,84.00,94.00,14.20,37.50,105.42,21.48,4.00,0.98,37.50,0.00,50.25,33.59
839.824,4466.00,13.46,1.85,116.00,126.25,27.75,102.15,153.80,87.46,83.25,94.00,14.20,37.50,105.42,21.48,4.00,0.98,37.50,0.00,50.25,33.59
840.065,4466.00,13.46,1.85,116.00,126.25,27.75,102.15,153.80,87.46,83.25,94.00,14.20,37.50,105.42,21.48,4.00,0.98,37.50,0.00,50.25,33.59
840.304,4466.00,13.46,1.85,116.00,126.25,27.75,102.15,153.80,87.46,83.25,94.00,14.20,37.50,105.42,21.48,4.00,0.98,37.50,0.00,50.25,33.59
840.544,4466.00,13.46,1.85,116.00,126.25,27.75,102.15,153.80,87.46,83.25,94.00,14.20,37.50,105.42,21.48,4.00,0.98,37.50,0.00,50.25,33.59
840.784,4466.00,13.46,1.85,116.00,126.25,27.75,102.15,153.80,87.46,83.25,94.00,14.20,37.50,105.14,21.48,4.00,0.98,37.50,0.00,50.25,33.59
841.024,4466.00,13.46,1.85,116.00,126.25,27.75,102.15,153.80,87.46,83.25,94.00,14.20,37.50,105.14,17.74,4.00,0.98,37.50,0.00,50.25,33.59
841.264,4466.00,13.46,1.85,116.00,126.25,27.75,102.15,153.80,87.46,83.25,94.00,14.20,37.50,105.14,17.74,5.00,0.98,37.50,0.00,50.25,33.59
841.504,4466.00,13.46,1.85,116.00,126.25,27.75,102.15,153.80,87.46,83.25,94.00,14.20,37.50,105.14,17.74,5.00,0.99,37.50,0.00,50.25,33.59
841.744,4466.00,13.46,1.85,116.00,126.25,27.75,102.15,153.80,87.46,83.25,94.00,14.20,37.50,105.14,17.74,5.00,0.99,36.00,0.00,50.25,33.59
841.984,4466.00,13.46,1.85,116.00,126.25,27.75,102.15,153.80,87.46,83.25,94.00,14.20,37.50,105.14,17.74,5.00,0.99,36.00,0.00,50.25,33.59
842.224,4466.00,13.46,1.85,116.00,126.25,27.75,102.15,153.80,87.46,83.25,94.00,14.20,37.50,105.14,17.74,5.00,0.99,36.00,0.00,49.50,33.59
842.465,4466.00,13.46,1.85,116.00,126.25,27.75,102.15,153.80,87.46,83.25,94.00,14.20,37.50,105.14,17.74,5.00,0.99,36.00,0.00,49.50,0.00
842.704,2668.50,13.46,1.85,116.00,126.25,27.75,102.15,153.80,87.46,83.25,94.00,14.20,37.50,105.14,17.74,5.00,0.99,36.00,0.00,49.50,0.00
842.944,2668.50,13.56,1.85,116.00,126.25,27.75,102.15,153.80,87.46,83.25,94.00,14.20,37.50,105.14,17.74,5.00,0.99,36.00,0.00,49.50,0.00
843.184,2668.50,13.56,1.12,116.00,126.25,27.75,102.15,153.80,87.46,83.25,94.00,14.20,37.50,105.14,17.74,5.00,0.99,36.00,0.00,49.50,0.00
843.424,2668.50,13.56,1.12,76.00,126.25,27.75,102.15,153.80,87.46,83.25,94.00,14.20,37.50,105.14,17.74,5.00,0.99,36.00,0.00,49.50,0.00
843.664,2668.50,13.56,1.12,76.00,76.94,27.75,102.15,153.80,87.46,83.25,94.00,14.20,37.50,105.14,17.74,5.00,0.99,36.00,0.00,49.50,0.00
843.904,2668.50,13.56,1.12,76.00,76.94,26.25,102.15,153.80,87.46,83.25,94.00,14.20,37.50,105.14,17.74,5.00,0.99,36.00,0.00,49.50,0.00
844.144,2668.50,13.56,1.12,76.00,76.94,26.25,95.05,153.80,87.46,83.25,94.00,14.20,37.50,105.14,17.74,5.00,0.99,36.00,0.00,49.50,0.00
844.384,2668.50,13.56,1.12,76.00,76.94,26.25,95.05,79.10,87.46,83.25,94.00,14.20,37.50,105.14,17.74,5.00,0.99,36.00,0.00,49.50,0.00
844.624,2668.50,13.56,1.12,76.00,76.94,26.25,95.05,79.10,89.46,83.25,94.00,14.20,37.50,105.14,17.74,5.00,0.99,36.00,0.00,49.50,0.00
844.864,2668.50,13.56,1.12,76.00,76.94,26.25,95.05,79.10,89.46,79.50,94.00,14.20,37.50,105.14,17.74,5.00,0.99,36.00,0.00,49.50,0.00
845.104,2668.50,13.56,1.12,76.00,76.94,26.25,95.05,79.10,89.46,79.50,93.00,14.20,37.50,105.14,17.74,5.00,0.99,36.00,0.00,49.50,0.00
845.346,2668.50,13.56,1.12,76.00,76.94,26.25,95.05,79.10,89.46,79.50,93.00,14.20,37.50,105.14,17.74,5.00,0.99,36.00,0.00,49.50,0.00
845.584,2668.50,13.56,1.12,76.00,76.94,26.25,95.05,79.10,89.46,79.50,93.00,14.20,37.50,105.14,17.74,5.00,0.99,36.00,0.00,49.50,0.00
845.824,2668.50,13.56,1.12,76.00,76.94,26.25,95.05,79.10,89.46,79.50,93.00,14.20,37.50,106.98,17.74,5.00,0.99,36.00,0.00,49.50,0.00
846.065,2668.50,13.56,1.12,76.00,76.94,26.25,95.05,79.10,89.46,79.50,93.00,14.20,37.50,106.98,16.77,5.00,0.99,36.00,0.00,49.50,0.00
846.304,2668.50,13.56,1.12,76.00,76.94,26.25,95.05,79.10,89.46,79.50,93.00,14.20,37.50,106.98,16.77,6.00,0.99,36.00,0.00,49.50,0.00
846.545,2668.50,13.56,1.12,76.00,76.94,26.25,95.05,79.10,89.46,79.50,93.00,14.20,37.50,106.98,16.77,6.00,0.99,36.00,0.00,49.50,0.00
846.784,2668.50,13.56,1.12,76.00,76.94,26.25,95.05,79.10,89.46,79.50,93.00,14.20,37.50,106.98,16.77,6.00,0.99,27.75,0.00,49.50,0.00
847.024,2668.50,13.56,1.12,76.00,76.94,26.25,95.05,79.10,89.46,79.50,93.00,14.20,37.50,106.98,16.77,6.00,0.99,27.75,0.00,49.50,0.00
847.266,2668.50,13.56,1.12,76.00,76.94,26.25,95.05,79.10,89.46,79.50,93.00,14.20,37.50,106.98,16.77,6.00,0.99,27.75,0.00,49.50,0.00
847.504,2668.50,13.56,1.12,76.00,76.94,26.25,95.05,79.10,89.46,79.50,93.00,14.20,37.50,106.98,16.77,6.00,0.99,27.75,0.00,49.50,0.00
847.744,1725.50,13.56,1.12,76.00,76.94,26.25,95.05,79.10,89.46,79.50,93.00,14.20,37.50,106.98,16.77,6.00,0.99,27.75,0.00,49.50,0.00
847.984,1725.50,13.42,1.12,76.00,76.94,26.25,95.05,79.10,89.46,79.50,93.00,14.20,37.50,106.98,16.77,6.00,0.99,27.75,0.00,49.50,0.00
848.224,1725.50,13.42,0.62,76.00,76.94,26.25,95.05,79.10,89.46,79.50,93.00,14.20,37.50,106.98,16.77,6.00,0.99,27.75,0.00,49.50,0.00
848.464,1725.50,13.42,0.62,48.00,76.94,26.25,95.05,79.10,89.46,79.50,93.00,14.20,37.50,106.98,16.77,6.00,0.99,27.75,0.00,49.50,0.00
848.704,1725.50,13.42,0.62,48.00,50.56,26.25,95.05,79.10,89.46,79.50,93.00,14.20,37.50,106.98,16.77,6.00,0.99,27.75,0.00,49.50,0.00
848.944,1725.50,13.42,0.62,48.00,50.56,25.50,95.05,79.10,89.46,79.50,93.00,14.20,37.50,106.98,16.77,6.00,0.99,27.75,0.00,49.50,0.00
849.184,1725.50,13.42,0.62,48.00,50.56,25.50,90.04,79.10,89.46,79.50,93.00,14.20,37.50,106.98,16.77,6.00,0.99,27.75,0.00,49.50,0.00
849.424,1725.50,13.42,0.62,48.00,50.56,25.50,90.04,50.30,89.46,79.50,93.00,14.20,37.50,106.98,16.77,6.00,0.99,27.75,0.00,49.50,0.00
849.666,1725.50,13.42,0.62,48.00,50.56,25.50,90.04,50.30,93.46,79.50,93.00,14.20,37.50,106.98,16.77,6.00,0.99,27.75,0.00,49.50,0.00
849.904,1725.50,13.42,0.62,48.00,50.56,25.50,90.04,50.30,93.46,78.00,93.00,14.20,37.50,106.98,16.77,6.00,0.99,27.75,0.00,49.50,0.00
850.144,1725.50,13.42,0.62,48.00,50.56,25.50,90.04,50.30,93.46,78.00,93.00,14.20,37.50,106.98,16.77,6.00,0.99,27.75,0.00,49.50,0.00
850.384,1725.50,13.42,0.62,48.00,50.56,25.50,90.04,50.30,93.46,78.00,93.00,14.20,37.50,106.98,16.77,6.00,0.99,27.75,0.00,49.50,0.00
850.624,1725.50,13.42,0.62,48.00,50.56,25.50,90.04,50.30,93.46,78.00,93.00,14.20,37.50,106.98,16.77,6.00,0.99,27.75,0.00,49.50,0.00
850.866,1725.50,13.42,0.62,48.00,50.56,25.50,90.04,50.30,93.46,78.00,93.00,14.20,37.50,107.89,16.77,6.00,0.99,27.75,0.00,49.50,0.00
851.134,1725.50,13.42,0.62,48.00,50.56,25.50,90.04,50.30,93.46,78.00,93.00,14.20,37.50,107.89,14.05,6.00,0.99,27.75,0.00,49.50,0.00
851.375,1725.50,13.42,0.62,48.00,50.56,25.50,90.04,50.30,93.46,78.00,93.00,14.20,37.50,107.89,14.05,6.00,0.99,27.75,0.00,49.50,0.00
851.614,1725.50,13.42,0.62,48.00,50.56,25.50,90.04,50.30,93.46,78.00,93.00,14.20,37.50,107.89,14.05,6.00,0.99,27.75,0.00,49.50,0.00
851.856,1725.50,13.42,0.62,48.00,50.56,25.50,90.04,50.30,93.46,78.00,93.00,14.20,37.50,107.89,14.05,6.00,0.99,19.50,0.00,49.50,0.00
852.094,1725.50,13.42,0.62,48.00,50.56,25.50,90.04,50.30,93.46,78.00,93.00,14.20,37.50,107.89,14.05,6.00,0.99,19.50,0.00,49.50,0.00
852.334,1725.50,13.42,0.62,48.00,50.56,25.50,90.04,50.30,93.46,78.00,93.00,14.20,37.50,107.89,14.05,6.00,0.99,19.50,0.00,48.75,0.00
852.574,1725.50,13.42,0.62,48.00,50.56,25.50,90.04,50.30,93.46,78.00,93.00,14.20,37.50,107.89,14.05,6.00,0.99,19.50,0.00,48.75,17.97
852.814,1718.00,13.42,0.62,48.00,50.56,25.50,90.04,50.30,93.46,78.00,93.00,14.20,37.50,107.89,14.05,6.00,0.99,19.50,0.00,48.75,17.97
853.054,1718.00,13.48,0.62,48.00,50.56,25.50,90.04,50.30,93.46,78.00,93.00,14.20,37.50,107.89,14.05,6.00,0.99,19.50,0.00,48.75,17.97
853.294,1718.00,13.48,0.22,48.00,50.56,25.50,90.04,50.30,93.46,78.00,93.00,14.20,37.50,107.89,14.05,6.00,0.99,19.50,0.00,48.75,17.97
853.534,1718.00,13.48,0.22,20.00,50.56,25.50,90.04,50.30,93.46,78.00,93.00,14.20,37.50,107.89,14.05,6.00,0.99,19.50,0.00,48.75,17.97
853.774,1718.00,13.48,0.22,20.00,24.88,25.50,90.04,50.30,93.46,78.00,93.00,14.20,37.50,107.89,14.05,6.00,0.99,19.50,0.00,48.75,17.97
854.014,1718.00,13.48,0.22,20.00,24.88,12.75,90.04,50.30,93.46,78.00,93.00,14.20,37.50,107.89,14.05,6.00,0.99,19.50,0.00,48.75,17.97
854.284,1718.00,13.48,0.22,20.00,24.88,12.75,87.46,50.30,93.46,78.00,93.00,14.20,37.50,107.89,14.05,6.00,0.99,19.50,0.00,48.75,17.97
854.524,1718.00,13.48,0.22,20.00,24.88,12.75,87.46,33.00,93.46,78.00,93.00,14.20,37.50,107.89,14.05,6.00,0.99,19.50,0.00,48.75,17.97
854.764,1718.00,13.48,0.22,20.00,24.88,12.75,87.46,33.00,95.46,78.00,93.00,14.20,37.50,107.89,14.05,6.00,0.99,19.50,0.00,48.75,17.97
855.004,1718.00,13.48,0.22,20.00,24.88,12.75,87.46,33.00,95.46,73.50,93.00,14.20,37.50,107.89,14.05,6.00,0.99,19.50,0.00,48.75,17.97
855.244,1718.00,13.48,0.22,20.00,24.88,12.75,87.46,33.00,95.46,73.50,93.00,14.20,37.50,107.89,14.05,6.00,0.99,19.50,0.00,48.75,17.97
855.484,1718.00,13.48,0.22,20.00,24.88,12.75,87.46,33.00,95.46,73.50,93.00,14.20,37.50,107.89,14.05,6.00,0.99,19.50,0.00,48.75,17.97
855.724,1718.00,13.48,0.22,20.00,24.88,12.75,87.46,33.00,95.46,73.50,93.00,14.20,37.50,107.89,14.05,6.00,0.99,19.50,0.00,48.75,17.97
855.966,1718.00,13.48,0.22,20.00,24.88,12.75,87.46,33.00,95.46,73.50,93.00,14.20,37.50,99.98,14.05,6.00,0.99,19.50,0.00,48.75,17.97
856.204,1718.00,13.48,0.22,20.00,24.88,12.75,87.46,33.00,95.46,73.50,93.00,14.20,37.50,99.98,11.61,6.00,0.99,19.50,0.00,48.75,17.97
856.444,1718.00,13.48,0.22,20.00,24.88,12.75,87.46,33.00,95.46,73.50,93.00,14.20,37.50,99.98,11.61,6.00,0.99,19.50,0.00,48.75,17.97
856.684,1718.00,13.48,0.22,20.00,24.88,12.75,87.46,33.00,95.46,73.50,93.00,14.20,37.50,99.98,11.61,6.00,4.08,19.50,0.00,48.75,17.97
856.924,1718.00,13.48,0.22,20.00,24.88,12.75,87.46,33.00,95.46,73.50,93.00,14.20,37.50,99.98,11.61,6.00,4.08,18.00,0.00,48.75,17.97
857.164,1718.00,13.48,0.22,20.00,24.88,12.75,87.46,33.00,95.46,73.50,93.00,14.20,37.50,99.98,11.61,6.00,4.08,18.00,0.00,48.75,17.97
857.404,1718.00,13.48,0.22,20.00,24.88,12.75,87.46,33.00,95.46,73.50,93.00,14.20,37.50,99.98,11.61,6.00,4.08,18.00,0.00,49.50,17.97
857.644,1718.00,13.48,0.22,20.00,24.88,12.75,87.46,33.00,95.46,73.50,93.00,14.20,37.50,99.98,11.61,6.00,4.08,18.00,0.00,49.50,0.39
857.914,2045.50,13.48,0.22,20.00,24.88,12.75,87.46,33.00,95.46,73.50,93.00,14.20,37.50,99.98,11.61,6.00,4.08,18.00,0.00,49.50,0.39
858.156,2045.50,13.51,0.22,20.00,24.88,12.75,87.46,33.00,95.46,73.50,93.00,14.20,37.50,99.98,11.61,6.00,4.08,18.00,0.00,49.50,0.39
858.394,2045.50,13.51,0.30,20.00,24.88,12.75,87.46,33.00,95.46,73.50,93.00,14.20,37.50,99.98,11.61,6.00,4.08,18.00,0.00,49.50,0.39
858.634,2045.50,13.51,0.30,28.00,24.88,12.75,87.46,33.00,95.46,73.50,93.00,14.20,37.50,99.98,11.61,6.00,4.08,18.00,0.00,49.50,0.39
858.875,2045.50,13.51,0.30,28.00,29.22,12.75,87.46,33.00,95.46,73.50,93.00,14.20,37.50,99.98,11.61,6.00,4.08,18.00,0.00,49.50,0.39
859.114,2045.50,13.51,0.30,28.00,29.22,12.75,87.46,33.00,95.46,73.50,93.00,14.20,37.50,99.98,11.61,6.00,4.08,18.00,0.00,49.50,0.39
859.356,2045.50,13.51,0.30,28.00,29.22,12.75,85.96,33.00,95.46,73.50,93.00,14.20,37.50,99.98,11.61,6.00,4.08,18.00,0.00,49.50,0.39
859.594,2045.50,13.51,0.30,28.00,29.22,12.75,85.96,33.70,95.46,73.50,93.00,14.20,37.50,99.98,11.61,6.00,4.08,18.00,0.00,49.50,0.39
859.834,2045.50,13.51,0.30,28.00,29.22,12.75,85.96,33.70,94.46,73.50,93.00,14.20,37.50,99.98,11.61,6.00,4.08,18.00,0.00,49.50,0.39
860.075,2045.50,13.51,0.30,28.00,29.22,12.75,85.96,33.70,94.46,62.25,93.00,14.20,37.50,99.98,11.61,6.00,4.08,18.00,0.00,49.50,0.39
860.314,2045.50,13.51,0.30,28.00,29.22,12.75,85.96,33.70,94.46,62.25,93.00,14.20,37.50,99.98,11.61,6.00,4.08,18.00,0.00,49.50,0.39
860.554,2045.50,13.51,0.30,28.00,29.22,12.75,85.96,33.70,94.46,62.25,93.00,14.21,37.50,99.98,11.61,6.00,4.08,18.00,0.00,49.50,0.39
860.794,2045.50,13.51,0.30,28.00,29.22,12.75,85.96,33.70,94.46,62.25,93.00,14.21,37.50,99.98,11.61,6.00,4.08,18.00,0.00,49.50,0.39
861.034,2045.50,13.51,0.30,28.00,29.22,12.75,85.96,33.70,94.46,62.25,93.00,14.21,37.50,97.39,11.61,6.00,4.08,18.00,0.00,49.50,0.39
861.274,2045.50,13.51,0.30,28.00,29.22,12.75,85.96,33.70,94.46,62.25,93.00,14.21,37.50,97.39,10.92,6.00,4.08,18.00,0.00,49.50,0.39
861.514,2045.50,13.51,0.30,28.00,29.22,12.75,85.96,33.70,94.46,62.25,93.00,14.21,37.50,97.39,10.92,6.00,4.08,18.00,0.00,49.50,0.39
861.756,2045.50,13.51,0.30,28.00,29.22,12.75,85.96,33.70,94.46,62.25,93.00,14.21,37.50,97.39,10.92,6.00,3.24,18.00,0.00,49.50,0.39
861.994,2045.50,13.51,0.30,28.00,29.22,12.75,85.96,33.70,94.46,62.25,93.00,14.21,37.50,97.39,10.92,6.00,3.24,24.75,0.00,49.50,0.39
862.234,2045.50,13.51,0.30,28.00,29.22,12.75,85.96,33.70,94.46,62.25,93.00,14.21,37.50,97.39,10.92,6.00,3.24,24.75,0.00,49.50,0.39
862.475,2045.50,13.51,0.30,28.00,29.22,12.75,85.96,33.70,94.46,62.25,93.00,14.21,37.50,97.39,10.92,6.00,3.24,24.75,0.00,49.50,0.39
862.714,2045.50,13.51,0.30,28.00,29.22,12.75,85.96,33.70,94.46,62.25,93.00,14.21,37.50,97.39,10.92,6.00,3.24,24.75,0.00,49.50,0.39
862.956,2013.50,13.51,0.30,28.00,29.22,12.75,85.96,33.70,94.46,62.25,93.00,14.21,37.50,97.39,10.92,6.00,3.24,24.75,0.00,49.50,0.39
863.194,2013.50,13.51,0.30,28.00,29.22,12.75,85.96,33.70,94.46,62.25,93.00,14.21,37.50,97.39,10.92,6.00,3.24,24.75,0.00,49.50,0.39
863.434,2013.50,13.51,0.76,28.00,29.22,12.75,85.96,33.70,94.46,62.25,93.00,14.21,37.50,97.39,10.92,6.00,3.24,24.75,0.00,49.50,0.39
863.675,2013.50,13.51,0.76,100.00,29.22,12.75,85.96,33.70,94.46,62.25,93.00,14.21,37.50,97.39,10.92,6.00,3.24,24.75,0.00,49.50,0.39
863.914,2013.50,13.51,0.76,100.00,106.84,12.75,85.96,33.70,94.46,62.25,93.00,14.21,37.50,97.39,10.92,6.00,3.24,24.75,0.00,49.50,0.39
864.154,2013.50,13.51,0.76,100.00,106.84,45.75,85.96,33.70,94.46,62.25,93.00,14.21,37.50,97.39,10.92,6.00,3.24,24.75,0.00,49.50,0.39
864.394,2013.50,13.51,0.76,100.00,106.84,45.75,83.94,33.70,94.46,62.25,93.00,14.21,37.50,97.39,10.92,6.00,3.24,24.75,0.00,49.50,0.39
864.634,2013.50,13.51,0.76,100.00,106.84,45.75,83.94,106.80,94.46,62.25,93.00,14.21,37.50,97.39,10.92,6.00,3.24,24.75,0.00,49.50,0.39
864.876,2013.50,13.51,0.76,100.00,106.84,45.75,83.94,106.80,91.46,62.25,93.00,14.21,37.50,97.39,10.92,6.00,3.24,24.75,0.00,49.50,0.39
865.114,2013.50,13.51,0.76,100.00,106.84,45.75,83.94,106.80,91.46,59.25,93.00,14.21,37.50,97.39,10.92,6.00,3.24,24.75,0.00,49.50,0.39
865.356,2013.50,13.51,0.76,100.00,106.84,45.75,83.94,106.80,91.46,59.25,93.00,14.21,37.50,97.39,10.92,6.00,3.24,24.75,0.00,49.50,0.39
865.594,2013.50,13.51,0.76,100.00,106.84,45.75,83.94,106.80,91.46,59.25,93.00,14.21,37.50,97.39,10.92,6.00,3.24,24.75,0.00,49.50,0.39
865.834,2013.50,13.51,0.76,100.00,106.84,45.75,83.94,106.80,91.46,59.25,93.00,14.21,37.50,97.39,10.92,6.00,3.24,24.75,0.00,49.50,0.39
866.075,2013.50,13.51,0.76,100.00,106.84,45.75,83.94,106.80,91.46,59.25,93.00,14.21,37.50,102.40,10.92,6.00,3.24,24.75,0.00,49.50,0.39
866.314,2013.50,13.51,0.76,100.00,106.84,45.75,83.94,106.80,91.46,59.25,93.00,14.21,37.50,102.40,16.05,6.00,3.24,24.75,0.00,49.50,0.39
866.554,2013.50,13.51,0.76,100.00,106.84,45.75,83.94,106.80,91.46,59.25,93.00,14.21,37.50,102.40,16.05,6.00,3.24,24.75,0.00,49.50,0.39
866.794,2013.50,13.51,0.76,100.00,106.84,45.75,83.94,106.80,91.46,59.25,93.00,14.21,37.50,102.40,16.05,6.00,0.99,24.75,0.00,49.50,0.39
867.034,2013.50,13.51,0.76,100.00,106.84,45.75,83.94,106.80,91.46,59.25,93.00,14.21,37.50,102.40,16.05,6.00,0.99,24.00,0.00,49.50,0.39
867.275,2013.50,13.51,0.76,100.00,106.84,45.75,83.94,106.80,91.46,59.25,93.00,14.21,37.50,102.40,16.05,6.00,0.99,24.00,0.00,49.50,0.39
867.514,2013.50,13.51,0.76,100.00,106.84,45.75,83.94,106.80,91.46,59.25,93.00,14.21,37.50,102.40,16.05,6.00,0.99,24.00,0.00,48.75,0.39
867.756,2013.50,13.51,0.76,100.00,106.84,45.75,83.94,106.80,91.46,59.25,93.00,14.21,37.50,102.40,16.05,6.00,0.99,24.00,0.00,48.75,0.39
867.994,2146.00,13.51,0.76,100.00,106.84,45.75,83.94,106.80,91.46,59.25,93.00,14.21,37.50,102.40,16.05,6.00,0.99,24.00,0.00,48.75,0.39
868.234,2146.00,13.55,0.76,100.00,106.84,45.75,83.94,106.80,91.46,59.25,93.00,14.21,37.50,102.40,16.05,6.00,0.99,24.00,0.00,48.75,0.39
868.475,2146.00,13.55,1.69,100.00,106.84,45.75,83.94,106.80,91.46,59.25,93.00,14.21,37.50,102.40,16.05,6.00,0.99,24.00,0.00,48.75,0.39
868.714,2146.00,13.55,1.69,104.00,106.84,45.75,83.94,106.80,91.46,59.25,93.00,14.21,37.50,102.40,16.05,6.00,0.99,24.00,0.00,48.75,0.39
868.956,2146.00,13.55,1.69,104.00,89.19,45.75,83.94,106.80,91.46,59.25,93.00,14.21,37.50,102.40,16.05,6.00,0.99,24.00,0.00,48.75,0.39
869.194,2146.00,13.55,1.69,104.00,89.19,44.25,83.94,106.80,91.46,59.25,93.00,14.21,37.50,102.40,16.05,6.00,0.99,24.00,0.00,48.75,0.39
869.434,2146.00,13.55,1.69,104.00,89.19,44.25,83.24,106.80,91.46,59.25,93.00,14.21,37.50,102.40,16.05,6.00,0.99,24.00,0.00,48.75,0.39
869.675,2146.00,13.55,1.69,104.00,89.19,44.25,83.24,79.00,91.46,59.25,93.00,14.21,37.50,102.40,16.05,6.00,0.99,24.00,0.00,48.75,0.39
869.914,2146.00,13.55,1.69,104.00,89.19,44.25,83.24,79.00,90.46,59.25,93.00,14.21,37.50,102.40,16.05,6.00,0.99,24.00,0.00,48.75,0.39
870.156,2146.00,13.55,1.69,104.00,89.19,44.25,83.24,79.00,90.46,61.50,93.00,14.21,37.50,102.40,16.05,6.00,0.99,24.00,0.00,48.75,0.39
870.394,2146.00,13.55,1.69,104.00,89.19,44.25,83.24,79.00,90.46,61.50,93.00,14.21,37.50,102.40,16.05,6.00,0.99,24.00,0.00,48.75,0.39
870.634,2146.00,13.55,1.69,104.00,89.19,44.25,83.24,79.00,90.46,61.50,93.00,14.21,37.50,102.40,16.05,6.00,0.99,24.00,0.00,48.75,0.39
870.875,2146.00,13.55,1.69,104.00,89.19,44.25,83.24,79.00,90.46,61.50,93.00,14.21,37.50,102.40,16.05,6.00,0.99,24.00,0.00,48.75,0.39
871.115,2146.00,13.55,1.69,104.00,89.19,44.25,83.24,79.00,90.46,61.50,93.00,14.21,37.50,106.50,16.05,6.00,0.99,24.00,0.00,48.75,0.39
871.356,2146.00,13.55,1.69,104.00,89.19,44.25,83.24,79.00,90.46,61.50,93.00,14.21,37.50,106.50,15.60,6.00,0.99,24.00,0.00,48.75,0.39
871.594,2146.00,13.55,1.69,104.00,89.19,44.25,83.24,79.00,90.46,61.50,93.00,14.21,37.50,106.50,15.60,6.00,0.99,24.00,0.00,48.75,0.39
871.834,2146.00,13.55,1.69,104.00,89.19,44.25,83.24,79.00,90.46,61.50,93.00,14.21,37.50,106.50,15.60,6.00,1.00,24.00,0.00,48.75,0.39
872.076,2146.00,13.55,1.69,104.00,89.19,44.25,83.24,79.00,90.46,61.50,93.00,14.21,37.50,106.50,15.60,6.00,1.00,21.75,0.00,48.75,0.39
872.314,2146.00,13.55,1.69,104.00,89.19,44.25,83.24,79.00,90.46,61.50,93.00,14.21,37.50,106.50,15.60,6.00,1.00,21.75,0.00,48.75,0.39
872.556,2146.00,13.55,1.69,104.00,89.19,44.25,83.24,79.00,90.46,61.50,93.00,14.21,37.50,106.50,15.60,6.00,1.00,21.75,0.00,48.75,0.39
872.794,2146.00,13.55,1.69,104.00,89.19,44.25,83.24,79.00,90.46,61.50,93.00,14.21,37.50,106.50,15.60,6.00,1.00,21.75,0.00,48.75,0.39
873.034,1719.50,13.55,1.69,104.00,89.19,44.25,83.24,79.00,90.46,61.50,93.00,14.21,37.50,106.50,15.60,6.00,1.00,21.75,0.00,48.75,0.39
873.275,1719.50,13.51,1.69,104.00,89.19,44.25,83.24,79.00,90.46,61.50,93.00,14.21,37.50,106.50,15.60,6.00,1.00,21.75,0.00,48.75,0.39
873.514,1719.50,13.51,0.81,104.00,89.19,44.25,83.24,79.00,90.46,61.50,93.00,14.21,37.50,106.50,15.60,6.00,1.00,21.75,0.00,48.75,0.39
873.757,1719.50,13.51,0.81,64.00,89.19,44.25,83.24,79.00,90.46,61.50,93.00,14.21,37.50,106.50,15.60,6.00,1.00,21.75,0.00,48.75,0.39
873.994,1719.50,13.51,0.81,64.00,63.75,44.25,83.24,79.00,90.46,61.50,93.00,14.21,37.50,106.50,15.60,6.00,1.00,21.75,0.00,48.75,0.39
874.234,1719.50,13.51,0.81,64.00,63.75,32.25,83.24,79.00,90.46,61.50,93.00,14.21,37.50,106.50,15.60,6.00,1.00,21.75,0.00,48.75,0.39
874.475,1719.50,13.51,0.81,64.00,63.75,32.25,82.96,79.00,90.46,61.50,93.00,14.21,37.50,106.50,15.60,6.00,1.00,21.75,0.00,48.75,0.39
874.714,1719.50,13.51,0.81,64.00,63.75,32.25,82.96,68.00,90.46,61.50,93.00,14.21,37.50,106.50,15.60,6.00,1.00,21.75,0.00,48.75,0.39
874.957,1719.50,13.51,0.81,64.00,63.75,32.25,82.96,68.00,92.06,61.50,93.00,14.21,37.50,106.50,15.60,6.00,1.00,21.75,0.00,48.75,0.39
875.194,1719.50,13.51,0.81,64.00,63.75,32.25,82.96,68.00,92.06,61.50,93.00,14.21,37.50,106.50,15.60,6.00,1.00,21.75,0.00,48.75,0.39
875.434,1719.50,13.51,0.81,64.00,63.75,32.25,82.96,68.00,92.06,61.50,93.00,14.21,37.50,106.50,15.60,6.00,1.00,21.75,0.00,48.75,0.39
875.676,1719.50,13.51,0.81,64.00,63.75,32.25,82.96,68.00,92.06,61.50,93.00,14.22,37.50,106.50,15.60,6.00,1.00,21.75,0.00,48.75,0.39
875.914,1719.50,13.51,0.81,64.00,63.75,32.25,82.96,68.00,92.06,61.50,93.00,14.22,37.50,106.50,15.60,6.00,1.00,21.75,0.00,48.75,0.39
876.154,1719.50,13.51,0.81,64.00,63.75,32.25,82.96,68.00,92.06,61.50,93.00,14.22,37.50,107.03,15.60,6.00,1.00,21.75,0.00,48.75,0.39
876.394,1719.50,13.51,0.81,64.00,63.75,32.25,82.96,68.00,92.06,61.50,93.00,14.22,37.50,107.03,16.37,6.00,1.00,21.75,0.00,48.75,0.39
876.634,1719.50,13.51,0.81,64.00,63.75,32.25,82.96,68.00,92.06,61.50,93.00,14.22,37.50,107.03,16.37,6.00,1.00,21.75,0.00,48.75,0.39
876.875,1719.50,13.51,0.81,64.00,63.75,32.25,82.96,68.00,92.06,61.50,93.00,14.22,37.50,107.03,16.37,6.00,0.99,21.75,0.00,48.75,0.39
877.114,1719.50,13.51,0.81,64.00,63.75,32.25,82.96,68.00,92.06,61.50,93.00,14.22,37.50,107.03,16.37,6.00,0.99,22.50,0.00,48.75,0.39
877.356,1719.50,13.51,0.81,64.00,63.75,32.25,82.96,68.00,92.06,61.50,93.00,14.22,37.50,107.03,16.37,6.00,0.99,22.50,0.00,48.75,0.39
877.594,1719.50,13.51,0.81,64.00,63.75,32.25,82.96,68.00,92.06,61.50,93.00,14.22,37.50,107.03,16.37,6.00,0.99,22.50,0.00,48.75,0.39
877.834,1719.50,13.51,0.81,64.00,63.75,32.25,82.96,68.00,92.06,61.50,93.00,14.22,37.50,107.03,16.37,6.00,0.99,22.50,0.00,48.75,0.39
878.075,1719.00,13.51,0.81,64.00,63.75,32.25,82.96,68.00,92.06,61.50,93.00,14.22,37.50,107.03,16.37,6.00,0.99,22.50,0.00,48.75,0.39
878.314,1719.00,13.52,0.81,64.00,63.75,32.25,82.96,68.00,92.06,61.50,93.00,14.22,37.50,107.03,16.37,6.00,0.99,22.50,0.00,48.75,0.39
878.556,1719.00,13.52,0.86,64.00,63.75,32.25,82.96,68.00,92.06,61.50,93.00,14.22,37.50,107.03,16.37,6.00,0.99,22.50,0.00,48.75,0.39
878.794,1719.00,13.52,0.86,68.00,63.75,32.25,82.96,68.00,92.06,61.50,93.00,14.22,37.50,107.03,16.37,6.00,0.99,22.50,0.00,48.75,0.39
879.034,1719.00,13.52,0.86,68.00,70.06,32.25,82.96,68.00,92.06,61.50,93.00,14.22,37.50,107.03,16.37,6.00,0.99,22.50,0.00,48.75,0.39
879.275,1719.00,13.52,0.86,68.00,70.06,36.00,82.96,68.00,92.06,61.50,93.00,14.22,37.50,107.03,16.37,6.00,0.99,22.50,0.00,48.75,0.39
879.514,1719.00,13.52,0.86,68.00,70.06,36.00,81.46,68.00,92.06,61.50,93.00,14.22,37.50,107.03,16.37,6.00,0.99,22.50,0.00,48.75,0.39
879.756,1719.00,13.52,0.86,68.00,70.06,36.00,81.46,75.10,92.06,61.50,93.00,14.22,37.50,107.03,16.37,6.00,0.99,22.50,0.00,48.75,0.39
879.994,1719.00,13.52,0.86,68.00,70.06,36.00,81.46,75.10,93.46,61.50,93.00,14.22,37.50,107.03,16.37,6.00,0.99,22.50,0.00,48.75,0.39
880.234,1719.00,13.52,0.86,68.00,70.06,36.00,81.46,75.10,93.46,61.50,93.00,14.22,37.50,107.03,16.37,6.00,0.99,22.50,0.00,48.75,0.39
880.476,1719.00,13.52,0.86,68.00,70.06,36.00,81.46,75.10,93.46,61.50,93.00,14.22,37.50,107.03,16.37,6.00,0.99,22.50,0.00,48.75,0.39
880.715,1719.00,13.52,0.86,68.00,70.06,36.00,81.46,75.10,93.46,61.50,93.00,14.22,37.50,107.03,16.37,6.00,0.99,22.50,0.00,48.75,0.39
880.956,1719.00,13.52,0.86,68.00,70.06,36.00,81.46,75.10,93.46,61.50,93.00,14.22,37.50,107.03,16.37,6.00,0.99,22.50,0.00,48.75,0.39
881.194,1719.00,13.52,0.86,68.00,70.06,36.00,81.46,75.10,93.46,61.50,93.00,14.22,37.50,107.27,16.37,6.00,0.99,22.50,0.00,48.75,0.39
881.434,1719.00,13.52,0.86,68.00,70.06,36.00,81.46,75.10,93.46,61.50,93.00,14.22,37.50,107.27,16.59,6.00,0.99,22.50,0.00,48.75,0.39
881.676,1719.00,13.52,0.86,68.00,70.06,36.00,81.46,75.10,93.46,61.50,93.00,14.22,37.50,107.27,16.59,6.00,0.99,22.50,0.00,48.75,0.39
881.914,1719.00,13.52,0.86,68.00,70.06,36.00,81.46,75.10,93.46,61.50,93.00,14.22,37.50,107.27,16.59,6.00,0.99,22.50,0.00,48.75,0.39
882.156,1719.00,13.52,0.86,68.00,70.06,36.00,81.46,75.10,93.46,61.50,93.00,14.22,37.50,107.27,16.59,6.00,0.99,22.50,0.00,48.75,0.39
882.394,1719.00,13.52,0.86,68.00,70.06,36.00,81.46,75.10,93.46,61.50,93.00,14.22,37.50,107.27,16.59,6.00,0.99,22.50,0.00,48.75,0.39
882.634,1719.00,13.52,0.86,68.00,70.06,36.00,81.46,75.10,93.46,61.50,93.00,14.22,37.50,107.27,16.59,6.00,0.99,22.50,0.00,48.00,0.39
882.875,1719.00,13.52,0.86,68.00,70.06,36.00,81.46,75.10,93.46,61.50,93.00,14.22,37.50,107.27,16.59,6.00,0.99,22.50,0.00,48.00,0.78
883.114,1724.50,13.52,0.86,68.00,70.06,36.00,81.46,75.10,93.46,61.50,93.00,14.22,37.50,107.27,16.59,6.00,0.99,22.50,0.00,48.00,0.78
883.354,1724.50,13.52,0.86,68.00,70.06,36.00,81.46,75.10,93.46,61.50,93.00,14.22,37.50,107.27,16.59,6.00,0.99,22.50,0.00,48.00,0.78
883.604,1724.50,13.52,1.20,68.00,70.06,36.00,81.46,75.10,93.46,61.50,93.00,14.22,37.50,107.27,16.59,6.00,0.99,22.50,0.00,48.00,0.78
883.834,1724.50,13.52,1.20,76.00,70.06,36.00,81.46,75.10,93.46,61.50,93.00,14.22,37.50,107.27,16.59,6.00,0.99,22.50,0.00,48.00,0.78
884.076,1724.50,13.52,1.20,76.00,77.88,36.00,81.46,75.10,93.46,61.50,93.00,14.22,37.50,107.27,16.59,6.00,0.99,22.50,0.00,48.00,0.78
884.314,1724.50,13.52,1.20,76.00,77.88,38.25,81.46,75.10,93.46,61.50,93.00,14.22,37.50,107.27,16.59,6.00,0.99,22.50,0.00,48.00,0.78
884.555,1724.50,13.52,1.20,76.00,77.88,38.25,80.24,75.10,93.46,61.50,93.00,14.22,37.50,107.27,16.59,6.00,0.99,22.50,0.00,48.00,0.78
884.794,1724.50,13.52,1.20,76.00,77.88,38.25,80.24,78.20,93.46,61.50,93.00,14.22,37.50,107.27,16.59,6.00,0.99,22.50,0.00,48.00,0.78
885.034,1724.50,13.52,1.20,76.00,77.88,38.25,80.24,78.20,94.16,61.50,93.00,14.22,37.50,107.27,16.59,6.00,0.99,22.50,0.00,48.00,0.78
885.275,1724.50,13.52,1.20,76.00,77.88,38.25,80.24,78.20,94.16,58.50,93.00,14.22,37.50,107.27,16.59,6.00,0.99,22.50,0.00,48.00,0.78
885.514,1724.50,13.52,1.20,76.00,77.88,38.25,80.24,78.20,94.16,58.50,93.00,14.22,37.50,107.27,16.59,6.00,0.99,22.50,0.00,48.00,0.78
885.756,1724.50,13.52,1.20,76.00,77.88,38.25,80.24,78.20,94.16,58.50,93.00,14.22,37.50,107.27,16.59,6.00,0.99,22.50,0.00,48.00,0.78
885.994,1724.50,13.52,1.20,76.00,77.88,38.25,80.24,78.20,94.16,58.50,93.00,14.22,37.50,107.27,16.59,6.00,0.99,22.50,0.00,48.00,0.78
886.234,1724.50,13.52,1.20,76.00,77.88,38.25,80.24,78.20,94.16,58.50,93.00,14.22,37.50,107.57,16.59,6.00,0.99,22.50,0.00,48.00,0.78
886.474,1724.50,13.52,1.20,76.00,77.88,38.25,80.24,78.20,94.16,58.50,93.00,14.22,37.50,107.57,16.82,6.00,0.99,22.50,0.00,48.00,0.78
886.714,1724.50,13.52,1.20,76.00,77.88,38.25,80.24,78.20,94.16,58.50,93.00,14.22,37.50,107.57,16.82,6.00,0.99,22.50,0.00,48.00,0.78
886.955,1724.50,13.52,1.20,76.00,77.88,38.25,80.24,78.20,94.16,58.50,93.00,14.22,37.50,107.57,16.82,6.00,0.99,22.50,0.00,48.00,0.78
887.194,1724.50,13.52,1.20,76.00,77.88,38.25,80.24,78.20,94.16,58.50,93.00,14.22,37.50,107.57,16.82,6.00,0.99,22.50,0.00,48.00,0.78
887.434,1724.50,13.52,1.20,76.00,77.88,38.25,80.24,78.20,94.16,58.50,93.00,14.22,37.50,107.57,16.82,6.00,0.99,22.50,0.00,48.00,0.78
887.677,1724.50,13.52,1.20,76.00,77.88,38.25,80.24,78.20,94.16,58.50,93.00,14.22,37.50,107.57,16.82,6.00,0.99,22.50,0.00,48.00,0.78
887.914,1724.50,13.52,1.20,76.00,77.88,38.25,80.24,78.20,94.16,58.50,93.00,14.22,37.50,107.57,16.82,6.00,0.99,22.50,0.00,48.00,0.78
888.154,1727.00,13.52,1.20,76.00,77.88,38.25,80.24,78.20,94.16,58.50,93.00,14.22,37.50,107.57,16.82,6.00,0.99,22.50,0.00,48.00,0.78
888.394,1727.00,13.51,1.20,76.00,77.88,38.25,80.24,78.20,94.16,58.50,93.00,14.22,37.50,107.57,16.82,6.00,0.99,22.50,0.00,48.00,0.78
888.634,1727.00,13.51,1.18,76.00,77.88,38.25,80.24,78.20,94.16,58.50,93.00,14.22,37.50,107.57,16.82,6.00,0.99,22.50,0.00,48.00,0.78
888.874,1727.00,13.51,1.18,72.00,77.88,38.25,80.24,78.20,94.16,58.50,93.00,14.22,37.50,107.57,16.82,6.00,0.99,22.50,0.00,48.00,0.78
889.114,1727.00,13.51,1.18,72.00,73.31,38.25,80.24,78.20,94.16,58.50,93.00,14.22,37.50,107.57,16.82,6.00,0.99,22.50,0.00,48.00,0.78
889.356,1727.00,13.51,1.18,72.00,73.31,37.50,80.24,78.20,94.16,58.50,93.00,14.22,37.50,107.57,16.82,6.00,0.99,22.50,0.00,48.00,0.78
889.595,1727.00,13.51,1.18,72.00,73.31,37.50,79.75,78.20,94.16,58.50,93.00,14.22,37.50,107.57,16.82,6.00,0.99,22.50,0.00,48.00,0.78
889.834,1727.00,13.51,1.18,72.00,73.31,37.50,79.75,75.50,94.16,58.50,93.00,14.22,37.50,107.57,16.82,6.00,0.99,22.50,0.00,48.00,0.78
890.077,1727.00,13.51,1.18,72.00,73.31,37.50,79.75,75.50,94.66,58.50,93.00,14.22,37.50,107.57,16.82,6.00,0.99,22.50,0.00,48.00,0.78
890.314,1727.00,13.51,1.18,72.00,73.31,37.50,79.75,75.50,94.66,55.50,93.00,14.22,37.50,107.57,16.82,6.00,0.99,22.50,0.00,48.00,0.78
890.556,1727.00,13.51,1.18,72.00,73.31,37.50,79.75,75.50,94.66,55.50,93.00,14.22,37.50,107.57,16.82,6.00,0.99,22.50,0.00,48.00,0.78
890.794,1727.00,13.51,1.18,72.00,73.31,37.50,79.75,75.50,94.66,55.50,93.00,14.21,37.50,107.57,16.82,6.00,0.99,22.50,0.00,48.00,0.78
891.034,1727.00,13.51,1.18,72.00,73.31,37.50,79.75,75.50,94.66,55.50,93.00,14.21,37.50,107.57,16.82,6.00,0.99,22.50,0.00,48.00,0.78
891.276,1727.00,13.51,1.18,72.00,73.31,37.50,79.75,75.50,94.66,55.50,93.00,14.21,37.50,107.81,16.82,6.00,0.99,22.50,0.00,48.00,0.78
891.515,1727.00,13.51,1.18,72.00,73.31,37.50,79.75,75.50,94.66,55.50,93.00,14.21,37.50,107.81,16.26,6.00,0.99,22.50,0.00,48.00,0.78
891.756,1727.00,13.51,1.18,72.00,73.31,37.50,79.75,75.50,94.66,55.50,93.00,14.21,37.50,107.81,16.26,6.00,0.99,22.50,0.00,48.00,0.78
891.994,1727.00,13.51,1.18,72.00,73.31,37.50,79.75,75.50,94.66,55.50,93.00,14.21,37.50,107.81,16.26,6.00,0.99,22.50,0.00,48.00,0.78
892.234,1727.00,13.51,1.18,72.00,73.31,37.50,79.75,75.50,94.66,55.50,93.00,14.21,37.50,107.81,16.26,6.00,0.99,22.50,0.00,48.00,0.78
892.476,1727.00,13.51,1.18,72.00,73.31,37.50,79.75,75.50,94.66,55.50,93.00,14.21,37.50,107.81,16.26,6.00,0.99,22.50,0.00,48.00,0.78
892.714,1727.00,13.51,1.18,72.00,73.31,37.50,79.75,75.50,94.66,55.50,93.00,14.21,37.50,107.81,16.26,6.00,0.99,22.50,0.00,48.00,0.78
892.956,1727.00,13.51,1.18,72.00,73.31,37.50,79.75,75.50,94.66,55.50,93.00,14.21,37.50,107.81,16.26,6.00,0.99,22.50,0.00,48.00,0.78
893.195,1726.00,13.51,1.18,72.00,73.31,37.50,79.75,75.50,94.66,55.50,93.00,14.21,37.50,107.81,16.26,6.00,0.99,22.50,0.00,48.00,0.78
893.434,1726.00,13.47,1.18,72.00,73.31,37.50,79.75,75.50,94.66,55.50,93.00,14.21,37.50,107.81,16.26,6.00,0.99,22.50,0.00,48.00,0.78
893.677,1726.00,13.47,1.04,72.00,73.31,37.50,79.75,75.50,94.66,55.50,93.00,14.21,37.50,107.81,16.26,6.00,0.99,22.50,0.00,48.00,0.78
893.914,1726.00,13.47,1.04,72.00,73.31,37.50,79.75,75.50,94.66,55.50,93.00,14.21,37.50,107.81,16.26,6.00,0.99,22.50,0.00,48.00,0.78
894.156,1726.00,13.47,1.04,72.00,72.16,37.50,79.75,75.50,94.66,55.50,93.00,14.21,37.50,107.81,16.26,6.00,0.99,22.50,0.00,48.00,0.78
894.394,1726.00,13.47,1.04,72.00,72.16,37.50,79.75,75.50,94.66,55.50,93.00,14.21,37.50,107.81,16.26,6.00,0.99,22.50,0.00,48.00,0.78
894.634,1726.00,13.47,1.04,72.00,72.16,37.50,78.86,75.50,94.66,55.50,93.00,14.21,37.50,107.81,16.26,6.00,0.99,22.50,0.00,48.00,0.78
894.877,1726.00,13.47,1.04,72.00,72.16,37.50,78.86,75.10,94.66,55.50,93.00,14.21,37.50,107.81,16.26,6.00,0.99,22.50,0.00,48.00,0.78
895.115,1726.00,13.47,1.04,72.00,72.16,37.50,78.86,75.10,94.16,55.50,93.00,14.21,37.50,107.81,16.26,6.00,0.99,22.50,0.00,48.00,0.78
895.356,1726.00,13.47,1.04,72.00,72.16,37.50,78.86,75.10,94.16,52.50,93.00,14.21,37.50,107.81,16.26,6.00,0.99,22.50,0.00,48.00,0.78
895.595,1726.00,13.47,1.04,72.00,72.16,37.50,78.86,75.10,94.16,52.50,93.00,14.21,37.50,107.81,16.26,6.00,0.99,22.50,0.00,48.00,0.78
895.834,1726.00,13.47,1.04,72.00,72.16,37.50,78.86,75.10,94.16,52.50,93.00,14.21,37.50,107.81,16.26,6.00,0.99,22.50,0.00,48.00,0.78
896.074,1726.00,13.47,1.04,72.00,72.16,37.50,78.86,75.10,94.16,52.50,93.00,14.21,37.50,107.81,16.26,6.00,0.99,22.50,0.00,48.00,0.78
896.315,1726.00,13.47,1.04,72.00,72.16,37.50,78.86,75.10,94.16,52.50,93.00,14.21,37.50,107.36,16.26,6.00,0.99,22.50,0.00,48.00,0.78
896.555,1726.00,13.47,1.04,72.00,72.16,37.50,78.86,75.10,94.16,52.50,93.00,14.21,37.50,107.36,16.60,6.00,0.99,22.50,0.00,48.00,0.78
896.795,1726.00,13.47,1.04,72.00,72.16,37.50,78.86,75.10,94.16,52.50,93.00,14.21,37.50,107.36,16.60,6.00,0.99,22.50,0.00,48.00,0.78
897.034,1726.00,13.47,1.04,72.00,72.16,37.50,78.86,75.10,94.16,52.50,93.00,14.21,37.50,107.36,16.60,6.00,1.00,22.50,0.00,48.00,0.78
897.277,1726.00,13.47,1.04,72.00,72.16,37.50,78.86,75.10,94.16,52.50,93.00,14.21,37.50,107.36,16.60,6.00,1.00,22.50,0.00,48.00,0.78
897.514,1726.00,13.47,1.04,72.00,72.16,37.50,78.86,75.10,94.16,52.50,93.00,14.21,37.50,107.36,16.60,6.00,1.00,22.50,0.00,48.00,0.78
897.756,1726.00,13.47,1.04,72.00,72.16,37.50,78.86,75.10,94.16,52.50,93.00,14.21,37.50,107.36,16.60,6.00,1.00,22.50,0.00,48.00,0.78
897.994,1726.00,13.47,1.04,72.00,72.16,37.50,78.86,75.10,94.16,52.50,93.00,14.21,37.50,107.36,16.60,6.00,1.00,22.50,0.00,48.00,0.78
898.235,1729.00,13.47,1.04,72.00,72.16,37.50,78.86,75.10,94.16,52.50,93.00,14.21,37.50,107.36,16.60,6.00,1.00,22.50,0.00,48.00,0.78
898.477,1729.00,13.47,1.04,72.00,72.16,37.50,78.86,75.10,94.16,52.50,93.00,14.21,37.50,107.36,16.60,6.00,1.00,22.50,0.00,48.00,0.78
898.715,1729.00,13.47,1.15,72.00,72.16,37.50,78.86,75.10,94.16,52.50,93.00,14.21,37.50,107.36,16.60,6.00,1.00,22.50,0.00,48.00,0.78
898.956,1729.00,13.47,1.15,72.00,72.16,37.50,78.86,75.10,94.16,52.50,93.00,14.21,37.50,107.36,16.60,6.00,1.00,22.50,0.00,48.00,0.78
899.194,1729.00,13.47,1.15,72.00,72.25,37.50,78.86,75.10,94.16,52.50,93.00,14.21,37.50,107.36,16.60,6.00,1.00,22.50,0.00,48.00,0.78
899.434,1729.00,13.47,1.15,72.00,72.25,36.75,78.86,75.10,94.16,52.50,93.00,14.21,37.50,107.36,16.60,6.00,1.00,22.50,0.00,48.00,0.78
899.677,1729.00,13.47,1.15,72.00,72.25,36.75,77.85,75.10,94.16,52.50,93.00,14.21,37.50,107.36,16.60,6.00,1.00,22.50,0.00,48.00,0.78
899.914,1729.00,13.47,1.15,72.00,72.25,36.75,77.85,75.00,94.16,52.50,93.00,14.21,37.50,107.36,16.60,6.00,1.00,22.50,0.00,48.00,0.78
900.154,1729.00,13.47,1.15,72.00,72.25,36.75,77.85,75.00,92.96,52.50,93.00,14.21,37.50,107.36,16.60,6.00,1.00,22.50,0.00,48.00,0.78
900.395,1729.00,13.47,1.15,72.00,72.25,36.75,77.85,75.00,92.96,51.00,93.00,14.21,37.50,107.36,16.60,6.00,1.00,22.50,0.00,48.00,0.78
900.635,1729.00,13.47,1.15,72.00,72.25,36.75,77.85,75.00,92.96,51.00,93.00,14.21,37.50,107.36,16.60,6.00,1.00,22.50,0.00,48.00,0.78
900.877,1729.00,13.47,1.15,72.00,72.25,36.75,77.85,75.00,92.96,51.00,93.00,14.21,37.50,107.36,16.60,6.00,1.00,22.50,0.00,48.00,0.78
901.114,1729.00,13.47,1.15,72.00,72.25,36.75,77.85,75.00,92.96,51.00,93.00,14.21,37.50,107.36,16.60,6.00,1.00,22.50,0.00,48.00,0.78
901.356,1729.00,13.47,1.15,72.00,72.25,36.75,77.85,75.00,92.96,51.00,93.00,14.21,37.50,107.21,16.60,6.00,1.00,22.50,0.00,48.00,0.78
901.595,1729.00,13.47,1.15,72.00,72.25,36.75,77.85,75.00,92.96,51.00,93.00,14.21,37.50,107.21,16.96,6.00,1.00,22.50,0.00,48.00,0.78
901.834,1729.00,13.47,1.15,72.00,72.25,36.75,77.85,75.00,92.96,51.00,93.00,14.21,37.50,107.21,16.96,6.00,1.00,22.50,0.00,48.00,0.78
902.077,1729.00,13.47,1.15,72.00,72.25,36.75,77.85,75.00,92.96,51.00,93.00,14.21,37.50,107.21,16.96,6.00,1.00,22.50,0.00,48.00,0.78
902.315,1729.00,13.47,1.15,72.00,72.25,36.75,77.85,75.00,92.96,51.00,93.00,14.21,37.50,107.21,16.96,6.00,1.00,22.50,0.00,48.00,0.78
902.556,1729.00,13.47,1.15,72.00,72.25,36.75,77.85,75.00,92.96,51.00,93.00,14.21,37.50,107.21,16.96,6.00,1.00,22.50,0.00,48.00,0.78
902.795,1729.00,13.47,1.15,72.00,72.25,36.75,77.85,75.00,92.96,51.00,93.00,14.21,37.50,107.21,16.96,6.00,1.00,22.50,0.00,47.25,0.78
903.037,1729.00,13.47,1.15,72.00,72.25,36.75,77.85,75.00,92.96,51.00,93.00,14.21,37.50,107.21,16.96,6.00,1.00,22.50,0.00,47.25,0.78
903.277,1727.00,13.47,1.15,72.00,72.25,36.75,77.85,75.00,92.96,51.00,93.00,14.21,37.50,107.21,16.96,6.00,1.00,22.50,0.00,47.25,0.78
903.514,1727.00,13.52,1.15,72.00,72.25,36.75,77.85,75.00,92.96,51.00,93.00,14.21,37.50,107.21,16.96,6.00,1.00,22.50,0.00,47.25,0.78
903.756,1727.00,13.52,1.18,72.00,72.25,36.75,77.85,75.00,92.96,51.00,93.00,14.21,37.50,107.21,16.96,6.00,1.00,22.50,0.00,47.25,0.78
903.995,1727.00,13.52,1.18,76.00,72.25,36.75,77.85,75.00,92.96,51.00,93.00,14.21,37.50,107.21,16.96,6.00,1.00,22.50,0.00,47.25,0.78
904.235,1727.00,13.52,1.18,76.00,74.62,36.75,77.85,75.00,92.96,51.00,93.00,14.21,37.50,107.21,16.96,6.00,1.00,22.50,0.00,47.25,0.78
904.477,1727.00,13.52,1.18,76.00,74.62,38.25,77.85,75.00,92.96,51.00,93.00,14.21,37.50,107.21,16.96,6.00,1.00,22.50,0.00,47.25,0.78
904.715,1727.00,13.52,1.18,76.00,74.62,38.25,77.05,75.00,92.96,51.00,93.00,14.21,37.50,107.21,16.96,6.00,1.00,22.50,0.00,47.25,0.78
904.956,1727.00,13.52,1.18,76.00,74.62,38.25,77.05,76.50,92.96,51.00,93.00,14.21,37.50,107.21,16.96,6.00,1.00,22.50,0.00,47.25,0.78
905.194,1727.00,13.52,1.18,76.00,74.62,38.25,77.05,76.50,91.96,51.00,93.00,14.21,37.50,107.21,16.96,6.00,1.00,22.50,0.00,47.25,0.78
905.434,1727.00,13.52,1.18,76.00,74.62,38.25,77.05,76.50,91.96,51.00,93.00,14.21,37.50,107.21,16.96,6.00,1.00,22.50,0.00,47.25,0.78
905.677,1727.00,13.52,1.18,76.00,74.62,38.25,77.05,76.50,91.96,51.00,93.00,14.21,37.50,107.21,16.96,6.00,1.00,22.50,0.00,47.25,0.78
905.915,1727.00,13.52,1.18,76.00,74.62,38.25,77.05,76.50,91.96,51.00,93.00,14.21,37.50,107.21,16.96,6.00,1.00,22.50,0.00,47.25,0.78
906.156,1727.00,13.52,1.18,76.00,74.62,38.25,77.05,76.50,91.96,51.00,93.00,14.21,37.50,107.21,16.96,6.00,1.00,22.50,0.00,47.25,0.78
906.394,1727.00,13.52,1.18,76.00,74.62,38.25,77.05,76.50,91.96,51.00,93.00,14.21,37.50,107.67,16.96,6.00,1.00,22.50,0.00,47.25,0.78
906.635,1727.00,13.52,1.18,76.00,74.62,38.25,77.05,76.50,91.96,51.00,93.00,14.21,37.50,107.67,16.23,6.00,1.00,22.50,0.00,47.25,0.78
906.877,1727.00,13.52,1.18,76.00,74.62,38.25,77.05,76.50,91.96,51.00,93.00,14.21,37.50,107.67,16.23,6.00,1.00,22.50,0.00,47.25,0.78
907.114,1727.00,13.52,1.18,76.00,74.62,38.25,77.05,76.50,91.96,51.00,93.00,14.21,37.50,107.67,16.23,6.00,0.99,22.50,0.00,47.25,0.78
907.356,1727.00,13.52,1.18,76.00,74.62,38.25,77.05,76.50,91.96,51.00,93.00,14.21,37.50,107.67,16.23,6.00,0.99,22.50,0.00,47.25,0.78
907.594,1727.00,13.52,1.18,76.00,74.62,38.25,77.05,76.50,91.96,51.00,93.00,14.21,37.50,107.67,16.23,6.00,0.99,22.50,0.00,47.25,0.78
907.834,1727.00,13.52,1.18,76.00,74.62,38.25,77.05,76.50,91.96,51.00,93.00,14.21,37.50,107.67,16.23,6.00,0.99,22.50,0.00,47.25,0.78
908.076,1727.00,13.52,1.18,76.00,74.62,38.25,77.05,76.50,91.96,51.00,93.00,14.21,37.50,107.67,16.23,6.00,0.99,22.50,0.00,47.25,0.78
908.314,1728.00,13.52,1.18,76.00,74.62,38.25,77.05,76.50,91.96,51.00,93.00,14.21,37.50,107.67,16.23,6.00,0.99,22.50,0.00,47.25,0.78
908.556,1728.00,13.48,1.18,76.00,74.62,38.25,77.05,76.50,91.96,51.00,93.00,14.21,37.50,107.67,16.23,6.00,0.99,22.50,0.00,47.25,0.78
908.795,1728.00,13.48,0.99,76.00,74.62,38.25,77.05,76.50,91.96,51.00,93.00,14.21,37.50,107.67,16.23,6.00,0.99,22.50,0.00,47.25,0.78
909.034,1728.00,13.48,0.99,72.00,74.62,38.25,77.05,76.50,91.96,51.00,93.00,14.21,37.50,107.67,16.23,6.00,0.99,22.50,0.00,47.25,0.78
909.277,1728.00,13.48,0.99,72.00,69.62,38.25,77.05,76.50,91.96,51.00,93.00,14.21,37.50,107.67,16.23,6.00,0.99,22.50,0.00,47.25,0.78
909.514,1728.00,13.48,0.99,72.00,69.62,36.00,77.05,76.50,91.96,51.00,93.00,14.21,37.50,107.67,16.23,6.00,0.99,22.50,0.00,47.25,0.78
909.754,1728.00,13.48,0.99,72.00,69.62,36.00,76.44,76.50,91.96,51.00,93.00,14.21,37.50,107.67,16.23,6.00,0.99,22.50,0.00,47.25,0.78
909.994,1728.00,13.48,0.99,72.00,69.62,36.00,76.44,73.10,91.96,51.00,93.00,14.21,37.50,107.67,16.23,6.00,0.99,22.50,0.00,47.25,0.78
910.235,1728.00,13.48,0.99,72.00,69.62,36.00,76.44,73.10,91.26,51.00,93.00,14.21,37.50,107.67,16.23,6.00,0.99,22.50,0.00,47.25,0.78
910.477,1728.00,13.48,0.99,72.00,69.62,36.00,76.44,73.10,91.26,51.75,93.00,14.21,37.50,107.67,16.23,6.00,0.99,22.50,0.00,47.25,0.78
910.715,1728.00,13.48,0.99,72.00,69.62,36.00,76.44,73.10,91.26,51.75,92.00,14.21,37.50,107.67,16.23,6.00,0.99,22.50,0.00,47.25,0.78
910.955,1728.00,13.48,0.99,72.00,69.62,36.00,76.44,73.10,91.26,51.75,92.00,14.21,37.50,107.67,16.23,6.00,0.99,22.50,0.00,47.25,0.78
911.195,1728.00,13.48,0.99,72.00,69.62,36.00,76.44,73.10,91.26,51.75,92.00,14.21,37.00,107.67,16.23,6.00,0.99,22.50,0.00,47.25,0.78
911.435,1728.00,13.48,0.99,72.00,69.62,36.00,76.44,73.10,91.26,51.75,92.00,14.21,37.00,107.36,16.23,6.00,0.99,22.50,0.00,47.25,0.78
911.676,1728.00,13.48,0.99,72.00,69.62,36.00,76.44,73.10,91.26,51.75,92.00,14.21,37.00,107.36,16.38,6.00,0.99,22.50,0.00,47.25,0.78
911.914,1728.00,13.48,0.99,72.00,69.62,36.00,76.44,73.10,91.26,51.75,92.00,14.21,37.00,107.36,16.38,6.00,0.99,22.50,0.00,47.25,0.78
912.156,1728.00,13.48,0.99,72.00,69.62,36.00,76.44,73.10,91.26,51.75,92.00,14.21,37.00,107.36,16.38,6.00,1.00,22.50,0.00,47.25,0.78
912.395,1728.00,13.48,0.99,72.00,69.62,36.00,76.44,73.10,91.26,51.75,92.00,14.21,37.00,107.36,16.38,6.00,1.00,22.50,0.00,47.25,0.78
912.635,1728.00,13.48,0.99,72.00,69.62,36.00,76.44,73.10,91.26,51.75,92.00,14.21,37.00,107.36,16.38,6.00,1.00,22.50,0.00,47.25,0.78
912.876,1728.00,13.48,0.99,72.00,69.62,36.00,76.44,73.10,91.26,51.75,92.00,14.21,37.00,107.36,16.38,6.00,1.00,22.50,0.00,47.25,0.78
913.114,1728.00,13.48,0.99,72.00,69.62,36.00,76.44,73.10,91.26,51.75,92.00,14.21,37.00,107.36,16.38,6.00,1.00,22.50,0.00,47.25,0.78
913.354,1724.50,13.48,0.99,72.00,69.62,36.00,76.44,73.10,91.26,51.75,92.00,14.21,37.00,107.36,16.38,6.00,1.00,22.50,0.00,47.25,0.78
913.595,1724.50,13.51,0.99,72.00,69.62,36.00,76.44,73.10,91.26,51.75,92.00,14.21,37.00,107.36,16.38,6.00,1.00,22.50,0.00,47.25,0.78
913.835,1724.50,13.51,1.06,72.00,69.62,36.00,76.44,73.10,91.26,51.75,92.00,14.21,37.00,107.36,16.38,6.00,1.00,22.50,0.00,47.25,0.78
914.077,1724.50,13.51,1.06,76.00,69.62,36.00,76.44,73.10,91.26,51.75,92.00,14.21,37.00,107.36,16.38,6.00,1.00,22.50,0.00,47.25,0.78
914.314,1724.50,13.51,1.06,76.00,73.53,36.00,76.44,73.10,91.26,51.75,92.00,14.21,37.00,107.36,16.38,6.00,1.00,22.50,0.00,47.25,0.78
914.556,1724.50,13.51,1.06,76.00,73.53,37.50,76.44,73.10,91.26,51.75,92.00,14.21,37.00,107.36,16.38,6.00,1.00,22.50,0.00,47.25,0.78
914.795,1724.50,13.51,1.06,76.00,73.53,37.50,75.55,73.10,91.26,51.75,92.00,14.21,37.00,107.36,16.38,6.00,1.00,22.50,0.00,47.25,0.78
915.035,1724.50,13.51,1.06,76.00,73.53,37.50,75.55,75.90,91.26,51.75,92.00,14.21,37.00,107.36,16.38,6.00,1.00,22.50,0.00,47.25,0.78
915.277,1724.50,13.51,1.06,76.00,73.53,37.50,75.55,75.90,91.36,51.75,92.00,14.21,37.00,107.36,16.38,6.00,1.00,22.50,0.00,47.25,0.78
915.515,1724.50,13.51,1.06,76.00,73.53,37.50,75.55,75.90,91.36,51.75,92.00,14.21,37.00,107.36,16.38,6.00,1.00,22.50,0.00,47.25,0.78
915.756,1724.50,13.51,1.06,76.00,73.53,37.50,75.55,75.90,91.36,51.75,92.00,14.21,37.00,107.36,16.38,6.00,1.00,22.50,0.00,47.25,0.78
915.995,1724.50,13.51,1.06,76.00,73.53,37.50,75.55,75.90,91.36,51.75,92.00,14.20,37.00,107.36,16.38,6.00,1.00,22.50,0.00,47.25,0.78
916.235,1724.50,13.51,1.06,76.00,73.53,37.50,75.55,75.90,91.36,51.75,92.00,14.20,37.00,107.36,16.38,6.00,1.00,22.50,0.00,47.25,0.78
916.477,1724.50,13.51,1.06,76.00,73.53,37.50,75.55,75.90,91.36,51.75,92.00,14.20,37.00,107.64,16.38,6.00,1.00,22.50,0.00,47.25,0.78
916.715,1724.50,13.51,1.06,76.00,73.53,37.50,75.55,75.90,91.36,51.75,92.00,14.20,37.00,107.64,16.13,6.00,1.00,22.50,0.00,47.25,0.78
916.955,1724.50,13.51,1.06,76.00,73.53,37.50,75.55,75.90,91.36,51.75,92.00,14.20,37.00,107.64,16.13,6.00,1.00,22.50,0.00,47.25,0.78
917.195,1724.50,13.51,1.06,76.00,73.53,37.50,75.55,75.90,91.36,51.75,92.00,14.20,37.00,107.64,16.13,6.00,0.99,22.50,0.00,47.25,0.78
917.435,1724.50,13.51,1.06,76.00,73.53,37.50,75.55,75.90,91.36,51.75,92.00,14.20,37.00,107.64,16.13,6.00,0.99,22.50,0.00,47.25,0.78
917.677,1724.50,13.51,1.06,76.00,73.53,37.50,75.55,75.90,91.36,51.75,92.00,14.20,37.00,107.64,16.13,6.00,0.99,22.50,0.00,47.25,0.78
917.914,1724.50,13.51,1.06,76.00,73.53,37.50,75.55,75.90,91.36,51.75,92.00,14.20,37.00,107.64,16.13,6.00,0.99,22.50,0.00,47.25,0.78
918.156,1724.50,13.51,1.06,76.00,73.53,37.50,75.55,75.90,91.36,51.75,92.00,14.20,37.00,107.64,16.13,6.00,0.99,22.50,0.00,47.25,0.78
918.395,1727.50,13.51,1.06,76.00,73.53,37.50,75.55,75.90,91.36,51.75,92.00,14.20,37.00,107.64,16.13,6.00,0.99,22.50,0.00,47.25,0.78
918.634,1727.50,13.45,1.06,76.00,73.53,37.50,75.55,75.90,91.36,51.75,92.00,14.20,37.00,107.64,16.13,6.00,0.99,22.50,0.00,47.25,0.78
918.875,1727.50,13.45,0.88,76.00,73.53,37.50,75.55,75.90,91.36,51.75,92.00,14.20,37.00,107.64,16.13,6.00,0.99,22.50,0.00,47.25,0.78
919.114,1727.50,13.45,0.88,64.00,73.53,37.50,75.55,75.90,91.36,51.75,92.00,14.20,37.00,107.64,16.13,6.00,0.99,22.50,0.00,47.25,0.78
919.384,1727.50,13.45,0.88,64.00,64.75,37.50,75.55,75.90,91.36,51.75,92.00,14.20,37.00,107.64,16.13,6.00,0.99,22.50,0.00,47.25,0.78
919.625,1727.50,13.45,0.88,64.00,64.75,31.50,75.55,75.90,91.36,51.75,92.00,14.20,37.00,107.64,16.13,6.00,0.99,22.50,0.00,47.25,0.78
919.867,1727.50,13.45,0.88,64.00,64.75,31.50,75.04,75.90,91.36,51.75,92.00,14.20,37.00,107.64,16.13,6.00,0.99,22.50,0.00,47.25,0.78
920.105,1727.50,13.45,0.88,64.00,64.75,31.50,75.04,62.70,91.36,51.75,92.00,14.20,37.00,107.64,16.13,6.00,0.99,22.50,0.00,47.25,0.78
920.344,1727.50,13.45,0.88,64.00,64.75,31.50,75.04,62.70,92.16,51.75,92.00,14.20,37.00,107.64,16.13,6.00,0.99,22.50,0.00,47.25,0.78
920.584,1727.50,13.45,0.88,64.00,64.75,31.50,75.04,62.70,92.16,51.75,92.00,14.20,37.00,107.64,16.13,6.00,0.99,22.50,0.00,47.25,0.78
920.856,1727.50,13.45,0.88,64.00,64.75,31.50,75.04,62.70,92.16,51.75,92.00,14.20,37.00,107.64,16.13,6.00,0.99,22.50,0.00,47.25,0.78
921.096,1727.50,13.45,0.88,64.00,64.75,31.50,75.04,62.70,92.16,51.75,92.00,14.20,37.00,107.64,16.13,6.00,0.99,22.50,0.00,47.25,0.78
921.334,1727.50,13.45,0.88,64.00,64.75,31.50,75.04,62.70,92.16,51.75,92.00,14.20,37.00,107.64,16.13,6.00,0.99,22.50,0.00,47.25,0.78
921.577,1727.50,13.45,0.88,64.00,64.75,31.50,75.04,62.70,92.16,51.75,92.00,14.20,37.00,108.16,16.13,6.00,0.99,22.50,0.00,47.25,0.78
921.815,1727.50,13.45,0.88,64.00,64.75,31.50,75.04,62.70,92.16,51.75,92.00,14.20,37.00,108.16,15.32,6.00,0.99,22.50,0.00,47.25,0.78
922.055,1727.50,13.45,0.88,64.00,64.75,31.50,75.04,62.70,92.16,51.75,92.00,14.20,37.00,108.16,15.32,6.00,0.99,22.50,0.00,47.25,0.78
922.294,1727.50,13.45,0.88,64.00,64.75,31.50,75.04,62.70,92.16,51.75,92.00,14.20,37.00,108.16,15.32,6.00,1.00,22.50,0.00,47.25,0.78
922.534,1727.50,13.45,0.88,64.00,64.75,31.50,75.04,62.70,92.16,51.75,92.00,14.20,37.00,108.16,15.32,6.00,1.00,21.75,0.00,47.25,0.78
922.777,1727.50,13.45,0.88,64.00,64.75,31.50,75.04,62.70,92.16,51.75,92.00,14.20,37.00,108.16,15.32,6.00,1.00,21.75,0.00,47.25,0.78
923.015,1727.50,13.45,0.88,64.00,64.75,31.50,75.04,62.70,92.16,51.75,92.00,14.20,37.00,108.16,15.32,6.00,1.00,21.75,0.00,47.25,0.78
923.254,1727.50,13.45,0.88,64.00,64.75,31.50,75.04,62.70,92.16,51.75,92.00,14.20,37.00,108.16,15.32,6.00,1.00,21.75,0.00,47.25,0.78
923.495,1736.50,13.45,0.88,64.00,64.75,31.50,75.04,62.70,92.16,51.75,92.00,14.20,37.00,108.16,15.32,6.00,1.00,21.75,0.00,47.25,0.78
923.735,1736.50,13.47,0.88,64.00,64.75,31.50,75.04,62.70,92.16,51.75,92.00,14.20,37.00,108.16,15.32,6.00,1.00,21.75,0.00,47.25,0.78
923.976,1736.50,13.47,0.48,64.00,64.75,31.50,75.04,62.70,92.16,51.75,92.00,14.20,37.00,108.16,15.32,6.00,1.00,21.75,0.00,47.25,0.78
924.215,1736.50,13.47,0.48,52.00,64.75,31.50,75.04,62.70,92.16,51.75,92.00,14.20,37.00,108.16,15.32,6.00,1.00,21.75,0.00,47.25,0.78
924.484,1736.50,13.47,0.48,52.00,48.44,31.50,75.04,62.70,92.16,51.75,92.00,14.20,37.00,108.16,15.32,6.00,1.00,21.75,0.00,47.25,0.78
924.725,1736.50,13.47,0.48,52.00,48.44,24.75,75.04,62.70,92.16,51.75,92.00,14.20,37.00,108.16,15.32,6.00,1.00,21.75,0.00,47.25,0.78
924.965,1736.50,13.47,0.48,52.00,48.44,24.75,73.84,62.70,92.16,51.75,92.00,14.20,37.00,108.16,15.32,6.00,1.00,21.75,0.00,47.25,0.78
925.204,1736.50,13.47,0.48,52.00,48.44,24.75,73.84,49.90,92.16,51.75,92.00,14.20,37.00,108.16,15.32,6.00,1.00,21.75,0.00,47.25,0.78
925.444,1736.50,13.47,0.48,52.00,48.44,24.75,73.84,49.90,92.36,51.75,92.00,14.20,37.00,108.16,15.32,6.00,1.00,21.75,0.00,47.25,0.78
925.685,1736.50,13.47,0.48,52.00,48.44,24.75,73.84,49.90,92.36,51.00,92.00,14.20,37.00,108.16,15.32,6.00,1.00,21.75,0.00,47.25,0.78
925.925,1736.50,13.47,0.48,52.00,48.44,24.75,73.84,49.90,92.36,51.00,92.00,14.20,37.00,108.16,15.32,6.00,1.00,21.75,0.00,47.25,0.78
926.167,1736.50,13.47,0.48,52.00,48.44,24.75,73.84,49.90,92.36,51.00,92.00,14.20,37.00,108.16,15.32,6.00,1.00,21.75,0.00,47.25,0.78
926.404,1736.50,13.47,0.48,52.00,48.44,24.75,73.84,49.90,92.36,51.00,92.00,14.20,37.00,108.16,15.32,6.00,1.00,21.75,0.00,47.25,0.78
926.856,1736.50,13.47,0.48,52.00,48.44,24.75,73.84,49.90,92.36,51.00,92.00,14.20,37.00,108.19,15.32,6.00,1.00,21.75,0.00,47.25,0.78
927.095,1736.50,13.47,0.48,52.00,48.44,24.75,73.84,49.90,92.36,51.00,92.00,14.20,37.00,108.19,14.14,6.00,1.00,21.75,0.00,47.25,0.78
927.364,1736.50,13.47,0.48,52.00,48.44,24.75,73.84,49.90,92.36,51.00,92.00,14.20,37.00,108.19,14.14,6.00,1.00,21.75,0.00,47.25,0.78
927.604,1736.50,13.47,0.48,52.00,48.44,24.75,73.84,49.90,92.36,51.00,92.00,14.20,37.00,108.19,14.14,6.00,1.01,21.75,0.00,47.25,0.78
927.845,1736.50,13.47,0.48,52.00,48.44,24.75,73.84,49.90,92.36,51.00,92.00,14.20,37.00,108.19,14.14,6.00,1.01,21.00,0.00,47.25,0.78
928.085,1736.50,13.47,0.48,52.00,48.44,24.75,73.84,49.90,92.36,51.00,92.00,14.20,37.00,108.19,14.14,6.00,1.01,21.00,0.00,47.25,0.78
928.324,1736.50,13.47,0.48,52.00,48.44,24.75,73.84,49.90,92.36,51.00,92.00,14.20,37.00,108.19,14.14,6.00,1.01,21.00,0.00,47.25,0.78
928.567,1736.50,13.47,0.48,52.00,48.44,24.75,73.84,49.90,92.36,51.00,92.00,14.20,37.00,108.19,14.14,6.00,1.01,21.00,0.00,47.25,0.78
928.805,1728.00,13.47,0.48,52.00,48.44,24.75,73.84,49.90,92.36,51.00,92.00,14.20,37.00,108.19,14.14,6.00,1.01,21.00,0.00,47.25,0.78
929.044,1728.00,13.45,0.48,52.00,48.44,24.75,73.84,49.90,92.36,51.00,92.00,14.20,37.00,108.19,14.14,6.00,1.01,21.00,0.00,47.25,0.78
929.286,1728.00,13.45,0.32,52.00,48.44,24.75,73.84,49.90,92.36,51.00,92.00,14.20,37.00,108.19,14.14,6.00,1.01,21.00,0.00,47.25,0.78
929.524,1728.00,13.45,0.32,48.00,48.44,24.75,73.84,49.90,92.36,51.00,92.00,14.20,37.00,108.19,14.14,6.00,1.01,21.00,0.00,47.25,0.78
929.767,1728.00,13.45,0.32,48.00,46.72,24.75,73.84,49.90,92.36,51.00,92.00,14.20,37.00,108.19,14.14,6.00,1.01,21.00,0.00,47.25,0.78
930.004,1728.00,13.45,0.32,48.00,46.72,24.00,73.84,49.90,92.36,51.00,92.00,14.20,37.00,108.19,14.14,6.00,1.01,21.00,0.00,47.25,0.78
930.245,1728.00,13.45,0.32,48.00,46.72,24.00,72.55,49.90,92.36,51.00,92.00,14.20,37.00,108.19,14.14,6.00,1.01,21.00,0.00,47.25,0.78
930.485,1728.00,13.45,0.32,48.00,46.72,24.00,72.55,49.40,92.36,51.00,92.00,14.20,37.00,108.19,14.14,6.00,1.01,21.00,0.00,47.25,0.78
930.725,1728.00,13.45,0.32,48.00,46.72,24.00,72.55,49.40,92.06,51.00,92.00,14.20,37.00,108.19,14.14,6.00,1.01,21.00,0.00,47.25,0.78
930.965,1728.00,13.45,0.32,48.00,46.72,24.00,72.55,49.40,92.06,49.50,92.00,14.20,37.00,108.19,14.14,6.00,1.01,21.00,0.00,47.25,0.78
931.204,1728.00,13.45,0.32,48.00,46.72,24.00,72.55,49.40,92.06,49.50,92.00,14.20,37.00,108.19,14.14,6.00,1.01,21.00,0.00,47.25,0.78
931.445,1728.00,13.45,0.32,48.00,46.72,24.00,72.55,49.40,92.06,49.50,92.00,14.20,37.00,108.19,14.14,6.00,1.01,21.00,0.00,47.25,0.78
931.685,1728.00,13.45,0.32,48.00,46.72,24.00,72.55,49.40,92.06,49.50,92.00,14.20,37.00,108.19,14.14,6.00,1.01,21.00,0.00,47.25,0.78
931.925,1728.00,13.45,0.32,48.00,46.72,24.00,72.55,49.40,92.06,49.50,92.00,14.20,37.00,107.73,14.14,6.00,1.01,21.00,0.00,47.25,0.78
932.165,1728.00,13.45,0.32,48.00,46.72,24.00,72.55,49.40,92.06,49.50,92.00,14.20,37.00,107.73,14.20,6.00,1.01,21.00,0.00,47.25,0.78
932.404,1728.00,13.45,0.32,48.00,46.72,24.00,72.55,49.40,92.06,49.50,92.00,14.20,37.00,107.73,14.20,6.00,1.01,21.00,0.00,47.25,0.78
932.644,1728.00,13.45,0.32,48.00,46.72,24.00,72.55,49.40,92.06,49.50,92.00,14.20,37.00,107.73,14.20,6.00,0.99,21.00,0.00,47.25,0.78
932.885,1728.00,13.45,0.32,48.00,46.72,24.00,72.55,49.40,92.06,49.50,92.00,14.20,37.00,107.73,14.20,6.00,0.99,21.00,0.00,47.25,0.78
933.124,1728.00,13.45,0.32,48.00,46.72,24.00,72.55,49.40,92.06,49.50,92.00,14.20,37.00,107.73,14.20,6.00,0.99,21.00,0.00,47.25,0.78
933.367,1728.00,13.45,0.32,48.00,46.72,24.00,72.55,49.40,92.06,49.50,92.00,14.20,37.00,107.73,14.20,6.00,0.99,21.00,0.00,47.25,0.78
933.605,1728.00,13.45,0.32,48.00,46.72,24.00,72.55,49.40,92.06,49.50,92.00,14.20,37.00,107.73,14.20,6.00,0.99,21.00,0.00,47.25,0.78
933.845,1722.50,13.45,0.32,48.00,46.72,24.00,72.55,49.40,92.06,49.50,92.00,14.20,37.00,107.73,14.20,6.00,0.99,21.00,0.00,47.25,0.78
934.085,1722.50,13.48,0.32,48.00,46.72,24.00,72.55,49.40,92.06,49.50,92.00,14.20,37.00,107.73,14.20,6.00,0.99,21.00,0.00,47.25,0.78
934.325,1722.50,13.48,0.31,48.00,46.72,24.00,72.55,49.40,92.06,49.50,92.00,14.20,37.00,107.73,14.20,6.00,0.99,21.00,0.00,47.25,0.78
934.565,1722.50,13.48,0.31,44.00,46.72,24.00,72.55,49.40,92.06,49.50,92.00,14.20,37.00,107.73,14.20,6.00,0.99,21.00,0.00,47.25,0.78
934.805,1722.50,13.48,0.31,44.00,45.31,24.00,72.55,49.40,92.06,49.50,92.00,14.20,37.00,107.73,14.20,6.00,0.99,21.00,0.00,47.25,0.78
935.044,1722.50,13.48,0.31,44.00,45.31,24.00,72.55,49.40,92.06,49.50,92.00,14.20,37.00,107.73,14.20,6.00,0.99,21.00,0.00,47.25,0.78
935.285,1722.50,13.48,0.31,44.00,45.31,24.00,71.55,49.40,92.06,49.50,92.00,14.20,37.00,107.73,14.20,6.00,0.99,21.00,0.00,47.25,0.78
935.525,1722.50,13.48,0.31,44.00,45.31,24.00,71.55,51.00,92.06,49.50,92.00,14.20,37.00,107.73,14.20,6.00,0.99,21.00,0.00,47.25,0.78
935.767,1722.50,13.48,0.31,44.00,45.31,24.00,71.55,51.00,91.66,49.50,92.00,14.20,37.00,107.73,14.20,6.00,0.99,21.00,0.00,47.25,0.78
936.004,1722.50,13.48,0.31,44.00,45.31,24.00,71.55,51.00,91.66,48.75,92.00,14.20,37.00,107.73,14.20,6.00,0.99,21.00,0.00,47.25,0.78
936.244,1722.50,13.48,0.31,44.00,45.31,24.00,71.55,51.00,91.66,48.75,92.00,14.20,37.00,107.73,14.20,6.00,0.99,21.00,0.00,47.25,0.78
936.485,1722.50,13.48,0.31,44.00,45.31,24.00,71.55,51.00,91.66,48.75,92.00,14.20,37.00,107.73,14.20,6.00,0.99,21.00,0.00,47.25,0.78
936.725,1722.50,13.48,0.31,44.00,45.31,24.00,71.55,51.00,91.66,48.75,92.00,14.20,37.00,107.73,14.20,6.00,0.99,21.00,0.00,47.25,0.78
936.967,1722.50,13.48,0.31,44.00,45.31,24.00,71.55,51.00,91.66,48.75,92.00,14.20,37.00,107.43,14.20,6.00,0.99,21.00,0.00,47.25,0.78
937.205,1722.50,13.48,0.31,44.00,45.31,24.00,71.55,51.00,91.66,48.75,92.00,14.20,37.00,107.43,14.75,6.00,0.99,21.00,0.00,47.25,0.78
937.445,1722.50,13.48,0.31,44.00,45.31,24.00,71.55,51.00,91.66,48.75,92.00,14.20,37.00,107.43,14.75,6.00,0.99,21.00,0.00,47.25,0.78
937.686,1722.50,13.48,0.31,44.00,45.31,24.00,71.55,51.00,91.66,48.75,92.00,14.20,37.00,107.43,14.75,6.00,0.99,21.00,0.00,47.25,0.78
937.924,1722.50,13.48,0.31,44.00,45.31,24.00,71.55,51.00,91.66,48.75,92.00,14.20,37.00,107.43,14.75,6.00,0.99,21.75,0.00,47.25,0.78
938.167,1722.50,13.48,0.31,44.00,45.31,24.00,71.55,51.00,91.66,48.75,92.00,14.20,37.00,107.43,14.75,6.00,0.99,21.75,0.00,47.25,0.78
938.405,1722.50,13.48,0.31,44.00,45.31,24.00,71.55,51.00,91.66,48.75,92.00,14.20,37.00,107.43,14.75,6.00,0.99,21.75,0.00,47.25,0.78
938.645,1722.50,13.48,0.31,44.00,45.31,24.00,71.55,51.00,91.66,48.75,92.00,14.20,37.00,107.43,14.75,6.00,0.99,21.75,0.00,47.25,0.78
938.885,1722.50,13.48,0.31,44.00,45.31,24.00,71.55,51.00,91.66,48.75,92.00,14.20,37.00,107.43,14.75,6.00,0.99,21.75,0.00,47.25,0.78
939.125,1722.50,13.47,0.31,44.00,45.31,24.00,71.55,51.00,91.66,48.75,92.00,14.20,37.00,107.43,14.75,6.00,0.99,21.75,0.00,47.25,0.78
939.367,1722.50,13.47,0.35,44.00,45.31,24.00,71.55,51.00,91.66,48.75,92.00,14.20,37.00,107.43,14.75,6.00,0.99,21.75,0.00,47.25,0.78
939.604,1722.50,13.47,0.35,48.00,45.31,24.00,71.55,51.00,91.66,48.75,92.00,14.20,37.00,107.43,14.75,6.00,0.99,21.75,0.00,47.25,0.78
939.844,1722.50,13.47,0.35,48.00,46.97,24.00,71.55,51.00,91.66,48.75,92.00,14.20,37.00,107.43,14.75,6.00,0.99,21.75,0.00,47.25,0.78
940.084,1722.50,13.47,0.35,48.00,46.97,24.00,71.55,51.00,91.66,48.75,92.00,14.20,37.00,107.43,14.75,6.00,0.99,21.75,0.00,47.25,0.78
940.324,1722.50,13.47,0.35,48.00,46.97,24.00,70.54,51.00,91.66,48.75,92.00,14.20,37.00,107.43,14.75,6.00,0.99,21.75,0.00,47.25,0.78
940.565,1722.50,13.47,0.35,48.00,46.97,24.00,70.54,49.40,91.66,48.75,92.00,14.20,37.00,107.43,14.75,6.00,0.99,21.75,0.00,47.25,0.78
940.805,1722.50,13.47,0.35,48.00,46.97,24.00,70.54,49.40,91.36,48.75,92.00,14.20,37.00,107.43,14.75,6.00,0.99,21.75,0.00,47.25,0.78
941.044,1722.50,13.47,0.35,48.00,46.97,24.00,70.54,49.40,91.36,48.75,92.00,14.20,37.00,107.43,14.75,6.00,0.99,21.75,0.00,47.25,0.78
941.284,1722.50,13.47,0.35,48.00,46.97,24.00,70.54,49.40,91.36,48.75,92.00,14.20,37.00,107.43,14.75,6.00,0.99,21.75,0.00,47.25,0.78
941.525,1722.50,13.47,0.35,48.00,46.97,24.00,70.54,49.40,91.36,48.75,92.00,14.20,37.00,107.43,14.75,6.00,0.99,21.75,0.00,47.25,0.78
941.767,1722.50,13.47,0.35,48.00,46.97,24.00,70.54,49.40,91.36,48.75,92.00,14.20,37.00,107.43,14.75,6.00,0.99,21.75,0.00,47.25,0.78
942.005,1722.50,13.47,0.35,48.00,46.97,24.00,70.54,49.40,91.36,48.75,92.00,14.20,37.00,107.66,14.75,6.00,0.99,21.75,0.00,47.25,0.78
942.245,1722.50,13.47,0.35,48.00,46.97,24.00,70.54,49.40,91.36,48.75,92.00,14.20,37.00,107.66,14.06,6.00,0.99,21.75,0.00,47.25,0.78
942.484,1722.50,13.47,0.35,48.00,46.97,24.00,70.54,49.40,91.36,48.75,92.00,14.20,37.00,107.66,14.06,6.00,0.99,21.75,0.00,47.25,0.78
942.725,1722.50,13.47,0.35,48.00,46.97,24.00,70.54,49.40,91.36,48.75,92.00,14.20,37.00,107.66,14.06,6.00,0.99,21.75,0.00,47.25,0.78
942.967,1722.50,13.47,0.35,48.00,46.97,24.00,70.54,49.40,91.36,48.75,92.00,14.20,37.00,107.66,14.06,6.00,0.99,21.00,0.00,47.25,0.78
943.205,1722.50,13.47,0.35,48.00,46.97,24.00,70.54,49.40,91.36,48.75,92.00,14.20,37.00,107.66,14.06,6.00,0.99,21.00,0.00,47.25,0.78
943.444,1722.50,13.47,0.35,48.00,46.97,24.00,70.54,49.40,91.36,48.75,92.00,14.20,37.00,107.66,14.06,6.00,0.99,21.00,0.00,47.25,0.78
943.685,1722.50,13.47,0.35,48.00,46.97,24.00,70.54,49.40,91.36,48.75,92.00,14.20,37.00,107.66,14.06,6.00,0.99,21.00,0.00,47.25,0.78
943.925,1726.00,13.47,0.35,48.00,46.97,24.00,70.54,49.40,91.36,48.75,92.00,14.20,37.00,107.66,14.06,6.00,0.99,21.00,0.00,47.25,0.78
944.165,1726.00,13.48,0.35,48.00,46.97,24.00,70.54,49.40,91.36,48.75,92.00,14.20,37.00,107.66,14.06,6.00,0.99,21.00,0.00,47.25,0.78
944.405,1726.00,13.48,0.31,48.00,46.97,24.00,70.54,49.40,91.36,48.75,92.00,14.20,37.00,107.66,14.06,6.00,0.99,21.00,0.00,47.25,0.78
944.645,1726.00,13.48,0.31,44.00,46.97,24.00,70.54,49.40,91.36,48.75,92.00,14.20,37.00,107.66,14.06,6.00,0.99,21.00,0.00,47.25,0.78
944.885,1726.00,13.48,0.31,44.00,43.16,24.00,70.54,49.40,91.36,48.75,92.00,14.20,37.00,107.66,14.06,6.00,0.99,21.00,0.00,47.25,0.78
945.125,1726.00,13.48,0.31,44.00,43.16,22.50,70.54,49.40,91.36,48.75,92.00,14.20,37.00,107.66,14.06,6.00,0.99,21.00,0.00,47.25,0.78
945.365,1726.00,13.48,0.31,44.00,43.16,22.50,69.95,49.40,91.36,48.75,92.00,14.20,37.00,107.66,14.06,6.00,0.99,21.00,0.00,47.25,0.78
945.605,1726.00,13.48,0.31,44.00,43.16,22.50,69.95,45.60,91.36,48.75,92.00,14.20,37.00,107.66,14.06,6.00,0.99,21.00,0.00,47.25,0.78
945.845,1726.00,13.48,0.31,44.00,43.16,22.50,69.95,45.60,91.16,48.75,92.00,14.20,37.00,107.66,14.06,6.00,0.99,21.00,0.00,47.25,0.78
946.085,1726.00,13.48,0.31,44.00,43.16,22.50,69.95,45.60,91.16,48.75,92.00,14.20,37.00,107.66,14.06,6.00,0.99,21.00,0.00,47.25,0.78
946.325,1726.00,13.48,0.31,44.00,43.16,22.50,69.95,45.60,91.16,48.75,92.00,14.20,37.00,107.66,14.06,6.00,0.99,21.00,0.00,47.25,0.78
946.567,1726.00,13.48,0.31,44.00,43.16,22.50,69.95,45.60,91.16,48.75,92.00,14.21,37.00,107.66,14.06,6.00,0.99,21.00,0.00,47.25,0.78
946.805,1726.00,13.48,0.31,44.00,43.16,22.50,69.95,45.60,91.16,48.75,92.00,14.21,37.00,107.66,14.06,6.00,0.99,21.00,0.00,47.25,0.78
947.045,1726.00,13.48,0.31,44.00,43.16,22.50,69.95,45.60,91.16,48.75,92.00,14.21,37.00,107.79,14.06,6.00,0.99,21.00,0.00,47.25,0.78
947.285,1726.00,13.48,0.31,44.00,43.16,22.50,69.95,45.60,91.16,48.75,92.00,14.21,37.00,107.79,14.09,6.00,0.99,21.00,0.00,47.25,0.78
947.525,1726.00,13.48,0.31,44.00,43.16,22.50,69.95,45.60,91.16,48.75,92.00,14.21,37.00,107.79,14.09,6.00,0.99,21.00,0.00,47.25,0.78
947.767,1726.00,13.48,0.31,44.00,43.16,22.50,69.95,45.60,91.16,48.75,92.00,14.21,37.00,107.79,14.09,6.00,1.00,21.00,0.00,47.25,0.78
948.005,1726.00,13.48,0.31,44.00,43.16,22.50,69.95,45.60,91.16,48.75,92.00,14.21,37.00,107.79,14.09,6.00,1.00,20.25,0.00,47.25,0.78
948.245,1726.00,13.48,0.31,44.00,43.16,22.50,69.95,45.60,91.16,48.75,92.00,14.21,37.00,107.79,14.09,6.00,1.00,20.25,0.00,47.25,0.78
948.484,1726.00,13.48,0.31,44.00,43.16,22.50,69.95,45.60,91.16,48.75,92.00,14.21,37.00,107.79,14.09,6.00,1.00,20.25,0.00,47.25,0.78
948.725,1726.00,13.48,0.31,44.00,43.16,22.50,69.95,45.60,91.16,48.75,92.00,14.21,37.00,107.79,14.09,6.00,1.00,20.25,0.00,47.25,0.78
948.967,1722.50,13.48,0.31,44.00,43.16,22.50,69.95,45.60,91.16,48.75,92.00,14.21,37.00,107.79,14.09,6.00,1.00,20.25,0.00,47.25,0.78
949.205,1722.50,13.48,0.31,44.00,43.16,22.50,69.95,45.60,91.16,48.75,92.00,14.21,37.00,107.79,14.09,6.00,1.00,20.25,0.00,47.25,0.78
949.445,1722.50,13.48,0.29,44.00,43.16,22.50,69.95,45.60,91.16,48.75,92.00,14.21,37.00,107.79,14.09,6.00,1.00,20.25,0.00,47.25,0.78
949.685,1722.50,13.48,0.29,44.00,43.16,22.50,69.95,45.60,91.16,48.75,92.00,14.21,37.00,107.79,14.09,6.00,1.00,20.25,0.00,47.25,0.78
949.925,1722.50,13.48,0.29,44.00,44.59,22.50,69.95,45.60,91.16,48.75,92.00,14.21,37.00,107.79,14.09,6.00,1.00,20.25,0.00,47.25,0.78
950.167,1722.50,13.48,0.29,44.00,44.59,22.50,69.95,45.60,91.16,48.75,92.00,14.21,37.00,107.79,14.09,6.00,1.00,20.25,0.00,47.25,0.78
950.404,1722.50,13.48,0.29,44.00,44.59,22.50,69.25,45.60,91.16,48.75,92.00,14.21,37.00,107.79,14.09,6.00,1.00,20.25,0.00,47.25,0.78
950.645,1722.50,13.48,0.29,44.00,44.59,22.50,69.25,46.60,91.16,48.75,92.00,14.21,37.00,107.79,14.09,6.00,1.00,20.25,0.00,47.25,0.78
950.885,1722.50,13.48,0.29,44.00,44.59,22.50,69.25,46.60,91.26,48.75,92.00,14.21,37.00,107.79,14.09,6.00,1.00,20.25,0.00,47.25,0.78
951.125,1722.50,13.48,0.29,44.00,44.59,22.50,69.25,46.60,91.26,48.00,92.00,14.21,37.00,107.79,14.09,6.00,1.00,20.25,0.00,47.25,0.78
951.367,1722.50,13.48,0.29,44.00,44.59,22.50,69.25,46.60,91.26,48.00,92.00,14.21,37.00,107.79,14.09,6.00,1.00,20.25,0.00,47.25,0.78
951.604,1722.50,13.48,0.29,44.00,44.59,22.50,69.25,46.60,91.26,48.00,92.00,14.21,37.00,107.79,14.09,6.00,1.00,20.25,0.00,47.25,0.78
951.845,1722.50,13.48,0.29,44.00,44.59,22.50,69.25,46.60,91.26,48.00,92.00,14.21,37.00,107.79,14.09,6.00,1.00,20.25,0.00,47.25,0.78
952.085,1722.50,13.48,0.29,44.00,44.59,22.50,69.25,46.60,91.26,48.00,92.00,14.21,37.00,107.46,14.09,6.00,1.00,20.25,0.00,47.25,0.78
952.325,1722.50,13.48,0.29,44.00,44.59,22.50,69.25,46.60,91.26,48.00,92.00,14.21,37.00,107.46,15.57,6.00,1.00,20.25,0.00,47.25,0.78
952.567,1722.50,13.48,0.29,44.00,44.59,22.50,69.25,46.60,91.26,48.00,92.00,14.21,37.00,107.46,15.57,6.00,1.00,20.25,0.00,47.25,0.78
952.805,1722.50,13.48,0.29,44.00,44.59,22.50,69.25,46.60,91.26,48.00,92.00,14.21,37.00,107.46,15.57,6.00,1.00,20.25,0.00,47.25,0.78
953.044,1722.50,13.48,0.29,44.00,44.59,22.50,69.25,46.60,91.26,48.00,92.00,14.21,37.00,107.46,15.57,6.00,1.00,21.00,0.00,47.25,0.78
953.285,1722.50,13.48,0.29,44.00,44.59,22.50,69.25,46.60,91.26,48.00,92.00,14.21,37.00,107.46,15.57,6.00,1.00,21.00,0.00,47.25,0.78
953.525,1722.50,13.48,0.29,44.00,44.59,22.50,69.25,46.60,91.26,48.00,92.00,14.21,37.00,107.46,15.57,6.00,1.00,21.00,0.00,47.25,0.78
953.767,1722.50,13.48,0.29,44.00,44.59,22.50,69.25,46.60,91.26,48.00,92.00,14.21,37.00,107.46,15.57,6.00,1.00,21.00,0.00,47.25,0.78
954.005,1710.00,13.48,0.29,44.00,44.59,22.50,69.25,46.60,91.26,48.00,92.00,14.21,37.00,107.46,15.57,6.00,1.00,21.00,0.00,47.25,0.78
954.245,1710.00,13.49,0.29,44.00,44.59,22.50,69.25,46.60,91.26,48.00,92.00,14.21,37.00,107.46,15.57,6.00,1.00,21.00,0.00,47.25,0.78
954.485,1710.00,13.49,0.56,44.00,44.59,22.50,69.25,46.60,91.26,48.00,92.00,14.21,37.00,107.46,15.57,6.00,1.00,21.00,0.00,47.25,0.78
954.725,1710.00,13.49,0.56,76.00,44.59,22.50,69.25,46.60,91.26,48.00,92.00,14.21,37.00,107.46,15.57,6.00,1.00,21.00,0.00,47.25,0.78
954.967,1710.00,13.49,0.56,76.00,77.50,22.50,69.25,46.60,91.26,48.00,92.00,14.21,37.00,107.46,15.57,6.00,1.00,21.00,0.00,47.25,0.78
955.205,1710.00,13.49,0.56,76.00,77.50,41.25,69.25,46.60,91.26,48.00,92.00,14.21,37.00,107.46,15.57,6.00,1.00,21.00,0.00,47.25,0.78
955.445,1710.00,13.49,0.56,76.00,77.50,41.25,68.55,46.60,91.26,48.00,92.00,14.21,37.00,107.46,15.57,6.00,1.00,21.00,0.00,47.25,0.78
955.685,1710.00,13.49,0.56,76.00,77.50,41.25,68.55,87.00,91.26,48.00,92.00,14.21,37.00,107.46,15.57,6.00,1.00,21.00,0.00,47.25,0.78
955.925,1710.00,13.49,0.56,76.00,77.50,41.25,68.55,87.00,91.86,48.00,92.00,14.21,37.00,107.46,15.57,6.00,1.00,21.00,0.00,47.25,0.78
956.165,1710.00,13.49,0.56,76.00,77.50,41.25,68.55,87.00,91.86,48.00,92.00,14.21,37.00,107.46,15.57,6.00,1.00,21.00,0.00,47.25,0.78
956.405,1710.00,13.49,0.56,76.00,77.50,41.25,68.55,87.00,91.86,48.00,92.00,14.21,37.00,107.46,15.57,6.00,1.00,21.00,0.00,47.25,0.78
956.645,1710.00,13.49,0.56,76.00,77.50,41.25,68.55,87.00,91.86,48.00,92.00,14.21,37.00,107.46,15.57,6.00,1.00,21.00,0.00,47.25,0.78
956.887,1710.00,13.49,0.56,76.00,77.50,41.25,68.55,87.00,91.86,48.00,92.00,14.21,37.00,107.46,15.57,6.00,1.00,21.00,0.00,47.25,0.78
957.125,1710.00,13.49,0.56,76.00,77.50,41.25,68.55,87.00,91.86,48.00,92.00,14.21,37.00,106.51,15.57,6.00,1.00,21.00,0.00,47.25,0.78
957.367,1710.00,13.49,0.56,76.00,77.50,41.25,68.55,87.00,91.86,48.00,92.00,14.21,37.00,106.51,17.85,6.00,1.00,21.00,0.00,47.25,0.78
957.605,1710.00,13.49,0.56,76.00,77.50,41.25,68.55,87.00,91.86,48.00,92.00,14.21,37.00,106.51,17.85,6.00,1.00,21.00,0.00,47.25,0.78
957.845,1710.00,13.49,0.56,76.00,77.50,41.25,68.55,87.00,91.86,48.00,92.00,14.21,37.00,106.51,17.85,6.00,0.98,21.00,0.00,47.25,0.78
958.085,1710.00,13.49,0.56,76.00,77.50,41.25,68.55,87.00,91.86,48.00,92.00,14.21,37.00,106.51,17.85,6.00,0.98,0.75,0.00,47.25,0.78
958.325,1710.00,13.49,0.56,76.00,77.50,41.25,68.55,87.00,91.86,48.00,92.00,14.21,37.00,106.51,17.85,6.00,0.98,0.75,0.00,47.25,0.78
958.567,1710.00,13.49,0.56,76.00,77.50,41.25,68.55,87.00,91.86,48.00,92.00,14.21,37.00,106.51,17.85,6.00,0.98,0.75,0.00,47.25,0.78
958.805,1710.00,13.49,0.56,76.00,77.50,41.25,68.55,87.00,91.86,48.00,92.00,14.21,37.00,106.51,17.85,6.00,0.98,0.75,0.00,47.25,0.00
959.045,1740.50,13.49,0.56,76.00,77.50,41.25,68.55,87.00,91.86,48.00,92.00,14.21,37.00,106.51,17.85,6.00,0.98,0.75,0.00,47.25,0.00
959.287,1740.50,19.44,0.56,76.00,77.50,41.25,68.55,87.00,91.86,48.00,92.00,14.21,37.00,106.51,17.85,6.00,0.98,0.75,0.00,47.25,0.00
959.525,1740.50,19.44,5.74,76.00,77.50,41.25,68.55,87.00,91.86,48.00,92.00,14.21,37.00,106.51,17.85,6.00,0.98,0.75,0.00,47.25,0.00
959.767,1740.50,19.44,5.74,232.00,77.50,41.25,68.55,87.00,91.86,48.00,92.00,14.21,37.00,106.51,17.85,6.00,0.98,0.75,0.00,47.25,0.00
960.005,1740.50,19.44,5.74,232.00,239.78,41.25,68.55,87.00,91.86,48.00,92.00,14.21,37.00,106.51,17.85,6.00,0.98,0.75,0.00,47.25,0.00
960.245,1740.50,19.44,5.74,232.00,239.78,117.00,68.55,87.00,91.86,48.00,92.00,14.21,37.00,106.51,17.85,6.00,0.98,0.75,0.00,47.25,0.00
960.485,1740.50,19.44,5.74,232.00,239.78,117.00,71.05,87.00,91.86,48.00,92.00,14.21,37.00,106.51,17.85,6.00,0.98,0.75,0.00,47.25,0.00
960.725,1740.50,19.44,5.74,232.00,239.78,117.00,71.05,257.60,91.86,48.00,92.00,14.21,37.00,106.51,17.85,6.00,0.98,0.75,0.00,47.25,0.00
960.965,1740.50,19.44,5.74,232.00,239.78,117.00,71.05,257.60,92.36,48.00,92.00,14.21,37.00,106.51,17.85,6.00,0.98,0.75,0.00,47.25,0.00
961.205,1740.50,19.44,5.74,232.00,239.78,117.00,71.05,257.60,92.36,48.00,92.00,14.21,37.00,106.51,17.85,6.00,0.98,0.75,0.00,47.25,0.00
961.444,1740.50,19.44,5.74,232.00,239.78,117.00,71.05,257.60,92.36,48.00,92.00,14.21,37.00,106.51,17.85,6.00,0.98,0.75,0.00,47.25,0.00
961.685,1740.50,19.44,5.74,232.00,239.78,117.00,71.05,257.60,92.36,48.00,92.00,14.21,37.00,106.51,17.85,6.00,0.98,0.75,0.00,47.25,0.00
961.925,1740.50,19.44,5.74,232.00,239.78,117.00,71.05,257.60,92.36,48.00,92.00,14.21,37.00,106.51,17.85,6.00,0.98,0.75,0.00,47.25,0.00
962.167,1740.50,19.44,5.74,232.00,239.78,117.00,71.05,257.60,92.36,48.00,92.00,14.21,37.00,116.99,17.85,6.00,0.98,0.75,0.00,47.25,0.00
962.406,1740.50,19.44,5.74,232.00,239.78,117.00,71.05,257.60,92.36,48.00,92.00,14.21,37.00,116.99,97.93,6.00,0.98,0.75,0.00,47.25,0.00
962.645,1740.50,19.44,5.74,232.00,239.78,117.00,71.05,257.60,92.36,48.00,92.00,14.21,37.00,116.99,97.93,6.00,0.98,0.75,0.00,47.25,0.00
962.887,1740.50,19.44,5.74,232.00,239.78,117.00,71.05,257.60,92.36,48.00,92.00,14.21,37.00,116.99,97.93,6.00,0.99,0.75,0.00,47.25,0.00
963.125,1740.50,19.44,5.74,232.00,239.78,117.00,71.05,257.60,92.36,48.00,92.00,14.21,37.00,116.99,97.93,6.00,0.99,1.50,0.00,47.25,0.00
963.367,1740.50,19.44,5.74,232.00,239.78,117.00,71.05,257.60,92.36,48.00,92.00,14.21,37.00,116.99,97.93,6.00,0.99,1.50,0.00,47.25,0.00
963.605,1740.50,19.44,5.74,232.00,239.78,117.00,71.05,257.60,92.36,48.00,92.00,14.21,37.00,116.99,97.93,6.00,0.99,1.50,0.00,46.50,0.00
963.845,1740.50,19.44,5.74,232.00,239.78,117.00,71.05,257.60,92.36,48.00,92.00,14.21,37.00,116.99,97.93,6.00,0.99,1.50,0.00,46.50,0.00
964.085,2007.50,19.44,5.74,232.00,239.78,117.00,71.05,257.60,92.36,48.00,92.00,14.21,37.00,116.99,97.93,6.00,0.99,1.50,0.00,46.50,0.00
964.325,2007.50,29.43,5.74,232.00,239.78,117.00,71.05,257.60,92.36,48.00,92.00,14.21,37.00,116.99,97.93,6.00,0.99,1.50,0.00,46.50,0.00
964.567,2007.50,29.43,16.49,232.00,239.78,117.00,71.05,257.60,92.36,48.00,92.00,14.21,37.00,116.99,97.93,6.00,0.99,1.50,0.00,46.50,0.00
964.805,2007.50,29.43,16.49,408.00,239.78,117.00,71.05,257.60,92.36,48.00,92.00,14.21,37.00,116.99,97.93,6.00,0.99,1.50,0.00,46.50,0.00
965.045,2007.50,29.43,16.49,408.00,422.53,117.00,71.05,257.60,92.36,48.00,92.00,14.21,37.00,116.99,97.93,6.00,0.99,1.50,0.00,46.50,0.00
965.285,2007.50,29.43,16.49,408.00,422.53,170.25,71.05,257.60,92.36,48.00,92.00,14.21,37.00,116.99,97.93,6.00,0.99,1.50,0.00,46.50,0.00
965.525,2007.50,29.43,16.49,408.00,422.53,170.25,95.64,257.60,92.36,48.00,92.00,14.21,37.00,116.99,97.93,6.00,0.99,1.50,0.00,46.50,0.00
965.767,2007.50,29.43,16.49,408.00,422.53,170.25,95.64,430.50,92.36,48.00,92.00,14.21,37.00,116.99,97.93,6.00,0.99,1.50,0.00,46.50,0.00
966.005,2007.50,29.43,16.49,408.00,422.53,170.25,95.64,430.50,94.26,48.00,92.00,14.21,37.00,116.99,97.93,6.00,0.99,1.50,0.00,46.50,0.00
966.245,2007.50,29.43,16.49,408.00,422.53,170.25,95.64,430.50,94.26,46.50,92.00,14.21,37.00,116.99,97.93,6.00,0.99,1.50,0.00,46.50,0.00
966.485,2007.50,29.43,16.49,408.00,422.53,170.25,95.64,430.50,94.26,46.50,92.00,14.21,37.00,116.99,97.93,6.00,0.99,1.50,0.00,46.50,0.00
966.725,2007.50,29.43,16.49,408.00,422.53,170.25,95.64,430.50,94.26,46.50,92.00,14.20,37.00,116.99,97.93,6.00,0.99,1.50,0.00,46.50,0.00
966.967,2007.50,29.43,16.49,408.00,422.53,170.25,95.64,430.50,94.26,46.50,92.00,14.20,37.00,116.99,97.93,6.00,0.99,1.50,0.00,46.50,0.00
967.204,2007.50,29.43,16.49,408.00,422.53,170.25,95.64,430.50,94.26,46.50,92.00,14.20,37.00,141.22,97.93,6.00,0.99,1.50,0.00,46.50,0.00
967.445,2007.50,29.43,16.49,408.00,422.53,170.25,95.64,430.50,94.26,46.50,92.00,14.20,37.00,141.22,97.49,6.00,0.99,1.50,0.00,46.50,0.00
967.685,2007.50,29.43,16.49,408.00,422.53,170.25,95.64,430.50,94.26,46.50,92.00,14.20,37.00,141.22,97.49,6.00,0.99,1.50,0.00,46.50,0.00
967.925,2007.50,29.43,16.49,408.00,422.53,170.25,95.64,430.50,94.26,46.50,92.00,14.20,37.00,141.22,97.49,6.00,0.99,1.50,0.00,46.50,0.00
968.167,2007.50,29.43,16.49,408.00,422.53,170.25,95.64,430.50,94.26,46.50,92.00,14.20,37.00,141.22,97.49,6.00,0.99,0.00,0.00,46.50,0.00
968.405,2007.50,29.43,16.49,408.00,422.53,170.25,95.64,430.50,94.26,46.50,92.00,14.20,37.00,141.22,97.49,6.00,0.99,0.00,0.00,46.50,0.00
968.645,2007.50,29.43,16.49,408.00,422.53,170.25,95.64,430.50,94.26,46.50,92.00,14.20,37.00,141.22,97.49,6.00,0.99,0.00,0.00,46.50,0.00
968.885,2007.50,29.43,16.49,408.00,422.53,170.25,95.64,430.50,94.26,46.50,92.00,14.20,37.00,141.22,97.49,6.00,0.99,0.00,0.00,46.50,3.91
969.125,2442.50,29.43,16.49,408.00,422.53,170.25,95.64,430.50,94.26,46.50,92.00,14.20,37.00,141.22,97.49,6.00,0.99,0.00,0.00,46.50,3.91
969.367,2442.50,32.34,16.49,408.00,422.53,170.25,95.64,430.50,94.26,46.50,92.00,14.20,37.00,141.22,97.49,6.00,0.99,0.00,0.00,46.50,3.91
969.605,2442.50,32.34,18.55,408.00,422.53,170.25,95.64,430.50,94.26,46.50,92.00,14.20,37.00,141.22,97.49,6.00,0.99,0.00,0.00,46.50,3.91
969.845,2442.50,32.34,18.55,512.00,422.53,170.25,95.64,430.50,94.26,46.50,92.00,14.20,37.00,141.22,97.49,6.00,0.99,0.00,0.00,46.50,3.91
970.085,2442.50,32.34,18.55,512.00,425.50,170.25,95.64,430.50,94.26,46.50,92.00,14.20,37.00,141.22,97.49,6.00,0.99,0.00,0.00,46.50,3.91
970.325,2442.50,32.34,18.55,512.00,425.50,13.50,95.64,430.50,94.26,46.50,92.00,14.20,37.00,141.22,97.49,6.00,0.99,0.00,0.00,46.50,3.91
970.567,2442.50,32.34,18.55,512.00,425.50,13.50,123.15,430.50,94.26,46.50,92.00,14.20,37.00,141.22,97.49,6.00,0.99,0.00,0.00,46.50,3.91
970.805,2442.50,32.34,18.55,512.00,425.50,13.50,123.15,47.80,94.26,46.50,92.00,14.20,37.00,141.22,97.49,6.00,0.99,0.00,0.00,46.50,3.91
971.045,2442.50,32.34,18.55,512.00,425.50,13.50,123.15,47.80,97.16,46.50,92.00,14.20,37.00,141.22,97.49,6.00,0.99,0.00,0.00,46.50,3.91
971.285,2442.50,32.34,18.55,512.00,425.50,13.50,123.15,47.80,97.16,45.75,92.00,14.20,37.00,141.22,97.49,6.00,0.99,0.00,0.00,46.50,3.91
971.524,2442.50,32.34,18.55,512.00,425.50,13.50,123.15,47.80,97.16,45.75,93.00,14.20,37.00,141.22,97.49,6.00,0.99,0.00,0.00,46.50,3.91
971.767,2442.50,32.34,18.55,512.00,425.50,13.50,123.15,47.80,97.16,45.75,93.00,14.21,37.00,141.22,97.49,6.00,0.99,0.00,0.00,46.50,3.91
972.005,2442.50,32.34,18.55,512.00,425.50,13.50,123.15,47.80,97.16,45.75,93.00,14.21,37.00,141.22,97.49,6.00,0.99,0.00,0.00,46.50,3.91
972.245,2442.50,32.34,18.55,512.00,425.50,13.50,123.15,47.80,97.16,45.75,93.00,14.21,37.00,155.69,97.49,6.00,0.99,0.00,0.00,46.50,3.91
972.485,2442.50,32.34,18.55,512.00,425.50,13.50,123.15,47.80,97.16,45.75,93.00,14.21,37.00,155.69,14.12,6.00,0.99,0.00,0.00,46.50,3.91
972.725,2442.50,32.34,18.55,512.00,425.50,13.50,123.15,47.80,97.16,45.75,93.00,14.21,37.00,155.69,14.12,6.00,0.99,0.00,0.00,46.50,3.91
972.967,2442.50,32.34,18.55,512.00,425.50,13.50,123.15,47.80,97.16,45.75,93.00,14.21,37.00,155.69,14.12,6.00,16.00,0.00,0.00,46.50,3.91
973.205,2442.50,32.34,18.55,512.00,425.50,13.50,123.15,47.80,97.16,45.75,93.00,14.21,37.00,155.69,14.12,6.00,16.00,-15.00,0.00,46.50,3.91
973.445,2442.50,32.34,18.55,512.00,425.50,13.50,123.15,47.80,97.16,45.75,93.00,14.21,37.00,155.69,14.12,6.00,16.00,-15.00,0.00,46.50,3.91
973.685,2442.50,32.34,18.55,512.00,425.50,13.50,123.15,47.80,97.16,45.75,93.00,14.21,37.00,155.69,14.12,6.00,16.00,-15.00,0.00,46.50,3.91
973.925,2442.50,32.34,18.55,512.00,425.50,13.50,123.15,47.80,97.16,45.75,93.00,14.21,37.00,155.69,14.12,6.00,16.00,-15.00,0.00,46.50,0.39
974.167,2407.00,32.34,18.55,512.00,425.50,13.50,123.15,47.80,97.16,45.75,93.00,14.21,37.00,155.69,14.12,6.00,16.00,-15.00,0.00,46.50,0.39
974.405,2407.00,13.50,18.55,512.00,425.50,13.50,123.15,47.80,97.16,45.75,93.00,14.21,37.00,155.69,14.12,6.00,16.00,-15.00,0.00,46.50,0.39
974.645,2407.00,13.50,0.67,512.00,425.50,13.50,123.15,47.80,97.16,45.75,93.00,14.21,37.00,155.69,14.12,6.00,16.00,-15.00,0.00,46.50,0.39
974.885,2407.00,13.50,0.67,52.00,425.50,13.50,123.15,47.80,97.16,45.75,93.00,14.21,37.00,155.69,14.12,6.00,16.00,-15.00,0.00,46.50,0.39
975.125,2407.00,13.50,0.67,52.00,55.03,13.50,123.15,47.80,97.16,45.75,93.00,14.21,37.00,155.69,14.12,6.00,16.00,-15.00,0.00,46.50,0.39
975.367,2407.00,13.50,0.67,52.00,55.03,19.50,123.15,47.80,97.16,45.75,93.00,14.21,37.00,155.69,14.12,6.00,16.00,-15.00,0.00,46.50,0.39
975.605,2407.00,13.50,0.67,52.00,55.03,19.50,113.76,47.80,97.16,45.75,93.00,14.21,37.00,155.69,14.12,6.00,16.00,-15.00,0.00,46.50,0.39
975.845,2407.00,13.50,0.67,52.00,55.03,19.50,113.76,52.20,97.16,45.75,93.00,14.21,37.00,155.69,14.12,6.00,16.00,-15.00,0.00,46.50,0.39
976.085,2407.00,13.50,0.67,52.00,55.03,19.50,113.76,52.20,92.06,45.75,93.00,14.21,37.00,155.69,14.12,6.00,16.00,-15.00,0.00,46.50,0.39
976.325,2407.00,13.50,0.67,52.00,55.03,19.50,113.76,52.20,92.06,57.75,93.00,14.21,37.00,155.69,14.12,6.00,16.00,-15.00,0.00,46.50,0.39
976.567,2407.00,13.50,0.67,52.00,55.03,19.50,113.76,52.20,92.06,57.75,93.00,14.21,37.00,155.69,14.12,6.00,16.00,-15.00,0.00,46.50,0.39
976.805,2407.00,13.50,0.67,52.00,55.03,19.50,113.76,52.20,92.06,57.75,93.00,14.21,37.00,155.69,14.12,6.00,16.00,-15.00,0.00,46.50,0.39
977.045,2407.00,13.50,0.67,52.00,55.03,19.50,113.76,52.20,92.06,57.75,93.00,14.21,37.00,155.69,14.12,6.00,16.00,-15.00,0.00,46.50,0.39
977.315,2407.00,13.50,0.67,52.00,55.03,19.50,113.76,52.20,92.06,57.75,93.00,14.21,37.00,141.28,14.12,6.00,16.00,-15.00,0.00,46.50,0.39
977.557,2407.00,13.50,0.67,52.00,55.03,19.50,113.76,52.20,92.06,57.75,93.00,14.21,37.00,141.28,12.67,6.00,16.00,-15.00,0.00,46.50,0.39
977.795,2407.00,13.50,0.67,52.00,55.03,19.50,113.76,52.20,92.06,57.75,93.00,14.21,37.00,141.28,12.67,6.00,16.00,-15.00,0.00,46.50,0.39
978.034,2407.00,13.50,0.67,52.00,55.03,19.50,113.76,52.20,92.06,57.75,93.00,14.21,37.00,141.28,12.67,6.00,16.00,-15.00,0.00,46.50,0.39
978.276,2407.00,13.50,0.67,52.00,55.03,19.50,113.76,52.20,92.06,57.75,93.00,14.21,37.00,141.28,12.67,6.00,16.00,-15.75,0.00,46.50,0.39
978.515,2407.00,13.50,0.67,52.00,55.03,19.50,113.76,52.20,92.06,57.75,93.00,14.21,37.00,141.28,12.67,6.00,16.00,-15.75,0.00,46.50,0.39
978.755,2407.00,13.50,0.67,52.00,55.03,19.50,113.76,52.20,92.06,57.75,93.00,14.21,37.00,141.28,12.67,6.00,16.00,-15.75,0.00,47.25,0.39
978.995,2407.00,13.50,0.67,52.00,55.03,19.50,113.76,52.20,92.06,57.75,93.00,14.21,37.00,141.28,12.67,6.00,16.00,-15.75,0.00,47.25,0.39
979.235,2169.00,13.50,0.67,52.00,55.03,19.50,113.76,52.20,92.06,57.75,93.00,14.21,37.00,141.28,12.67,6.00,16.00,-15.75,0.00,47.25,0.39
979.475,2169.00,13.49,0.67,52.00,55.03,19.50,113.76,52.20,92.06,57.75,93.00,14.21,37.00,141.28,12.67,6.00,16.00,-15.75,0.00,47.25,0.39
979.715,2169.00,13.49,0.43,52.00,55.03,19.50,113.76,52.20,92.06,57.75,93.00,14.21,37.00,141.28,12.67,6.00,16.00,-15.75,0.00,47.25,0.39
979.955,2169.00,13.49,0.43,40.00,55.03,19.50,113.76,52.20,92.06,57.75,93.00,14.21,37.00,141.28,12.67,6.00,16.00,-15.75,0.00,47.25,0.39
980.195,2169.00,13.49,0.43,40.00,39.94,19.50,113.76,52.20,92.06,57.75,93.00,14.21,37.00,141.28,12.67,6.00,16.00,-15.75,0.00,47.25,0.39
980.435,2169.00,13.49,0.43,40.00,39.94,15.75,113.76,52.20,92.06,57.75,93.00,14.21,37.00,141.28,12.67,6.00,16.00,-15.75,0.00,47.25,0.39
980.676,2169.00,13.49,0.43,40.00,39.94,15.75,99.95,52.20,92.06,57.75,93.00,14.21,37.00,141.28,12.67,6.00,16.00,-15.75,0.00,47.25,0.39
980.915,2169.00,13.49,0.43,40.00,39.94,15.75,99.95,38.50,92.06,57.75,93.00,14.21,37.00,141.28,12.67,6.00,16.00,-15.75,0.00,47.25,0.39
981.157,2169.00,13.49,0.43,40.00,39.94,15.75,99.95,38.50,89.16,57.75,93.00,14.21,37.00,141.28,12.67,6.00,16.00,-15.75,0.00,47.25,0.39
981.395,2169.00,13.49,0.43,40.00,39.94,15.75,99.95,38.50,89.16,60.75,93.00,14.21,37.00,141.28,12.67,6.00,16.00,-15.75,0.00,47.25,0.39
981.635,2169.00,13.49,0.43,40.00,39.94,15.75,99.95,38.50,89.16,60.75,92.00,14.21,37.00,141.28,12.67,6.00,16.00,-15.75,0.00,47.25,0.39
981.875,2169.00,13.49,0.43,40.00,39.94,15.75,99.95,38.50,89.16,60.75,92.00,14.21,37.00,141.28,12.67,6.00,16.00,-15.75,0.00,47.25,0.39
982.115,2169.00,13.49,0.43,40.00,39.94,15.75,99.95,38.50,89.16,60.75,92.00,14.21,37.00,141.28,12.67,6.00,16.00,-15.75,0.00,47.25,0.39
982.357,2169.00,13.49,0.43,40.00,39.94,15.75,99.95,38.50,89.16,60.75,92.00,14.21,37.00,128.71,12.67,6.00,16.00,-15.75,0.00,47.25,0.39
982.595,2169.00,13.49,0.43,40.00,39.94,15.75,99.95,38.50,89.16,60.75,92.00,14.21,37.00,128.71,10.61,6.00,16.00,-15.75,0.00,47.25,0.39
982.835,2169.00,13.49,0.43,40.00,39.94,15.75,99.95,38.50,89.16,60.75,92.00,14.21,37.00,128.71,10.61,6.00,16.00,-15.75,0.00,47.25,0.39
983.076,2169.00,13.49,0.43,40.00,39.94,15.75,99.95,38.50,89.16,60.75,92.00,14.21,37.00,128.71,10.61,6.00,16.00,-15.75,0.00,47.25,0.39
983.315,2169.00,13.49,0.43,40.00,39.94,15.75,99.95,38.50,89.16,60.75,92.00,14.21,37.00,128.71,10.61,6.00,16.00,-15.75,0.00,47.25,0.39
983.557,2169.00,13.49,0.43,40.00,39.94,15.75,99.95,38.50,89.16,60.75,92.00,14.21,37.00,128.71,10.61,6.00,16.00,-15.75,0.00,47.25,0.39
983.795,2169.00,13.49,0.43,40.00,39.94,15.75,99.95,38.50,89.16,60.75,92.00,14.21,37.00,128.71,10.61,6.00,16.00,-15.75,0.00,47.25,0.39
984.035,2169.00,13.49,0.43,40.00,39.94,15.75,99.95,38.50,89.16,60.75,92.00,14.21,37.00,128.71,10.61,6.00,16.00,-15.75,0.00,47.25,0.78
984.276,1977.00,13.49,0.43,40.00,39.94,15.75,99.95,38.50,89.16,60.75,92.00,14.21,37.00,128.71,10.61,6.00,16.00,-15.75,0.00,47.25,0.78
984.515,1977.00,13.47,0.43,40.00,39.94,15.75,99.95,38.50,89.16,60.75,92.00,14.21,37.00,128.71,10.61,6.00,16.00,-15.75,0.00,47.25,0.78
984.757,1977.00,13.47,0.31,40.00,39.94,15.75,99.95,38.50,89.16,60.75,92.00,14.21,37.00,128.71,10.61,6.00,16.00,-15.75,0.00,47.25,0.78
984.995,1977.00,13.47,0.31,28.00,39.94,15.75,99.95,38.50,89.16,60.75,92.00,14.21,37.00,128.71,10.61,6.00,16.00,-15.75,0.00,47.25,0.78
985.235,1977.00,13.47,0.31,28.00,29.88,15.75,99.95,38.50,89.16,60.75,92.00,14.21,37.00,128.71,10.61,6.00,16.00,-15.75,0.00,47.25,0.78
985.476,1977.00,13.47,0.31,28.00,29.88,12.75,99.95,38.50,89.16,60.75,92.00,14.21,37.00,128.71,10.61,6.00,16.00,-15.75,0.00,47.25,0.78
985.715,1977.00,13.47,0.31,28.00,29.88,12.75,91.65,38.50,89.16,60.75,92.00,14.21,37.00,128.71,10.61,6.00,16.00,-15.75,0.00,47.25,0.78
985.955,1977.00,13.47,0.31,28.00,29.88,12.75,91.65,29.00,89.16,60.75,92.00,14.21,37.00,128.71,10.61,6.00,16.00,-15.75,0.00,47.25,0.78
986.195,1977.00,13.47,0.31,28.00,29.88,12.75,91.65,29.00,91.06,60.75,92.00,14.21,37.00,128.71,10.61,6.00,16.00,-15.75,0.00,47.25,0.78
986.435,1977.00,13.47,0.31,28.00,29.88,12.75,91.65,29.00,91.06,60.00,92.00,14.21,37.00,128.71,10.61,6.00,16.00,-15.75,0.00,47.25,0.78
986.676,1977.00,13.47,0.31,28.00,29.88,12.75,91.65,29.00,91.06,60.00,92.00,14.21,37.00,128.71,10.61,6.00,16.00,-15.75,0.00,47.25,0.78
986.915,1977.00,13.47,0.31,28.00,29.88,12.75,91.65,29.00,91.06,60.00,92.00,14.21,37.00,128.71,10.61,6.00,16.00,-15.75,0.00,47.25,0.78
987.155,1977.00,13.47,0.31,28.00,29.88,12.75,91.65,29.00,91.06,60.00,92.00,14.21,37.00,128.71,10.61,6.00,16.00,-15.75,0.00,47.25,0.78
987.395,1977.00,13.47,0.31,28.00,29.88,12.75,91.65,29.00,91.06,60.00,92.00,14.21,37.00,119.30,10.61,6.00,16.00,-15.75,0.00,47.25,0.78
987.635,1977.00,13.47,0.31,28.00,29.88,12.75,91.65,29.00,91.06,60.00,92.00,14.21,37.00,119.30,9.37,6.00,16.00,-15.75,0.00,47.25,0.78
987.876,1977.00,13.47,0.31,28.00,29.88,12.75,91.65,29.00,91.06,60.00,92.00,14.21,37.00,119.30,9.37,6.00,16.00,-15.75,0.00,47.25,0.78
988.115,1977.00,13.47,0.31,28.00,29.88,12.75,91.65,29.00,91.06,60.00,92.00,14.21,37.00,119.30,9.37,6.00,1.09,-15.75,0.00,47.25,0.78
988.357,1977.00,13.47,0.31,28.00,29.88,12.75,91.65,29.00,91.06,60.00,92.00,14.21,37.00,119.30,9.37,6.00,1.09,-15.75,0.00,47.25,0.78
988.595,1977.00,13.47,0.31,28.00,29.88,12.75,91.65,29.00,91.06,60.00,92.00,14.21,37.00,119.30,9.37,6.00,1.09,-15.75,0.00,47.25,0.78
988.835,1977.00,13.47,0.31,28.00,29.88,12.75,91.65,29.00,91.06,60.00,92.00,14.21,37.00,119.30,9.37,6.00,1.09,-15.75,0.00,48.00,0.78
989.076,1977.00,13.47,0.31,28.00,29.88,12.75,91.65,29.00,91.06,60.00,92.00,14.21,37.00,119.30,9.37,6.00,1.09,-15.75,0.00,48.00,0.39
989.315,1844.50,13.47,0.31,28.00,29.88,12.75,91.65,29.00,91.06,60.00,92.00,14.21,37.00,119.30,9.37,6.00,1.09,-15.75,0.00,48.00,0.39
989.555,1844.50,13.45,0.31,28.00,29.88,12.75,91.65,29.00,91.06,60.00,92.00,14.21,37.00,119.30,9.37,6.00,1.09,-15.75,0.00,48.00,0.39
989.795,1844.50,13.45,0.20,28.00,29.88,12.75,91.65,29.00,91.06,60.00,92.00,14.21,37.00,119.30,9.37,6.00,1.09,-15.75,0.00,48.00,0.39
990.035,1844.50,13.45,0.20,24.00,29.88,12.75,91.65,29.00,91.06,60.00,92.00,14.21,37.00,119.30,9.37,6.00,1.09,-15.75,0.00,48.00,0.39
990.275,1844.50,13.45,0.20,24.00,35.31,12.75,91.65,29.00,91.06,60.00,92.00,14.21,37.00,119.30,9.37,6.00,1.09,-15.75,0.00,48.00,0.39
990.515,1844.50,13.45,0.20,24.00,35.31,23.25,91.65,29.00,91.06,60.00,92.00,14.21,37.00,119.30,9.37,6.00,1.09,-15.75,0.00,48.00,0.39
990.757,1844.50,13.45,0.20,24.00,35.31,23.25,86.85,29.00,91.06,60.00,92.00,14.21,37.00,119.30,9.37,6.00,1.09,-15.75,0.00,48.00,0.39
990.995,1844.50,13.45,0.20,24.00,35.31,23.25,86.85,54.80,91.06,60.00,92.00,14.21,37.00,119.30,9.37,6.00,1.09,-15.75,0.00,48.00,0.39
991.235,1844.50,13.45,0.20,24.00,35.31,23.25,86.85,54.80,92.56,60.00,92.00,14.21,37.00,119.30,9.37,6.00,1.09,-15.75,0.00,48.00,0.39
991.476,1844.50,13.45,0.20,24.00,35.31,23.25,86.85,54.80,92.56,59.25,92.00,14.21,37.00,119.30,9.37,6.00,1.09,-15.75,0.00,48.00,0.39
991.715,1844.50,13.45,0.20,24.00,35.31,23.25,86.85,54.80,92.56,59.25,92.00,14.21,37.00,119.30,9.37,6.00,1.09,-15.75,0.00,48.00,0.39
991.957,1844.50,13.45,0.20,24.00,35.31,23.25,86.85,54.80,92.56,59.25,92.00,14.22,37.00,119.30,9.37,6.00,1.09,-15.75,0.00,48.00,0.39
992.195,1844.50,13.45,0.20,24.00,35.31,23.25,86.85,54.80,92.56,59.25,92.00,14.22,37.00,119.30,9.37,6.00,1.09,-15.75,0.00,48.00,0.39
992.435,1844.50,13.45,0.20,24.00,35.31,23.25,86.85,54.80,92.56,59.25,92.00,14.22,37.00,113.30,9.37,6.00,1.09,-15.75,0.00,48.00,0.39
992.676,1844.50,13.45,0.20,24.00,35.31,23.25,86.85,54.80,92.56,59.25,92.00,14.22,37.00,113.30,8.90,6.00,1.09,-15.75,0.00,48.00,0.39
992.915,1844.50,13.45,0.20,24.00,35.31,23.25,86.85,54.80,92.56,59.25,92.00,14.22,37.00,113.30,8.90,6.00,1.09,-15.75,0.00,48.00,0.39
993.157,1844.50,13.45,0.20,24.00,35.31,23.25,86.85,54.80,92.56,59.25,92.00,14.22,37.00,113.30,8.90,6.00,2.38,-15.75,0.00,48.00,0.39
993.395,1844.50,13.45,0.20,24.00,35.31,23.25,86.85,54.80,92.56,59.25,92.00,14.22,37.00,113.30,8.90,6.00,2.38,-15.00,0.00,48.00,0.39
993.635,1844.50,13.45,0.20,24.00,35.31,23.25,86.85,54.80,92.56,59.25,92.00,14.22,37.00,113.30,8.90,6.00,2.38,-15.00,0.00,48.00,0.39
993.876,1844.50,13.45,0.20,24.00,35.31,23.25,86.85,54.80,92.56,59.25,92.00,14.22,37.00,113.30,8.90,6.00,2.38,-15.00,0.00,48.00,0.39
994.115,1844.50,13.45,0.20,24.00,35.31,23.25,86.85,54.80,92.56,59.25,92.00,14.22,37.00,113.30,8.90,6.00,2.38,-15.00,0.00,48.00,0.00
994.357,1756.00,13.45,0.20,24.00,35.31,23.25,86.85,54.80,92.56,59.25,92.00,14.22,37.00,113.30,8.90,6.00,2.38,-15.00,0.00,48.00,0.00
994.595,1756.00,13.47,0.20,24.00,35.31,23.25,86.85,54.80,92.56,59.25,92.00,14.22,37.00,113.30,8.90,6.00,2.38,-15.00,0.00,48.00,0.00
994.835,1756.00,13.47,0.18,24.00,35.31,23.25,86.85,54.80,92.56,59.25,92.00,14.22,37.00,113.30,8.90,6.00,2.38,-15.00,0.00,48.00,0.00
995.076,1756.00,13.47,0.18,64.00,35.31,23.25,86.85,54.80,92.56,59.25,92.00,14.22,37.00,113.30,8.90,6.00,2.38,-15.00,0.00,48.00,0.00
995.315,1756.00,13.47,0.18,64.00,66.00,23.25,86.85,54.80,92.56,59.25,92.00,14.22,37.00,113.30,8.90,6.00,2.38,-15.00,0.00,48.00,0.00
995.557,1756.00,13.47,0.18,64.00,66.00,33.75,86.85,54.80,92.56,59.25,92.00,14.22,37.00,113.30,8.90,6.00,2.38,-15.00,0.00,48.00,0.00
995.795,1756.00,13.47,0.18,64.00,66.00,33.75,82.96,54.80,92.56,59.25,92.00,14.22,37.00,113.30,8.90,6.00,2.38,-15.00,0.00,48.00,0.00
996.035,1756.00,13.47,0.18,64.00,66.00,33.75,82.96,70.50,92.56,59.25,92.00,14.22,37.00,113.30,8.90,6.00,2.38,-15.00,0.00,48.00,0.00
996.276,1756.00,13.47,0.18,64.00,66.00,33.75,82.96,70.50,93.06,59.25,92.00,14.22,37.00,113.30,8.90,6.00,2.38,-15.00,0.00,48.00,0.00
996.515,1756.00,13.47,0.18,64.00,66.00,33.75,82.96,70.50,93.06,56.25,92.00,14.22,37.00,113.30,8.90,6.00,2.38,-15.00,0.00,48.00,0.00
996.757,1756.00,13.47,0.18,64.00,66.00,33.75,82.96,70.50,93.06,56.25,92.00,14.22,37.00,113.30,8.90,6.00,2.38,-15.00,0.00,48.00,0.00
996.995,1756.00,13.47,0.18,64.00,66.00,33.75,82.96,70.50,93.06,56.25,92.00,14.22,37.00,113.30,8.90,6.00,2.38,-15.00,0.00,48.00,0.00
997.235,1756.00,13.47,0.18,64.00,66.00,33.75,82.96,70.50,93.06,56.25,92.00,14.22,37.00,113.30,8.90,6.00,2.38,-15.00,0.00,48.00,0.00
997.476,1756.00,13.47,0.18,64.00,66.00,33.75,82.96,70.50,93.06,56.25,92.00,14.22,37.00,109.24,8.90,6.00,2.38,-15.00,0.00,48.00,0.00
997.715,1756.00,13.47,0.18,64.00,66.00,33.75,82.96,70.50,93.06,56.25,92.00,14.22,37.00,109.24,15.11,6.00,2.38,-15.00,0.00,48.00,0.00
997.957,1756.00,13.47,0.18,64.00,66.00,33.75,82.96,70.50,93.06,56.25,92.00,14.22,37.00,109.24,15.11,6.00,2.38,-15.00,0.00,48.00,0.00
998.195,1756.00,13.47,0.18,64.00,66.00,33.75,82.96,70.50,93.06,56.25,92.00,14.22,37.00,109.24,15.11,6.00,0.97,-15.00,0.00,48.00,0.00
998.435,1756.00,13.47,0.18,64.00,66.00,33.75,82.96,70.50,93.06,56.25,92.00,14.22,37.00,109.24,15.11,6.00,0.97,21.75,0.00,48.00,0.00
998.675,1756.00,13.47,0.18,64.00,66.00,33.75,82.96,70.50,93.06,56.25,92.00,14.22,37.00,109.24,15.11,6.00,0.97,21.75,0.00,48.00,0.00
998.915,1756.00,13.47,0.18,64.00,66.00,33.75,82.96,70.50,93.06,56.25,92.00,14.22,37.00,109.24,15.11,6.00,0.97,21.75,0.00,47.25,0.00
999.157,1756.00,13.47,0.18,64.00,66.00,33.75,82.96,70.50,93.06,56.25,92.00,14.22,37.00,109.24,15.11,6.00,0.97,21.75,0.00,47.25,0.39
999.395,1731.00,13.47,0.18,64.00,66.00,33.75,82.96,70.50,93.06,56.25,92.00,14.22,37.00,109.24,15.11,6.00,0.97,21.75,0.00,47.25,0.39
999.635,1731.00,13.45,0.18,64.00,66.00,33.75,82.96,70.50,93.06,56.25,92.00,14.22,37.00,109.24,15.11,6.00,0.97,21.75,0.00,47.25,0.39
999.876,1731.00,13.45,0.52,64.00,66.00,33.75,82.96,70.50,93.06,56.25,92.00,14.22,37.00,109.24,15.11,6.00,0.97,21.75,0.00,47.25,0.39
1000.115,1731.00,13.45,0.52,64.00,66.00,33.75,82.96,70.50,93.06,56.25,92.00,14.22,37.00,109.24,15.11,6.00,0.97,21.75,0.00,47.25,0.39
1000.357,1731.00,13.45,0.52,64.00,61.41,33.75,82.96,70.50,93.06,56.25,92.00,14.22,37.00,109.24,15.11,6.00,0.97,21.75,0.00,47.25,0.39
1000.595,1731.00,13.45,0.52,64.00,61.41,31.50,82.96,70.50,93.06,56.25,92.00,14.22,37.00,109.24,15.11,6.00,0.97,21.75,0.00,47.25,0.39
1000.835,1731.00,13.45,0.52,64.00,61.41,31.50,78.95,70.50,93.06,56.25,92.00,14.22,37.00,109.24,15.11,6.00,0.97,21.75,0.00,47.25,0.39
1001.076,1731.00,13.45,0.52,64.00,61.41,31.50,78.95,64.00,93.06,56.25,92.00,14.22,37.00,109.24,15.11,6.00,0.97,21.75,0.00,47.25,0.39
1001.315,1731.00,13.45,0.52,64.00,61.41,31.50,78.95,64.00,93.26,56.25,92.00,14.22,37.00,109.24,15.11,6.00,0.97,21.75,0.00,47.25,0.39
1001.557,1731.00,13.45,0.52,64.00,61.41,31.50,78.95,64.00,93.26,52.50,92.00,14.22,37.00,109.24,15.11,6.00,0.97,21.75,0.00,47.25,0.39
1001.795,1731.00,13.45,0.52,64.00,61.41,31.50,78.95,64.00,93.26,52.50,92.00,14.22,37.00,109.24,15.11,6.00,0.97,21.75,0.00,47.25,0.39
1002.035,1731.00,13.45,0.52,64.00,61.41,31.50,78.95,64.00,93.26,52.50,92.00,14.22,37.00,109.24,15.11,6.00,0.97,21.75,0.00,47.25,0.39
1002.276,1731.00,13.45,0.52,64.00,61.41,31.50,78.95,64.00,93.26,52.50,92.00,14.22,36.50,109.24,15.11,6.00,0.97,21.75,0.00,47.25,0.39
1002.515,1731.00,13.45,0.52,64.00,61.41,31.50,78.95,64.00,93.26,52.50,92.00,14.22,36.50,107.89,15.11,6.00,0.97,21.75,0.00,47.25,0.39
1002.755,1731.00,13.45,0.52,64.00,61.41,31.50,78.95,64.00,93.26,52.50,92.00,14.22,36.50,107.89,15.60,6.00,0.97,21.75,0.00,47.25,0.39
1002.995,1731.00,13.45,0.52,64.00,61.41,31.50,78.95,64.00,93.26,52.50,92.00,14.22,36.50,107.89,15.60,6.00,0.97,21.75,0.00,47.25,0.39
1003.235,1731.00,13.45,0.52,64.00,61.41,31.50,78.95,64.00,93.26,52.50,92.00,14.22,36.50,107.89,15.60,6.00,1.00,21.75,0.00,47.25,0.39
1003.476,1731.00,13.45,0.52,64.00,61.41,31.50,78.95,64.00,93.26,52.50,92.00,14.22,36.50,107.89,15.60,6.00,1.00,21.75,0.00,47.25,0.39
1003.715,1731.00,13.45,0.52,64.00,61.41,31.50,78.95,64.00,93.26,52.50,92.00,14.22,36.50,107.89,15.60,6.00,1.00,21.75,0.00,47.25,0.39
1003.957,1731.00,13.45,0.52,64.00,61.41,31.50,78.95,64.00,93.26,52.50,92.00,14.22,36.50,107.89,15.60,6.00,1.00,21.75,0.00,47.25,0.39
1004.195,1731.00,13.45,0.52,64.00,61.41,31.50,78.95,64.00,93.26,52.50,92.00,14.22,36.50,107.89,15.60,6.00,1.00,21.75,0.00,47.25,0.39
1004.435,1723.00,13.45,0.52,64.00,61.41,31.50,78.95,64.00,93.26,52.50,92.00,14.22,36.50,107.89,15.60,6.00,1.00,21.75,0.00,47.25,0.39
1004.676,1723.00,13.50,0.52,64.00,61.41,31.50,78.95,64.00,93.26,52.50,92.00,14.22,36.50,107.89,15.60,6.00,1.00,21.75,0.00,47.25,0.39
1004.915,1723.00,13.50,0.66,64.00,61.41,31.50,78.95,64.00,93.26,52.50,92.00,14.22,36.50,107.89,15.60,6.00,1.00,21.75,0.00,47.25,0.39
1005.157,1723.00,13.50,0.66,64.00,61.41,31.50,78.95,64.00,93.26,52.50,92.00,14.22,36.50,107.89,15.60,6.00,1.00,21.75,0.00,47.25,0.39
1005.395,1723.00,13.50,0.66,64.00,63.19,31.50,78.95,64.00,93.26,52.50,92.00,14.22,36.50,107.89,15.60,6.00,1.00,21.75,0.00,47.25,0.39
1005.635,1723.00,13.50,0.66,64.00,63.19,32.25,78.95,64.00,93.26,52.50,92.00,14.22,36.50,107.89,15.60,6.00,1.00,21.75,0.00,47.25,0.39
1005.876,1723.00,13.50,0.66,64.00,63.19,32.25,76.44,64.00,93.26,52.50,92.00,14.22,36.50,107.89,15.60,6.00,1.00,21.75,0.00,47.25,0.39
1006.115,1723.00,13.50,0.66,64.00,63.19,32.25,76.44,65.90,93.26,52.50,92.00,14.22,36.50,107.89,15.60,6.00,1.00,21.75,0.00,47.25,0.39
1006.355,1723.00,13.50,0.66,64.00,63.19,32.25,76.44,65.90,93.66,52.50,92.00,14.22,36.50,107.89,15.60,6.00,1.00,21.75,0.00,47.25,0.39
1006.595,1723.00,13.50,0.66,64.00,63.19,32.25,76.44,65.90,93.66,50.25,92.00,14.22,36.50,107.89,15.60,6.00,1.00,21.75,0.00,47.25,0.39
1006.835,1723.00,13.50,0.66,64.00,63.19,32.25,76.44,65.90,93.66,50.25,92.00,14.22,36.50,107.89,15.60,6.00,1.00,21.75,0.00,47.25,0.39
1007.105,1723.00,13.50,0.66,64.00,63.19,32.25,76.44,65.90,93.66,50.25,92.00,14.22,36.50,107.89,15.60,6.00,1.00,21.75,0.00,47.25,0.39
1007.345,1723.00,13.50,0.66,64.00,63.19,32.25,76.44,65.90,93.66,50.25,92.00,14.22,36.50,107.89,15.60,6.00,1.00,21.75,0.00,47.25,0.39
1007.587,1723.00,13.50,0.66,64.00,63.19,32.25,76.44,65.90,93.66,50.25,92.00,14.22,36.50,106.53,15.60,6.00,1.00,21.75,0.00,47.25,0.39
1007.825,1723.00,13.50,0.66,64.00,63.19,32.25,76.44,65.90,93.66,50.25,92.00,14.22,36.50,106.53,18.55,6.00,1.00,21.75,0.00,47.25,0.39
1008.067,1723.00,13.50,0.66,64.00,63.19,32.25,76.44,65.90,93.66,50.25,92.00,14.22,36.50,106.53,18.55,6.00,1.00,21.75,0.00,47.25,0.39
1008.305,1723.00,13.50,0.66,64.00,63.19,32.25,76.44,65.90,93.66,50.25,92.00,14.22,36.50,106.53,18.55,6.00,0.99,21.75,0.00,47.25,0.39
1008.545,1723.00,13.50,0.66,64.00,63.19,32.25,76.44,65.90,93.66,50.25,92.00,14.22,36.50,106.53,18.55,6.00,0.99,22.50,0.00,47.25,0.39
1008.785,1723.00,13.50,0.66,64.00,63.19,32.25,76.44,65.90,93.66,50.25,92.00,14.22,36.50,106.53,18.55,6.00,0.99,22.50,0.00,47.25,0.39
1009.025,1723.00,13.50,0.66,64.00,63.19,32.25,76.44,65.90,93.66,50.25,92.00,14.22,36.50,106.53,18.55,6.00,0.99,22.50,0.00,47.25,0.39
1009.266,1723.00,13.50,0.66,64.00,63.19,32.25,76.44,65.90,93.66,50.25,92.00,14.22,36.50,106.53,18.55,6.00,0.99,22.50,0.00,47.25,1.95
1009.505,2196.50,13.50,0.66,64.00,63.19,32.25,76.44,65.90,93.66,50.25,92.00,14.22,36.50,106.53,18.55,6.00,0.99,22.50,0.00,47.25,1.95
1009.745,2196.50,13.39,0.66,64.00,63.19,32.25,76.44,65.90,93.66,50.25,92.00,14.22,36.50,106.53,18.55,6.00,0.99,22.50,0.00,47.25,1.95
1009.985,2196.50,13.39,0.57,64.00,63.19,32.25,76.44,65.90,93.66,50.25,92.00,14.22,36.50,106.53,18.55,6.00,0.99,22.50,0.00,47.25,1.95
1010.225,2196.50,13.39,0.57,32.00,63.19,32.25,76.44,65.90,93.66,50.25,92.00,14.22,36.50,106.53,18.55,6.00,0.99,22.50,0.00,47.25,1.95
1010.465,2196.50,13.39,0.57,32.00,58.34,32.25,76.44,65.90,93.66,50.25,92.00,14.22,36.50,106.53,18.55,6.00,0.99,22.50,0.00,47.25,1.95
1010.705,2196.50,13.39,0.57,32.00,58.34,17.25,76.44,65.90,93.66,50.25,92.00,14.22,36.50,106.53,18.55,6.00,0.99,22.50,0.00,47.25,1.95
1010.945,2196.50,13.39,0.57,32.00,58.34,17.25,75.15,65.90,93.66,50.25,92.00,14.22,36.50,106.53,18.55,6.00,0.99,22.50,0.00,47.25,1.95
1011.185,2196.50,13.39,0.57,32.00,58.34,17.25,75.15,51.70,93.66,50.25,92.00,14.22,36.50,106.53,18.55,6.00,0.99,22.50,0.00,47.25,1.95
1011.425,2196.50,13.39,0.57,32.00,58.34,17.25,75.15,51.70,93.96,50.25,92.00,14.22,36.50,106.53,18.55,6.00,0.99,22.50,0.00,47.25,1.95
1011.666,2196.50,13.39,0.57,32.00,58.34,17.25,75.15,51.70,93.96,48.00,92.00,14.22,36.50,106.53,18.55,6.00,0.99,22.50,0.00,47.25,1.95
1011.905,2196.50,13.39,0.57,32.00,58.34,17.25,75.15,51.70,93.96,48.00,92.00,14.22,36.50,106.53,18.55,6.00,0.99,22.50,0.00,47.25,1.95
1012.145,2196.50,13.39,0.57,32.00,58.34,17.25,75.15,51.70,93.96,48.00,92.00,14.22,36.50,106.53,18.55,6.00,0.99,22.50,0.00,47.25,1.95
1012.385,2196.50,13.39,0.57,32.00,58.34,17.25,75.15,51.70,93.96,48.00,92.00,14.22,36.50,106.53,18.55,6.00,0.99,22.50,0.00,47.25,1.95
1012.625,2196.50,13.39,0.57,32.00,58.34,17.25,75.15,51.70,93.96,48.00,92.00,14.22,36.50,102.21,18.55,6.00,0.99,22.50,0.00,47.25,1.95
1012.866,2196.50,13.39,0.57,32.00,58.34,17.25,75.15,51.70,93.96,48.00,92.00,14.22,36.50,102.21,18.02,6.00,0.99,22.50,0.00,47.25,1.95
1013.105,2196.50,13.39,0.57,32.00,58.34,17.25,75.15,51.70,93.96,48.00,92.00,14.22,36.50,102.21,18.02,6.00,0.99,22.50,0.00,47.25,1.95
1013.345,2196.50,13.39,0.57,32.00,58.34,17.25,75.15,51.70,93.96,48.00,92.00,14.22,36.50,102.21,18.02,6.00,1.02,22.50,0.00,47.25,1.95
1013.585,2196.50,13.39,0.57,32.00,58.34,17.25,75.15,51.70,93.96,48.00,92.00,14.22,36.50,102.21,18.02,6.00,1.02,30.00,0.00,47.25,1.95
1013.825,2196.50,13.39,0.57,32.00,58.34,17.25,75.15,51.70,93.96,48.00,92.00,14.22,36.50,102.21,18.02,6.00,1.02,30.00,0.00,47.25,1.95
1014.066,2196.50,13.39,0.57,32.00,58.34,17.25,75.15,51.70,93.96,48.00,92.00,14.22,36.50,102.21,18.02,6.00,1.02,30.00,0.00,46.50,1.95
1014.305,2196.50,13.39,0.57,32.00,58.34,17.25,75.15,51.70,93.96,48.00,92.00,14.22,36.50,102.21,18.02,6.00,1.02,30.00,0.00,46.50,0.00
1014.545,2575.00,13.39,0.57,32.00,58.34,17.25,75.15,51.70,93.96,48.00,92.00,14.22,36.50,102.21,18.02,6.00,1.02,30.00,0.00,46.50,0.00
1014.785,2575.00,13.50,0.57,32.00,58.34,17.25,75.15,51.70,93.96,48.00,92.00,14.22,36.50,102.21,18.02,6.00,1.02,30.00,0.00,46.50,0.00
1015.025,2575.00,13.50,1.10,32.00,58.34,17.25,75.15,51.70,93.96,48.00,92.00,14.22,36.50,102.21,18.02,6.00,1.02,30.00,0.00,46.50,0.00
1015.266,2575.00,13.50,1.10,84.00,58.34,17.25,75.15,51.70,93.96,48.00,92.00,14.22,36.50,102.21,18.02,6.00,1.02,30.00,0.00,46.50,0.00
1015.505,2575.00,13.50,1.10,84.00,82.44,17.25,75.15,51.70,93.96,48.00,92.00,14.22,36.50,102.21,18.02,6.00,1.02,30.00,0.00,46.50,0.00
1015.745,2575.00,13.50,1.10,84.00,82.44,28.50,75.15,51.70,93.96,48.00,92.00,14.22,36.50,102.21,18.02,6.00,1.02,30.00,0.00,46.50,0.00
1015.985,2575.00,13.50,1.10,84.00,82.44,28.50,73.75,51.70,93.96,48.00,92.00,14.22,36.50,102.21,18.02,6.00,1.02,30.00,0.00,46.50,0.00
1016.225,2575.00,13.50,1.10,84.00,82.44,28.50,73.75,95.00,93.96,48.00,92.00,14.22,36.50,102.21,18.02,6.00,1.02,30.00,0.00,46.50,0.00
1016.466,2575.00,13.50,1.10,84.00,82.44,28.50,73.75,95.00,93.76,48.00,92.00,14.22,36.50,102.21,18.02,6.00,1.02,30.00,0.00,46.50,0.00
1016.705,2575.00,13.50,1.10,84.00,82.44,28.50,73.75,95.00,93.76,46.50,92.00,14.22,36.50,102.21,18.02,6.00,1.02,30.00,0.00,46.50,0.00
1016.945,2575.00,13.50,1.10,84.00,82.44,28.50,73.75,95.00,93.76,46.50,92.00,14.22,36.50,102.21,18.02,6.00,1.02,30.00,0.00,46.50,0.00
1017.185,2575.00,13.50,1.10,84.00,82.44,28.50,73.75,95.00,93.76,46.50,92.00,14.22,36.50,102.21,18.02,6.00,1.02,30.00,0.00,46.50,0.00
1017.425,2575.00,13.50,1.10,84.00,82.44,28.50,73.75,95.00,93.76,46.50,92.00,14.22,36.50,102.21,18.02,6.00,1.02,30.00,0.00,46.50,0.00
1017.666,2575.00,13.50,1.10,84.00,82.44,28.50,73.75,95.00,93.76,46.50,92.00,14.22,36.50,104.39,18.02,6.00,1.02,30.00,0.00,46.50,0.00
1017.905,2575.00,13.50,1.10,84.00,82.44,28.50,73.75,95.00,93.76,46.50,92.00,14.22,36.50,104.39,19.91,6.00,1.02,30.00,0.00,46.50,0.00
1018.145,2575.00,13.50,1.10,84.00,82.44,28.50,73.75,95.00,93.76,46.50,92.00,14.22,36.50,104.39,19.91,6.00,1.02,30.00,0.00,46.50,0.00
1018.385,2575.00,13.50,1.10,84.00,82.44,28.50,73.75,95.00,93.76,46.50,92.00,14.22,36.50,104.39,19.91,6.00,0.99,30.00,0.00,46.50,0.00
1018.625,2575.00,13.50,1.10,84.00,82.44,28.50,73.75,95.00,93.76,46.50,92.00,14.22,36.50,104.39,19.91,6.00,0.99,24.75,0.00,46.50,0.00
1018.866,2575.00,13.50,1.10,84.00,82.44,28.50,73.75,95.00,93.76,46.50,92.00,14.22,36.50,104.39,19.91,6.00,0.99,24.75,0.00,46.50,0.00
1019.105,2575.00,13.50,1.10,84.00,82.44,28.50,73.75,95.00,93.76,46.50,92.00,14.22,36.50,104.39,19.91,6.00,0.99,24.75,0.00,46.50,0.00
1019.345,2575.00,13.50,1.10,84.00,82.44,28.50,73.75,95.00,93.76,46.50,92.00,14.22,36.50,104.39,19.91,6.00,0.99,24.75,0.00,46.50,0.00
1019.585,2209.00,13.50,1.10,84.00,82.44,28.50,73.75,95.00,93.76,46.50,92.00,14.22,36.50,104.39,19.91,6.00,0.99,24.75,0.00,46.50,0.00
1019.825,2209.00,13.76,1.10,84.00,82.44,28.50,73.75,95.00,93.76,46.50,92.00,14.22,36.50,104.39,19.91,6.00,0.99,24.75,0.00,46.50,0.00
1020.065,2209.00,13.76,2.49,84.00,82.44,28.50,73.75,95.00,93.76,46.50,92.00,14.22,36.50,104.39,19.91,6.00,0.99,24.75,0.00,46.50,0.00
1020.305,2209.00,13.76,2.49,112.00,82.44,28.50,73.75,95.00,93.76,46.50,92.00,14.22,36.50,104.39,19.91,6.00,0.99,24.75,0.00,46.50,0.00
1020.545,2209.00,13.76,2.49,112.00,107.38,28.50,73.75,95.00,93.76,46.50,92.00,14.22,36.50,104.39,19.91,6.00,0.99,24.75,0.00,46.50,0.00
1020.785,2209.00,13.76,2.49,112.00,107.38,38.25,73.75,95.00,93.76,46.50,92.00,14.22,36.50,104.39,19.91,6.00,0.99,24.75,0.00,46.50,0.00
1021.025,2209.00,13.76,2.49,112.00,107.38,38.25,74.24,95.00,93.76,46.50,92.00,14.22,36.50,104.39,19.91,6.00,0.99,24.75,0.00,46.50,0.00
1021.266,2209.00,13.76,2.49,112.00,107.38,38.25,74.24,87.60,93.76,46.50,92.00,14.22,36.50,104.39,19.91,6.00,0.99,24.75,0.00,46.50,0.00
1021.505,2209.00,13.76,2.49,112.00,107.38,38.25,74.24,87.60,93.56,46.50,92.00,14.22,36.50,104.39,19.91,6.00,0.99,24.75,0.00,46.50,0.00
1021.745,2209.00,13.76,2.49,112.00,107.38,38.25,74.24,87.60,93.56,46.50,92.00,14.22,36.50,104.39,19.91,6.00,0.99,24.75,0.00,46.50,0.00
1021.985,2209.00,13.76,2.49,112.00,107.38,38.25,74.24,87.60,93.56,46.50,92.00,14.22,36.50,104.39,19.91,6.00,0.99,24.75,0.00,46.50,0.00
1022.225,2209.00,13.76,2.49,112.00,107.38,38.25,74.24,87.60,93.56,46.50,92.00,14.22,36.50,104.39,19.91,6.00,0.99,24.75,0.00,46.50,0.00
1022.466,2209.00,13.76,2.49,112.00,107.38,38.25,74.24,87.60,93.56,46.50,92.00,14.22,36.50,104.39,19.91,6.00,0.99,24.75,0.00,46.50,0.00
1022.705,2209.00,13.76,2.49,112.00,107.38,38.25,74.24,87.60,93.56,46.50,92.00,14.22,36.50,108.12,19.91,6.00,0.99,24.75,0.00,46.50,0.00
1022.945,2209.00,13.76,2.49,112.00,107.38,38.25,74.24,87.60,93.56,46.50,92.00,14.22,36.50,108.12,14.05,6.00,0.99,24.75,0.00,46.50,0.00
1023.185,2209.00,13.76,2.49,112.00,107.38,38.25,74.24,87.60,93.56,46.50,92.00,14.22,36.50,108.12,14.05,6.00,0.99,24.75,0.00,46.50,0.00
1023.425,2209.00,13.76,2.49,112.00,107.38,38.25,74.24,87.60,93.56,46.50,92.00,14.22,36.50,108.12,14.05,6.00,0.99,24.75,0.00,46.50,0.00
1023.666,2209.00,13.76,2.49,112.00,107.38,38.25,74.24,87.60,93.56,46.50,92.00,14.22,36.50,108.12,14.05,6.00,0.99,21.75,0.00,46.50,0.00
1023.905,2209.00,13.76,2.49,112.00,107.38,38.25,74.24,87.60,93.56,46.50,92.00,14.22,36.50,108.12,14.05,6.00,0.99,21.75,0.00,46.50,0.00
1024.145,2209.00,13.76,2.49,112.00,107.38,38.25,74.24,87.60,93.56,46.50,92.00,14.22,36.50,108.12,14.05,6.00,0.99,21.75,0.00,46.50,0.00
1024.385,2209.00,13.76,2.49,112.00,107.38,38.25,74.24,87.60,93.56,46.50,92.00,14.22,36.50,108.12,14.05,6.00,0.99,21.75,0.00,46.50,0.00
1024.625,1740.50,13.76,2.49,112.00,107.38,38.25,74.24,87.60,93.56,46.50,92.00,14.22,36.50,108.12,14.05,6.00,0.99,21.75,0.00,46.50,0.00
1024.866,1740.50,13.51,2.49,112.00,107.38,38.25,74.24,87.60,93.56,46.50,92.00,14.22,36.50,108.12,14.05,6.00,0.99,21.75,0.00,46.50,0.00
1025.105,1740.50,13.51,0.70,112.00,107.38,38.25,74.24,87.60,93.56,46.50,92.00,14.22,36.50,108.12,14.05,6.00,0.99,21.75,0.00,46.50,0.00
1025.377,1740.50,13.51,0.70,60.00,107.38,38.25,74.24,87.60,93.56,46.50,92.00,14.22,36.50,108.12,14.05,6.00,0.99,21.75,0.00,46.50,0.00
1025.615,1740.50,13.51,0.70,60.00,59.19,38.25,74.24,87.60,93.56,46.50,92.00,14.22,36.50,108.12,14.05,6.00,0.99,21.75,0.00,46.50,0.00
1025.857,1740.50,13.51,0.70,60.00,59.19,31.50,74.24,87.60,93.56,46.50,92.00,14.22,36.50,108.12,14.05,6.00,0.99,21.75,0.00,46.50,0.00
1026.095,1740.50,13.51,0.70,60.00,59.19,31.50,74.55,87.60,93.56,46.50,92.00,14.22,36.50,108.12,14.05,6.00,0.99,21.75,0.00,46.50,0.00
1026.335,1740.50,13.51,0.70,60.00,59.19,31.50,74.55,62.30,93.56,46.50,92.00,14.22,36.50,108.12,14.05,6.00,0.99,21.75,0.00,46.50,0.00
1026.577,1740.50,13.51,0.70,60.00,59.19,31.50,74.55,62.30,93.96,46.50,92.00,14.22,36.50,108.12,14.05,6.00,0.99,21.75,0.00,46.50,0.00
1026.815,1740.50,13.51,0.70,60.00,59.19,31.50,74.55,62.30,93.96,46.50,92.00,14.22,36.50,108.12,14.05,6.00,0.99,21.75,0.00,46.50,0.00
1027.085,1740.50,13.51,0.70,60.00,59.19,31.50,74.55,62.30,93.96,46.50,92.00,14.22,36.50,108.12,14.05,6.00,0.99,21.75,0.00,46.50,0.00
1027.325,1740.50,13.51,0.70,60.00,59.19,31.50,74.55,62.30,93.96,46.50,92.00,14.22,36.50,108.12,14.05,6.00,0.99,21.75,0.00,46.50,0.00
1027.566,1740.50,13.51,0.70,60.00,59.19,31.50,74.55,62.30,93.96,46.50,92.00,14.22,36.50,108.12,14.05,6.00,0.99,21.75,0.00,46.50,0.00
1027.805,1740.50,13.51,0.70,60.00,59.19,31.50,74.55,62.30,93.96,46.50,92.00,14.22,36.50,107.67,14.05,6.00,0.99,21.75,0.00,46.50,0.00
1028.045,1740.50,13.51,0.70,60.00,59.19,31.50,74.55,62.30,93.96,46.50,92.00,14.22,36.50,107.67,16.09,6.00,0.99,21.75,0.00,46.50,0.00
1028.285,1740.50,13.51,0.70,60.00,59.19,31.50,74.55,62.30,93.96,46.50,92.00,14.22,36.50,107.67,16.09,6.00,0.99,21.75,0.00,46.50,0.00
1028.525,1740.50,13.51,0.70,60.00,59.19,31.50,74.55,62.30,93.96,46.50,92.00,14.22,36.50,107.67,16.09,6.00,0.99,21.75,0.00,46.50,0.00
1028.767,1740.50,13.51,0.70,60.00,59.19,31.50,74.55,62.30,93.96,46.50,92.00,14.22,36.50,107.67,16.09,6.00,0.99,21.75,0.00,46.50,0.00
1029.005,1740.50,13.51,0.70,60.00,59.19,31.50,74.55,62.30,93.96,46.50,92.00,14.22,36.50,107.67,16.09,6.00,0.99,21.75,0.00,46.50,0.00
1029.245,1740.50,13.51,0.70,60.00,59.19,31.50,74.55,62.30,93.96,46.50,92.00,14.22,36.50,107.67,16.09,6.00,0.99,21.75,0.00,46.50,0.00
1029.485,1740.50,13.51,0.70,60.00,59.19,31.50,74.55,62.30,93.96,46.50,92.00,14.22,36.50,107.67,16.09,6.00,0.99,21.75,0.00,46.50,0.00
1029.725,1723.50,13.51,0.70,60.00,59.19,31.50,74.55,62.30,93.96,46.50,92.00,14.22,36.50,107.67,16.09,6.00,0.99,21.75,0.00,46.50,0.00
1029.967,1723.50,13.48,0.70,60.00,59.19,31.50,74.55,62.30,93.96,46.50,92.00,14.22,36.50,107.67,16.09,6.00,0.99,21.75,0.00,46.50,0.00
1030.205,1723.50,13.48,0.64,60.00,59.19,31.50,74.55,62.30,93.96,46.50,92.00,14.22,36.50,107.67,16.09,6.00,0.99,21.75,0.00,46.50,0.00
1030.445,1723.50,13.48,0.64,60.00,59.19,31.50,74.55,62.30,93.96,46.50,92.00,14.22,36.50,107.67,16.09,6.00,0.99,21.75,0.00,46.50,0.00
1030.715,1723.50,13.48,0.64,60.00,60.91,31.50,74.55,62.30,93.96,46.50,92.00,14.22,36.50,107.67,16.09,6.00,0.99,21.75,0.00,46.50,0.00
1030.957,1723.50,13.48,0.64,60.00,60.91,30.75,74.55,62.30,93.96,46.50,92.00,14.22,36.50,107.67,16.09,6.00,0.99,21.75,0.00,46.50,0.00
1031.195,1723.50,13.48,0.64,60.00,60.91,30.75,72.65,62.30,93.96,46.50,92.00,14.22,36.50,107.67,16.09,6.00,0.99,21.75,0.00,46.50,0.00
1031.435,1723.50,13.48,0.64,60.00,60.91,30.75,72.65,60.50,93.96,46.50,92.00,14.22,36.50,107.67,16.09,6.00,0.99,21.75,0.00,46.50,0.00
1031.676,1723.50,13.48,0.64,60.00,60.91,30.75,72.65,60.50,94.36,46.50,92.00,14.22,36.50,107.67,16.09,6.00,0.99,21.75,0.00,46.50,0.00
1031.915,1723.50,13.48,0.64,60.00,60.91,30.75,72.65,60.50,94.36,46.50,92.00,14.22,36.50,107.67,16.09,6.00,0.99,21.75,0.00,46.50,0.00
1032.157,1723.50,13.48,0.64,60.00,60.91,30.75,72.65,60.50,94.36,46.50,92.00,14.22,36.50,107.67,16.09,6.00,0.99,21.75,0.00,46.50,0.00
1032.395,1723.50,13.48,0.64,60.00,60.91,30.75,72.65,60.50,94.36,46.50,92.00,14.22,36.50,107.67,16.09,6.00,0.99,21.75,0.00,46.50,0.00
1032.635,1723.50,13.48,0.64,60.00,60.91,30.75,72.65,60.50,94.36,46.50,92.00,14.22,36.50,107.67,16.09,6.00,0.99,21.75,0.00,46.50,0.00
1032.876,1723.50,13.48,0.64,60.00,60.91,30.75,72.65,60.50,94.36,46.50,92.00,14.22,36.50,107.79,16.09,6.00,0.99,21.75,0.00,46.50,0.00
1033.115,1723.50,13.48,0.64,60.00,60.91,30.75,72.65,60.50,94.36,46.50,92.00,14.22,36.50,107.79,15.59,6.00,0.99,21.75,0.00,46.50,0.00
1033.355,1723.50,13.48,0.64,60.00,60.91,30.75,72.65,60.50,94.36,46.50,92.00,14.22,36.50,107.79,15.59,6.00,0.99,21.75,0.00,46.50,0.00
1033.625,1723.50,13.48,0.64,60.00,60.91,30.75,72.65,60.50,94.36,46.50,92.00,14.22,36.50,107.79,15.59,6.00,0.99,21.75,0.00,46.50,0.00
1033.865,1723.50,13.48,0.64,60.00,60.91,30.75,72.65,60.50,94.36,46.50,92.00,14.22,36.50,107.79,15.59,6.00,0.99,21.75,0.00,46.50,0.00
1034.105,1723.50,13.48,0.64,60.00,60.91,30.75,72.65,60.50,94.36,46.50,92.00,14.22,36.50,107.79,15.59,6.00,0.99,21.75,0.00,46.50,0.00
1034.345,1723.50,13.48,0.64,60.00,60.91,30.75,72.65,60.50,94.36,46.50,92.00,14.22,36.50,107.79,15.59,6.00,0.99,21.75,0.00,46.50,0.00
1034.585,1723.50,13.48,0.64,60.00,60.91,30.75,72.65,60.50,94.36,46.50,92.00,14.22,36.50,107.79,15.59,6.00,0.99,21.75,0.00,46.50,0.39
1034.825,1723.00,13.48,0.64,60.00,60.91,30.75,72.65,60.50,94.36,46.50,92.00,14.22,36.50,107.79,15.59,6.00,0.99,21.75,0.00,46.50,0.39
1035.067,1723.00,13.48,0.64,60.00,60.91,30.75,72.65,60.50,94.36,46.50,92.00,14.22,36.50,107.79,15.59,6.00,0.99,21.75,0.00,46.50,0.39
1035.305,1723.00,13.48,0.57,60.00,60.91,30.75,72.65,60.50,94.36,46.50,92.00,14.22,36.50,107.79,15.59,6.00,0.99,21.75,0.00,46.50,0.39
1035.545,1723.00,13.48,0.57,60.00,60.91,30.75,72.65,60.50,94.36,46.50,92.00,14.22,36.50,107.79,15.59,6.00,0.99,21.75,0.00,46.50,0.39
1035.785,1723.00,13.48,0.57,60.00,60.88,30.75,72.65,60.50,94.36,46.50,92.00,14.22,36.50,107.79,15.59,6.00,0.99,21.75,0.00,46.50,0.39
1036.057,1723.00,13.48,0.57,60.00,60.88,31.50,72.65,60.50,94.36,46.50,92.00,14.22,36.50,107.79,15.59,6.00,0.99,21.75,0.00,46.50,0.39
1036.295,1723.00,13.48,0.57,60.00,60.88,31.50,71.15,60.50,94.36,46.50,92.00,14.22,36.50,107.79,15.59,6.00,0.99,21.75,0.00,46.50,0.39
1036.535,1723.00,13.48,0.57,60.00,60.88,31.50,71.15,64.80,94.36,46.50,92.00,14.22,36.50,107.79,15.59,6.00,0.99,21.75,0.00,46.50,0.39
1036.776,1723.00,13.48,0.57,60.00,60.88,31.50,71.15,64.80,94.66,46.50,92.00,14.22,36.50,107.79,15.59,6.00,0.99,21.75,0.00,46.50,0.39
1037.015,1723.00,13.48,0.57,60.00,60.88,31.50,71.15,64.80,94.66,46.50,92.00,14.22,36.50,107.79,15.59,6.00,0.99,21.75,0.00,46.50,0.39
1037.257,1723.00,13.48,0.57,60.00,60.88,31.50,71.15,64.80,94.66,46.50,92.00,14.22,36.50,107.79,15.59,6.00,0.99,21.75,0.00,46.50,0.39
1037.495,1723.00,13.48,0.57,60.00,60.88,31.50,71.15,64.80,94.66,46.50,92.00,14.22,36.50,107.79,15.59,6.00,0.99,21.75,0.00,46.50,0.39
1037.735,1723.00,13.48,0.57,60.00,60.88,31.50,71.15,64.80,94.66,46.50,92.00,14.22,36.50,107.79,15.59,6.00,0.99,21.75,0.00,46.50,0.39
1037.976,1723.00,13.48,0.57,60.00,60.88,31.50,71.15,64.80,94.66,46.50,92.00,14.22,36.50,107.20,15.59,6.00,0.99,21.75,0.00,46.50,0.39
1038.215,1723.00,13.48,0.57,60.00,60.88,31.50,71.15,64.80,94.66,46.50,92.00,14.22,36.50,107.20,12.03,6.00,0.99,21.75,0.00,46.50,0.39
1038.455,1723.00,13.48,0.57,60.00,60.88,31.50,71.15,64.80,94.66,46.50,92.00,14.22,36.50,107.20,12.03,6.00,0.99,21.75,0.00,46.50,0.39
1038.695,1723.00,13.48,0.57,60.00,60.88,31.50,71.15,64.80,94.66,46.50,92.00,14.22,36.50,107.20,12.03,6.00,0.97,21.75,0.00,46.50,0.39
1038.935,1723.00,13.48,0.57,60.00,60.88,31.50,71.15,64.80,94.66,46.50,92.00,14.22,36.50,107.20,12.03,6.00,0.97,-16.50,0.00,46.50,0.39
1039.175,1723.00,13.48,0.57,60.00,60.88,31.50,71.15,64.80,94.66,46.50,92.00,14.22,36.50,107.20,12.03,6.00,0.97,-16.50,0.00,46.50,0.39
1039.415,1723.00,13.48,0.57,60.00,60.88,31.50,71.15,64.80,94.66,46.50,92.00,14.22,36.50,107.20,12.03,6.00,0.97,-16.50,0.00,46.50,0.39
1039.685,1723.00,13.48,0.57,60.00,60.88,31.50,71.15,64.80,94.66,46.50,92.00,14.22,36.50,107.20,12.03,6.00,0.97,-16.50,0.00,46.50,19.14
1039.925,2563.00,13.48,0.57,60.00,60.88,31.50,71.15,64.80,94.66,46.50,92.00,14.22,36.50,107.20,12.03,6.00,0.97,-16.50,0.00,46.50,19.14
1040.167,2563.00,13.75,0.57,60.00,60.88,31.50,71.15,64.80,94.66,46.50,92.00,14.22,36.50,107.20,12.03,6.00,0.97,-16.50,0.00,46.50,19.14
1040.405,2563.00,13.75,0.70,60.00,60.88,31.50,71.15,64.80,94.66,46.50,92.00,14.22,36.50,107.20,12.03,6.00,0.97,-16.50,0.00,46.50,19.14
1040.645,2563.00,13.75,0.70,72.00,60.88,31.50,71.15,64.80,94.66,46.50,92.00,14.22,36.50,107.20,12.03,6.00,0.97,-16.50,0.00,46.50,19.14
1040.885,2563.00,13.75,0.70,72.00,306.12,31.50,71.15,64.80,94.66,46.50,92.00,14.22,36.50,107.20,12.03,6.00,0.97,-16.50,0.00,46.50,19.14
1041.125,2563.00,13.75,0.70,72.00,306.12,94.50,71.15,64.80,94.66,46.50,92.00,14.22,36.50,107.20,12.03,6.00,0.97,-16.50,0.00,46.50,19.14
1041.367,2563.00,13.75,0.70,72.00,306.12,94.50,70.26,64.80,94.66,46.50,92.00,14.22,36.50,107.20,12.03,6.00,0.97,-16.50,0.00,46.50,19.14
1041.605,2563.00,13.75,0.70,72.00,306.12,94.50,70.26,714.00,94.66,46.50,92.00,14.22,36.50,107.20,12.03,6.00,0.97,-16.50,0.00,46.50,19.14
1041.845,2563.00,13.75,0.70,72.00,306.12,94.50,70.26,714.00,93.66,46.50,92.00,14.22,36.50,107.20,12.03,6.00,0.97,-16.50,0.00,46.50,19.14
1042.087,2563.00,13.75,0.70,72.00,306.12,94.50,70.26,714.00,93.66,46.50,92.00,14.22,36.50,107.20,12.03,6.00,0.97,-16.50,0.00,46.50,19.14
1042.325,2563.00,13.75,0.70,72.00,306.12,94.50,70.26,714.00,93.66,46.50,92.00,14.22,36.50,107.20,12.03,6.00,0.97,-16.50,0.00,46.50,19.14
1042.567,2563.00,13.75,0.70,72.00,306.12,94.50,70.26,714.00,93.66,46.50,92.00,14.22,36.50,107.20,12.03,6.00,0.97,-16.50,0.00,46.50,19.14
1042.805,2563.00,13.75,0.70,72.00,306.12,94.50,70.26,714.00,93.66,46.50,92.00,14.22,36.50,107.20,12.03,6.00,0.97,-16.50,0.00,46.50,19.14
1043.045,2563.00,13.75,0.70,72.00,306.12,94.50,70.26,714.00,93.66,46.50,92.00,14.22,36.50,121.85,12.03,6.00,0.97,-16.50,0.00,46.50,19.14
1043.285,2563.00,13.75,0.70,72.00,306.12,94.50,70.26,714.00,93.66,46.50,92.00,14.22,36.50,121.85,97.76,6.00,0.97,-16.50,0.00,46.50,19.14
1043.525,2563.00,13.75,0.70,72.00,306.12,94.50,70.26,714.00,93.66,46.50,92.00,14.22,36.50,121.85,97.76,5.00,0.97,-16.50,0.00,46.50,19.14
1043.765,2563.00,13.75,0.70,72.00,306.12,94.50,70.26,714.00,93.66,46.50,92.00,14.22,36.50,121.85,97.76,5.00,1.07,-16.50,0.00,46.50,19.14
1044.005,2563.00,13.75,0.70,72.00,306.12,94.50,70.26,714.00,93.66,46.50,92.00,14.22,36.50,121.85,97.76,5.00,1.07,-16.50,0.00,46.50,19.14
1044.245,2563.00,13.75,0.70,72.00,306.12,94.50,70.26,714.00,93.66,46.50,92.00,14.22,36.50,121.85,97.76,5.00,1.07,-16.50,0.00,46.50,19.14
1044.487,2563.00,13.75,0.70,72.00,306.12,94.50,70.26,714.00,93.66,46.50,92.00,14.22,36.50,121.85,97.76,5.00,1.07,-16.50,0.00,45.75,19.14
1044.725,2563.00,13.75,0.70,72.00,306.12,94.50,70.26,714.00,93.66,46.50,92.00,14.22,36.50,121.85,97.76,5.00,1.07,-16.50,0.00,45.75,0.00
1044.967,3957.00,13.75,0.70,72.00,306.12,94.50,70.26,714.00,93.66,46.50,92.00,14.22,36.50,121.85,97.76,5.00,1.07,-16.50,0.00,45.75,0.00
1045.205,3957.00,13.44,0.70,72.00,306.12,94.50,70.26,714.00,93.66,46.50,92.00,14.22,36.50,121.85,97.76,5.00,1.07,-16.50,0.00,45.75,0.00
1045.445,3957.00,13.44,1.79,72.00,306.12,94.50,70.26,714.00,93.66,46.50,92.00,14.22,36.50,121.85,97.76,5.00,1.07,-16.50,0.00,45.75,0.00
1045.685,3957.00,13.44,1.79,108.00,306.12,94.50,70.26,714.00,93.66,46.50,92.00,14.22,36.50,121.85,97.76,5.00,1.07,-16.50,0.00,45.75,0.00
1045.925,3957.00,13.44,1.79,108.00,93.34,94.50,70.26,714.00,93.66,46.50,92.00,14.22,36.50,121.85,97.76,5.00,1.07,-16.50,0.00,45.75,0.00
1046.165,3957.00,13.44,1.79,108.00,93.34,19.50,70.26,714.00,93.66,46.50,92.00,14.22,36.50,121.85,97.76,5.00,1.07,-16.50,0.00,45.75,0.00
1046.405,3957.00,13.44,1.79,108.00,93.34,19.50,103.84,714.00,93.66,46.50,92.00,14.22,36.50,121.85,97.76,5.00,1.07,-16.50,0.00,45.75,0.00
1046.645,3957.00,13.44,1.79,108.00,93.34,19.50,103.84,132.40,93.66,46.50,92.00,14.22,36.50,121.85,97.76,5.00,1.07,-16.50,0.00,45.75,0.00
1046.885,3957.00,13.44,1.79,108.00,93.34,19.50,103.84,132.40,92.76,46.50,92.00,14.22,36.50,121.85,97.76,5.00,1.07,-16.50,0.00,45.75,0.00
1047.125,3957.00,13.44,1.79,108.00,93.34,19.50,103.84,132.40,92.76,49.50,92.00,14.22,36.50,121.85,97.76,5.00,1.07,-16.50,0.00,45.75,0.00
1047.367,3957.00,13.44,1.79,108.00,93.34,19.50,103.84,132.40,92.76,49.50,93.00,14.22,36.50,121.85,97.76,5.00,1.07,-16.50,0.00,45.75,0.00
1047.605,3957.00,13.44,1.79,108.00,93.34,19.50,103.84,132.40,92.76,49.50,93.00,14.21,36.50,121.85,97.76,5.00,1.07,-16.50,0.00,45.75,0.00
1047.845,3957.00,13.44,1.79,108.00,93.34,19.50,103.84,132.40,92.76,49.50,93.00,14.21,36.50,121.85,97.76,5.00,1.07,-16.50,0.00,45.75,0.00
1048.085,3957.00,13.44,1.79,108.00,93.34,19.50,103.84,132.40,92.76,49.50,93.00,14.21,36.50,118.00,97.76,5.00,1.07,-16.50,0.00,45.75,0.00
1048.325,3957.00,13.44,1.79,108.00,93.34,19.50,103.84,132.40,92.76,49.50,93.00,14.21,36.50,118.00,17.45,5.00,1.07,-16.50,0.00,45.75,0.00
1048.565,3957.00,13.44,1.79,108.00,93.34,19.50,103.84,132.40,92.76,49.50,93.00,14.21,36.50,118.00,17.45,5.00,1.07,-16.50,0.00,45.75,0.00
1048.805,3957.00,13.44,1.79,108.00,93.34,19.50,103.84,132.40,92.76,49.50,93.00,14.21,36.50,118.00,17.45,5.00,0.99,-16.50,0.00,45.75,0.00
1049.045,3957.00,13.44,1.79,108.00,93.34,19.50,103.84,132.40,92.76,49.50,93.00,14.21,36.50,118.00,17.45,5.00,0.99,-6.75,0.00,45.75,0.00
1049.287,3957.00,13.44,1.79,108.00,93.34,19.50,103.84,132.40,92.76,49.50,93.00,14.21,36.50,118.00,17.45,5.00,0.99,-6.75,0.00,45.75,0.00
1049.525,3957.00,13.44,1.79,108.00,93.34,19.50,103.84,132.40,92.76,49.50,93.00,14.21,36.50,118.00,17.45,5.00,0.99,-6.75,0.00,45.75,0.00
1049.767,3957.00,13.44,1.79,108.00,93.34,19.50,103.84,132.40,92.76,49.50,93.00,14.21,36.50,118.00,17.45,5.00,0.99,-6.75,0.00,45.75,0.78
1050.005,3829.50,13.44,1.79,108.00,93.34,19.50,103.84,132.40,92.76,49.50,93.00,14.21,36.50,118.00,17.45,5.00,0.99,-6.75,0.00,45.75,0.78
1050.245,3829.50,14.32,1.79,108.00,93.34,19.50,103.84,132.40,92.76,49.50,93.00,14.21,36.50,118.00,17.45,5.00,0.99,-6.75,0.00,45.75,0.78
1050.485,3829.50,14.32,2.78,108.00,93.34,19.50,103.84,132.40,92.76,49.50,93.00,14.21,36.50,118.00,17.45,5.00,0.99,-6.75,0.00,45.75,0.78
1050.725,3829.50,14.32,2.78,80.00,93.34,19.50,103.84,132.40,92.76,49.50,93.00,14.21,36.50,118.00,17.45,5.00,0.99,-6.75,0.00,45.75,0.78
1050.967,3829.50,14.32,2.78,80.00,81.94,19.50,103.84,132.40,92.76,49.50,93.00,14.21,36.50,118.00,17.45,5.00,0.99,-6.75,0.00,45.75,0.78
1051.205,3829.50,14.32,2.78,80.00,81.94,25.50,103.84,132.40,92.76,49.50,93.00,14.21,36.50,118.00,17.45,5.00,0.99,-6.75,0.00,45.75,0.78
1051.445,3829.50,14.32,2.78,80.00,81.94,25.50,91.44,132.40,92.76,49.50,93.00,14.21,36.50,118.00,17.45,5.00,0.99,-6.75,0.00,45.75,0.78
1051.685,3829.50,14.32,2.78,80.00,81.94,25.50,91.44,128.40,92.76,49.50,93.00,14.21,36.50,118.00,17.45,5.00,0.99,-6.75,0.00,45.75,0.78
1051.925,3829.50,14.32,2.78,80.00,81.94,25.50,91.44,128.40,91.46,49.50,93.00,14.21,36.50,118.00,17.45,5.00,0.99,-6.75,0.00,45.75,0.78
1052.167,3829.50,14.32,2.78,80.00,81.94,25.50,91.44,128.40,91.46,56.25,93.00,14.21,36.50,118.00,17.45,5.00,0.99,-6.75,0.00,45.75,0.78
1052.405,3829.50,14.32,2.78,80.00,81.94,25.50,91.44,128.40,91.46,56.25,93.00,14.21,36.50,118.00,17.45,5.00,0.99,-6.75,0.00,45.75,0.78
1052.645,3829.50,14.32,2.78,80.00,81.94,25.50,91.44,128.40,91.46,56.25,93.00,14.21,36.50,118.00,17.45,5.00,0.99,-6.75,0.00,45.75,0.78
1052.885,3829.50,14.32,2.78,80.00,81.94,25.50,91.44,128.40,91.46,56.25,93.00,14.21,36.50,118.00,17.45,5.00,0.99,-6.75,0.00,45.75,0.78
1053.125,3829.50,14.32,2.78,80.00,81.94,25.50,91.44,128.40,91.46,56.25,93.00,14.21,36.50,115.81,17.45,5.00,0.99,-6.75,0.00,45.75,0.78
1053.368,3829.50,14.32,2.78,80.00,81.94,25.50,91.44,128.40,91.46,56.25,93.00,14.21,36.50,115.81,21.48,5.00,0.99,-6.75,0.00,45.75,0.78
1053.605,3829.50,14.32,2.78,80.00,81.94,25.50,91.44,128.40,91.46,56.25,93.00,14.21,36.50,115.81,21.48,5.00,0.99,-6.75,0.00,45.75,0.78
1053.845,3829.50,14.32,2.78,80.00,81.94,25.50,91.44,128.40,91.46,56.25,93.00,14.21,36.50,115.81,21.48,5.00,0.97,-6.75,0.00,45.75,0.78
1054.085,3829.50,14.32,2.78,80.00,81.94,25.50,91.44,128.40,91.46,56.25,93.00,14.21,36.50,115.81,21.48,5.00,0.97,-13.50,0.00,45.75,0.78
1054.325,3829.50,14.32,2.78,80.00,81.94,25.50,91.44,128.40,91.46,56.25,93.00,14.21,36.50,115.81,21.48,5.00,0.97,-13.50,0.00,45.75,0.78
1054.567,3829.50,14.32,2.78,80.00,81.94,25.50,91.44,128.40,91.46,56.25,93.00,14.21,36.50,115.81,21.48,5.00,0.97,-13.50,0.00,46.50,0.78
1054.805,3829.50,14.32,2.78,80.00,81.94,25.50,91.44,128.40,91.46,56.25,93.00,14.21,36.50,115.81,21.48,5.00,0.97,-13.50,0.00,46.50,0.00
1055.045,3723.50,14.32,2.78,80.00,81.94,25.50,91.44,128.40,91.46,56.25,93.00,14.21,36.50,115.81,21.48,5.00,0.97,-13.50,0.00,46.50,0.00
1055.287,3723.50,14.06,2.78,80.00,81.94,25.50,91.44,128.40,91.46,56.25,93.00,14.21,36.50,115.81,21.48,5.00,0.97,-13.50,0.00,46.50,0.00
1055.525,3723.50,14.06,1.36,80.00,81.94,25.50,91.44,128.40,91.46,56.25,93.00,14.21,36.50,115.81,21.48,5.00,0.97,-13.50,0.00,46.50,0.00
1055.767,3723.50,14.06,1.36,216.00,81.94,25.50,91.44,128.40,91.46,56.25,93.00,14.21,36.50,115.81,21.48,5.00,0.97,-13.50,0.00,46.50,0.00
1056.005,3723.50,14.06,1.36,216.00,233.41,25.50,91.44,128.40,91.46,56.25,93.00,14.21,36.50,115.81,21.48,5.00,0.97,-13.50,0.00,46.50,0.00
1056.245,3723.50,14.06,1.36,216.00,233.41,57.75,91.44,128.40,91.46,56.25,93.00,14.21,36.50,115.81,21.48,5.00,0.97,-13.50,0.00,46.50,0.00
1056.485,3723.50,14.06,1.36,216.00,233.41,57.75,85.05,128.40,91.46,56.25,93.00,14.21,36.50,115.81,21.48,5.00,0.97,-13.50,0.00,46.50,0.00
1056.725,3723.50,14.06,1.36,216.00,233.41,57.75,85.05,252.90,91.46,56.25,93.00,14.21,36.50,115.81,21.48,5.00,0.97,-13.50,0.00,46.50,0.00
1056.965,3723.50,14.06,1.36,216.00,233.41,57.75,85.05,252.90,91.56,56.25,93.00,14.21,36.50,115.81,21.48,5.00,0.97,-13.50,0.00,46.50,0.00
1057.205,3723.50,14.06,1.36,216.00,233.41,57.75,85.05,252.90,91.56,58.50,93.00,14.21,36.50,115.81,21.48,5.00,0.97,-13.50,0.00,46.50,0.00
1057.446,3723.50,14.06,1.36,216.00,233.41,57.75,85.05,252.90,91.56,58.50,93.00,14.21,36.50,115.81,21.48,5.00,0.97,-13.50,0.00,46.50,0.00
1057.685,3723.50,14.06,1.36,216.00,233.41,57.75,85.05,252.90,91.56,58.50,93.00,14.21,36.50,115.81,21.48,5.00,0.97,-13.50,0.00,46.50,0.00
1057.925,3723.50,14.06,1.36,216.00,233.41,57.75,85.05,252.90,91.56,58.50,93.00,14.21,36.50,115.81,21.48,5.00,0.97,-13.50,0.00,46.50,0.00
1058.165,3723.50,14.06,1.36,216.00,233.41,57.75,85.05,252.90,91.56,58.50,93.00,14.21,36.50,118.38,21.48,5.00,0.97,-13.50,0.00,46.50,0.00
1058.405,3723.50,14.06,1.36,216.00,233.41,57.75,85.05,252.90,91.56,58.50,93.00,14.21,36.50,118.38,21.78,5.00,0.97,-13.50,0.00,46.50,0.00
1058.645,3723.50,14.06,1.36,216.00,233.41,57.75,85.05,252.90,91.56,58.50,93.00,14.21,36.50,118.38,21.78,5.00,0.97,-13.50,0.00,46.50,0.00
1058.885,3723.50,14.06,1.36,216.00,233.41,57.75,85.05,252.90,91.56,58.50,93.00,14.21,36.50,118.38,21.78,5.00,1.00,-13.50,0.00,46.50,0.00
1059.125,3723.50,14.06,1.36,216.00,233.41,57.75,85.05,252.90,91.56,58.50,93.00,14.21,36.50,118.38,21.78,5.00,1.00,27.00,0.00,46.50,0.00
1059.367,3723.50,14.06,1.36,216.00,233.41,57.75,85.05,252.90,91.56,58.50,93.00,14.21,36.50,118.38,21.78,5.00,1.00,27.00,0.00,46.50,0.00
1059.605,3723.50,14.06,1.36,216.00,233.41,57.75,85.05,252.90,91.56,58.50,93.00,14.21,36.50,118.38,21.78,5.00,1.00,27.00,0.00,45.75,0.00
1059.845,3723.50,14.06,1.36,216.00,233.41,57.75,85.05,252.90,91.56,58.50,93.00,14.21,36.50,118.38,21.78,5.00,1.00,27.00,0.00,45.75,3.52
1060.087,3995.00,14.06,1.36,216.00,233.41,57.75,85.05,252.90,91.56,58.50,93.00,14.21,36.50,118.38,21.78,5.00,1.00,27.00,0.00,45.75,3.52
1060.325,3995.00,13.72,1.36,216.00,233.41,57.75,85.05,252.90,91.56,58.50,93.00,14.21,36.50,118.38,21.78,5.00,1.00,27.00,0.00,45.75,3.52
1060.568,3995.00,13.72,4.13,216.00,233.41,57.75,85.05,252.90,91.56,58.50,93.00,14.21,36.50,118.38,21.78,5.00,1.00,27.00,0.00,45.75,3.52
1060.805,3995.00,13.72,4.13,244.00,233.41,57.75,85.05,252.90,91.56,58.50,93.00,14.21,36.50,118.38,21.78,5.00,1.00,27.00,0.00,45.75,3.52
1061.045,3995.00,13.72,4.13,244.00,244.03,57.75,85.05,252.90,91.56,58.50,93.00,14.21,36.50,118.38,21.78,5.00,1.00,27.00,0.00,45.75,3.52
1061.287,3995.00,13.72,4.13,244.00,244.03,51.75,85.05,252.90,91.56,58.50,93.00,14.21,36.50,118.38,21.78,5.00,1.00,27.00,0.00,45.75,3.52
1061.525,3995.00,13.72,4.13,244.00,244.03,51.75,84.04,252.90,91.56,58.50,93.00,14.21,36.50,118.38,21.78,5.00,1.00,27.00,0.00,45.75,3.52
1061.766,3995.00,13.72,4.13,244.00,244.03,51.75,84.04,243.60,91.56,58.50,93.00,14.21,36.50,118.38,21.78,5.00,1.00,27.00,0.00,45.75,3.52
1062.005,3995.00,13.72,4.13,244.00,244.03,51.75,84.04,243.60,93.36,58.50,93.00,14.21,36.50,118.38,21.78,5.00,1.00,27.00,0.00,45.75,3.52
1062.245,3995.00,13.72,4.13,244.00,244.03,51.75,84.04,243.60,93.36,57.75,93.00,14.21,36.50,118.38,21.78,5.00,1.00,27.00,0.00,45.75,3.52
1062.485,3995.00,13.72,4.13,244.00,244.03,51.75,84.04,243.60,93.36,57.75,93.00,14.21,36.50,118.38,21.78,5.00,1.00,27.00,0.00,45.75,3.52
1062.725,3995.00,13.72,4.13,244.00,244.03,51.75,84.04,243.60,93.36,57.75,93.00,14.21,36.50,118.38,21.78,5.00,1.00,27.00,0.00,45.75,3.52
1062.967,3995.00,13.72,4.13,244.00,244.03,51.75,84.04,243.60,93.36,57.75,93.00,14.21,36.50,118.38,21.78,5.00,1.00,27.00,0.00,45.75,3.52
1063.205,3995.00,13.72,4.13,244.00,244.03,51.75,84.04,243.60,93.36,57.75,93.00,14.21,36.50,126.05,21.78,5.00,1.00,27.00,0.00,45.75,3.52
1063.446,3995.00,13.72,4.13,244.00,244.03,51.75,84.04,243.60,93.36,57.75,93.00,14.21,36.50,126.05,23.75,5.00,1.00,27.00,0.00,45.75,3.52
1063.685,3995.00,13.72,4.13,244.00,244.03,51.75,84.04,243.60,93.36,57.75,93.00,14.21,36.50,126.05,23.75,5.00,1.00,27.00,0.00,45.75,3.52
1063.925,3995.00,13.72,4.13,244.00,244.03,51.75,84.04,243.60,93.36,57.75,93.00,14.21,36.50,126.05,23.75,5.00,0.96,27.00,0.00,45.75,3.52
1064.167,3995.00,13.72,4.13,244.00,244.03,51.75,84.04,243.60,93.36,57.75,93.00,14.21,36.50,126.05,23.75,5.00,0.96,36.00,0.00,45.75,3.52
1064.405,3995.00,13.72,4.13,244.00,244.03,51.75,84.04,243.60,93.36,57.75,93.00,14.21,36.50,126.05,23.75,5.00,0.96,36.00,0.00,45.75,3.52
1064.645,3995.00,13.72,4.13,244.00,244.03,51.75,84.04,243.60,93.36,57.75,93.00,14.21,36.50,126.05,23.75,5.00,0.96,36.00,0.00,45.75,3.52
1064.885,3995.00,13.72,4.13,244.00,244.03,51.75,84.04,243.60,93.36,57.75,93.00,14.21,36.50,126.05,23.75,5.00,0.96,36.00,0.00,45.75,0.00
1065.125,4157.50,13.72,4.13,244.00,244.03,51.75,84.04,243.60,93.36,57.75,93.00,14.21,36.50,126.05,23.75,5.00,0.96,36.00,0.00,45.75,0.00
1065.367,4157.50,13.43,4.13,244.00,244.03,51.75,84.04,243.60,93.36,57.75,93.00,14.21,36.50,126.05,23.75,5.00,0.96,36.00,0.00,45.75,0.00
1065.605,4157.50,13.43,2.69,244.00,244.03,51.75,84.04,243.60,93.36,57.75,93.00,14.21,36.50,126.05,23.75,5.00,0.96,36.00,0.00,45.75,0.00
1065.845,4157.50,13.43,2.69,152.00,244.03,51.75,84.04,243.60,93.36,57.75,93.00,14.21,36.50,126.05,23.75,5.00,0.96,36.00,0.00,45.75,0.00
1066.085,4157.50,13.43,2.69,152.00,157.19,51.75,84.04,243.60,93.36,57.75,93.00,14.21,36.50,126.05,23.75,5.00,0.96,36.00,0.00,45.75,0.00
1066.325,4157.50,13.43,2.69,152.00,157.19,18.75,84.04,243.60,93.36,57.75,93.00,14.21,36.50,126.05,23.75,5.00,0.96,36.00,0.00,45.75,0.00
1066.567,4157.50,13.43,2.69,152.00,157.19,18.75,83.45,243.60,93.36,57.75,93.00,14.21,36.50,126.05,23.75,5.00,0.96,36.00,0.00,45.75,0.00
1066.805,4157.50,13.43,2.69,152.00,157.19,18.75,83.45,88.70,93.36,57.75,93.00,14.21,36.50,126.05,23.75,5.00,0.96,36.00,0.00,45.75,0.00
1067.045,4157.50,13.43,2.69,152.00,157.19,18.75,83.45,88.70,94.96,57.75,93.00,14.21,36.50,126.05,23.75,5.00,0.96,36.00,0.00,45.75,0.00
1067.287,4157.50,13.43,2.69,152.00,157.19,18.75,83.45,88.70,94.96,56.25,93.00,14.21,36.50,126.05,23.75,5.00,0.96,36.00,0.00,45.75,0.00
1067.525,4157.50,13.43,2.69,152.00,157.19,18.75,83.45,88.70,94.96,56.25,93.00,14.21,36.50,126.05,23.75,5.00,0.96,36.00,0.00,45.75,0.00
1067.768,4157.50,13.43,2.69,152.00,157.19,18.75,83.45,88.70,94.96,56.25,93.00,14.21,36.50,126.05,23.75,5.00,0.96,36.00,0.00,45.75,0.00
1068.005,4157.50,13.43,2.69,152.00,157.19,18.75,83.45,88.70,94.96,56.25,93.00,14.21,36.50,126.05,23.75,5.00,0.96,36.00,0.00,45.75,0.00
1068.245,4157.50,13.43,2.69,152.00,157.19,18.75,83.45,88.70,94.96,56.25,93.00,14.21,36.50,119.19,23.75,5.00,0.96,36.00,0.00,45.75,0.00
1068.485,4157.50,13.43,2.69,152.00,157.19,18.75,83.45,88.70,94.96,56.25,93.00,14.21,36.50,119.19,20.25,5.00,0.96,36.00,0.00,45.75,0.00
1068.725,4157.50,13.43,2.69,152.00,157.19,18.75,83.45,88.70,94.96,56.25,93.00,14.21,36.50,119.19,20.25,5.00,0.96,36.00,0.00,45.75,0.00
1068.966,4157.50,13.43,2.69,152.00,157.19,18.75,83.45,88.70,94.96,56.25,93.00,14.21,36.50,119.19,20.25,5.00,16.00,36.00,0.00,45.75,0.00
1069.205,4157.50,13.43,2.69,152.00,157.19,18.75,83.45,88.70,94.96,56.25,93.00,14.21,36.50,119.19,20.25,5.00,16.00,-8.25,0.00,45.75,0.00
1069.445,4157.50,13.43,2.69,152.00,157.19,18.75,83.45,88.70,94.96,56.25,93.00,14.21,36.50,119.19,20.25,5.00,16.00,-8.25,0.00,45.75,0.00
1069.687,4157.50,13.43,2.69,152.00,157.19,18.75,83.45,88.70,94.96,56.25,93.00,14.21,36.50,119.19,20.25,5.00,16.00,-8.25,0.00,45.75,0.00
1069.925,4157.50,13.43,2.69,152.00,157.19,18.75,83.45,88.70,94.96,56.25,93.00,14.21,36.50,119.19,20.25,5.00,16.00,-8.25,0.00,45.75,0.39
1070.165,3666.50,13.43,2.69,152.00,157.19,18.75,83.45,88.70,94.96,56.25,93.00,14.21,36.50,119.19,20.25,5.00,16.00,-8.25,0.00,45.75,0.39
1070.405,3666.50,13.42,2.69,152.00,157.19,18.75,83.45,88.70,94.96,56.25,93.00,14.21,36.50,119.19,20.25,5.00,16.00,-8.25,0.00,45.75,0.39
1070.645,3666.50,13.42,1.35,152.00,157.19,18.75,83.45,88.70,94.96,56.25,93.00,14.21,36.50,119.19,20.25,5.00,16.00,-8.25,0.00,45.75,0.39
1070.885,3666.50,13.42,1.35,228.00,157.19,18.75,83.45,88.70,94.96,56.25,93.00,14.21,36.50,119.19,20.25,5.00,16.00,-8.25,0.00,45.75,0.39
1071.125,3666.50,13.42,1.35,228.00,225.59,18.75,83.45,88.70,94.96,56.25,93.00,14.21,36.50,119.19,20.25,5.00,16.00,-8.25,0.00,45.75,0.39
1071.367,3666.50,13.42,1.35,228.00,225.59,51.75,83.45,88.70,94.96,56.25,93.00,14.21,36.50,119.19,20.25,5.00,16.00,-8.25,0.00,45.75,0.39
1071.605,3666.50,13.42,1.35,228.00,225.59,51.75,79.75,88.70,94.96,56.25,93.00,14.21,36.50,119.19,20.25,5.00,16.00,-8.25,0.00,45.75,0.39
1071.845,3666.50,13.42,1.35,228.00,225.59,51.75,79.75,179.20,94.96,56.25,93.00,14.21,36.50,119.19,20.25,5.00,16.00,-8.25,0.00,45.75,0.39
1072.085,3666.50,13.42,1.35,228.00,225.59,51.75,79.75,179.20,93.76,56.25,93.00,14.21,36.50,119.19,20.25,5.00,16.00,-8.25,0.00,45.75,0.39
1072.325,3666.50,13.42,1.35,228.00,225.59,51.75,79.75,179.20,93.76,57.00,93.00,14.21,36.50,119.19,20.25,5.00,16.00,-8.25,0.00,45.75,0.39
1072.567,3666.50,13.42,1.35,228.00,225.59,51.75,79.75,179.20,93.76,57.00,94.00,14.21,36.50,119.19,20.25,5.00,16.00,-8.25,0.00,45.75,0.39
1072.805,3666.50,13.42,1.35,228.00,225.59,51.75,79.75,179.20,93.76,57.00,94.00,14.21,36.50,119.19,20.25,5.00,16.00,-8.25,0.00,45.75,0.39
1073.045,3666.50,13.42,1.35,228.00,225.59,51.75,79.75,179.20,93.76,57.00,94.00,14.21,36.50,119.19,20.25,5.00,16.00,-8.25,0.00,45.75,0.39
1073.286,3666.50,13.42,1.35,228.00,225.59,51.75,79.75,179.20,93.76,57.00,94.00,14.21,36.50,116.79,20.25,5.00,16.00,-8.25,0.00,45.75,0.39
1073.525,3666.50,13.42,1.35,228.00,225.59,51.75,79.75,179.20,93.76,57.00,94.00,14.21,36.50,116.79,27.46,5.00,16.00,-8.25,0.00,45.75,0.39
1073.765,3666.50,13.42,1.35,228.00,225.59,51.75,79.75,179.20,93.76,57.00,94.00,14.21,36.50,116.79,27.46,5.00,16.00,-8.25,0.00,45.75,0.39
1074.005,3666.50,13.42,1.35,228.00,225.59,51.75,79.75,179.20,93.76,57.00,94.00,14.21,36.50,116.79,27.46,5.00,0.99,-8.25,0.00,45.75,0.39
1074.245,3666.50,13.42,1.35,228.00,225.59,51.75,79.75,179.20,93.76,57.00,94.00,14.21,36.50,116.79,27.46,5.00,0.99,16.50,0.00,45.75,0.39
1074.485,3666.50,13.42,1.35,228.00,225.59,51.75,79.75,179.20,93.76,57.00,94.00,14.21,36.50,116.79,27.46,5.00,0.99,16.50,0.00,45.75,0.39
1074.725,3666.50,13.42,1.35,228.00,225.59,51.75,79.75,179.20,93.76,57.00,94.00,14.21,36.50,116.79,27.46,5.00,0.99,16.50,0.00,45.75,0.39
1074.967,3666.50,13.42,1.35,228.00,225.59,51.75,79.75,179.20,93.76,57.00,94.00,14.21,36.50,116.79,27.46,5.00,0.99,16.50,0.00,45.75,9.77
1075.205,4079.00,13.42,1.35,228.00,225.59,51.75,79.75,179.20,93.76,57.00,94.00,14.21,36.50,116.79,27.46,5.00,0.99,16.50,0.00,45.75,9.77
1075.445,4079.00,14.05,1.35,228.00,225.59,51.75,79.75,179.20,93.76,57.00,94.00,14.21,36.50,116.79,27.46,5.00,0.99,16.50,0.00,45.75,9.77
1075.685,4079.00,14.05,5.33,228.00,225.59,51.75,79.75,179.20,93.76,57.00,94.00,14.21,36.50,116.79,27.46,5.00,0.99,16.50,0.00,45.75,9.77
1075.925,4079.00,14.05,5.33,332.00,225.59,51.75,79.75,179.20,93.76,57.00,94.00,14.21,36.50,116.79,27.46,5.00,0.99,16.50,0.00,45.75,9.77
1076.167,4079.00,14.05,5.33,332.00,266.03,51.75,79.75,179.20,93.76,57.00,94.00,14.21,36.50,116.79,27.46,5.00,0.99,16.50,0.00,45.75,9.77
1076.405,4079.00,14.05,5.33,332.00,266.03,72.00,79.75,179.20,93.76,57.00,94.00,14.21,36.50,116.79,27.46,5.00,0.99,16.50,0.00,45.75,9.77
1076.645,4079.00,14.05,5.33,332.00,266.03,72.00,83.85,179.20,93.76,57.00,94.00,14.21,36.50,116.79,27.46,5.00,0.99,16.50,0.00,45.75,9.77
1076.886,4079.00,14.05,5.33,332.00,266.03,72.00,83.85,171.80,93.76,57.00,94.00,14.21,36.50,116.79,27.46,5.00,0.99,16.50,0.00,45.75,9.77
1077.126,4079.00,14.05,5.33,332.00,266.03,72.00,83.85,171.80,91.96,57.00,94.00,14.21,36.50,116.79,27.46,5.00,0.99,16.50,0.00,45.75,9.77
1077.367,4079.00,14.05,5.33,332.00,266.03,72.00,83.85,171.80,91.96,61.50,94.00,14.21,36.50,116.79,27.46,5.00,0.99,16.50,0.00,45.75,9.77
1077.605,4079.00,14.05,5.33,332.00,266.03,72.00,83.85,171.80,91.96,61.50,94.00,14.21,36.50,116.79,27.46,5.00,0.99,16.50,0.00,45.75,9.77
1077.845,4079.00,14.05,5.33,332.00,266.03,72.00,83.85,171.80,91.96,61.50,94.00,14.21,36.50,116.79,27.46,5.00,0.99,16.50,0.00,45.75,9.77
1078.086,4079.00,14.05,5.33,332.00,266.03,72.00,83.85,171.80,91.96,61.50,94.00,14.21,36.50,116.79,27.46,5.00,0.99,16.50,0.00,45.75,9.77
1078.325,4079.00,14.05,5.33,332.00,266.03,72.00,83.85,171.80,91.96,61.50,94.00,14.21,36.50,126.46,27.46,5.00,0.99,16.50,0.00,45.75,9.77
1078.567,4079.00,14.05,5.33,332.00,266.03,72.00,83.85,171.80,91.96,61.50,94.00,14.21,36.50,126.46,16.24,5.00,0.99,16.50,0.00,45.75,9.77
1078.805,4079.00,14.05,5.33,332.00,266.03,72.00,83.85,171.80,91.96,61.50,94.00,14.21,36.50,126.46,16.24,6.00,0.99,16.50,0.00,45.75,9.77
1079.046,4079.00,14.05,5.33,332.00,266.03,72.00,83.85,171.80,91.96,61.50,94.00,14.21,36.50,126.46,16.24,6.00,1.02,16.50,0.00,45.75,9.77
1079.286,4079.00,14.05,5.33,332.00,266.03,72.00,83.85,171.80,91.96,61.50,94.00,14.21,36.50,126.46,16.24,6.00,1.02,29.25,0.00,45.75,9.77
1079.525,4079.00,14.05,5.33,332.00,266.03,72.00,83.85,171.80,91.96,61.50,94.00,14.21,36.50,126.46,16.24,6.00,1.02,29.25,0.00,45.75,9.77
1079.765,4079.00,14.05,5.33,332.00,266.03,72.00,83.85,171.80,91.96,61.50,94.00,14.21,36.50,126.46,16.24,6.00,1.02,29.25,0.00,46.50,9.77
1080.005,4079.00,14.05,5.33,332.00,266.03,72.00,83.85,171.80,91.96,61.50,94.00,14.21,36.50,126.46,16.24,6.00,1.02,29.25,0.00,46.50,0.00
1080.245,2111.50,14.05,5.33,332.00,266.03,72.00,83.85,171.80,91.96,61.50,94.00,14.21,36.50,126.46,16.24,6.00,1.02,29.25,0.00,46.50,0.00
1080.486,2111.50,13.51,5.33,332.00,266.03,72.00,83.85,171.80,91.96,61.50,94.00,14.21,36.50,126.46,16.24,6.00,1.02,29.25,0.00,46.50,0.00
1080.725,2111.50,13.51,0.74,332.00,266.03,72.00,83.85,171.80,91.96,61.50,94.00,14.21,36.50,126.46,16.24,6.00,1.02,29.25,0.00,46.50,0.00
1080.967,2111.50,13.51,0.74,60.00,266.03,72.00,83.85,171.80,91.96,61.50,94.00,14.21,36.50,126.46,16.24,6.00,1.02,29.25,0.00,46.50,0.00
1081.205,2111.50,13.51,0.74,60.00,61.97,72.00,83.85,171.80,91.96,61.50,94.00,14.21,36.50,126.46,16.24,6.00,1.02,29.25,0.00,46.50,0.00
1081.445,2111.50,13.51,0.74,60.00,61.97,29.25,83.85,171.80,91.96,61.50,94.00,14.21,36.50,126.46,16.24,6.00,1.02,29.25,0.00,46.50,0.00
1081.687,2111.50,13.51,0.74,60.00,61.97,29.25,83.05,171.80,91.96,61.50,94.00,14.21,36.50,126.46,16.24,6.00,1.02,29.25,0.00,46.50,0.00
1081.925,2111.50,13.51,0.74,60.00,61.97,29.25,83.05,74.20,91.96,61.50,94.00,14.21,36.50,126.46,16.24,6.00,1.02,29.25,0.00,46.50,0.00
1082.167,2111.50,13.51,0.74,60.00,61.97,29.25,83.05,74.20,92.66,61.50,94.00,14.21,36.50,126.46,16.24,6.00,1.02,29.25,0.00,46.50,0.00
1082.405,2111.50,13.51,0.74,60.00,61.97,29.25,83.05,74.20,92.66,62.25,94.00,14.21,36.50,126.46,16.24,6.00,1.02,29.25,0.00,46.50,0.00
1082.645,2111.50,13.51,0.74,60.00,61.97,29.25,83.05,74.20,92.66,62.25,93.00,14.21,36.50,126.46,16.24,6.00,1.02,29.25,0.00,46.50,0.00
1082.887,2111.50,13.51,0.74,60.00,61.97,29.25,83.05,74.20,92.66,62.25,93.00,14.21,36.50,126.46,16.24,6.00,1.02,29.25,0.00,46.50,0.00
1083.125,2111.50,13.51,0.74,60.00,61.97,29.25,83.05,74.20,92.66,62.25,93.00,14.21,36.50,126.46,16.24,6.00,1.02,29.25,0.00,46.50,0.00
1083.367,2111.50,13.51,0.74,60.00,61.97,29.25,83.05,74.20,92.66,62.25,93.00,14.21,36.50,126.60,16.24,6.00,1.02,29.25,0.00,46.50,0.00
1083.605,2111.50,13.51,0.74,60.00,61.97,29.25,83.05,74.20,92.66,62.25,93.00,14.21,36.50,126.60,16.54,6.00,1.02,29.25,0.00,46.50,0.00
1083.845,2111.50,13.51,0.74,60.00,61.97,29.25,83.05,74.20,92.66,62.25,93.00,14.21,36.50,126.60,16.54,6.00,1.02,29.25,0.00,46.50,0.00
1084.086,2111.50,13.51,0.74,60.00,61.97,29.25,83.05,74.20,92.66,62.25,93.00,14.21,36.50,126.60,16.54,6.00,0.99,29.25,0.00,46.50,0.00
1084.325,2111.50,13.51,0.74,60.00,61.97,29.25,83.05,74.20,92.66,62.25,93.00,14.21,36.50,126.60,16.54,6.00,0.99,24.75,0.00,46.50,0.00
1084.567,2111.50,13.51,0.74,60.00,61.97,29.25,83.05,74.20,92.66,62.25,93.00,14.21,36.50,126.60,16.54,6.00,0.99,24.75,0.00,46.50,0.00
1084.805,2111.50,13.51,0.74,60.00,61.97,29.25,83.05,74.20,92.66,62.25,93.00,14.21,36.50,126.60,16.54,6.00,0.99,24.75,0.00,46.50,0.00
1085.045,2111.50,13.51,0.74,60.00,61.97,29.25,83.05,74.20,92.66,62.25,93.00,14.21,36.50,126.60,16.54,6.00,0.99,24.75,0.00,46.50,0.00
1085.287,2034.50,13.51,0.74,60.00,61.97,29.25,83.05,74.20,92.66,62.25,93.00,14.21,36.50,126.60,16.54,6.00,0.99,24.75,0.00,46.50,0.00
1085.525,2034.50,13.49,0.74,60.00,61.97,29.25,83.05,74.20,92.66,62.25,93.00,14.21,36.50,126.60,16.54,6.00,0.99,24.75,0.00,46.50,0.00
1085.767,2034.50,13.49,0.76,60.00,61.97,29.25,83.05,74.20,92.66,62.25,93.00,14.21,36.50,126.60,16.54,6.00,0.99,24.75,0.00,46.50,0.00
1086.005,2034.50,13.49,0.76,68.00,61.97,29.25,83.05,74.20,92.66,62.25,93.00,14.21,36.50,126.60,16.54,6.00,0.99,24.75,0.00,46.50,0.00
1086.245,2034.50,13.49,0.76,68.00,64.72,29.25,83.05,74.20,92.66,62.25,93.00,14.21,36.50,126.60,16.54,6.00,0.99,24.75,0.00,46.50,0.00
1086.487,2034.50,13.49,0.76,68.00,64.72,27.75,83.05,74.20,92.66,62.25,93.00,14.21,36.50,126.60,16.54,6.00,0.99,24.75,0.00,46.50,0.00
1086.725,2034.50,13.49,0.76,68.00,64.72,27.75,78.46,74.20,92.66,62.25,93.00,14.21,36.50,126.60,16.54,6.00,0.99,24.75,0.00,46.50,0.00
1086.967,2034.50,13.49,0.76,68.00,64.72,27.75,78.46,63.20,92.66,62.25,93.00,14.21,36.50,126.60,16.54,6.00,0.99,24.75,0.00,46.50,0.00
1087.205,2034.50,13.49,0.76,68.00,64.72,27.75,78.46,63.20,93.16,62.25,93.00,14.21,36.50,126.60,16.54,6.00,0.99,24.75,0.00,46.50,0.00
1087.446,2034.50,13.49,0.76,68.00,64.72,27.75,78.46,63.20,93.16,60.00,93.00,14.21,36.50,126.60,16.54,6.00,0.99,24.75,0.00,46.50,0.00
1087.687,2034.50,13.49,0.76,68.00,64.72,27.75,78.46,63.20,93.16,60.00,93.00,14.21,36.50,126.60,16.54,6.00,0.99,24.75,0.00,46.50,0.00
1087.925,2034.50,13.49,0.76,68.00,64.72,27.75,78.46,63.20,93.16,60.00,93.00,14.21,36.50,126.60,16.54,6.00,0.99,24.75,0.00,46.50,0.00
1088.167,2034.50,13.49,0.76,68.00,64.72,27.75,78.46,63.20,93.16,60.00,93.00,14.21,36.50,126.60,16.54,6.00,0.99,24.75,0.00,46.50,0.00
1088.405,2034.50,13.49,0.76,68.00,64.72,27.75,78.46,63.20,93.16,60.00,93.00,14.21,36.50,127.40,16.54,6.00,0.99,24.75,0.00,46.50,0.00
1088.645,2034.50,13.49,0.76,68.00,64.72,27.75,78.46,63.20,93.16,60.00,93.00,14.21,36.50,127.40,15.23,6.00,0.99,24.75,0.00,46.50,0.00
1088.886,2034.50,13.49,0.76,68.00,64.72,27.75,78.46,63.20,93.16,60.00,93.00,14.21,36.50,127.40,15.23,6.00,0.99,24.75,0.00,46.50,0.00
1089.125,2034.50,13.49,0.76,68.00,64.72,27.75,78.46,63.20,93.16,60.00,93.00,14.21,36.50,127.40,15.23,6.00,1.00,24.75,0.00,46.50,0.00
1089.367,2034.50,13.49,0.76,68.00,64.72,27.75,78.46,63.20,93.16,60.00,93.00,14.21,36.50,127.40,15.23,6.00,1.00,25.50,0.00,46.50,0.00
1089.605,2034.50,13.49,0.76,68.00,64.72,27.75,78.46,63.20,93.16,60.00,93.00,14.21,36.50,127.40,15.23,6.00,1.00,25.50,0.00,46.50,0.00
1089.845,2034.50,13.49,0.76,68.00,64.72,27.75,78.46,63.20,93.16,60.00,93.00,14.21,36.50,127.40,15.23,6.00,1.00,25.50,0.00,46.50,0.00
1090.088,2034.50,13.49,0.76,68.00,64.72,27.75,78.46,63.20,93.16,60.00,93.00,14.21,36.50,127.40,15.23,6.00,1.00,25.50,0.00,46.50,0.39
1090.325,2038.50,13.49,0.76,68.00,64.72,27.75,78.46,63.20,93.16,60.00,93.00,14.21,36.50,127.40,15.23,6.00,1.00,25.50,0.00,46.50,0.39
1090.565,2038.50,13.46,0.76,68.00,64.72,27.75,78.46,63.20,93.16,60.00,93.00,14.21,36.50,127.40,15.23,6.00,1.00,25.50,0.00,46.50,0.39
1090.805,2038.50,13.46,0.52,68.00,64.72,27.75,78.46,63.20,93.16,60.00,93.00,14.21,36.50,127.40,15.23,6.00,1.00,25.50,0.00,46.50,0.39
1091.045,2038.50,13.46,0.52,56.00,64.72,27.75,78.46,63.20,93.16,60.00,93.00,14.21,36.50,127.40,15.23,6.00,1.00,25.50,0.00,46.50,0.39
1091.287,2038.50,13.46,0.52,56.00,56.62,27.75,78.46,63.20,93.16,60.00,93.00,14.21,36.50,127.40,15.23,6.00,1.00,25.50,0.00,46.50,0.39
1091.525,2038.50,13.46,0.52,56.00,56.62,24.00,78.46,63.20,93.16,60.00,93.00,14.21,36.50,127.40,15.23,6.00,1.00,25.50,0.00,46.50,0.39
1091.765,2038.50,13.46,0.52,56.00,56.62,24.00,75.25,63.20,93.16,60.00,93.00,14.21,36.50,127.40,15.23,6.00,1.00,25.50,0.00,46.50,0.39
1092.005,2038.50,13.46,0.52,56.00,56.62,24.00,75.25,57.70,93.16,60.00,93.00,14.21,36.50,127.40,15.23,6.00,1.00,25.50,0.00,46.50,0.39
1092.245,2038.50,13.46,0.52,56.00,56.62,24.00,75.25,57.70,93.06,60.00,93.00,14.21,36.50,127.40,15.23,6.00,1.00,25.50,0.00,46.50,0.39
1092.487,2038.50,13.46,0.52,56.00,56.62,24.00,75.25,57.70,93.06,55.50,93.00,14.21,36.50,127.40,15.23,6.00,1.00,25.50,0.00,46.50,0.39
1092.725,2038.50,13.46,0.52,56.00,56.62,24.00,75.25,57.70,93.06,55.50,93.00,14.21,36.50,127.40,15.23,6.00,1.00,25.50,0.00,46.50,0.39
1092.967,2038.50,13.46,0.52,56.00,56.62,24.00,75.25,57.70,93.06,55.50,93.00,14.22,36.50,127.40,15.23,6.00,1.00,25.50,0.00,46.50,0.39
1093.205,2038.50,13.46,0.52,56.00,56.62,24.00,75.25,57.70,93.06,55.50,93.00,14.22,36.50,127.40,15.23,6.00,1.00,25.50,0.00,46.50,0.39
1093.445,2038.50,13.46,0.52,56.00,56.62,24.00,75.25,57.70,93.06,55.50,93.00,14.22,36.50,127.53,15.23,6.00,1.00,25.50,0.00,46.50,0.39
1093.688,2038.50,13.46,0.52,56.00,56.62,24.00,75.25,57.70,93.06,55.50,93.00,14.22,36.50,127.53,15.32,6.00,1.00,25.50,0.00,46.50,0.39
1093.925,2038.50,13.46,0.52,56.00,56.62,24.00,75.25,57.70,93.06,55.50,93.00,14.22,36.50,127.53,15.32,6.00,1.00,25.50,0.00,46.50,0.39
1094.165,2038.50,13.46,0.52,56.00,56.62,24.00,75.25,57.70,93.06,55.50,93.00,14.22,36.50,127.53,15.32,6.00,0.99,25.50,0.00,46.50,0.39
1094.405,2038.50,13.46,0.52,56.00,56.62,24.00,75.25,57.70,93.06,55.50,93.00,14.22,36.50,127.53,15.32,6.00,0.99,24.75,0.00,46.50,0.39
1094.646,2038.50,13.46,0.52,56.00,56.62,24.00,75.25,57.70,93.06,55.50,93.00,14.22,36.50,127.53,15.32,6.00,0.99,24.75,0.00,46.50,0.39
1094.887,2038.50,13.46,0.52,56.00,56.62,24.00,75.25,57.70,93.06,55.50,93.00,14.22,36.50,127.53,15.32,6.00,0.99,24.75,0.00,46.50,0.39
1095.125,2038.50,13.46,0.52,56.00,56.62,24.00,75.25,57.70,93.06,55.50,93.00,14.22,36.50,127.53,15.32,6.00,0.99,24.75,0.00,46.50,0.39
1095.366,2038.00,13.46,0.52,56.00,56.62,24.00,75.25,57.70,93.06,55.50,93.00,14.22,36.50,127.53,15.32,6.00,0.99,24.75,0.00,46.50,0.39
1095.605,2038.00,13.49,0.52,56.00,56.62,24.00,75.25,57.70,93.06,55.50,93.00,14.22,36.50,127.53,15.32,6.00,0.99,24.75,0.00,46.50,0.39
1095.845,2038.00,13.49,0.50,56.00,56.62,24.00,75.25,57.70,93.06,55.50,93.00,14.22,36.50,127.53,15.32,6.00,0.99,24.75,0.00,46.50,0.39
1096.086,2038.00,13.49,0.50,56.00,56.62,24.00,75.25,57.70,93.06,55.50,93.00,14.22,36.50,127.53,15.32,6.00,0.99,24.75,0.00,46.50,0.39
1096.325,2038.00,13.49,0.50,56.00,54.91,24.00,75.25,57.70,93.06,55.50,93.00,14.22,36.50,127.53,15.32,6.00,0.99,24.75,0.00,46.50,0.39
1096.567,2038.00,13.49,0.50,56.00,54.91,24.00,75.25,57.70,93.06,55.50,93.00,14.22,36.50,127.53,15.32,6.00,0.99,24.75,0.00,46.50,0.39
1096.806,2038.00,13.49,0.50,56.00,54.91,24.00,73.05,57.70,93.06,55.50,93.00,14.22,36.50,127.53,15.32,6.00,0.99,24.75,0.00,46.50,0.39
1097.045,2038.00,13.49,0.50,56.00,54.91,24.00,73.05,58.70,93.06,55.50,93.00,14.22,36.50,127.53,15.32,6.00,0.99,24.75,0.00,46.50,0.39
1097.288,2038.00,13.49,0.50,56.00,54.91,24.00,73.05,58.70,92.36,55.50,93.00,14.22,36.50,127.53,15.32,6.00,0.99,24.75,0.00,46.50,0.39
1097.525,2038.00,13.49,0.50,56.00,54.91,24.00,73.05,58.70,92.36,52.50,93.00,14.22,36.50,127.53,15.32,6.00,0.99,24.75,0.00,46.50,0.39
1097.767,2038.00,13.49,0.50,56.00,54.91,24.00,73.05,58.70,92.36,52.50,93.00,14.22,36.50,127.53,15.32,6.00,0.99,24.75,0.00,46.50,0.39
1098.005,2038.00,13.49,0.50,56.00,54.91,24.00,73.05,58.70,92.36,52.50,93.00,14.22,36.50,127.53,15.32,6.00,0.99,24.75,0.00,46.50,0.39
1098.245,2038.00,13.49,0.50,56.00,54.91,24.00,73.05,58.70,92.36,52.50,93.00,14.22,36.00,127.53,15.32,6.00,0.99,24.75,0.00,46.50,0.39
1098.487,2038.00,13.49,0.50,56.00,54.91,24.00,73.05,58.70,92.36,52.50,93.00,14.22,36.00,127.09,15.32,6.00,0.99,24.75,0.00,46.50,0.39
1098.726,2038.00,13.49,0.50,56.00,54.91,24.00,73.05,58.70,92.36,52.50,93.00,14.22,36.00,127.09,16.23,6.00,0.99,24.75,0.00,46.50,0.39
1098.966,2038.00,13.49,0.50,56.00,54.91,24.00,73.05,58.70,92.36,52.50,93.00,14.22,36.00,127.09,16.23,6.00,0.99,24.75,0.00,46.50,0.39
1099.205,2038.00,13.49,0.50,56.00,54.91,24.00,73.05,58.70,92.36,52.50,93.00,14.22,36.00,127.09,16.23,6.00,0.98,24.75,0.00,46.50,0.39
1099.445,2038.00,13.49,0.50,56.00,54.91,24.00,73.05,58.70,92.36,52.50,93.00,14.22,36.00,127.09,16.23,6.00,0.98,25.50,0.00,46.50,0.39
1099.688,2038.00,13.49,0.50,56.00,54.91,24.00,73.05,58.70,92.36,52.50,93.00,14.22,36.00,127.09,16.23,6.00,0.98,25.50,0.00,46.50,0.39
1099.925,2038.00,13.49,0.50,56.00,54.91,24.00,73.05,58.70,92.36,52.50,93.00,14.22,36.00,127.09,16.23,6.00,0.98,25.50,0.00,46.50,0.39
1100.167,2038.00,13.49,0.50,56.00,54.91,24.00,73.05,58.70,92.36,52.50,93.00,14.22,36.00,127.09,16.23,6.00,0.98,25.50,0.00,46.50,0.39
1100.405,2029.00,13.49,0.50,56.00,54.91,24.00,73.05,58.70,92.36,52.50,93.00,14.22,36.00,127.09,16.23,6.00,0.98,25.50,0.00,46.50,0.39
1100.645,2029.00,13.51,0.50,56.00,54.91,24.00,73.05,58.70,92.36,52.50,93.00,14.22,36.00,127.09,16.23,6.00,0.98,25.50,0.00,46.50,0.39
1100.888,2029.00,13.51,0.63,56.00,54.91,24.00,73.05,58.70,92.36,52.50,93.00,14.22,36.00,127.09,16.23,6.00,0.98,25.50,0.00,46.50,0.39
1101.125,2029.00,13.51,0.63,68.00,54.91,24.00,73.05,58.70,92.36,52.50,93.00,14.22,36.00,127.09,16.23,6.00,0.98,25.50,0.00,46.50,0.39
1101.366,2029.00,13.51,0.63,68.00,66.31,24.00,73.05,58.70,92.36,52.50,93.00,14.22,36.00,127.09,16.23,6.00,0.98,25.50,0.00,46.50,0.39
1101.605,2029.00,13.51,0.63,68.00,66.31,29.25,73.05,58.70,92.36,52.50,93.00,14.22,36.00,127.09,16.23,6.00,0.98,25.50,0.00,46.50,0.39
1101.845,2029.00,13.51,0.63,68.00,66.31,29.25,71.36,58.70,92.36,52.50,93.00,14.22,36.00,127.09,16.23,6.00,0.98,25.50,0.00,46.50,0.39
1102.087,2029.00,13.51,0.63,68.00,66.31,29.25,71.36,95.00,92.36,52.50,93.00,14.22,36.00,127.09,16.23,6.00,0.98,25.50,0.00,46.50,0.39
1102.325,2029.00,13.51,0.63,68.00,66.31,29.25,71.36,95.00,91.56,52.50,93.00,14.22,36.00,127.09,16.23,6.00,0.98,25.50,0.00,46.50,0.39
1102.565,2029.00,13.51,0.63,68.00,66.31,29.25,71.36,95.00,91.56,51.00,93.00,14.22,36.00,127.09,16.23,6.00,0.98,25.50,0.00,46.50,0.39
1102.805,2029.00,13.51,0.63,68.00,66.31,29.25,71.36,95.00,91.56,51.00,93.00,14.22,36.00,127.09,16.23,6.00,0.98,25.50,0.00,46.50,0.39
1103.045,2029.00,13.51,0.63,68.00,66.31,29.25,71.36,95.00,91.56,51.00,93.00,14.22,36.00,127.09,16.23,6.00,0.98,25.50,0.00,46.50,0.39
1103.288,2029.00,13.51,0.63,68.00,66.31,29.25,71.36,95.00,91.56,51.00,93.00,14.22,36.00,127.09,16.23,6.00,0.98,25.50,0.00,46.50,0.39
1103.525,2029.00,13.51,0.63,68.00,66.31,29.25,71.36,95.00,91.56,51.00,93.00,14.22,36.00,127.26,16.23,6.00,0.98,25.50,0.00,46.50,0.39
1103.765,2029.00,13.51,0.63,68.00,66.31,29.25,71.36,95.00,91.56,51.00,93.00,14.22,36.00,127.26,98.05,6.00,0.98,25.50,0.00,46.50,0.39
1104.005,2029.00,13.51,0.63,68.00,66.31,29.25,71.36,95.00,91.56,51.00,93.00,14.22,36.00,127.26,98.05,6.00,0.98,25.50,0.00,46.50,0.39
1104.246,2029.00,13.51,0.63,68.00,66.31,29.25,71.36,95.00,91.56,51.00,93.00,14.22,36.00,127.26,98.05,6.00,1.00,25.50,0.00,46.50,0.39
1104.488,2029.00,13.51,0.63,68.00,66.31,29.25,71.36,95.00,91.56,51.00,93.00,14.22,36.00,127.26,98.05,6.00,1.00,1.50,0.00,46.50,0.39
1104.725,2029.00,13.51,0.63,68.00,66.31,29.25,71.36,95.00,91.56,51.00,93.00,14.22,36.00,127.26,98.05,6.00,1.00,1.50,0.00,46.50,0.39
1104.967,2029.00,13.51,0.63,68.00,66.31,29.25,71.36,95.00,91.56,51.00,93.00,14.22,36.00,127.26,98.05,6.00,1.00,1.50,0.00,45.75,0.39
1105.205,2029.00,13.51,0.63,68.00,66.31,29.25,71.36,95.00,91.56,51.00,93.00,14.22,36.00,127.26,98.05,6.00,1.00,1.50,0.00,45.75,8.20
1105.445,2865.00,13.51,0.63,68.00,66.31,29.25,71.36,95.00,91.56,51.00,93.00,14.22,36.00,127.26,98.05,6.00,1.00,1.50,0.00,45.75,8.20
1105.688,2865.00,29.86,0.63,68.00,66.31,29.25,71.36,95.00,91.56,51.00,93.00,14.22,36.00,127.26,98.05,6.00,1.00,1.50,0.00,45.75,8.20
1105.926,2865.00,29.86,15.86,68.00,66.31,29.25,71.36,95.00,91.56,51.00,93.00,14.22,36.00,127.26,98.05,6.00,1.00,1.50,0.00,45.75,8.20
1106.166,2865.00,29.86,15.86,588.00,66.31,29.25,71.36,95.00,91.56,51.00,93.00,14.22,36.00,127.26,98.05,6.00,1.00,1.50,0.00,45.75,8.20
1106.406,2865.00,29.86,15.86,588.00,724.44,29.25,71.36,95.00,91.56,51.00,93.00,14.22,36.00,127.26,98.05,6.00,1.00,1.50,0.00,45.75,8.20
1106.855,2865.00,29.86,15.86,588.00,724.44,174.00,71.36,95.00,91.56,51.00,93.00,14.22,36.00,127.26,98.05,6.00,1.00,1.50,0.00,45.75,8.20
1107.095,2865.00,29.86,15.86,588.00,724.44,174.00,94.54,95.00,91.56,51.00,93.00,14.22,36.00,127.26,98.05,6.00,1.00,1.50,0.00,45.75,8.20
1107.335,2865.00,29.86,15.86,588.00,724.44,174.00,94.54,618.00,91.56,51.00,93.00,14.22,36.00,127.26,98.05,6.00,1.00,1.50,0.00,45.75,8.20
1107.577,2865.00,29.86,15.86,588.00,724.44,174.00,94.54,618.00,91.36,51.00,93.00,14.22,36.00,127.26,98.05,6.00,1.00,1.50,0.00,45.75,8.20
1107.815,2865.00,29.86,15.86,588.00,724.44,174.00,94.54,618.00,91.36,50.25,93.00,14.22,36.00,127.26,98.05,6.00,1.00,1.50,0.00,45.75,8.20
1108.055,2865.00,29.86,15.86,588.00,724.44,174.00,94.54,618.00,91.36,50.25,93.00,14.22,36.00,127.26,98.05,6.00,1.00,1.50,0.00,45.75,8.20
1108.295,2865.00,29.86,15.86,588.00,724.44,174.00,94.54,618.00,91.36,50.25,93.00,14.23,36.00,127.26,98.05,6.00,1.00,1.50,0.00,45.75,8.20
1108.535,2865.00,29.86,15.86,588.00,724.44,174.00,94.54,618.00,91.36,50.25,93.00,14.23,36.00,127.26,98.05,6.00,1.00,1.50,0.00,45.75,8.20
1108.806,2865.00,29.86,15.86,588.00,724.44,174.00,94.54,618.00,91.36,50.25,93.00,14.23,36.00,155.10,98.05,6.00,1.00,1.50,0.00,45.75,8.20
1109.045,2865.00,29.86,15.86,588.00,724.44,174.00,94.54,618.00,91.36,50.25,93.00,14.23,36.00,155.10,10.92,6.00,1.00,1.50,0.00,45.75,8.20
1109.287,2865.00,29.86,15.86,588.00,724.44,174.00,94.54,618.00,91.36,50.25,93.00,14.23,36.00,155.10,10.92,6.00,1.00,1.50,0.00,45.75,8.20
1109.525,2865.00,29.86,15.86,588.00,724.44,174.00,94.54,618.00,91.36,50.25,93.00,14.23,36.00,155.10,10.92,6.00,0.93,1.50,0.00,45.75,8.20
1109.766,2865.00,29.86,15.86,588.00,724.44,174.00,94.54,618.00,91.36,50.25,93.00,14.23,36.00,155.10,10.92,6.00,0.93,-16.50,0.00,45.75,8.20
1110.006,2865.00,29.86,15.86,588.00,724.44,174.00,94.54,618.00,91.36,50.25,93.00,14.23,36.00,155.10,10.92,6.00,0.93,-16.50,0.00,45.75,8.20
1110.246,2865.00,29.86,15.86,588.00,724.44,174.00,94.54,618.00,91.36,50.25,93.00,14.23,36.00,155.10,10.92,6.00,0.93,-16.50,0.00,46.50,8.20
1110.488,2865.00,29.86,15.86,588.00,724.44,174.00,94.54,618.00,91.36,50.25,93.00,14.23,36.00,155.10,10.92,6.00,0.93,-16.50,0.00,46.50,0.00
1110.725,3078.50,29.86,15.86,588.00,724.44,174.00,94.54,618.00,91.36,50.25,93.00,14.23,36.00,155.10,10.92,6.00,0.93,-16.50,0.00,46.50,0.00
1110.967,3078.50,13.85,15.86,588.00,724.44,174.00,94.54,618.00,91.36,50.25,93.00,14.23,36.00,155.10,10.92,6.00,0.93,-16.50,0.00,46.50,0.00
1111.206,3078.50,13.85,1.14,588.00,724.44,174.00,94.54,618.00,91.36,50.25,93.00,14.23,36.00,155.10,10.92,6.00,0.93,-16.50,0.00,46.50,0.00
1111.445,3078.50,13.85,1.14,84.00,724.44,174.00,94.54,618.00,91.36,50.25,93.00,14.23,36.00,155.10,10.92,6.00,0.93,-16.50,0.00,46.50,0.00
1111.688,3078.50,13.85,1.14,84.00,85.34,174.00,94.54,618.00,91.36,50.25,93.00,14.23,36.00,155.10,10.92,6.00,0.93,-16.50,0.00,46.50,0.00
1111.925,3078.50,13.85,1.14,84.00,85.34,24.00,94.54,618.00,91.36,50.25,93.00,14.23,36.00,155.10,10.92,6.00,0.93,-16.50,0.00,46.50,0.00
1112.165,3078.50,13.85,1.14,84.00,85.34,24.00,109.65,618.00,91.36,50.25,93.00,14.23,36.00,155.10,10.92,6.00,0.93,-16.50,0.00,46.50,0.00
1112.405,3078.50,13.85,1.14,84.00,85.34,24.00,109.65,83.90,91.36,50.25,93.00,14.23,36.00,155.10,10.92,6.00,0.93,-16.50,0.00,46.50,0.00
1112.645,3078.50,13.85,1.14,84.00,85.34,24.00,109.65,83.90,95.26,50.25,93.00,14.23,36.00,155.10,10.92,6.00,0.93,-16.50,0.00,46.50,0.00
1112.888,3078.50,13.85,1.14,84.00,85.34,24.00,109.65,83.90,95.26,50.25,93.00,14.23,36.00,155.10,10.92,6.00,0.93,-16.50,0.00,46.50,0.00
1113.125,3078.50,13.85,1.14,84.00,85.34,24.00,109.65,83.90,95.26,50.25,93.00,14.23,36.00,155.10,10.92,6.00,0.93,-16.50,0.00,46.50,0.00
1113.367,3078.50,13.85,1.14,84.00,85.34,24.00,109.65,83.90,95.26,50.25,93.00,14.23,36.00,155.10,10.92,6.00,0.93,-16.50,0.00,46.50,0.00
1113.606,3078.50,13.85,1.14,84.00,85.34,24.00,109.65,83.90,95.26,50.25,93.00,14.23,36.00,155.10,10.92,6.00,0.93,-16.50,0.00,46.50,0.00
1113.846,3078.50,13.85,1.14,84.00,85.34,24.00,109.65,83.90,95.26,50.25,93.00,14.23,36.00,143.24,10.92,6.00,0.93,-16.50,0.00,46.50,0.00
1114.088,3078.50,13.85,1.14,84.00,85.34,24.00,109.65,83.90,95.26,50.25,93.00,14.23,36.00,143.24,12.09,6.00,0.93,-16.50,0.00,46.50,0.00
1114.325,3078.50,13.85,1.14,84.00,85.34,24.00,109.65,83.90,95.26,50.25,93.00,14.23,36.00,143.24,12.09,6.00,0.93,-16.50,0.00,46.50,0.00
1114.567,3078.50,13.85,1.14,84.00,85.34,24.00,109.65,83.90,95.26,50.25,93.00,14.23,36.00,143.24,12.09,6.00,16.00,-16.50,0.00,46.50,0.00
1114.805,3078.50,13.85,1.14,84.00,85.34,24.00,109.65,83.90,95.26,50.25,93.00,14.23,36.00,143.24,12.09,6.00,16.00,-15.75,0.00,46.50,0.00
1115.046,3078.50,13.85,1.14,84.00,85.34,24.00,109.65,83.90,95.26,50.25,93.00,14.23,36.00,143.24,12.09,6.00,16.00,-15.75,0.00,46.50,0.00
1115.288,3078.50,13.85,1.14,84.00,85.34,24.00,109.65,83.90,95.26,50.25,93.00,14.23,36.00,143.24,12.09,6.00,16.00,-15.75,0.00,46.50,0.00
1115.526,3078.50,13.85,1.14,84.00,85.34,24.00,109.65,83.90,95.26,50.25,93.00,14.23,36.00,143.24,12.09,6.00,16.00,-15.75,0.00,46.50,0.39
1115.767,2195.00,13.85,1.14,84.00,85.34,24.00,109.65,83.90,95.26,50.25,93.00,14.23,36.00,143.24,12.09,6.00,16.00,-15.75,0.00,46.50,0.39
1116.006,2195.00,13.48,1.14,84.00,85.34,24.00,109.65,83.90,95.26,50.25,93.00,14.23,36.00,143.24,12.09,6.00,16.00,-15.75,0.00,46.50,0.39
1116.246,2195.00,13.48,0.53,84.00,85.34,24.00,109.65,83.90,95.26,50.25,93.00,14.23,36.00,143.24,12.09,6.00,16.00,-15.75,0.00,46.50,0.39
1116.488,2195.00,13.48,0.53,40.00,85.34,24.00,109.65,83.90,95.26,50.25,93.00,14.23,36.00,143.24,12.09,6.00,16.00,-15.75,0.00,46.50,0.39
1116.726,2195.00,13.48,0.53,40.00,42.03,24.00,109.65,83.90,95.26,50.25,93.00,14.23,36.00,143.24,12.09,6.00,16.00,-15.75,0.00,46.50,0.39
1116.967,2195.00,13.48,0.53,40.00,42.03,16.50,109.65,83.90,95.26,50.25,93.00,14.23,36.00,143.24,12.09,6.00,16.00,-15.75,0.00,46.50,0.39
1117.205,2195.00,13.48,0.53,40.00,42.03,16.50,95.64,83.90,95.26,50.25,93.00,14.23,36.00,143.24,12.09,6.00,16.00,-15.75,0.00,46.50,0.39
1117.445,2195.00,13.48,0.53,40.00,42.03,16.50,95.64,40.20,95.26,50.25,93.00,14.23,36.00,143.24,12.09,6.00,16.00,-15.75,0.00,46.50,0.39
1117.687,2195.00,13.48,0.53,40.00,42.03,16.50,95.64,40.20,94.26,50.25,93.00,14.23,36.00,143.24,12.09,6.00,16.00,-15.75,0.00,46.50,0.39
1117.926,2195.00,13.48,0.53,40.00,42.03,16.50,95.64,40.20,94.26,50.25,93.00,14.23,36.00,143.24,12.09,6.00,16.00,-15.75,0.00,46.50,0.39
1118.166,2195.00,13.48,0.53,40.00,42.03,16.50,95.64,40.20,94.26,50.25,93.00,14.23,36.00,143.24,12.09,6.00,16.00,-15.75,0.00,46.50,0.39
1118.406,2195.00,13.48,0.53,40.00,42.03,16.50,95.64,40.20,94.26,50.25,93.00,14.23,36.00,143.24,12.09,6.00,16.00,-15.75,0.00,46.50,0.39
1118.646,2195.00,13.48,0.53,40.00,42.03,16.50,95.64,40.20,94.26,50.25,93.00,14.23,36.00,143.24,12.09,6.00,16.00,-15.75,0.00,46.50,0.39
1118.888,2195.00,13.48,0.53,40.00,42.03,16.50,95.64,40.20,94.26,50.25,93.00,14.23,36.00,131.81,12.09,6.00,16.00,-15.75,0.00,46.50,0.39
1119.126,2195.00,13.48,0.53,40.00,42.03,16.50,95.64,40.20,94.26,50.25,93.00,14.23,36.00,131.81,11.30,6.00,16.00,-15.75,0.00,46.50,0.39
1119.367,2195.00,13.48,0.53,40.00,42.03,16.50,95.64,40.20,94.26,50.25,93.00,14.23,36.00,131.81,11.30,6.00,16.00,-15.75,0.00,46.50,0.39
1119.605,2195.00,13.48,0.53,40.00,42.03,16.50,95.64,40.20,94.26,50.25,93.00,14.23,36.00,131.81,11.30,6.00,16.00,-15.75,0.00,46.50,0.39
1119.845,2195.00,13.48,0.53,40.00,42.03,16.50,95.64,40.20,94.26,50.25,93.00,14.23,36.00,131.81,11.30,6.00,16.00,-16.50,0.00,46.50,0.39
1120.088,2195.00,13.48,0.53,40.00,42.03,16.50,95.64,40.20,94.26,50.25,93.00,14.23,36.00,131.81,11.30,6.00,16.00,-16.50,0.00,46.50,0.39
1120.325,2195.00,13.48,0.53,40.00,42.03,16.50,95.64,40.20,94.26,50.25,93.00,14.23,36.00,131.81,11.30,6.00,16.00,-16.50,0.00,47.25,0.39
1120.567,2195.00,13.48,0.53,40.00,42.03,16.50,95.64,40.20,94.26,50.25,93.00,14.23,36.00,131.81,11.30,6.00,16.00,-16.50,0.00,47.25,0.78
1120.806,2043.50,13.48,0.53,40.00,42.03,16.50,95.64,40.20,94.26,50.25,93.00,14.23,36.00,131.81,11.30,6.00,16.00,-16.50,0.00,47.25,0.78
1121.046,2043.50,13.50,0.53,40.00,42.03,16.50,95.64,40.20,94.26,50.25,93.00,14.23,36.00,131.81,11.30,6.00,16.00,-16.50,0.00,47.25,0.78
1121.288,2043.50,13.50,0.34,40.00,42.03,16.50,95.64,40.20,94.26,50.25,93.00,14.23,36.00,131.81,11.30,6.00,16.00,-16.50,0.00,47.25,0.78
1121.526,2043.50,13.50,0.34,60.00,42.03,16.50,95.64,40.20,94.26,50.25,93.00,14.23,36.00,131.81,11.30,6.00,16.00,-16.50,0.00,47.25,0.78
1121.766,2043.50,13.50,0.34,60.00,77.62,16.50,95.64,40.20,94.26,50.25,93.00,14.23,36.00,131.81,11.30,6.00,16.00,-16.50,0.00,47.25,0.78
1122.006,2043.50,13.50,0.34,60.00,77.62,33.75,95.64,40.20,94.26,50.25,93.00,14.23,36.00,131.81,11.30,6.00,16.00,-16.50,0.00,47.25,0.78
1122.246,2043.50,13.50,0.34,60.00,77.62,33.75,87.65,40.20,94.26,50.25,93.00,14.23,36.00,131.81,11.30,6.00,16.00,-16.50,0.00,47.25,0.78
1122.488,2043.50,13.50,0.34,60.00,77.62,33.75,87.65,87.60,94.26,50.25,93.00,14.23,36.00,131.81,11.30,6.00,16.00,-16.50,0.00,47.25,0.78
1122.725,2043.50,13.50,0.34,60.00,77.62,33.75,87.65,87.60,90.56,50.25,93.00,14.23,36.00,131.81,11.30,6.00,16.00,-16.50,0.00,47.25,0.78
1122.967,2043.50,13.50,0.34,60.00,77.62,33.75,87.65,87.60,90.56,51.00,93.00,14.23,36.00,131.81,11.30,6.00,16.00,-16.50,0.00,47.25,0.78
1123.205,2043.50,13.50,0.34,60.00,77.62,33.75,87.65,87.60,90.56,51.00,93.00,14.23,36.00,131.81,11.30,6.00,16.00,-16.50,0.00,47.25,0.78
1123.445,2043.50,13.50,0.34,60.00,77.62,33.75,87.65,87.60,90.56,51.00,93.00,14.23,36.00,131.81,11.30,6.00,16.00,-16.50,0.00,47.25,0.78
1123.688,2043.50,13.50,0.34,60.00,77.62,33.75,87.65,87.60,90.56,51.00,93.00,14.23,36.00,131.81,11.30,6.00,16.00,-16.50,0.00,47.25,0.78
1123.925,2043.50,13.50,0.34,60.00,77.62,33.75,87.65,87.60,90.56,51.00,93.00,14.23,36.00,127.65,11.30,6.00,16.00,-16.50,0.00,47.25,0.78
1124.167,2043.50,13.50,0.34,60.00,77.62,33.75,87.65,87.60,90.56,51.00,93.00,14.23,36.00,127.65,15.87,6.00,16.00,-16.50,0.00,47.25,0.78
1124.405,2043.50,13.50,0.34,60.00,77.62,33.75,87.65,87.60,90.56,51.00,93.00,14.23,36.00,127.65,15.87,6.00,16.00,-16.50,0.00,47.25,0.78
1124.646,2043.50,13.50,0.34,60.00,77.62,33.75,87.65,87.60,90.56,51.00,93.00,14.23,36.00,127.65,15.87,6.00,0.98,-16.50,0.00,47.25,0.78
1124.888,2043.50,13.50,0.34,60.00,77.62,33.75,87.65,87.60,90.56,51.00,93.00,14.23,36.00,127.65,15.87,6.00,0.98,24.75,0.00,47.25,0.78
1125.125,2043.50,13.50,0.34,60.00,77.62,33.75,87.65,87.60,90.56,51.00,93.00,14.23,36.00,127.65,15.87,6.00,0.98,24.75,0.00,47.25,0.78
1125.367,2043.50,13.50,0.34,60.00,77.62,33.75,87.65,87.60,90.56,51.00,93.00,14.23,36.00,127.65,15.87,6.00,0.98,24.75,0.00,46.50,0.78
1125.605,2043.50,13.50,0.34,60.00,77.62,33.75,87.65,87.60,90.56,51.00,93.00,14.23,36.00,127.65,15.87,6.00,0.98,24.75,0.00,46.50,0.78
1125.845,2048.00,13.50,0.34,60.00,77.62,33.75,87.65,87.60,90.56,51.00,93.00,14.23,36.00,127.65,15.87,6.00,0.98,24.75,0.00,46.50,0.78
1126.088,2048.00,13.50,0.34,60.00,77.62,33.75,87.65,87.60,90.56,51.00,93.00,14.23,36.00,127.65,15.87,6.00,0.98,24.75,0.00,46.50,0.78
1126.326,2048.00,13.50,0.93,60.00,77.62,33.75,87.65,87.60,90.56,51.00,93.00,14.23,36.00,127.65,15.87,6.00,0.98,24.75,0.00,46.50,0.78
1126.567,2048.00,13.50,0.93,72.00,77.62,33.75,87.65,87.60,90.56,51.00,93.00,14.23,36.00,127.65,15.87,6.00,0.98,24.75,0.00,46.50,0.78
1126.806,2048.00,13.50,0.93,72.00,72.47,33.75,87.65,87.60,90.56,51.00,93.00,14.23,36.00,127.65,15.87,6.00,0.98,24.75,0.00,46.50,0.78
1127.045,2048.00,13.50,0.93,72.00,72.47,31.50,87.65,87.60,90.56,51.00,93.00,14.23,36.00,127.65,15.87,6.00,0.98,24.75,0.00,46.50,0.78
1127.288,2048.00,13.50,0.93,72.00,72.47,31.50,81.15,87.60,90.56,51.00,93.00,14.23,36.00,127.65,15.87,6.00,0.98,24.75,0.00,46.50,0.78
1127.525,2048.00,13.50,0.93,72.00,72.47,31.50,81.15,74.50,90.56,51.00,93.00,14.23,36.00,127.65,15.87,6.00,0.98,24.75,0.00,46.50,0.78
1127.767,2048.00,13.50,0.93,72.00,72.47,31.50,81.15,74.50,90.36,51.00,93.00,14.23,36.00,127.65,15.87,6.00,0.98,24.75,0.00,46.50,0.78
1128.006,2048.00,13.50,0.93,72.00,72.47,31.50,81.15,74.50,90.36,51.00,93.00,14.23,36.00,127.65,15.87,6.00,0.98,24.75,0.00,46.50,0.78
1128.245,2048.00,13.50,0.93,72.00,72.47,31.50,81.15,74.50,90.36,51.00,93.00,14.23,36.00,127.65,15.87,6.00,0.98,24.75,0.00,46.50,0.78
1128.488,2048.00,13.50,0.93,72.00,72.47,31.50,81.15,74.50,90.36,51.00,93.00,14.24,36.00,127.65,15.87,6.00,0.98,24.75,0.00,46.50,0.78
1128.726,2048.00,13.50,0.93,72.00,72.47,31.50,81.15,74.50,90.36,51.00,93.00,14.24,36.50,127.65,15.87,6.00,0.98,24.75,0.00,46.50,0.78
1128.967,2048.00,13.50,0.93,72.00,72.47,31.50,81.15,74.50,90.36,51.00,93.00,14.24,36.50,127.43,15.87,6.00,0.98,24.75,0.00,46.50,0.78
1129.206,2048.00,13.50,0.93,72.00,72.47,31.50,81.15,74.50,90.36,51.00,93.00,14.24,36.50,127.43,17.05,6.00,0.98,24.75,0.00,46.50,0.78
1129.445,2048.00,13.50,0.93,72.00,72.47,31.50,81.15,74.50,90.36,51.00,93.00,14.24,36.50,127.43,17.05,6.00,0.98,24.75,0.00,46.50,0.78
1129.688,2048.00,13.50,0.93,72.00,72.47,31.50,81.15,74.50,90.36,51.00,93.00,14.24,36.50,127.43,17.05,6.00,1.01,24.75,0.00,46.50,0.78
1129.925,2048.00,13.50,0.93,72.00,72.47,31.50,81.15,74.50,90.36,51.00,93.00,14.24,36.50,127.43,17.05,6.00,1.01,24.75,0.00,46.50,0.78
1130.167,2048.00,13.50,0.93,72.00,72.47,31.50,81.15,74.50,90.36,51.00,93.00,14.24,36.50,127.43,17.05,6.00,1.01,24.75,0.00,46.50,0.78
1130.405,2048.00,13.50,0.93,72.00,72.47,31.50,81.15,74.50,90.36,51.00,93.00,14.24,36.50,127.43,17.05,6.00,1.01,24.75,0.00,46.50,0.78
1130.645,2048.00,13.50,0.93,72.00,72.47,31.50,81.15,74.50,90.36,51.00,93.00,14.24,36.50,127.43,17.05,6.00,1.01,24.75,0.00,46.50,0.78
1130.888,2040.50,13.50,0.93,72.00,72.47,31.50,81.15,74.50,90.36,51.00,93.00,14.24,36.50,127.43,17.05,6.00,1.01,24.75,0.00,46.50,0.78
1131.126,2040.50,13.51,0.93,72.00,72.47,31.50,81.15,74.50,90.36,51.00,93.00,14.24,36.50,127.43,17.05,6.00,1.01,24.75,0.00,46.50,0.78
1131.367,2040.50,13.51,1.04,72.00,72.47,31.50,81.15,74.50,90.36,51.00,93.00,14.24,36.50,127.43,17.05,6.00,1.01,24.75,0.00,46.50,0.78
1131.606,2040.50,13.51,1.04,80.00,72.47,31.50,81.15,74.50,90.36,51.00,93.00,14.24,36.50,127.43,17.05,6.00,1.01,24.75,0.00,46.50,0.78
1131.846,2040.50,13.51,1.04,80.00,79.97,31.50,81.15,74.50,90.36,51.00,93.00,14.24,36.50,127.43,17.05,6.00,1.01,24.75,0.00,46.50,0.78
1132.088,2040.50,13.51,1.04,80.00,79.97,34.50,81.15,74.50,90.36,51.00,93.00,14.24,36.50,127.43,17.05,6.00,1.01,24.75,0.00,46.50,0.78
1132.326,2040.50,13.51,1.04,80.00,79.97,34.50,77.36,74.50,90.36,51.00,93.00,14.24,36.50,127.43,17.05,6.00,1.01,24.75,0.00,46.50,0.78
1132.566,2040.50,13.51,1.04,80.00,79.97,34.50,77.36,82.60,90.36,51.00,93.00,14.24,36.50,127.43,17.05,6.00,1.01,24.75,0.00,46.50,0.78
1132.806,2040.50,13.51,1.04,80.00,79.97,34.50,77.36,82.60,92.76,51.00,93.00,14.24,36.50,127.43,17.05,6.00,1.01,24.75,0.00,46.50,0.78
1133.046,2040.50,13.51,1.04,80.00,79.97,34.50,77.36,82.60,92.76,51.00,93.00,14.24,36.50,127.43,17.05,6.00,1.01,24.75,0.00,46.50,0.78
1133.288,2040.50,13.51,1.04,80.00,79.97,34.50,77.36,82.60,92.76,51.00,92.00,14.24,36.50,127.43,17.05,6.00,1.01,24.75,0.00,46.50,0.78
1133.526,2040.50,13.51,1.04,80.00,79.97,34.50,77.36,82.60,92.76,51.00,92.00,14.24,36.50,127.43,17.05,6.00,1.01,24.75,0.00,46.50,0.78
1133.766,2040.50,13.51,1.04,80.00,79.97,34.50,77.36,82.60,92.76,51.00,92.00,14.24,36.50,127.43,17.05,6.00,1.01,24.75,0.00,46.50,0.78
1134.006,2040.50,13.51,1.04,80.00,79.97,34.50,77.36,82.60,92.76,51.00,92.00,14.24,36.50,127.37,17.05,6.00,1.01,24.75,0.00,46.50,0.78
1134.246,2040.50,13.51,1.04,80.00,79.97,34.50,77.36,82.60,92.76,51.00,92.00,14.24,36.50,127.37,16.23,6.00,1.01,24.75,0.00,46.50,0.78
1134.488,2040.50,13.51,1.04,80.00,79.97,34.50,77.36,82.60,92.76,51.00,92.00,14.24,36.50,127.37,16.23,6.00,1.01,24.75,0.00,46.50,0.78
1134.726,2040.50,13.51,1.04,80.00,79.97,34.50,77.36,82.60,92.76,51.00,92.00,14.24,36.50,127.37,16.23,6.00,0.99,24.75,0.00,46.50,0.78
1134.966,2040.50,13.51,1.04,80.00,79.97,34.50,77.36,82.60,92.76,51.00,92.00,14.24,36.50,127.37,16.23,6.00,0.99,24.75,0.00,46.50,0.78
1135.206,2040.50,13.51,1.04,80.00,79.97,34.50,77.36,82.60,92.76,51.00,92.00,14.24,36.50,127.37,16.23,6.00,0.99,24.75,0.00,46.50,0.78
1135.446,2040.50,13.51,1.04,80.00,79.97,34.50,77.36,82.60,92.76,51.00,92.00,14.24,36.50,127.37,16.23,6.00,0.99,24.75,0.00,46.50,0.78
1135.688,2040.50,13.51,1.04,80.00,79.97,34.50,77.36,82.60,92.76,51.00,92.00,14.24,36.50,127.37,16.23,6.00,0.99,24.75,0.00,46.50,0.78
1135.926,2041.50,13.51,1.04,80.00,79.97,34.50,77.36,82.60,92.76,51.00,92.00,14.24,36.50,127.37,16.23,6.00,0.99,24.75,0.00,46.50,0.78
1136.167,2041.50,13.52,1.04,80.00,79.97,34.50,77.36,82.60,92.76,51.00,92.00,14.24,36.50,127.37,16.23,6.00,0.99,24.75,0.00,46.50,0.78
1136.406,2041.50,13.52,0.97,80.00,79.97,34.50,77.36,82.60,92.76,51.00,92.00,14.24,36.50,127.37,16.23,6.00,0.99,24.75,0.00,46.50,0.78
1136.645,2041.50,13.52,0.97,76.00,79.97,34.50,77.36,82.60,92.76,51.00,92.00,14.24,36.50,127.37,16.23,6.00,0.99,24.75,0.00,46.50,0.78
1136.888,2041.50,13.52,0.97,76.00,76.22,34.50,77.36,82.60,92.76,51.00,92.00,14.24,36.50,127.37,16.23,6.00,0.99,24.75,0.00,46.50,0.78
1137.125,2041.50,13.52,0.97,76.00,76.22,33.00,77.36,82.60,92.76,51.00,92.00,14.24,36.50,127.37,16.23,6.00,0.99,24.75,0.00,46.50,0.78
1137.367,2041.50,13.52,0.97,76.00,76.22,33.00,75.25,82.60,92.76,51.00,92.00,14.24,36.50,127.37,16.23,6.00,0.99,24.75,0.00,46.50,0.78
1137.606,2041.50,13.52,0.97,76.00,76.22,33.00,75.25,77.70,92.76,51.00,92.00,14.24,36.50,127.37,16.23,6.00,0.99,24.75,0.00,46.50,0.78
1137.846,2041.50,13.52,0.97,76.00,76.22,33.00,75.25,77.70,93.96,51.00,92.00,14.24,36.50,127.37,16.23,6.00,0.99,24.75,0.00,46.50,0.78
1138.087,2041.50,13.52,0.97,76.00,76.22,33.00,75.25,77.70,93.96,50.25,92.00,14.24,36.50,127.37,16.23,6.00,0.99,24.75,0.00,46.50,0.78
1138.326,2041.50,13.52,0.97,76.00,76.22,33.00,75.25,77.70,93.96,50.25,92.00,14.24,36.50,127.37,16.23,6.00,0.99,24.75,0.00,46.50,0.78
1138.567,2041.50,13.52,0.97,76.00,76.22,33.00,75.25,77.70,93.96,50.25,92.00,14.24,36.50,127.37,16.23,6.00,0.99,24.75,0.00,46.50,0.78
1138.806,2041.50,13.52,0.97,76.00,76.22,33.00,75.25,77.70,93.96,50.25,92.00,14.24,36.50,127.37,16.23,6.00,0.99,24.75,0.00,46.50,0.78
1139.046,2041.50,13.52,0.97,76.00,76.22,33.00,75.25,77.70,93.96,50.25,92.00,14.24,36.50,127.64,16.23,6.00,0.99,24.75,0.00,46.50,0.78
1139.287,2041.50,13.52,0.97,76.00,76.22,33.00,75.25,77.70,93.96,50.25,92.00,14.24,36.50,127.64,16.66,6.00,0.99,24.75,0.00,46.50,0.78
1139.526,2041.50,13.52,0.97,76.00,76.22,33.00,75.25,77.70,93.96,50.25,92.00,14.24,36.50,127.64,16.66,6.00,0.99,24.75,0.00,46.50,0.78
1139.768,2041.50,13.52,0.97,76.00,76.22,33.00,75.25,77.70,93.96,50.25,92.00,14.24,36.50,127.64,16.66,6.00,0.99,24.75,0.00,46.50,0.78
1140.006,2041.50,13.52,0.97,76.00,76.22,33.00,75.25,77.70,93.96,50.25,92.00,14.24,36.50,127.64,16.66,6.00,0.99,24.75,0.00,46.50,0.78
1140.246,2041.50,13.52,0.97,76.00,76.22,33.00,75.25,77.70,93.96,50.25,92.00,14.24,36.50,127.64,16.66,6.00,0.99,24.75,0.00,46.50,0.78
1140.487,2041.50,13.52,0.97,76.00,76.22,33.00,75.25,77.70,93.96,50.25,92.00,14.24,36.50,127.64,16.66,6.00,0.99,24.75,0.00,46.50,0.78
1140.726,2041.50,13.52,0.97,76.00,76.22,33.00,75.25,77.70,93.96,50.25,92.00,14.24,36.50,127.64,16.66,6.00,0.99,24.75,0.00,46.50,0.78
1140.968,2037.50,13.52,0.97,76.00,76.22,33.00,75.25,77.70,93.96,50.25,92.00,14.24,36.50,127.64,16.66,6.00,0.99,24.75,0.00,46.50,0.78
1141.205,2037.50,13.50,0.97,76.00,76.22,33.00,75.25,77.70,93.96,50.25,92.00,14.24,36.50,127.64,16.66,6.00,0.99,24.75,0.00,46.50,0.78
1141.446,2037.50,13.50,0.96,76.00,76.22,33.00,75.25,77.70,93.96,50.25,92.00,14.24,36.50,127.64,16.66,6.00,0.99,24.75,0.00,46.50,0.78
1141.687,2037.50,13.50,0.96,76.00,76.22,33.00,75.25,77.70,93.96,50.25,92.00,14.24,36.50,127.64,16.66,6.00,0.99,24.75,0.00,46.50,0.78
1141.925,2037.50,13.50,0.96,76.00,76.47,33.00,75.25,77.70,93.96,50.25,92.00,14.24,36.50,127.64,16.66,6.00,0.99,24.75,0.00,46.50,0.78
1142.168,2037.50,13.50,0.96,76.00,76.47,33.00,75.25,77.70,93.96,50.25,92.00,14.24,36.50,127.64,16.66,6.00,0.99,24.75,0.00,46.50,0.78
1142.406,2037.50,13.50,0.96,76.00,76.47,33.00,73.44,77.70,93.96,50.25,92.00,14.24,36.50,127.64,16.66,6.00,0.99,24.75,0.00,46.50,0.78
1142.646,2037.50,13.50,0.96,76.00,76.47,33.00,73.44,81.70,93.96,50.25,92.00,14.24,36.50,127.64,16.66,6.00,0.99,24.75,0.00,46.50,0.78
1142.887,2037.50,13.50,0.96,76.00,76.47,33.00,73.44,81.70,94.36,50.25,92.00,14.24,36.50,127.64,16.66,6.00,0.99,24.75,0.00,46.50,0.78
1143.126,2037.50,13.50,0.96,76.00,76.47,33.00,73.44,81.70,94.36,48.75,92.00,14.24,36.50,127.64,16.66,6.00,0.99,24.75,0.00,46.50,0.78
1143.367,2037.50,13.50,0.96,76.00,76.47,33.00,73.44,81.70,94.36,48.75,92.00,14.24,36.50,127.64,16.66,6.00,0.99,24.75,0.00,46.50,0.78
1143.606,2037.50,13.50,0.96,76.00,76.47,33.00,73.44,81.70,94.36,48.75,92.00,14.24,36.50,127.64,16.66,6.00,0.99,24.75,0.00,46.50,0.78
1143.845,2037.50,13.50,0.96,76.00,76.47,33.00,73.44,81.70,94.36,48.75,92.00,14.24,36.50,127.64,16.66,6.00,0.99,24.75,0.00,46.50,0.78
1144.087,2037.50,13.50,0.96,76.00,76.47,33.00,73.44,81.70,94.36,48.75,92.00,14.24,36.50,127.10,16.66,6.00,0.99,24.75,0.00,46.50,0.78
1144.326,2037.50,13.50,0.96,76.00,76.47,33.00,73.44,81.70,94.36,48.75,92.00,14.24,36.50,127.10,16.87,6.00,0.99,24.75,0.00,46.50,0.78
1144.566,2037.50,13.50,0.96,76.00,76.47,33.00,73.44,81.70,94.36,48.75,92.00,14.24,36.50,127.10,16.87,6.00,0.99,24.75,0.00,46.50,0.78
1144.806,2037.50,13.50,0.96,76.00,76.47,33.00,73.44,81.70,94.36,48.75,92.00,14.24,36.50,127.10,16.87,6.00,1.00,24.75,0.00,46.50,0.78
1145.045,2037.50,13.50,0.96,76.00,76.47,33.00,73.44,81.70,94.36,48.75,92.00,14.24,36.50,127.10,16.87,6.00,1.00,24.75,0.00,46.50,0.78
1145.286,2037.50,13.50,0.96,76.00,76.47,33.00,73.44,81.70,94.36,48.75,92.00,14.24,36.50,127.10,16.87,6.00,1.00,24.75,0.00,46.50,0.78
1145.526,2037.50,13.50,0.96,76.00,76.47,33.00,73.44,81.70,94.36,48.75,92.00,14.24,36.50,127.10,16.87,6.00,1.00,24.75,0.00,46.50,0.78
1145.767,2037.50,13.50,0.96,76.00,76.47,33.00,73.44,81.70,94.36,48.75,92.00,14.24,36.50,127.10,16.87,6.00,1.00,24.75,0.00,46.50,1.17
1146.006,2042.00,13.50,0.96,76.00,76.47,33.00,73.44,81.70,94.36,48.75,92.00,14.24,36.50,127.10,16.87,6.00,1.00,24.75,0.00,46.50,1.17
1146.246,2042.00,13.51,0.96,76.00,76.47,33.00,73.44,81.70,94.36,48.75,92.00,14.24,36.50,127.10,16.87,6.00,1.00,24.75,0.00,46.50,1.17
1146.487,2042.00,13.51,1.17,76.00,76.47,33.00,73.44,81.70,94.36,48.75,92.00,14.24,36.50,127.10,16.87,6.00,1.00,24.75,0.00,46.50,1.17
1146.726,2042.00,13.51,1.17,80.00,76.47,33.00,73.44,81.70,94.36,48.75,92.00,14.24,36.50,127.10,16.87,6.00,1.00,24.75,0.00,46.50,1.17
1146.968,2042.00,13.51,1.17,80.00,77.72,33.00,73.44,81.70,94.36,48.75,92.00,14.24,36.50,127.10,16.87,6.00,1.00,24.75,0.00,46.50,1.17
1147.206,2042.00,13.51,1.17,80.00,77.72,33.00,73.44,81.70,94.36,48.75,92.00,14.24,36.50,127.10,16.87,6.00,1.00,24.75,0.00,46.50,1.17
1147.446,2042.00,13.51,1.17,80.00,77.72,33.00,72.34,81.70,94.36,48.75,92.00,14.24,36.50,127.10,16.87,6.00,1.00,24.75,0.00,46.50,1.17
1147.687,2042.00,13.51,1.17,80.00,77.72,33.00,72.34,79.60,94.36,48.75,92.00,14.24,36.50,127.10,16.87,6.00,1.00,24.75,0.00,46.50,1.17
1147.926,2042.00,13.51,1.17,80.00,77.72,33.00,72.34,79.60,94.56,48.75,92.00,14.24,36.50,127.10,16.87,6.00,1.00,24.75,0.00,46.50,1.17
1148.166,2042.00,13.51,1.17,80.00,77.72,33.00,72.34,79.60,94.56,48.00,92.00,14.24,36.50,127.10,16.87,6.00,1.00,24.75,0.00,46.50,1.17
1148.405,2042.00,13.51,1.17,80.00,77.72,33.00,72.34,79.60,94.56,48.00,92.00,14.24,36.50,127.10,16.87,6.00,1.00,24.75,0.00,46.50,1.17
1148.646,2042.00,13.51,1.17,80.00,77.72,33.00,72.34,79.60,94.56,48.00,92.00,14.25,36.50,127.10,16.87,6.00,1.00,24.75,0.00,46.50,1.17
1148.886,2042.00,13.51,1.17,80.00,77.72,33.00,72.34,79.60,94.56,48.00,92.00,14.25,36.50,127.10,16.87,6.00,1.00,24.75,0.00,46.50,1.17
1149.126,2042.00,13.51,1.17,80.00,77.72,33.00,72.34,79.60,94.56,48.00,92.00,14.25,36.50,126.92,16.87,6.00,1.00,24.75,0.00,46.50,1.17
1149.366,2042.00,13.51,1.17,80.00,77.72,33.00,72.34,79.60,94.56,48.00,92.00,14.25,36.50,126.92,17.05,6.00,1.00,24.75,0.00,46.50,1.17
1149.606,2042.00,13.51,1.17,80.00,77.72,33.00,72.34,79.60,94.56,48.00,92.00,14.25,36.50,126.92,17.05,6.00,1.00,24.75,0.00,46.50,1.17
1149.846,2042.00,13.51,1.17,80.00,77.72,33.00,72.34,79.60,94.56,48.00,92.00,14.25,36.50,126.92,17.05,6.00,0.99,24.75,0.00,46.50,1.17
1150.087,2042.00,13.51,1.17,80.00,77.72,33.00,72.34,79.60,94.56,48.00,92.00,14.25,36.50,126.92,17.05,6.00,0.99,24.00,0.00,46.50,1.17
1150.326,2042.00,13.51,1.17,80.00,77.72,33.00,72.34,79.60,94.56,48.00,92.00,14.25,36.50,126.92,17.05,6.00,0.99,24.00,0.00,46.50,1.17
1150.566,2042.00,13.51,1.17,80.00,77.72,33.00,72.34,79.60,94.56,48.00,92.00,14.25,36.50,126.92,17.05,6.00,0.99,24.00,0.00,46.50,1.17
1150.806,2042.00,13.51,1.17,80.00,77.72,33.00,72.34,79.60,94.56,48.00,92.00,14.25,36.50,126.92,17.05,6.00,0.99,24.00,0.00,46.50,1.17
1151.046,2037.00,13.51,1.17,80.00,77.72,33.00,72.34,79.60,94.56,48.00,92.00,14.25,36.50,126.92,17.05,6.00,0.99,24.00,0.00,46.50,1.17
1151.287,2037.00,13.57,1.17,80.00,77.72,33.00,72.34,79.60,94.56,48.00,92.00,14.25,36.50,126.92,17.05,6.00,0.99,24.00,0.00,46.50,1.17
1151.526,2037.00,13.57,1.19,80.00,77.72,33.00,72.34,79.60,94.56,48.00,92.00,14.25,36.50,126.92,17.05,6.00,0.99,24.00,0.00,46.50,1.17
1151.766,2037.00,13.57,1.19,80.00,77.72,33.00,72.34,79.60,94.56,48.00,92.00,14.25,36.50,126.92,17.05,6.00,0.99,24.00,0.00,46.50,1.17
1152.006,2037.00,13.57,1.19,80.00,83.34,33.00,72.34,79.60,94.56,48.00,92.00,14.25,36.50,126.92,17.05,6.00,0.99,24.00,0.00,46.50,1.17
1152.246,2037.00,13.57,1.19,80.00,83.34,35.25,72.34,79.60,94.56,48.00,92.00,14.25,36.50,126.92,17.05,6.00,0.99,24.00,0.00,46.50,1.17
1152.487,2037.00,13.57,1.19,80.00,83.34,35.25,71.45,79.60,94.56,48.00,92.00,14.25,36.50,126.92,17.05,6.00,0.99,24.00,0.00,46.50,1.17
1152.726,2037.00,13.57,1.19,80.00,83.34,35.25,71.45,88.30,94.56,48.00,92.00,14.25,36.50,126.92,17.05,6.00,0.99,24.00,0.00,46.50,1.17
1152.968,2037.00,13.57,1.19,80.00,83.34,35.25,71.45,88.30,93.86,48.00,92.00,14.25,36.50,126.92,17.05,6.00,0.99,24.00,0.00,46.50,1.17
1153.206,2037.00,13.57,1.19,80.00,83.34,35.25,71.45,88.30,93.86,46.50,92.00,14.25,36.50,126.92,17.05,6.00,0.99,24.00,0.00,46.50,1.17
1153.446,2037.00,13.57,1.19,80.00,83.34,35.25,71.45,88.30,93.86,46.50,92.00,14.25,36.50,126.92,17.05,6.00,0.99,24.00,0.00,46.50,1.17
1153.687,2037.00,13.57,1.19,80.00,83.34,35.25,71.45,88.30,93.86,46.50,92.00,14.25,36.50,126.92,17.05,6.00,0.99,24.00,0.00,46.50,1.17
1153.926,2037.00,13.57,1.19,80.00,83.34,35.25,71.45,88.30,93.86,46.50,92.00,14.25,36.50,126.92,17.05,6.00,0.99,24.00,0.00,46.50,1.17
1154.166,2037.00,13.57,1.19,80.00,83.34,35.25,71.45,88.30,93.86,46.50,92.00,14.25,36.50,126.81,17.05,6.00,0.99,24.00,0.00,46.50,1.17
1154.406,2037.00,13.57,1.19,80.00,83.34,35.25,71.45,88.30,93.86,46.50,92.00,14.25,36.50,126.81,17.02,6.00,0.99,24.00,0.00,46.50,1.17
1154.645,2037.00,13.57,1.19,80.00,83.34,35.25,71.45,88.30,93.86,46.50,92.00,14.25,36.50,126.81,17.02,6.00,0.99,24.00,0.00,46.50,1.17
1154.887,2037.00,13.57,1.19,80.00,83.34,35.25,71.45,88.30,93.86,46.50,92.00,14.25,36.50,126.81,17.02,6.00,0.99,24.00,0.00,46.50,1.17
1155.126,2037.00,13.57,1.19,80.00,83.34,35.25,71.45,88.30,93.86,46.50,92.00,14.25,36.50,126.81,17.02,6.00,0.99,24.00,0.00,46.50,1.17
1155.366,2037.00,13.57,1.19,80.00,83.34,35.25,71.45,88.30,93.86,46.50,92.00,14.25,36.50,126.81,17.02,6.00,0.99,24.00,0.00,46.50,1.17
1155.606,2037.00,13.57,1.19,80.00,83.34,35.25,71.45,88.30,93.86,46.50,92.00,14.25,36.50,126.81,17.02,6.00,0.99,24.00,0.00,46.50,1.17
1155.846,2037.00,13.57,1.19,80.00,83.34,35.25,71.45,88.30,93.86,46.50,92.00,14.25,36.50,126.81,17.02,6.00,0.99,24.00,0.00,46.50,1.17
1156.087,2035.00,13.57,1.19,80.00,83.34,35.25,71.45,88.30,93.86,46.50,92.00,14.25,36.50,126.81,17.02,6.00,0.99,24.00,0.00,46.50,1.17
1156.326,2035.00,13.59,1.19,80.00,83.34,35.25,71.45,88.30,93.86,46.50,92.00,14.25,36.50,126.81,17.02,6.00,0.99,24.00,0.00,46.50,1.17
1156.568,2035.00,13.59,1.60,80.00,83.34,35.25,71.45,88.30,93.86,46.50,92.00,14.25,36.50,126.81,17.02,6.00,0.99,24.00,0.00,46.50,1.17
1156.806,2035.00,13.59,1.60,92.00,83.34,35.25,71.45,88.30,93.86,46.50,92.00,14.25,36.50,126.81,17.02,6.00,0.99,24.00,0.00,46.50,1.17
1157.046,2035.00,13.59,1.60,92.00,90.31,35.25,71.45,88.30,93.86,46.50,92.00,14.25,36.50,126.81,17.02,6.00,0.99,24.00,0.00,46.50,1.17
1157.287,2035.00,13.59,1.60,92.00,90.31,39.00,71.45,88.30,93.86,46.50,92.00,14.25,36.50,126.81,17.02,6.00,0.99,24.00,0.00,46.50,1.17
1157.526,2035.00,13.59,1.60,92.00,90.31,39.00,71.24,88.30,93.86,46.50,92.00,14.25,36.50,126.81,17.02,6.00,0.99,24.00,0.00,46.50,1.17
1157.766,2035.00,13.59,1.60,92.00,90.31,39.00,71.24,92.80,93.86,46.50,92.00,14.25,36.50,126.81,17.02,6.00,0.99,24.00,0.00,46.50,1.17
1158.006,2035.00,13.59,1.60,92.00,90.31,39.00,71.24,92.80,93.16,46.50,92.00,14.25,36.50,126.81,17.02,6.00,0.99,24.00,0.00,46.50,1.17
1158.246,2035.00,13.59,1.60,92.00,90.31,39.00,71.24,92.80,93.16,45.75,92.00,14.25,36.50,126.81,17.02,6.00,0.99,24.00,0.00,46.50,1.17
1158.487,2035.00,13.59,1.60,92.00,90.31,39.00,71.24,92.80,93.16,45.75,92.00,14.25,36.50,126.81,17.02,6.00,0.99,24.00,0.00,46.50,1.17
1158.726,2035.00,13.59,1.60,92.00,90.31,39.00,71.24,92.80,93.16,45.75,92.00,14.25,36.50,126.81,17.02,6.00,0.99,24.00,0.00,46.50,1.17
1158.967,2035.00,13.59,1.60,92.00,90.31,39.00,71.24,92.80,93.16,45.75,92.00,14.25,36.50,126.81,17.02,6.00,0.99,24.00,0.00,46.50,1.17
1159.206,2035.00,13.59,1.60,92.00,90.31,39.00,71.24,92.80,93.16,45.75,92.00,14.25,36.50,126.92,17.02,6.00,0.99,24.00,0.00,46.50,1.17
1159.446,2035.00,13.59,1.60,92.00,90.31,39.00,71.24,92.80,93.16,45.75,92.00,14.25,36.50,126.92,17.54,6.00,0.99,24.00,0.00,46.50,1.17
1159.688,2035.00,13.59,1.60,92.00,90.31,39.00,71.24,92.80,93.16,45.75,92.00,14.25,36.50,126.92,17.54,6.00,0.99,24.00,0.00,46.50,1.17
1159.926,2035.00,13.59,1.60,92.00,90.31,39.00,71.24,92.80,93.16,45.75,92.00,14.25,36.50,126.92,17.54,6.00,0.99,24.00,0.00,46.50,1.17
1160.167,2035.00,13.59,1.60,92.00,90.31,39.00,71.24,92.80,93.16,45.75,92.00,14.25,36.50,126.92,17.54,6.00,0.99,22.50,0.00,46.50,1.17
1160.406,2035.00,13.59,1.60,92.00,90.31,39.00,71.24,92.80,93.16,45.75,92.00,14.25,36.50,126.92,17.54,6.00,0.99,22.50,0.00,46.50,1.17
1160.646,2035.00,13.59,1.60,92.00,90.31,39.00,71.24,92.80,93.16,45.75,92.00,14.25,36.50,126.92,17.54,6.00,0.99,22.50,0.00,45.75,1.17
1160.888,2035.00,13.59,1.60,92.00,90.31,39.00,71.24,92.80,93.16,45.75,92.00,14.25,36.50,126.92,17.54,6.00,0.99,22.50,0.00,45.75,0.78
1161.126,2036.50,13.59,1.60,92.00,90.31,39.00,71.24,92.80,93.16,45.75,92.00,14.25,36.50,126.92,17.54,6.00,0.99,22.50,0.00,45.75,0.78
1161.366,2036.50,13.64,1.60,92.00,90.31,39.00,71.24,92.80,93.16,45.75,92.00,14.25,36.50,126.92,17.54,6.00,0.99,22.50,0.00,45.75,0.78
1161.606,2036.50,13.64,1.79,92.00,90.31,39.00,71.24,92.80,93.16,45.75,92.00,14.25,36.50,126.92,17.54,6.00,0.99,22.50,0.00,45.75,0.78
1161.846,2036.50,13.64,1.79,92.00,90.31,39.00,71.24,92.80,93.16,45.75,92.00,14.25,36.50,126.92,17.54,6.00,0.99,22.50,0.00,45.75,0.78
1162.088,2036.50,13.64,1.79,92.00,93.47,39.00,71.24,92.80,93.16,45.75,92.00,14.25,36.50,126.92,17.54,6.00,0.99,22.50,0.00,45.75,0.78
1162.326,2036.50,13.64,1.79,92.00,93.47,40.50,71.24,92.80,93.16,45.75,92.00,14.25,36.50,126.92,17.54,6.00,0.99,22.50,0.00,45.75,0.78
1162.567,2036.50,13.64,1.79,92.00,93.47,40.50,71.55,92.80,93.16,45.75,92.00,14.25,36.50,126.92,17.54,6.00,0.99,22.50,0.00,45.75,0.78
1162.806,2036.50,13.64,1.79,92.00,93.47,40.50,71.55,95.70,93.16,45.75,92.00,14.25,36.50,126.92,17.54,6.00,0.99,22.50,0.00,45.75,0.78
1163.046,2036.50,13.64,1.79,92.00,93.47,40.50,71.55,95.70,92.96,45.75,92.00,14.25,36.50,126.92,17.54,6.00,0.99,22.50,0.00,45.75,0.78
1163.288,2036.50,13.64,1.79,92.00,93.47,40.50,71.55,95.70,92.96,45.75,92.00,14.25,36.50,126.92,17.54,6.00,0.99,22.50,0.00,45.75,0.78
1163.556,2036.50,13.64,1.79,92.00,93.47,40.50,71.55,95.70,92.96,45.75,92.00,14.25,36.50,126.92,17.54,6.00,0.99,22.50,0.00,45.75,0.78
1163.796,2036.50,13.64,1.79,92.00,93.47,40.50,71.55,95.70,92.96,45.75,92.00,14.25,36.50,126.92,17.54,6.00,0.99,22.50,0.00,45.75,0.78
1164.036,2036.50,13.64,1.79,92.00,93.47,40.50,71.55,95.70,92.96,45.75,92.00,14.25,36.50,126.92,17.54,6.00,0.99,22.50,0.00,45.75,0.78
1164.278,2036.50,13.64,1.79,92.00,93.47,40.50,71.55,95.70,92.96,45.75,92.00,14.25,36.50,127.20,17.54,6.00,0.99,22.50,0.00,45.75,0.78
1164.516,2036.50,13.64,1.79,92.00,93.47,40.50,71.55,95.70,92.96,45.75,92.00,14.25,36.50,127.20,17.26,6.00,0.99,22.50,0.00,45.75,0.78
1164.756,2036.50,13.64,1.79,92.00,93.47,40.50,71.55,95.70,92.96,45.75,92.00,14.25,36.50,127.20,17.26,6.00,0.99,22.50,0.00,45.75,0.78
1164.996,2036.50,13.64,1.79,92.00,93.47,40.50,71.55,95.70,92.96,45.75,92.00,14.25,36.50,127.20,17.26,6.00,1.00,22.50,0.00,45.75,0.78
1165.236,2036.50,13.64,1.79,92.00,93.47,40.50,71.55,95.70,92.96,45.75,92.00,14.25,36.50,127.20,17.26,6.00,1.00,22.50,0.00,45.75,0.78
1165.478,2036.50,13.64,1.79,92.00,93.47,40.50,71.55,95.70,92.96,45.75,92.00,14.25,36.50,127.20,17.26,6.00,1.00,22.50,0.00,45.75,0.78
1165.715,2036.50,13.64,1.79,92.00,93.47,40.50,71.55,95.70,92.96,45.75,92.00,14.25,36.50,127.20,17.26,6.00,1.00,22.50,0.00,45.75,0.78
1165.956,2036.50,13.64,1.79,92.00,93.47,40.50,71.55,95.70,92.96,45.75,92.00,14.25,36.50,127.20,17.26,6.00,1.00,22.50,0.00,45.75,0.78
1166.196,2039.00,13.64,1.79,92.00,93.47,40.50,71.55,95.70,92.96,45.75,92.00,14.25,36.50,127.20,17.26,6.00,1.00,22.50,0.00,45.75,0.78
1166.436,2039.00,13.61,1.79,92.00,93.47,40.50,71.55,95.70,92.96,45.75,92.00,14.25,36.50,127.20,17.26,6.00,1.00,22.50,0.00,45.75,0.78
1166.678,2039.00,13.61,1.76,92.00,93.47,40.50,71.55,95.70,92.96,45.75,92.00,14.25,36.50,127.20,17.26,6.00,1.00,22.50,0.00,45.75,0.78
1166.916,2039.00,13.61,1.76,92.00,93.47,40.50,71.55,95.70,92.96,45.75,92.00,14.25,36.50,127.20,17.26,6.00,1.00,22.50,0.00,45.75,0.78
1167.156,2039.00,13.61,1.76,92.00,92.78,40.50,71.55,95.70,92.96,45.75,92.00,14.25,36.50,127.20,17.26,6.00,1.00,22.50,0.00,45.75,0.78
1167.396,2039.00,13.61,1.76,92.00,92.78,39.75,71.55,95.70,92.96,45.75,92.00,14.25,36.50,127.20,17.26,6.00,1.00,22.50,0.00,45.75,0.78
1167.636,2039.00,13.61,1.76,92.00,92.78,39.75,71.76,95.70,92.96,45.75,92.00,14.25,36.50,127.20,17.26,6.00,1.00,22.50,0.00,45.75,0.78
1167.878,2039.00,13.61,1.76,92.00,92.78,39.75,71.76,93.90,92.96,45.75,92.00,14.25,36.50,127.20,17.26,6.00,1.00,22.50,0.00,45.75,0.78
1168.116,2039.00,13.61,1.76,92.00,92.78,39.75,71.76,93.90,92.96,45.75,92.00,14.25,36.50,127.20,17.26,6.00,1.00,22.50,0.00,45.75,0.78
1168.356,2039.00,13.61,1.76,92.00,92.78,39.75,71.76,93.90,92.96,45.75,92.00,14.25,36.50,127.20,17.26,6.00,1.00,22.50,0.00,45.75,0.78
1168.596,2039.00,13.61,1.76,92.00,92.78,39.75,71.76,93.90,92.96,45.75,92.00,14.25,36.50,127.20,17.26,6.00,1.00,22.50,0.00,45.75,0.78
1168.836,2039.00,13.61,1.76,92.00,92.78,39.75,71.76,93.90,92.96,45.75,92.00,14.25,36.50,127.20,17.26,6.00,1.00,22.50,0.00,45.75,0.78
1169.078,2039.00,13.61,1.76,92.00,92.78,39.75,71.76,93.90,92.96,45.75,92.00,14.25,36.50,127.20,17.26,6.00,1.00,22.50,0.00,45.75,0.78
1169.316,2039.00,13.61,1.76,92.00,92.78,39.75,71.76,93.90,92.96,45.75,92.00,14.25,36.50,127.10,17.26,6.00,1.00,22.50,0.00,45.75,0.78
1169.556,2039.00,13.61,1.76,92.00,92.78,39.75,71.76,93.90,92.96,45.75,92.00,14.25,36.50,127.10,17.20,6.00,1.00,22.50,0.00,45.75,0.78
1169.796,2039.00,13.61,1.76,92.00,92.78,39.75,71.76,93.90,92.96,45.75,92.00,14.25,36.50,127.10,17.20,6.00,1.00,22.50,0.00,45.75,0.78
1170.036,2039.00,13.61,1.76,92.00,92.78,39.75,71.76,93.90,92.96,45.75,92.00,14.25,36.50,127.10,17.20,6.00,0.99,22.50,0.00,45.75,0.78
1170.278,2039.00,13.61,1.76,92.00,92.78,39.75,71.76,93.90,92.96,45.75,92.00,14.25,36.50,127.10,17.20,6.00,0.99,24.00,0.00,45.75,0.78
1170.516,2039.00,13.61,1.76,92.00,92.78,39.75,71.76,93.90,92.96,45.75,92.00,14.25,36.50,127.10,17.20,6.00,0.99,24.00,0.00,45.75,0.78
1170.756,2039.00,13.61,1.76,92.00,92.78,39.75,71.76,93.90,92.96,45.75,92.00,14.25,36.50,127.10,17.20,6.00,0.99,24.00,0.00,45.75,0.78
1170.996,2039.00,13.61,1.76,92.00,92.78,39.75,71.76,93.90,92.96,45.75,92.00,14.25,36.50,127.10,17.20,6.00,0.99,24.00,0.00,45.75,0.78
1171.236,2041.00,13.61,1.76,92.00,92.78,39.75,71.76,93.90,92.96,45.75,92.00,14.25,36.50,127.10,17.20,6.00,0.99,24.00,0.00,45.75,0.78
1171.476,2041.00,13.56,1.76,92.00,92.78,39.75,71.76,93.90,92.96,45.75,92.00,14.25,36.50,127.10,17.20,6.00,0.99,24.00,0.00,45.75,0.78
1171.716,2041.00,13.56,1.67,92.00,92.78,39.75,71.76,93.90,92.96,45.75,92.00,14.25,36.50,127.10,17.20,6.00,0.99,24.00,0.00,45.75,0.78
1171.956,2041.00,13.56,1.67,92.00,92.78,39.75,71.76,93.90,92.96,45.75,92.00,14.25,36.50,127.10,17.20,6.00,0.99,24.00,0.00,45.75,0.78
1172.196,2041.00,13.56,1.67,92.00,89.12,39.75,71.76,93.90,92.96,45.75,92.00,14.25,36.50,127.10,17.20,6.00,0.99,24.00,0.00,45.75,0.78
1172.436,2041.00,13.56,1.67,92.00,89.12,38.25,71.76,93.90,92.96,45.75,92.00,14.25,36.50,127.10,17.20,6.00,0.99,24.00,0.00,45.75,0.78
1172.676,2041.00,13.56,1.67,92.00,89.12,38.25,71.36,93.90,92.96,45.75,92.00,14.25,36.50,127.10,17.20,6.00,0.99,24.00,0.00,45.75,0.78
1172.916,2041.00,13.56,1.67,92.00,89.12,38.25,71.36,92.00,92.96,45.75,92.00,14.25,36.50,127.10,17.20,6.00,0.99,24.00,0.00,45.75,0.78
1173.156,2041.00,13.56,1.67,92.00,89.12,38.25,71.36,92.00,92.96,45.75,92.00,14.25,36.50,127.10,17.20,6.00,0.99,24.00,0.00,45.75,0.78
1173.396,2041.00,13.56,1.67,92.00,89.12,38.25,71.36,92.00,92.96,45.75,92.00,14.25,36.50,127.10,17.20,6.00,0.99,24.00,0.00,45.75,0.78
1173.636,2041.00,13.56,1.67,92.00,89.12,38.25,71.36,92.00,92.96,45.75,92.00,14.25,36.50,127.10,17.20,6.00,0.99,24.00,0.00,45.75,0.78
1173.878,2041.00,13.56,1.67,92.00,89.12,38.25,71.36,92.00,92.96,45.75,92.00,14.25,36.50,127.10,17.20,6.00,0.99,24.00,0.00,45.75,0.78
1174.116,2041.00,13.56,1.67,92.00,89.12,38.25,71.36,92.00,92.96,45.75,92.00,14.25,36.50,127.10,17.20,6.00,0.99,24.00,0.00,45.75,0.78
1174.356,2041.00,13.56,1.67,92.00,89.12,38.25,71.36,92.00,92.96,45.75,92.00,14.25,36.50,127.35,17.20,6.00,0.99,24.00,0.00,45.75,0.78
1174.596,2041.00,13.56,1.67,92.00,89.12,38.25,71.36,92.00,92.96,45.75,92.00,14.25,36.50,127.35,17.10,6.00,0.99,24.00,0.00,45.75,0.78
1174.836,2041.00,13.56,1.67,92.00,89.12,38.25,71.36,92.00,92.96,45.75,92.00,14.25,36.50,127.35,17.10,6.00,0.99,24.00,0.00,45.75,0.78
1175.078,2041.00,13.56,1.67,92.00,89.12,38.25,71.36,92.00,92.96,45.75,92.00,14.25,36.50,127.35,17.10,6.00,0.99,24.00,0.00,45.75,0.78
1175.316,2041.00,13.56,1.67,92.00,89.12,38.25,71.36,92.00,92.96,45.75,92.00,14.25,36.50,127.35,17.10,6.00,0.99,24.00,0.00,45.75,0.78
1175.556,2041.00,13.56,1.67,92.00,89.12,38.25,71.36,92.00,92.96,45.75,92.00,14.25,36.50,127.35,17.10,6.00,0.99,24.00,0.00,45.75,0.78
1175.796,2041.00,13.56,1.67,92.00,89.12,38.25,71.36,92.00,92.96,45.75,92.00,14.25,36.50,127.35,17.10,6.00,0.99,24.00,0.00,45.75,0.78
1176.036,2041.00,13.56,1.67,92.00,89.12,38.25,71.36,92.00,92.96,45.75,92.00,14.25,36.50,127.35,17.10,6.00,0.99,24.00,0.00,45.75,1.17
1176.278,2042.50,13.56,1.67,92.00,89.12,38.25,71.36,92.00,92.96,45.75,92.00,14.25,36.50,127.35,17.10,6.00,0.99,24.00,0.00,45.75,1.17
1176.516,2042.50,13.58,1.67,92.00,89.12,38.25,71.36,92.00,92.96,45.75,92.00,14.25,36.50,127.35,17.10,6.00,0.99,24.00,0.00,45.75,1.17
1176.756,2042.50,13.58,1.68,92.00,89.12,38.25,71.36,92.00,92.96,45.75,92.00,14.25,36.50,127.35,17.10,6.00,0.99,24.00,0.00,45.75,1.17
1176.996,2042.50,13.58,1.68,92.00,89.12,38.25,71.36,92.00,92.96,45.75,92.00,14.25,36.50,127.35,17.10,6.00,0.99,24.00,0.00,45.75,1.17
1177.236,2042.50,13.58,1.68,92.00,91.09,38.25,71.36,92.00,92.96,45.75,92.00,14.25,36.50,127.35,17.10,6.00,0.99,24.00,0.00,45.75,1.17
1177.478,2042.50,13.58,1.68,92.00,91.09,39.75,71.36,92.00,92.96,45.75,92.00,14.25,36.50,127.35,17.10,6.00,0.99,24.00,0.00,45.75,1.17
1177.716,2042.50,13.58,1.68,92.00,91.09,39.75,70.96,92.00,92.96,45.75,92.00,14.25,36.50,127.35,17.10,6.00,0.99,24.00,0.00,45.75,1.17
1177.956,2042.50,13.58,1.68,92.00,91.09,39.75,70.96,94.60,92.96,45.75,92.00,14.25,36.50,127.35,17.10,6.00,0.99,24.00,0.00,45.75,1.17
1178.196,2042.50,13.58,1.68,92.00,91.09,39.75,70.96,94.60,92.76,45.75,92.00,14.25,36.50,127.35,17.10,6.00,0.99,24.00,0.00,45.75,1.17
1178.436,2042.50,13.58,1.68,92.00,91.09,39.75,70.96,94.60,92.76,45.75,92.00,14.25,36.50,127.35,17.10,6.00,0.99,24.00,0.00,45.75,1.17
1178.677,2042.50,13.58,1.68,92.00,91.09,39.75,70.96,94.60,92.76,45.75,92.00,14.25,36.50,127.35,17.10,6.00,0.99,24.00,0.00,45.75,1.17
1178.916,2042.50,13.58,1.68,92.00,91.09,39.75,70.96,94.60,92.76,45.75,92.00,14.25,36.50,127.35,17.10,6.00,0.99,24.00,0.00,45.75,1.17
1179.156,2042.50,13.58,1.68,92.00,91.09,39.75,70.96,94.60,92.76,45.75,92.00,14.25,36.00,127.35,17.10,6.00,0.99,24.00,0.00,45.75,1.17
1179.396,2042.50,13.58,1.68,92.00,91.09,39.75,70.96,94.60,92.76,45.75,92.00,14.25,36.00,127.17,17.10,6.00,0.99,24.00,0.00,45.75,1.17
1179.636,2042.50,13.58,1.68,92.00,91.09,39.75,70.96,94.60,92.76,45.75,92.00,14.25,36.00,127.17,17.46,6.00,0.99,24.00,0.00,45.75,1.17
1179.877,2042.50,13.58,1.68,92.00,91.09,39.75,70.96,94.60,92.76,45.75,92.00,14.25,36.00,127.17,17.46,6.00,0.99,24.00,0.00,45.75,1.17
1180.115,2042.50,13.58,1.68,92.00,91.09,39.75,70.96,94.60,92.76,45.75,92.00,14.25,36.00,127.17,17.46,6.00,0.99,24.00,0.00,45.75,1.17
1180.356,2042.50,13.58,1.68,92.00,91.09,39.75,70.96,94.60,92.76,45.75,92.00,14.25,36.00,127.17,17.46,6.00,0.99,22.50,0.00,45.75,1.17
1180.596,2042.50,13.58,1.68,92.00,91.09,39.75,70.96,94.60,92.76,45.75,92.00,14.25,36.00,127.17,17.46,6.00,0.99,22.50,0.00,45.75,1.17
1180.836,2042.50,13.58,1.68,92.00,91.09,39.75,70.96,94.60,92.76,45.75,92.00,14.25,36.00,127.17,17.46,6.00,0.99,22.50,0.00,45.00,1.17
1181.077,2042.50,13.58,1.68,92.00,91.09,39.75,70.96,94.60,92.76,45.75,92.00,14.25,36.00,127.17,17.46,6.00,0.99,22.50,0.00,45.00,1.17
1181.316,2040.00,13.58,1.68,92.00,91.09,39.75,70.96,94.60,92.76,45.75,92.00,14.25,36.00,127.17,17.46,6.00,0.99,22.50,0.00,45.00,1.17
1181.556,2040.00,13.52,1.68,92.00,91.09,39.75,70.96,94.60,92.76,45.75,92.00,14.25,36.00,127.17,17.46,6.00,0.99,22.50,0.00,45.00,1.17
1181.796,2040.00,13.52,1.89,92.00,91.09,39.75,70.96,94.60,92.76,45.75,92.00,14.25,36.00,127.17,17.46,6.00,0.99,22.50,0.00,45.00,1.17
1182.036,2040.00,13.52,1.89,96.00,91.09,39.75,70.96,94.60,92.76,45.75,92.00,14.25,36.00,127.17,17.46,6.00,0.99,22.50,0.00,45.00,1.17
1182.277,2040.00,13.52,1.89,96.00,95.12,39.75,70.96,94.60,92.76,45.75,92.00,14.25,36.00,127.17,17.46,6.00,0.99,22.50,0.00,45.00,1.17
1182.516,2040.00,13.52,1.89,96.00,95.12,41.25,70.96,94.60,92.76,45.75,92.00,14.25,36.00,127.17,17.46,6.00,0.99,22.50,0.00,45.00,1.17
1182.756,2040.00,13.52,1.89,96.00,95.12,41.25,70.65,94.60,92.76,45.75,92.00,14.25,36.00,127.17,17.46,6.00,0.99,22.50,0.00,45.00,1.17
1182.996,2040.00,13.52,1.89,96.00,95.12,41.25,70.65,97.40,92.76,45.75,92.00,14.25,36.00,127.17,17.46,6.00,0.99,22.50,0.00,45.00,1.17
1183.236,2040.00,13.52,1.89,96.00,95.12,41.25,70.65,97.40,92.76,45.75,92.00,14.25,36.00,127.17,17.46,6.00,0.99,22.50,0.00,45.00,1.17
1183.477,2040.00,13.52,1.89,96.00,95.12,41.25,70.65,97.40,92.76,45.75,92.00,14.25,36.00,127.17,17.46,6.00,0.99,22.50,0.00,45.00,1.17
1183.716,2040.00,13.52,1.89,96.00,95.12,41.25,70.65,97.40,92.76,45.75,92.00,14.25,36.00,127.17,17.46,6.00,0.99,22.50,0.00,45.00,1.17
1183.956,2040.00,13.52,1.89,96.00,95.12,41.25,70.65,97.40,92.76,45.75,92.00,14.25,36.00,127.17,17.46,6.00,0.99,22.50,0.00,45.00,1.17
1184.196,2040.00,13.52,1.89,96.00,95.12,41.25,70.65,97.40,92.76,45.75,92.00,14.25,36.00,127.17,17.46,6.00,0.99,22.50,0.00,45.00,1.17
1184.436,2040.00,13.52,1.89,96.00,95.12,41.25,70.65,97.40,92.76,45.75,92.00,14.25,36.00,125.28,17.46,6.00,0.99,22.50,0.00,45.00,1.17
1184.677,2040.00,13.52,1.89,96.00,95.12,41.25,70.65,97.40,92.76,45.75,92.00,14.25,36.00,125.28,9.41,6.00,0.99,22.50,0.00,45.00,1.17
1184.916,2040.00,13.52,1.89,96.00,95.12,41.25,70.65,97.40,92.76,45.75,92.00,14.25,36.00,125.28,9.41,6.00,0.99,22.50,0.00,45.00,1.17
1185.156,2040.00,13.52,1.89,96.00,95.12,41.25,70.65,97.40,92.76,45.75,92.00,14.25,36.00,125.28,9.41,6.00,5.65,22.50,0.00,45.00,1.17
1185.396,2040.00,13.52,1.89,96.00,95.12,41.25,70.65,97.40,92.76,45.75,92.00,14.25,36.00,125.28,9.41,6.00,5.65,-15.75,0.00,45.00,1.17
1185.636,2040.00,13.52,1.89,96.00,95.12,41.25,70.65,97.40,92.76,45.75,92.00,14.25,36.00,125.28,9.41,6.00,5.65,-15.75,0.00,45.00,1.17
1185.877,2040.00,13.52,1.89,96.00,95.12,41.25,70.65,97.40,92.76,45.75,92.00,14.25,36.00,125.28,9.41,6.00,5.65,-15.75,0.00,45.75,1.17
1186.116,2040.00,13.52,1.89,96.00,95.12,41.25,70.65,97.40,92.76,45.75,92.00,14.25,36.00,125.28,9.41,6.00,5.65,-15.75,0.00,45.75,0.00
1186.356,1916.50,13.52,1.89,96.00,95.12,41.25,70.65,97.40,92.76,45.75,92.00,14.25,36.00,125.28,9.41,6.00,5.65,-15.75,0.00,45.75,0.00
1186.596,1916.50,13.51,1.89,96.00,95.12,41.25,70.65,97.40,92.76,45.75,92.00,14.25,36.00,125.28,9.41,6.00,5.65,-15.75,0.00,45.75,0.00
1186.836,1916.50,13.51,0.37,96.00,95.12,41.25,70.65,97.40,92.76,45.75,92.00,14.25,36.00,125.28,9.41,6.00,5.65,-15.75,0.00,45.75,0.00
1187.077,1916.50,13.51,0.37,24.00,95.12,41.25,70.65,97.40,92.76,45.75,92.00,14.25,36.00,125.28,9.41,6.00,5.65,-15.75,0.00,45.75,0.00
1187.316,1916.50,13.51,0.37,24.00,25.78,41.25,70.65,97.40,92.76,45.75,92.00,14.25,36.00,125.28,9.41,6.00,5.65,-15.75,0.00,45.75,0.00
1187.556,1916.50,13.51,0.37,24.00,25.78,12.00,70.65,97.40,92.76,45.75,92.00,14.25,36.00,125.28,9.41,6.00,5.65,-15.75,0.00,45.75,0.00
1187.796,1916.50,13.51,0.37,24.00,25.78,12.00,70.54,97.40,92.76,45.75,92.00,14.25,36.00,125.28,9.41,6.00,5.65,-15.75,0.00,45.75,0.00
1188.036,1916.50,13.51,0.37,24.00,25.78,12.00,70.54,24.90,92.76,45.75,92.00,14.25,36.00,125.28,9.41,6.00,5.65,-15.75,0.00,45.75,0.00
1188.277,1916.50,13.51,0.37,24.00,25.78,12.00,70.54,24.90,92.66,45.75,92.00,14.25,36.00,125.28,9.41,6.00,5.65,-15.75,0.00,45.75,0.00
1188.516,1916.50,13.51,0.37,24.00,25.78,12.00,70.54,24.90,92.66,45.75,92.00,14.25,36.00,125.28,9.41,6.00,5.65,-15.75,0.00,45.75,0.00
1188.756,1916.50,13.51,0.37,24.00,25.78,12.00,70.54,24.90,92.66,45.75,92.00,14.25,36.00,125.28,9.41,6.00,5.65,-15.75,0.00,45.75,0.00
1188.996,1916.50,13.51,0.37,24.00,25.78,12.00,70.54,24.90,92.66,45.75,92.00,14.25,36.00,125.28,9.41,6.00,5.65,-15.75,0.00,45.75,0.00
1189.236,1916.50,13.51,0.37,24.00,25.78,12.00,70.54,24.90,92.66,45.75,92.00,14.25,36.00,125.28,9.41,6.00,5.65,-15.75,0.00,45.75,0.00
1189.477,1916.50,13.51,0.37,24.00,25.78,12.00,70.54,24.90,92.66,45.75,92.00,14.25,36.00,109.32,9.41,6.00,5.65,-15.75,0.00,45.75,0.00
1189.716,1916.50,13.51,0.37,24.00,25.78,12.00,70.54,24.90,92.66,45.75,92.00,14.25,36.00,109.32,8.68,6.00,5.65,-15.75,0.00,45.75,0.00
1189.956,1916.50,13.51,0.37,24.00,25.78,12.00,70.54,24.90,92.66,45.75,92.00,14.25,36.00,109.32,8.68,6.00,5.65,-15.75,0.00,45.75,0.00
1190.196,1916.50,13.51,0.37,24.00,25.78,12.00,70.54,24.90,92.66,45.75,92.00,14.25,36.00,109.32,8.68,6.00,16.00,-15.75,0.00,45.75,0.00
1190.436,1916.50,13.51,0.37,24.00,25.78,12.00,70.54,24.90,92.66,45.75,92.00,14.25,36.00,109.32,8.68,6.00,16.00,-16.50,0.00,45.75,0.00
1190.676,1916.50,13.51,0.37,24.00,25.78,12.00,70.54,24.90,92.66,45.75,92.00,14.25,36.00,109.32,8.68,6.00,16.00,-16.50,1.00,45.75,0.00
1190.916,1916.50,13.51,0.37,24.00,25.78,12.00,70.54,24.90,92.66,45.75,92.00,14.25,36.00,109.32,8.68,6.00,16.00,-16.50,1.00,46.50,0.00
1191.156,1916.50,13.51,0.37,24.00,25.78,12.00,70.54,24.90,92.66,45.75,92.00,14.25,36.00,109.32,8.68,6.00,16.00,-16.50,1.00,46.50,0.00
1191.396,1589.50,13.51,0.37,24.00,25.78,12.00,70.54,24.90,92.66,45.75,92.00,14.25,36.00,109.32,8.68,6.00,16.00,-16.50,1.00,46.50,0.00
1191.636,1589.50,13.52,0.37,24.00,25.78,12.00,70.54,24.90,92.66,45.75,92.00,14.25,36.00,109.32,8.68,6.00,16.00,-16.50,1.00,46.50,0.00
1191.877,1589.50,13.52,0.21,24.00,25.78,12.00,70.54,24.90,92.66,45.75,92.00,14.25,36.00,109.32,8.68,6.00,16.00,-16.50,1.00,46.50,0.00
1192.116,1589.50,13.52,0.21,20.00,25.78,12.00,70.54,24.90,92.66,45.75,92.00,14.25,36.00,109.32,8.68,6.00,16.00,-16.50,1.00,46.50,0.00
1192.356,1589.50,13.52,0.21,20.00,21.03,12.00,70.54,24.90,92.66,45.75,92.00,14.25,36.00,109.32,8.68,6.00,16.00,-16.50,1.00,46.50,0.00
1192.596,1589.50,13.52,0.21,20.00,21.03,11.25,70.54,24.90,92.66,45.75,92.00,14.25,36.00,109.32,8.68,6.00,16.00,-16.50,1.00,46.50,0.00
1192.836,1589.50,13.52,0.21,20.00,21.03,11.25,69.86,24.90,92.66,45.75,92.00,14.25,36.00,109.32,8.68,6.00,16.00,-16.50,1.00,46.50,0.00
1193.077,1589.50,13.52,0.21,20.00,21.03,11.25,69.86,20.90,92.66,45.75,92.00,14.25,36.00,109.32,8.68,6.00,16.00,-16.50,1.00,46.50,0.00
1193.316,1589.50,13.52,0.21,20.00,21.03,11.25,69.86,20.90,91.46,45.75,92.00,14.25,36.00,109.32,8.68,6.00,16.00,-16.50,1.00,46.50,0.00
1193.556,1589.50,13.52,0.21,20.00,21.03,11.25,69.86,20.90,91.46,45.75,92.00,14.25,36.00,109.32,8.68,6.00,16.00,-16.50,1.00,46.50,0.00
1193.796,1589.50,13.52,0.21,20.00,21.03,11.25,69.86,20.90,91.46,45.75,92.00,14.25,36.00,109.32,8.68,6.00,16.00,-16.50,1.00,46.50,0.00
1194.036,1589.50,13.52,0.21,20.00,21.03,11.25,69.86,20.90,91.46,45.75,92.00,14.25,36.00,109.32,8.68,6.00,16.00,-16.50,1.00,46.50,0.00
1194.277,1589.50,13.52,0.21,20.00,21.03,11.25,69.86,20.90,91.46,45.75,92.00,14.25,36.00,109.32,8.68,6.00,16.00,-16.50,1.00,46.50,0.00
1194.516,1589.50,13.52,0.21,20.00,21.03,11.25,69.86,20.90,91.46,45.75,92.00,14.25,36.00,95.10,8.68,6.00,16.00,-16.50,1.00,46.50,0.00
1194.756,1589.50,13.52,0.21,20.00,21.03,11.25,69.86,20.90,91.46,45.75,92.00,14.25,36.00,95.10,19.57,6.00,16.00,-16.50,1.00,46.50,0.00
1194.996,1589.50,13.52,0.21,20.00,21.03,11.25,69.86,20.90,91.46,45.75,92.00,14.25,36.00,95.10,19.57,6.00,16.00,-16.50,1.00,46.50,0.00
1195.236,1589.50,13.52,0.21,20.00,21.03,11.25,69.86,20.90,91.46,45.75,92.00,14.25,36.00,95.10,19.57,6.00,0.98,-16.50,1.00,46.50,0.00
1195.477,1589.50,13.52,0.21,20.00,21.03,11.25,69.86,20.90,91.46,45.75,92.00,14.25,36.00,95.10,19.57,6.00,0.98,15.00,1.00,46.50,0.00
1195.716,1589.50,13.52,0.21,20.00,21.03,11.25,69.86,20.90,91.46,45.75,92.00,14.25,36.00,95.10,19.57,6.00,0.98,15.00,0.00,46.50,0.00
1195.956,1589.50,13.52,0.21,20.00,21.03,11.25,69.86,20.90,91.46,45.75,92.00,14.25,36.00,95.10,19.57,6.00,0.98,15.00,0.00,46.50,0.00
1196.196,1589.50,13.52,0.21,20.00,21.03,11.25,69.86,20.90,91.46,45.75,92.00,14.25,36.00,95.10,19.57,6.00,0.98,15.00,0.00,46.50,0.39
1196.436,1525.00,13.52,0.21,20.00,21.03,11.25,69.86,20.90,91.46,45.75,92.00,14.25,36.00,95.10,19.57,6.00,0.98,15.00,0.00,46.50,0.39
1196.677,1525.00,13.54,0.21,20.00,21.03,11.25,69.86,20.90,91.46,45.75,92.00,14.25,36.00,95.10,19.57,6.00,0.98,15.00,0.00,46.50,0.39
1196.916,1525.00,13.54,0.39,20.00,21.03,11.25,69.86,20.90,91.46,45.75,92.00,14.25,36.00,95.10,19.57,6.00,0.98,15.00,0.00,46.50,0.39
1197.156,1525.00,13.54,0.39,116.00,21.03,11.25,69.86,20.90,91.46,45.75,92.00,14.25,36.00,95.10,19.57,6.00,0.98,15.00,0.00,46.50,0.39
1197.396,1525.00,13.54,0.39,116.00,220.16,11.25,69.86,20.90,91.46,45.75,92.00,14.25,36.00,95.10,19.57,6.00,0.98,15.00,0.00,46.50,0.39
1197.636,1525.00,13.54,0.39,116.00,220.16,78.75,69.86,20.90,91.46,45.75,92.00,14.25,36.00,95.10,19.57,6.00,0.98,15.00,0.00,46.50,0.39
1197.876,1525.00,13.54,0.39,116.00,220.16,78.75,68.05,20.90,91.46,45.75,92.00,14.25,36.00,95.10,19.57,6.00,0.98,15.00,0.00,46.50,0.39
1198.116,1525.00,13.54,0.39,116.00,220.16,78.75,68.05,166.00,91.46,45.75,92.00,14.25,36.00,95.10,19.57,6.00,0.98,15.00,0.00,46.50,0.39
1198.356,1525.00,13.54,0.39,116.00,220.16,78.75,68.05,166.00,90.56,45.75,92.00,14.25,36.00,95.10,19.57,6.00,0.98,15.00,0.00,46.50,0.39
1198.596,1525.00,13.54,0.39,116.00,220.16,78.75,68.05,166.00,90.56,45.75,92.00,14.25,36.00,95.10,19.57,6.00,0.98,15.00,0.00,46.50,0.39
1198.836,1525.00,13.54,0.39,116.00,220.16,78.75,68.05,166.00,90.56,45.75,92.00,14.25,36.00,95.10,19.57,6.00,0.98,15.00,0.00,46.50,0.39
1199.076,1525.00,13.54,0.39,116.00,220.16,78.75,68.05,166.00,90.56,45.75,92.00,14.25,36.00,95.10,19.57,6.00,0.98,15.00,0.00,46.50,0.39
1199.316,1525.00,13.54,0.39,116.00,220.16,78.75,68.05,166.00,90.56,45.75,92.00,14.25,36.00,95.10,19.57,6.00,0.98,15.00,0.00,46.50,0.39
1199.556,1525.00,13.54,0.39,116.00,220.16,78.75,68.05,166.00,90.56,45.75,92.00,14.25,36.00,101.46,19.57,6.00,0.98,15.00,0.00,46.50,0.39
1199.796,1525.00,13.54,0.39,116.00,220.16,78.75,68.05,166.00,90.56,45.75,92.00,14.25,36.00,101.46,32.36,6.00,0.98,15.00,0.00,46.50,0.39
1200.036,1525.00,13.54,0.39,116.00,220.16,78.75,68.05,166.00,90.56,45.75,92.00,14.25,36.00,101.46,32.36,6.00,0.98,15.00,0.00,46.50,0.39
1200.277,1525.00,13.54,0.39,116.00,220.16,78.75,68.05,166.00,90.56,45.75,92.00,14.25,36.00,101.46,32.36,6.00,0.99,15.00,0.00,46.50,0.39
1200.516,1525.00,13.54,0.39,116.00,220.16,78.75,68.05,166.00,90.56,45.75,92.00,14.25,36.00,101.46,32.36,6.00,0.99,3.75,0.00,46.50,0.39
1200.756,1525.00,13.54,0.39,116.00,220.16,78.75,68.05,166.00,90.56,45.75,92.00,14.25,36.00,101.46,32.36,6.00,0.99,3.75,0.00,46.50,0.39
1200.996,1525.00,13.54,0.39,116.00,220.16,78.75,68.05,166.00,90.56,45.75,92.00,14.25,36.00,101.46,32.36,6.00,0.99,3.75,0.00,45.75,0.39
1201.236,1525.00,13.54,0.39,116.00,220.16,78.75,68.05,166.00,90.56,45.75,92.00,14.25,36.00,101.46,32.36,6.00,0.99,3.75,0.00,45.75,0.00
1201.477,1721.00,13.54,0.39,116.00,220.16,78.75,68.05,166.00,90.56,45.75,92.00,14.25,36.00,101.46,32.36,6.00,0.99,3.75,0.00,45.75,0.00
1201.716,1721.00,21.07,0.39,116.00,220.16,78.75,68.05,166.00,90.56,45.75,92.00,14.25,36.00,101.46,32.36,6.00,0.99,3.75,0.00,45.75,0.00
1201.956,1721.00,21.07,7.21,116.00,220.16,78.75,68.05,166.00,90.56,45.75,92.00,14.25,36.00,101.46,32.36,6.00,0.99,3.75,0.00,45.75,0.00
1202.196,1721.00,21.07,7.21,248.00,220.16,78.75,68.05,166.00,90.56,45.75,92.00,14.25,36.00,101.46,32.36,6.00,0.99,3.75,0.00,45.75,0.00
1202.436,1721.00,21.07,7.21,248.00,256.38,78.75,68.05,166.00,90.56,45.75,92.00,14.25,36.00,101.46,32.36,6.00,0.99,3.75,0.00,45.75,0.00
1202.677,1721.00,21.07,7.21,248.00,256.38,125.25,68.05,166.00,90.56,45.75,92.00,14.25,36.00,101.46,32.36,6.00,0.99,3.75,0.00,45.75,0.00
1202.916,1721.00,21.07,7.21,248.00,256.38,125.25,75.86,166.00,90.56,45.75,92.00,14.25,36.00,101.46,32.36,6.00,0.99,3.75,0.00,45.75,0.00
1203.156,1721.00,21.07,7.21,248.00,256.38,125.25,75.86,271.10,90.56,45.75,92.00,14.25,36.00,101.46,32.36,6.00,0.99,3.75,0.00,45.75,0.00
1203.396,1721.00,21.07,7.21,248.00,256.38,125.25,75.86,271.10,91.96,45.75,92.00,14.25,36.00,101.46,32.36,6.00,0.99,3.75,0.00,45.75,0.00
1203.636,1721.00,21.07,7.21,248.00,256.38,125.25,75.86,271.10,91.96,45.75,92.00,14.25,36.00,101.46,32.36,6.00,0.99,3.75,0.00,45.75,0.00
1203.877,1721.00,21.07,7.21,248.00,256.38,125.25,75.86,271.10,91.96,45.75,92.00,14.25,36.00,101.46,32.36,6.00,0.99,3.75,0.00,45.75,0.00
1204.116,1721.00,21.07,7.21,248.00,256.38,125.25,75.86,271.10,91.96,45.75,92.00,14.25,36.00,101.46,32.36,6.00,0.99,3.75,0.00,45.75,0.00
1204.356,1721.00,21.07,7.21,248.00,256.38,125.25,75.86,271.10,91.96,45.75,92.00,14.25,36.00,101.46,32.36,6.00,0.99,3.75,0.00,45.75,0.00
1204.596,1721.00,21.07,7.21,248.00,256.38,125.25,75.86,271.10,91.96,45.75,92.00,14.25,36.00,117.33,32.36,6.00,0.99,3.75,0.00,45.75,0.00
1204.836,1721.00,21.07,7.21,248.00,256.38,125.25,75.86,271.10,91.96,45.75,92.00,14.25,36.00,117.33,97.95,6.00,0.99,3.75,0.00,45.75,0.00
1205.077,1721.00,21.07,7.21,248.00,256.38,125.25,75.86,271.10,91.96,45.75,92.00,14.25,36.00,117.33,97.95,6.00,0.99,3.75,0.00,45.75,0.00
1205.316,1721.00,21.07,7.21,248.00,256.38,125.25,75.86,271.10,91.96,45.75,92.00,14.25,36.00,117.33,97.95,6.00,0.99,3.75,0.00,45.75,0.00
1205.556,1721.00,21.07,7.21,248.00,256.38,125.25,75.86,271.10,91.96,45.75,92.00,14.25,36.00,117.33,97.95,6.00,0.99,-2.25,0.00,45.75,0.00
1205.796,1721.00,21.07,7.21,248.00,256.38,125.25,75.86,271.10,91.96,45.75,92.00,14.25,36.00,117.33,97.95,6.00,0.99,-2.25,0.00,45.75,0.00
1206.036,1721.00,21.07,7.21,248.00,256.38,125.25,75.86,271.10,91.96,45.75,92.00,14.25,36.00,117.33,97.95,6.00,0.99,-2.25,0.00,45.75,0.00
1206.276,1721.00,21.07,7.21,248.00,256.38,125.25,75.86,271.10,91.96,45.75,92.00,14.25,36.00,117.33,97.95,6.00,0.99,-2.25,0.00,45.75,0.00
1206.516,2028.00,21.07,7.21,248.00,256.38,125.25,75.86,271.10,91.96,45.75,92.00,14.25,36.00,117.33,97.95,6.00,0.99,-2.25,0.00,45.75,0.00
1206.756,2028.00,30.98,7.21,248.00,256.38,125.25,75.86,271.10,91.96,45.75,92.00,14.25,36.00,117.33,97.95,6.00,0.99,-2.25,0.00,45.75,0.00
1206.996,2028.00,30.98,17.63,248.00,256.38,125.25,75.86,271.10,91.96,45.75,92.00,14.25,36.00,117.33,97.95,6.00,0.99,-2.25,0.00,45.75,0.00
1207.236,2028.00,30.98,17.63,408.00,256.38,125.25,75.86,271.10,91.96,45.75,92.00,14.25,36.00,117.33,97.95,6.00,0.99,-2.25,0.00,45.75,0.00
1207.477,2028.00,30.98,17.63,408.00,407.53,125.25,75.86,271.10,91.96,45.75,92.00,14.25,36.00,117.33,97.95,6.00,0.99,-2.25,0.00,45.75,0.00
1207.716,2028.00,30.98,17.63,408.00,407.53,165.75,75.86,271.10,91.96,45.75,92.00,14.25,36.00,117.33,97.95,6.00,0.99,-2.25,0.00,45.75,0.00
1207.956,2028.00,30.98,17.63,408.00,407.53,165.75,99.15,271.10,91.96,45.75,92.00,14.25,36.00,117.33,97.95,6.00,0.99,-2.25,0.00,45.75,0.00
1208.196,2028.00,30.98,17.63,408.00,407.53,165.75,99.15,412.50,91.96,45.75,92.00,14.25,36.00,117.33,97.95,6.00,0.99,-2.25,0.00,45.75,0.00
1208.436,2028.00,30.98,17.63,408.00,407.53,165.75,99.15,412.50,95.36,45.75,92.00,14.25,36.00,117.33,97.95,6.00,0.99,-2.25,0.00,45.75,0.00
1208.677,2028.00,30.98,17.63,408.00,407.53,165.75,99.15,412.50,95.36,45.00,92.00,14.25,36.00,117.33,97.95,6.00,0.99,-2.25,0.00,45.75,0.00
1208.916,2028.00,30.98,17.63,408.00,407.53,165.75,99.15,412.50,95.36,45.00,92.00,14.25,36.00,117.33,97.95,6.00,0.99,-2.25,0.00,45.75,0.00
1209.156,2028.00,30.98,17.63,408.00,407.53,165.75,99.15,412.50,95.36,45.00,92.00,14.25,36.00,117.33,97.95,6.00,0.99,-2.25,0.00,45.75,0.00
1209.396,2028.00,30.98,17.63,408.00,407.53,165.75,99.15,412.50,95.36,45.00,92.00,14.25,36.00,117.33,97.95,6.00,0.99,-2.25,0.00,45.75,0.00
1209.636,2028.00,30.98,17.63,408.00,407.53,165.75,99.15,412.50,95.36,45.00,92.00,14.25,36.00,139.03,97.95,6.00,0.99,-2.25,0.00,45.75,0.00
1209.876,2028.00,30.98,17.63,408.00,407.53,165.75,99.15,412.50,95.36,45.00,92.00,14.25,36.00,139.03,97.99,6.00,0.99,-2.25,0.00,45.75,0.00
1210.116,2028.00,30.98,17.63,408.00,407.53,165.75,99.15,412.50,95.36,45.00,92.00,14.25,36.00,139.03,97.99,6.00,0.99,-2.25,0.00,45.75,0.00
1210.356,2028.00,30.98,17.63,408.00,407.53,165.75,99.15,412.50,95.36,45.00,92.00,14.25,36.00,139.03,97.99,6.00,0.99,-2.25,0.00,45.75,0.00
1210.596,2028.00,30.98,17.63,408.00,407.53,165.75,99.15,412.50,95.36,45.00,92.00,14.25,36.00,139.03,97.99,6.00,0.99,0.00,0.00,45.75,0.00
1210.836,2028.00,30.98,17.63,408.00,407.53,165.75,99.15,412.50,95.36,45.00,92.00,14.25,36.00,139.03,97.99,6.00,0.99,0.00,0.00,45.75,0.00
1211.077,2028.00,30.98,17.63,408.00,407.53,165.75,99.15,412.50,95.36,45.00,92.00,14.25,36.00,139.03,97.99,6.00,0.99,0.00,0.00,45.75,0.00
1211.316,2028.00,30.98,17.63,408.00,407.53,165.75,99.15,412.50,95.36,45.00,92.00,14.25,36.00,139.03,97.99,6.00,0.99,0.00,0.00,45.75,3.91
1211.556,2377.50,30.98,17.63,408.00,407.53,165.75,99.15,412.50,95.36,45.00,92.00,14.25,36.00,139.03,97.99,6.00,0.99,0.00,0.00,45.75,3.91
1211.796,2377.50,30.86,17.63,408.00,407.53,165.75,99.15,412.50,95.36,45.00,92.00,14.25,36.00,139.03,97.99,6.00,0.99,0.00,0.00,45.75,3.91
1212.036,2377.50,30.86,16.57,408.00,407.53,165.75,99.15,412.50,95.36,45.00,92.00,14.25,36.00,139.03,97.99,6.00,0.99,0.00,0.00,45.75,3.91
1212.276,2377.50,30.86,16.57,468.00,407.53,165.75,99.15,412.50,95.36,45.00,92.00,14.25,36.00,139.03,97.99,6.00,0.99,0.00,0.00,45.75,3.91
1212.516,2377.50,30.86,16.57,468.00,37.72,165.75,99.15,412.50,95.36,45.00,92.00,14.25,36.00,139.03,97.99,6.00,0.99,0.00,0.00,45.75,3.91
1212.756,2377.50,30.86,16.57,468.00,37.72,15.75,99.15,412.50,95.36,45.00,92.00,14.25,36.00,139.03,97.99,6.00,0.99,0.00,0.00,45.75,3.91
1212.996,2377.50,30.86,16.57,468.00,37.72,15.75,120.65,412.50,95.36,45.00,92.00,14.25,36.00,139.03,97.99,6.00,0.99,0.00,0.00,45.75,3.91
1213.236,2377.50,30.86,16.57,468.00,37.72,15.75,120.65,44.90,95.36,45.00,92.00,14.25,36.00,139.03,97.99,6.00,0.99,0.00,0.00,45.75,3.91
1213.477,2377.50,30.86,16.57,468.00,37.72,15.75,120.65,44.90,97.26,45.00,92.00,14.25,36.00,139.03,97.99,6.00,0.99,0.00,0.00,45.75,3.91
1213.716,2377.50,30.86,16.57,468.00,37.72,15.75,120.65,44.90,97.26,50.25,92.00,14.25,36.00,139.03,97.99,6.00,0.99,0.00,0.00,45.75,3.91
1213.956,2377.50,30.86,16.57,468.00,37.72,15.75,120.65,44.90,97.26,50.25,93.00,14.25,36.00,139.03,97.99,6.00,0.99,0.00,0.00,45.75,3.91
1214.196,2377.50,30.86,16.57,468.00,37.72,15.75,120.65,44.90,97.26,50.25,93.00,14.25,36.00,139.03,97.99,6.00,0.99,0.00,0.00,45.75,3.91
1214.436,2377.50,30.86,16.57,468.00,37.72,15.75,120.65,44.90,97.26,50.25,93.00,14.25,36.00,139.03,97.99,6.00,0.99,0.00,0.00,45.75,3.91
1214.677,2377.50,30.86,16.57,468.00,37.72,15.75,120.65,44.90,97.26,50.25,93.00,14.25,36.00,145.10,97.99,6.00,0.99,0.00,0.00,45.75,3.91
1214.916,2377.50,30.86,16.57,468.00,37.72,15.75,120.65,44.90,97.26,50.25,93.00,14.25,36.00,145.10,12.64,6.00,0.99,0.00,0.00,45.75,3.91
1215.156,2377.50,30.86,16.57,468.00,37.72,15.75,120.65,44.90,97.26,50.25,93.00,14.25,36.00,145.10,12.64,6.00,0.99,0.00,0.00,45.75,3.91
1215.396,2377.50,30.86,16.57,468.00,37.72,15.75,120.65,44.90,97.26,50.25,93.00,14.25,36.00,145.10,12.64,6.00,16.00,0.00,0.00,45.75,3.91
1215.636,2377.50,30.86,16.57,468.00,37.72,15.75,120.65,44.90,97.26,50.25,93.00,14.25,36.00,145.10,12.64,6.00,16.00,-15.75,0.00,45.75,3.91
1215.877,2377.50,30.86,16.57,468.00,37.72,15.75,120.65,44.90,97.26,50.25,93.00,14.25,36.00,145.10,12.64,6.00,16.00,-15.75,0.00,45.75,3.91
1216.116,2377.50,30.86,16.57,468.00,37.72,15.75,120.65,44.90,97.26,50.25,93.00,14.25,36.00,145.10,12.64,6.00,16.00,-15.75,0.00,45.75,3.91
1216.356,2377.50,30.86,16.57,468.00,37.72,15.75,120.65,44.90,97.26,50.25,93.00,14.25,36.00,145.10,12.64,6.00,16.00,-15.75,0.00,45.75,0.39
1216.596,2232.50,30.86,16.57,468.00,37.72,15.75,120.65,44.90,97.26,50.25,93.00,14.25,36.00,145.10,12.64,6.00,16.00,-15.75,0.00,45.75,0.39
1216.836,2232.50,13.54,16.57,468.00,37.72,15.75,120.65,44.90,97.26,50.25,93.00,14.25,36.00,145.10,12.64,6.00,16.00,-15.75,0.00,45.75,0.39
1217.077,2232.50,13.54,0.58,468.00,37.72,15.75,120.65,44.90,97.26,50.25,93.00,14.25,36.00,145.10,12.64,6.00,16.00,-15.75,0.00,45.75,0.39
1217.316,2232.50,13.54,0.58,44.00,37.72,15.75,120.65,44.90,97.26,50.25,93.00,14.25,36.00,145.10,12.64,6.00,16.00,-15.75,0.00,45.75,0.39
1217.556,2232.50,13.54,0.58,44.00,43.47,15.75,120.65,44.90,97.26,50.25,93.00,14.25,36.00,145.10,12.64,6.00,16.00,-15.75,0.00,45.75,0.39
1217.796,2232.50,13.54,0.58,44.00,43.47,16.50,120.65,44.90,97.26,50.25,93.00,14.25,36.00,145.10,12.64,6.00,16.00,-15.75,0.00,45.75,0.39
1218.036,2232.50,13.54,0.58,44.00,43.47,16.50,110.15,44.90,97.26,50.25,93.00,14.25,36.00,145.10,12.64,6.00,16.00,-15.75,0.00,45.75,0.39
1218.277,2232.50,13.54,0.58,44.00,43.47,16.50,110.15,43.10,97.26,50.25,93.00,14.25,36.00,145.10,12.64,6.00,16.00,-15.75,0.00,45.75,0.39
1218.516,2232.50,13.54,0.58,44.00,43.47,16.50,110.15,43.10,84.86,50.25,93.00,14.25,36.00,145.10,12.64,6.00,16.00,-15.75,0.00,45.75,0.39
1218.756,2232.50,13.54,0.58,44.00,43.47,16.50,110.15,43.10,84.86,75.75,93.00,14.25,36.00,145.10,12.64,6.00,16.00,-15.75,0.00,45.75,0.39
1218.996,2232.50,13.54,0.58,44.00,43.47,16.50,110.15,43.10,84.86,75.75,92.00,14.25,36.00,145.10,12.64,6.00,16.00,-15.75,0.00,45.75,0.39
1219.236,2232.50,13.54,0.58,44.00,43.47,16.50,110.15,43.10,84.86,75.75,92.00,14.25,36.00,145.10,12.64,6.00,16.00,-15.75,0.00,45.75,0.39
1219.477,2232.50,13.54,0.58,44.00,43.47,16.50,110.15,43.10,84.86,75.75,92.00,14.25,36.00,145.10,12.64,6.00,16.00,-15.75,0.00,45.75,0.39
1219.716,2232.50,13.54,0.58,44.00,43.47,16.50,110.15,43.10,84.86,75.75,92.00,14.25,36.00,135.14,12.64,6.00,16.00,-15.75,0.00,45.75,0.39
1219.956,2232.50,13.54,0.58,44.00,43.47,16.50,110.15,43.10,84.86,75.75,92.00,14.25,36.00,135.14,12.11,6.00,16.00,-15.75,0.00,45.75,0.39
1220.196,2232.50,13.54,0.58,44.00,43.47,16.50,110.15,43.10,84.86,75.75,92.00,14.25,36.00,135.14,12.11,6.00,16.00,-15.75,0.00,45.75,0.39
1220.436,2232.50,13.54,0.58,44.00,43.47,16.50,110.15,43.10,84.86,75.75,92.00,14.25,36.00,135.14,12.11,6.00,16.00,-15.75,0.00,45.75,0.39
1220.677,2232.50,13.54,0.58,44.00,43.47,16.50,110.15,43.10,84.86,75.75,92.00,14.25,36.00,135.14,12.11,6.00,16.00,-16.50,0.00,45.75,0.39
1220.916,2232.50,13.54,0.58,44.00,43.47,16.50,110.15,43.10,84.86,75.75,92.00,14.25,36.00,135.14,12.11,6.00,16.00,-16.50,0.00,45.75,0.39
1221.156,2232.50,13.54,0.58,44.00,43.47,16.50,110.15,43.10,84.86,75.75,92.00,14.25,36.00,135.14,12.11,6.00,16.00,-16.50,0.00,46.50,0.39
1221.396,2232.50,13.54,0.58,44.00,43.47,16.50,110.15,43.10,84.86,75.75,92.00,14.25,36.00,135.14,12.11,6.00,16.00,-16.50,0.00,46.50,0.39
1221.636,2092.00,13.54,0.58,44.00,43.47,16.50,110.15,43.10,84.86,75.75,92.00,14.25,36.00,135.14,12.11,6.00,16.00,-16.50,0.00,46.50,0.39
1221.876,2092.00,13.51,0.58,44.00,43.47,16.50,110.15,43.10,84.86,75.75,92.00,14.25,36.00,135.14,12.11,6.00,16.00,-16.50,0.00,46.50,0.39
1222.116,2092.00,13.51,0.41,44.00,43.47,16.50,110.15,43.10,84.86,75.75,92.00,14.25,36.00,135.14,12.11,6.00,16.00,-16.50,0.00,46.50,0.39
1222.356,2092.00,13.51,0.41,36.00,43.47,16.50,110.15,43.10,84.86,75.75,92.00,14.25,36.00,135.14,12.11,6.00,16.00,-16.50,0.00,46.50,0.39
1222.596,2092.00,13.51,0.41,36.00,32.25,16.50,110.15,43.10,84.86,75.75,92.00,14.25,36.00,135.14,12.11,6.00,16.00,-16.50,0.00,46.50,0.39
1222.836,2092.00,13.51,0.41,36.00,32.25,12.75,110.15,43.10,84.86,75.75,92.00,14.25,36.00,135.14,12.11,6.00,16.00,-16.50,0.00,46.50,0.39
1223.077,2092.00,13.51,0.41,36.00,32.25,12.75,97.75,43.10,84.86,75.75,92.00,14.25,36.00,135.14,12.11,6.00,16.00,-16.50,0.00,46.50,0.39
1223.316,2092.00,13.51,0.41,36.00,32.25,12.75,97.75,32.60,84.86,75.75,92.00,14.25,36.00,135.14,12.11,6.00,16.00,-16.50,0.00,46.50,0.39
1223.556,2092.00,13.51,0.41,36.00,32.25,12.75,97.75,32.60,84.76,75.75,92.00,14.25,36.00,135.14,12.11,6.00,16.00,-16.50,0.00,46.50,0.39
1223.796,2092.00,13.51,0.41,36.00,32.25,12.75,97.75,32.60,84.76,68.25,92.00,14.25,36.00,135.14,12.11,6.00,16.00,-16.50,0.00,46.50,0.39
1224.036,2092.00,13.51,0.41,36.00,32.25,12.75,97.75,32.60,84.76,68.25,92.00,14.25,36.00,135.14,12.11,6.00,16.00,-16.50,0.00,46.50,0.39
1224.277,2092.00,13.51,0.41,36.00,32.25,12.75,97.75,32.60,84.76,68.25,92.00,14.25,36.00,135.14,12.11,6.00,16.00,-16.50,0.00,46.50,0.39
1224.518,2092.00,13.51,0.41,36.00,32.25,12.75,97.75,32.60,84.76,68.25,92.00,14.25,36.00,135.14,12.11,6.00,16.00,-16.50,0.00,46.50,0.39
1224.756,2092.00,13.51,0.41,36.00,32.25,12.75,97.75,32.60,84.76,68.25,92.00,14.25,36.00,128.20,12.11,6.00,16.00,-16.50,0.00,46.50,0.39
1224.996,2092.00,13.51,0.41,36.00,32.25,12.75,97.75,32.60,84.76,68.25,92.00,14.25,36.00,128.20,12.41,6.00,16.00,-16.50,0.00,46.50,0.39
1225.236,2092.00,13.51,0.41,36.00,32.25,12.75,97.75,32.60,84.76,68.25,92.00,14.25,36.00,128.20,12.41,6.00,16.00,-16.50,0.00,46.50,0.39
1225.477,2092.00,13.51,0.41,36.00,32.25,12.75,97.75,32.60,84.76,68.25,92.00,14.25,36.00,128.20,12.41,6.00,0.95,-16.50,0.00,46.50,0.39
1225.716,2092.00,13.51,0.41,36.00,32.25,12.75,97.75,32.60,84.76,68.25,92.00,14.25,36.00,128.20,12.41,6.00,0.95,24.00,0.00,46.50,0.39
1225.956,2092.00,13.51,0.41,36.00,32.25,12.75,97.75,32.60,84.76,68.25,92.00,14.25,36.00,128.20,12.41,6.00,0.95,24.00,0.00,46.50,0.39
1226.196,2092.00,13.51,0.41,36.00,32.25,12.75,97.75,32.60,84.76,68.25,92.00,14.25,36.00,128.20,12.41,6.00,0.95,24.00,0.00,46.50,0.39
1226.436,2092.00,13.51,0.41,36.00,32.25,12.75,97.75,32.60,84.76,68.25,92.00,14.25,36.00,128.20,12.41,6.00,0.95,24.00,0.00,46.50,0.39
1226.677,2044.00,13.51,0.41,36.00,32.25,12.75,97.75,32.60,84.76,68.25,92.00,14.25,36.00,128.20,12.41,6.00,0.95,24.00,0.00,46.50,0.39
1226.916,2044.00,13.52,0.41,36.00,32.25,12.75,97.75,32.60,84.76,68.25,92.00,14.25,36.00,128.20,12.41,6.00,0.95,24.00,0.00,46.50,0.39
1227.156,2044.00,13.52,0.42,36.00,32.25,12.75,97.75,32.60,84.76,68.25,92.00,14.25,36.00,128.20,12.41,6.00,0.95,24.00,0.00,46.50,0.39
1227.396,2044.00,13.52,0.42,56.00,32.25,12.75,97.75,32.60,84.76,68.25,92.00,14.25,36.00,128.20,12.41,6.00,0.95,24.00,0.00,46.50,0.39
1227.636,2044.00,13.52,0.42,56.00,55.66,12.75,97.75,32.60,84.76,68.25,92.00,14.25,36.00,128.20,12.41,6.00,0.95,24.00,0.00,46.50,0.39
1227.877,2044.00,13.52,0.42,56.00,55.66,24.00,97.75,32.60,84.76,68.25,92.00,14.25,36.00,128.20,12.41,6.00,0.95,24.00,0.00,46.50,0.39
1228.116,2044.00,13.52,0.42,56.00,55.66,24.00,88.44,32.60,84.76,68.25,92.00,14.25,36.00,128.20,12.41,6.00,0.95,24.00,0.00,46.50,0.39
1228.355,2044.00,13.52,0.42,56.00,55.66,24.00,88.44,56.50,84.76,68.25,92.00,14.25,36.00,128.20,12.41,6.00,0.95,24.00,0.00,46.50,0.39
1228.597,2044.00,13.52,0.42,56.00,55.66,24.00,88.44,56.50,86.26,68.25,92.00,14.25,36.00,128.20,12.41,6.00,0.95,24.00,0.00,46.50,0.39
1228.836,2044.00,13.52,0.42,56.00,55.66,24.00,88.44,56.50,86.26,63.00,92.00,14.25,36.00,128.20,12.41,6.00,0.95,24.00,0.00,46.50,0.39
1229.076,2044.00,13.52,0.42,56.00,55.66,24.00,88.44,56.50,86.26,63.00,91.00,14.25,36.00,128.20,12.41,6.00,0.95,24.00,0.00,46.50,0.39
1229.316,2044.00,13.52,0.42,56.00,55.66,24.00,88.44,56.50,86.26,63.00,91.00,14.25,36.00,128.20,12.41,6.00,0.95,24.00,0.00,46.50,0.39
1229.556,2044.00,13.52,0.42,56.00,55.66,24.00,88.44,56.50,86.26,63.00,91.00,14.25,36.00,128.20,12.41,6.00,0.95,24.00,0.00,46.50,0.39
1229.797,2044.00,13.52,0.42,56.00,55.66,24.00,88.44,56.50,86.26,63.00,91.00,14.25,36.00,127.72,12.41,6.00,0.95,24.00,0.00,46.50,0.39
1230.036,2044.00,13.52,0.42,56.00,55.66,24.00,88.44,56.50,86.26,63.00,91.00,14.25,36.00,127.72,15.45,6.00,0.95,24.00,0.00,46.50,0.39
1230.277,2044.00,13.52,0.42,56.00,55.66,24.00,88.44,56.50,86.26,63.00,91.00,14.25,36.00,127.72,15.45,6.00,0.95,24.00,0.00,46.50,0.39
1230.516,2044.00,13.52,0.42,56.00,55.66,24.00,88.44,56.50,86.26,63.00,91.00,14.25,36.00,127.72,15.45,6.00,1.00,24.00,0.00,46.50,0.39
1230.756,2044.00,13.52,0.42,56.00,55.66,24.00,88.44,56.50,86.26,63.00,91.00,14.25,36.00,127.72,15.45,6.00,1.00,24.75,0.00,46.50,0.39
1230.996,2044.00,13.52,0.42,56.00,55.66,24.00,88.44,56.50,86.26,63.00,91.00,14.25,36.00,127.72,15.45,6.00,1.00,24.75,0.00,46.50,0.39
1231.236,2044.00,13.52,0.42,56.00,55.66,24.00,88.44,56.50,86.26,63.00,91.00,14.25,36.00,127.72,15.45,6.00,1.00,24.75,0.00,46.50,0.39
1231.477,2044.00,13.52,0.42,56.00,55.66,24.00,88.44,56.50,86.26,63.00,91.00,14.25,36.00,127.72,15.45,6.00,1.00,24.75,0.00,46.50,0.78
1231.716,2045.50,13.52,0.42,56.00,55.66,24.00,88.44,56.50,86.26,63.00,91.00,14.25,36.00,127.72,15.45,6.00,1.00,24.75,0.00,46.50,0.78
1231.956,2045.50,13.51,0.42,56.00,55.66,24.00,88.44,56.50,86.26,63.00,91.00,14.25,36.00,127.72,15.45,6.00,1.00,24.75,0.00,46.50,0.78
1232.196,2045.50,13.51,0.50,56.00,55.66,24.00,88.44,56.50,86.26,63.00,91.00,14.25,36.00,127.72,15.45,6.00,1.00,24.75,0.00,46.50,0.78
1232.436,2045.50,13.51,0.50,52.00,55.66,24.00,88.44,56.50,86.26,63.00,91.00,14.25,36.00,127.72,15.45,6.00,1.00,24.75,0.00,46.50,0.78
1232.677,2045.50,13.51,0.50,52.00,53.00,24.00,88.44,56.50,86.26,63.00,91.00,14.25,36.00,127.72,15.45,6.00,1.00,24.75,0.00,46.50,0.78
1232.916,2045.50,13.51,0.50,52.00,53.00,23.25,88.44,56.50,86.26,63.00,91.00,14.25,36.00,127.72,15.45,6.00,1.00,24.75,0.00,46.50,0.78
1233.156,2045.50,13.51,0.50,52.00,53.00,23.25,82.05,56.50,86.26,63.00,91.00,14.25,36.00,127.72,15.45,6.00,1.00,24.75,0.00,46.50,0.78
1233.396,2045.50,13.51,0.50,52.00,53.00,23.25,82.05,55.40,86.26,63.00,91.00,14.25,36.00,127.72,15.45,6.00,1.00,24.75,0.00,46.50,0.78
1233.636,2045.50,13.51,0.50,52.00,53.00,23.25,82.05,55.40,90.06,63.00,91.00,14.25,36.00,127.72,15.45,6.00,1.00,24.75,0.00,46.50,0.78
1233.877,2045.50,13.51,0.50,52.00,53.00,23.25,82.05,55.40,90.06,61.50,91.00,14.25,36.00,127.72,15.45,6.00,1.00,24.75,0.00,46.50,0.78
1234.116,2045.50,13.51,0.50,52.00,53.00,23.25,82.05,55.40,90.06,61.50,91.00,14.25,36.00,127.72,15.45,6.00,1.00,24.75,0.00,46.50,0.78
1234.356,2045.50,13.51,0.50,52.00,53.00,23.25,82.05,55.40,90.06,61.50,91.00,14.26,36.00,127.72,15.45,6.00,1.00,24.75,0.00,46.50,0.78
1234.596,2045.50,13.51,0.50,52.00,53.00,23.25,82.05,55.40,90.06,61.50,91.00,14.26,36.00,127.72,15.45,6.00,1.00,24.75,0.00,46.50,0.78
1234.836,2045.50,13.51,0.50,52.00,53.00,23.25,82.05,55.40,90.06,61.50,91.00,14.26,36.00,127.50,15.45,6.00,1.00,24.75,0.00,46.50,0.78
1235.076,2045.50,13.51,0.50,52.00,53.00,23.25,82.05,55.40,90.06,61.50,91.00,14.26,36.00,127.50,20.21,6.00,1.00,24.75,0.00,46.50,0.78
1235.316,2045.50,13.51,0.50,52.00,53.00,23.25,82.05,55.40,90.06,61.50,91.00,14.26,36.00,127.50,20.21,6.00,1.00,24.75,0.00,46.50,0.78
1235.556,2045.50,13.51,0.50,52.00,53.00,23.25,82.05,55.40,90.06,61.50,91.00,14.26,36.00,127.50,20.21,6.00,1.01,24.75,0.00,46.50,0.78
1235.796,2045.50,13.51,0.50,52.00,53.00,23.25,82.05,55.40,90.06,61.50,91.00,14.26,36.00,127.50,20.21,6.00,1.01,18.75,0.00,46.50,0.78
1236.036,2045.50,13.51,0.50,52.00,53.00,23.25,82.05,55.40,90.06,61.50,91.00,14.26,36.00,127.50,20.21,6.00,1.01,18.75,0.00,46.50,0.78
1236.277,2045.50,13.51,0.50,52.00,53.00,23.25,82.05,55.40,90.06,61.50,91.00,14.26,36.00,127.50,20.21,6.00,1.01,18.75,0.00,46.50,0.78
1236.516,2045.50,13.51,0.50,52.00,53.00,23.25,82.05,55.40,90.06,61.50,91.00,14.26,36.00,127.50,20.21,6.00,1.01,18.75,0.00,46.50,0.78
1236.756,3171.50,13.51,0.50,52.00,53.00,23.25,82.05,55.40,90.06,61.50,91.00,14.26,36.00,127.50,20.21,6.00,1.01,18.75,0.00,46.50,0.78
1236.996,3171.50,13.49,0.50,52.00,53.00,23.25,82.05,55.40,90.06,61.50,91.00,14.26,36.00,127.50,20.21,6.00,1.01,18.75,0.00,46.50,0.78
1237.236,3171.50,13.49,0.99,52.00,53.00,23.25,82.05,55.40,90.06,61.50,91.00,14.26,36.00,127.50,20.21,6.00,1.01,18.75,0.00,46.50,0.78
1237.477,3171.50,13.49,0.99,76.00,53.00,23.25,82.05,55.40,90.06,61.50,91.00,14.26,36.00,127.50,20.21,6.00,1.01,18.75,0.00,46.50,0.78
1237.716,3171.50,13.49,0.99,76.00,130.16,23.25,82.05,55.40,90.06,61.50,91.00,14.26,36.00,127.50,20.21,6.00,1.01,18.75,0.00,46.50,0.78
1237.956,3171.50,13.49,0.99,76.00,130.16,30.75,82.05,55.40,90.06,61.50,91.00,14.26,36.00,127.50,20.21,6.00,1.01,18.75,0.00,46.50,0.78
1238.196,3171.50,13.49,0.99,76.00,130.16,30.75,77.94,55.40,90.06,61.50,91.00,14.26,36.00,127.50,20.21,6.00,1.01,18.75,0.00,46.50,0.78
1238.436,3171.50,13.49,0.99,76.00,130.16,30.75,77.94,141.60,90.06,61.50,91.00,14.26,36.00,127.50,20.21,6.00,1.01,18.75,0.00,46.50,0.78
1238.677,3171.50,13.49,0.99,76.00,130.16,30.75,77.94,141.60,93.26,61.50,91.00,14.26,36.00,127.50,20.21,6.00,1.01,18.75,0.00,46.50,0.78
1238.916,3171.50,13.49,0.99,76.00,130.16,30.75,77.94,141.60,93.26,60.75,91.00,14.26,36.00,127.50,20.21,6.00,1.01,18.75,0.00,46.50,0.78
1239.156,3171.50,13.49,0.99,76.00,130.16,30.75,77.94,141.60,93.26,60.75,91.00,14.26,36.00,127.50,20.21,6.00,1.01,18.75,0.00,46.50,0.78
1239.396,3171.50,13.49,0.99,76.00,130.16,30.75,77.94,141.60,93.26,60.75,91.00,14.26,36.00,127.50,20.21,6.00,1.01,18.75,0.00,46.50,0.78
1239.636,3171.50,13.49,0.99,76.00,130.16,30.75,77.94,141.60,93.26,60.75,91.00,14.26,36.00,127.50,20.21,6.00,1.01,18.75,0.00,46.50,0.78
1239.876,3171.50,13.49,0.99,76.00,130.16,30.75,77.94,141.60,93.26,60.75,91.00,14.26,36.00,126.39,20.21,6.00,1.01,18.75,0.00,46.50,0.78
1240.116,3171.50,13.49,0.99,76.00,130.16,30.75,77.94,141.60,93.26,60.75,91.00,14.26,36.00,126.39,19.88,6.00,1.01,18.75,0.00,46.50,0.78
1240.356,3171.50,13.49,0.99,76.00,130.16,30.75,77.94,141.60,93.26,60.75,91.00,14.26,36.00,126.39,19.88,5.00,1.01,18.75,0.00,46.50,0.78
1240.596,3171.50,13.49,0.99,76.00,130.16,30.75,77.94,141.60,93.26,60.75,91.00,14.26,36.00,126.39,19.88,5.00,1.00,18.75,0.00,46.50,0.78
1240.836,3171.50,13.49,0.99,76.00,130.16,30.75,77.94,141.60,93.26,60.75,91.00,14.26,36.00,126.39,19.88,5.00,1.00,36.75,0.00,46.50,0.78
1241.077,3171.50,13.49,0.99,76.00,130.16,30.75,77.94,141.60,93.26,60.75,91.00,14.26,36.00,126.39,19.88,5.00,1.00,36.75,0.00,46.50,0.78
1241.316,3171.50,13.49,0.99,76.00,130.16,30.75,77.94,141.60,93.26,60.75,91.00,14.26,36.00,126.39,19.88,5.00,1.00,36.75,0.00,45.75,0.78
1241.556,3171.50,13.49,0.99,76.00,130.16,30.75,77.94,141.60,93.26,60.75,91.00,14.26,36.00,126.39,19.88,5.00,1.00,36.75,0.00,45.75,0.39
1241.796,4167.00,13.49,0.99,76.00,130.16,30.75,77.94,141.60,93.26,60.75,91.00,14.26,36.00,126.39,19.88,5.00,1.00,36.75,0.00,45.75,0.39
1242.036,4167.00,13.53,0.99,76.00,130.16,30.75,77.94,141.60,93.26,60.75,91.00,14.26,36.00,126.39,19.88,5.00,1.00,36.75,0.00,45.75,0.39
1242.277,4167.00,13.53,2.12,76.00,130.16,30.75,77.94,141.60,93.26,60.75,91.00,14.26,36.00,126.39,19.88,5.00,1.00,36.75,0.00,45.75,0.39
1242.516,4167.00,13.53,2.12,132.00,130.16,30.75,77.94,141.60,93.26,60.75,91.00,14.26,36.00,126.39,19.88,5.00,1.00,36.75,0.00,45.75,0.39
1242.756,4167.00,13.53,2.12,132.00,132.53,30.75,77.94,141.60,93.26,60.75,91.00,14.26,36.00,126.39,19.88,5.00,1.00,36.75,0.00,45.75,0.39
1242.996,4167.00,13.53,2.12,132.00,132.53,27.75,77.94,141.60,93.26,60.75,91.00,14.26,36.00,126.39,19.88,5.00,1.00,36.75,0.00,45.75,0.39
1243.236,4167.00,13.53,2.12,132.00,132.53,27.75,76.26,141.60,93.26,60.75,91.00,14.26,36.00,126.39,19.88,5.00,1.00,36.75,0.00,45.75,0.39
1243.477,4167.00,13.53,2.12,132.00,132.53,27.75,76.26,135.10,93.26,60.75,91.00,14.26,36.00,126.39,19.88,5.00,1.00,36.75,0.00,45.75,0.39
1243.716,4167.00,13.53,2.12,132.00,132.53,27.75,76.26,135.10,94.16,60.75,91.00,14.26,36.00,126.39,19.88,5.00,1.00,36.75,0.00,45.75,0.39
1243.956,4167.00,13.53,2.12,132.00,132.53,27.75,76.26,135.10,94.16,52.50,91.00,14.26,36.00,126.39,19.88,5.00,1.00,36.75,0.00,45.75,0.39
1244.196,4167.00,13.53,2.12,132.00,132.53,27.75,76.26,135.10,94.16,52.50,91.00,14.26,36.00,126.39,19.88,5.00,1.00,36.75,0.00,45.75,0.39
1244.436,4167.00,13.53,2.12,132.00,132.53,27.75,76.26,135.10,94.16,52.50,91.00,14.27,36.00,126.39,19.88,5.00,1.00,36.75,0.00,45.75,0.39
1244.677,4167.00,13.53,2.12,132.00,132.53,27.75,76.26,135.10,94.16,52.50,91.00,14.27,35.50,126.39,19.88,5.00,1.00,36.75,0.00,45.75,0.39
1244.916,4167.00,13.53,2.12,132.00,132.53,27.75,76.26,135.10,94.16,52.50,91.00,14.27,35.50,127.07,19.88,5.00,1.00,36.75,0.00,45.75,0.39
1245.156,4167.00,13.53,2.12,132.00,132.53,27.75,76.26,135.10,94.16,52.50,91.00,14.27,35.50,127.07,19.45,5.00,1.00,36.75,0.00,45.75,0.39
1245.396,4167.00,13.53,2.12,132.00,132.53,27.75,76.26,135.10,94.16,52.50,91.00,14.27,35.50,127.07,19.45,5.00,1.00,36.75,0.00,45.75,0.39
1245.636,4167.00,13.53,2.12,132.00,132.53,27.75,76.26,135.10,94.16,52.50,91.00,14.27,35.50,127.07,19.45,5.00,0.99,36.75,0.00,45.75,0.39
1245.877,4167.00,13.53,2.12,132.00,132.53,27.75,76.26,135.10,94.16,52.50,91.00,14.27,35.50,127.07,19.45,5.00,0.99,37.50,0.00,45.75,0.39
1246.116,4167.00,13.53,2.12,132.00,132.53,27.75,76.26,135.10,94.16,52.50,91.00,14.27,35.50,127.07,19.45,5.00,0.99,37.50,0.00,45.75,0.39
1246.356,4167.00,13.53,2.12,132.00,132.53,27.75,76.26,135.10,94.16,52.50,91.00,14.27,35.50,127.07,19.45,5.00,0.99,37.50,0.00,45.00,0.39
1246.596,4167.00,13.53,2.12,132.00,132.53,27.75,76.26,135.10,94.16,52.50,91.00,14.27,35.50,127.07,19.45,5.00,0.99,37.50,0.00,45.00,0.39
1246.836,4174.00,13.53,2.12,132.00,132.53,27.75,76.26,135.10,94.16,52.50,91.00,14.27,35.50,127.07,19.45,5.00,0.99,37.50,0.00,45.00,0.39
1247.077,4174.00,13.53,2.12,132.00,132.53,27.75,76.26,135.10,94.16,52.50,91.00,14.27,35.50,127.07,19.45,5.00,0.99,37.50,0.00,45.00,0.39
1247.316,4174.00,13.53,2.14,132.00,132.53,27.75,76.26,135.10,94.16,52.50,91.00,14.27,35.50,127.07,19.45,5.00,0.99,37.50,0.00,45.00,0.39
1247.556,4174.00,13.53,2.14,132.00,132.53,27.75,76.26,135.10,94.16,52.50,91.00,14.27,35.50,127.07,19.45,5.00,0.99,37.50,0.00,45.00,0.39
1247.796,4174.00,13.53,2.14,132.00,133.50,27.75,76.26,135.10,94.16,52.50,91.00,14.27,35.50,127.07,19.45,5.00,0.99,37.50,0.00,45.00,0.39
1248.036,4174.00,13.53,2.14,132.00,133.50,27.75,76.26,135.10,94.16,52.50,91.00,14.27,35.50,127.07,19.45,5.00,0.99,37.50,0.00,45.00,0.39
1248.276,4174.00,13.53,2.14,132.00,133.50,27.75,75.74,135.10,94.16,52.50,91.00,14.27,35.50,127.07,19.45,5.00,0.99,37.50,0.00,45.00,0.39
1248.516,4174.00,13.53,2.14,132.00,133.50,27.75,75.74,136.90,94.16,52.50,91.00,14.27,35.50,127.07,19.45,5.00,0.99,37.50,0.00,45.00,0.39
1248.756,4174.00,13.53,2.14,132.00,133.50,27.75,75.74,136.90,93.46,52.50,91.00,14.27,35.50,127.07,19.45,5.00,0.99,37.50,0.00,45.00,0.39
1248.996,4174.00,13.53,2.14,132.00,133.50,27.75,75.74,136.90,93.46,48.00,91.00,14.27,35.50,127.07,19.45,5.00,0.99,37.50,0.00,45.00,0.39
1249.236,4174.00,13.53,2.14,132.00,133.50,27.75,75.74,136.90,93.46,48.00,91.00,14.27,35.50,127.07,19.45,5.00,0.99,37.50,0.00,45.00,0.39
1249.477,4174.00,13.53,2.14,132.00,133.50,27.75,75.74,136.90,93.46,48.00,91.00,14.27,35.50,127.07,19.45,5.00,0.99,37.50,0.00,45.00,0.39
1249.716,4174.00,13.53,2.14,132.00,133.50,27.75,75.74,136.90,93.46,48.00,91.00,14.27,35.50,127.07,19.45,5.00,0.99,37.50,0.00,45.00,0.39
1249.956,4174.00,13.53,2.14,132.00,133.50,27.75,75.74,136.90,93.46,48.00,91.00,14.27,35.50,134.60,19.45,5.00,0.99,37.50,0.00,45.00,0.39
1250.196,4174.00,13.53,2.14,132.00,133.50,27.75,75.74,136.90,93.46,48.00,91.00,14.27,35.50,134.60,98.01,5.00,0.99,37.50,0.00,45.00,0.39
1250.436,4174.00,13.53,2.14,132.00,133.50,27.75,75.74,136.90,93.46,48.00,91.00,14.27,35.50,134.60,98.01,5.00,0.99,37.50,0.00,45.00,0.39
1250.677,4174.00,13.53,2.14,132.00,133.50,27.75,75.74,136.90,93.46,48.00,91.00,14.27,35.50,134.60,98.01,5.00,0.99,37.50,0.00,45.00,0.39
1250.916,4174.00,13.53,2.14,132.00,133.50,27.75,75.74,136.90,93.46,48.00,91.00,14.27,35.50,134.60,98.01,5.00,0.99,0.00,0.00,45.00,0.39
1251.156,4174.00,13.53,2.14,132.00,133.50,27.75,75.74,136.90,93.46,48.00,91.00,14.27,35.50,134.60,98.01,5.00,0.99,0.00,0.00,45.00,0.39
1251.396,4174.00,13.53,2.14,132.00,133.50,27.75,75.74,136.90,93.46,48.00,91.00,14.27,35.50,134.60,98.01,5.00,0.99,0.00,0.00,45.75,0.39
1251.668,4174.00,13.53,2.14,132.00,133.50,27.75,75.74,136.90,93.46,48.00,91.00,14.27,35.50,134.60,98.01,5.00,0.99,0.00,0.00,45.75,33.20
1251.906,4855.00,13.53,2.14,132.00,133.50,27.75,75.74,136.90,93.46,48.00,91.00,14.27,35.50,134.60,98.01,5.00,0.99,0.00,0.00,45.75,33.20
1252.146,4855.00,12.07,2.14,132.00,133.50,27.75,75.74,136.90,93.46,48.00,91.00,14.27,35.50,134.60,98.01,5.00,0.99,0.00,0.00,45.75,33.20
1252.388,4855.00,12.07,3.44,132.00,133.50,27.75,75.74,136.90,93.46,48.00,91.00,14.27,35.50,134.60,98.01,5.00,0.99,0.00,0.00,45.75,33.20
1252.626,4855.00,12.07,3.44,104.00,133.50,27.75,75.74,136.90,93.46,48.00,91.00,14.27,35.50,134.60,98.01,5.00,0.99,0.00,0.00,45.75,33.20
1252.868,4855.00,12.07,3.44,104.00,105.94,27.75,75.74,136.90,93.46,48.00,91.00,14.27,35.50,134.60,98.01,5.00,0.99,0.00,0.00,45.75,33.20
1253.106,4855.00,12.07,3.44,104.00,105.94,18.75,75.74,136.90,93.46,48.00,91.00,14.27,35.50,134.60,98.01,5.00,0.99,0.00,0.00,45.75,33.20
1253.346,4855.00,12.07,3.44,104.00,105.94,18.75,115.65,136.90,93.46,48.00,91.00,14.27,35.50,134.60,98.01,5.00,0.99,0.00,0.00,45.75,33.20
1253.588,4855.00,12.07,3.44,104.00,105.94,18.75,115.65,103.60,93.46,48.00,91.00,14.27,35.50,134.60,98.01,5.00,0.99,0.00,0.00,45.75,33.20
1253.826,4855.00,12.07,3.44,104.00,105.94,18.75,115.65,103.60,94.16,48.00,91.00,14.27,35.50,134.60,98.01,5.00,0.99,0.00,0.00,45.75,33.20
1254.069,4855.00,12.07,3.44,104.00,105.94,18.75,115.65,103.60,94.16,50.25,91.00,14.27,35.50,134.60,98.01,5.00,0.99,0.00,0.00,45.75,33.20
1254.306,4855.00,12.07,3.44,104.00,105.94,18.75,115.65,103.60,94.16,50.25,92.00,14.27,35.50,134.60,98.01,5.00,0.99,0.00,0.00,45.75,33.20
1254.546,4855.00,12.07,3.44,104.00,105.94,18.75,115.65,103.60,94.16,50.25,92.00,14.28,35.50,134.60,98.01,5.00,0.99,0.00,0.00,45.75,33.20
1254.788,4855.00,12.07,3.44,104.00,105.94,18.75,115.65,103.60,94.16,50.25,92.00,14.28,35.50,134.60,98.01,5.00,0.99,0.00,0.00,45.75,33.20
1255.026,4855.00,12.07,3.44,104.00,105.94,18.75,115.65,103.60,94.16,50.25,92.00,14.28,35.50,140.02,98.01,5.00,0.99,0.00,0.00,45.75,33.20
1255.268,4855.00,12.07,3.44,104.00,105.94,18.75,115.65,103.60,94.16,50.25,92.00,14.28,35.50,140.02,17.01,5.00,0.99,0.00,0.00,45.75,33.20
1255.506,4855.00,12.07,3.44,104.00,105.94,18.75,115.65,103.60,94.16,50.25,92.00,14.28,35.50,140.02,17.01,5.00,0.99,0.00,0.00,45.75,33.20
1255.746,4855.00,12.07,3.44,104.00,105.94,18.75,115.65,103.60,94.16,50.25,92.00,14.28,35.50,140.02,17.01,5.00,0.89,0.00,0.00,45.75,33.20
1255.988,4855.00,12.07,3.44,104.00,105.94,18.75,115.65,103.60,94.16,50.25,92.00,14.28,35.50,140.02,17.01,5.00,0.89,-1.50,0.00,45.75,33.20
1256.226,4855.00,12.07,3.44,104.00,105.94,18.75,115.65,103.60,94.16,50.25,92.00,14.28,35.50,140.02,17.01,5.00,0.89,-1.50,0.00,45.75,33.20
1256.468,4855.00,12.07,3.44,104.00,105.94,18.75,115.65,103.60,94.16,50.25,92.00,14.28,35.50,140.02,17.01,5.00,0.89,-1.50,0.00,45.75,33.20
1256.706,4855.00,12.07,3.44,104.00,105.94,18.75,115.65,103.60,94.16,50.25,92.00,14.28,35.50,140.02,17.01,5.00,0.89,-1.50,0.00,45.75,0.00
1256.946,4411.50,12.07,3.44,104.00,105.94,18.75,115.65,103.60,94.16,50.25,92.00,14.28,35.50,140.02,17.01,5.00,0.89,-1.50,0.00,45.75,0.00
1257.188,4411.50,13.51,3.44,104.00,105.94,18.75,115.65,103.60,94.16,50.25,92.00,14.28,35.50,140.02,17.01,5.00,0.89,-1.50,0.00,45.75,0.00
1257.426,4411.50,13.51,1.64,104.00,105.94,18.75,115.65,103.60,94.16,50.25,92.00,14.28,35.50,140.02,17.01,5.00,0.89,-1.50,0.00,45.75,0.00
1257.668,4411.50,13.51,1.64,96.00,105.94,18.75,115.65,103.60,94.16,50.25,92.00,14.28,35.50,140.02,17.01,5.00,0.89,-1.50,0.00,45.75,0.00
1257.906,4411.50,13.51,1.64,96.00,92.75,18.75,115.65,103.60,94.16,50.25,92.00,14.28,35.50,140.02,17.01,5.00,0.89,-1.50,0.00,45.75,0.00
1258.146,4411.50,13.51,1.64,96.00,92.75,18.75,115.65,103.60,94.16,50.25,92.00,14.28,35.50,140.02,17.01,5.00,0.89,-1.50,0.00,45.75,0.00
1258.388,4411.50,13.51,1.64,96.00,92.75,18.75,102.46,103.60,94.16,50.25,92.00,14.28,35.50,140.02,17.01,5.00,0.89,-1.50,0.00,45.75,0.00
1258.626,4411.50,13.51,1.64,96.00,92.75,18.75,102.46,94.00,94.16,50.25,92.00,14.28,35.50,140.02,17.01,5.00,0.89,-1.50,0.00,45.75,0.00
1258.867,4411.50,13.51,1.64,96.00,92.75,18.75,102.46,94.00,95.06,50.25,92.00,14.28,35.50,140.02,17.01,5.00,0.89,-1.50,0.00,45.75,0.00
1259.106,4411.50,13.51,1.64,96.00,92.75,18.75,102.46,94.00,95.06,54.00,92.00,14.28,35.50,140.02,17.01,5.00,0.89,-1.50,0.00,45.75,0.00
1259.346,4411.50,13.51,1.64,96.00,92.75,18.75,102.46,94.00,95.06,54.00,93.00,14.28,35.50,140.02,17.01,5.00,0.89,-1.50,0.00,45.75,0.00
1259.588,4411.50,13.51,1.64,96.00,92.75,18.75,102.46,94.00,95.06,54.00,93.00,14.28,35.50,140.02,17.01,5.00,0.89,-1.50,0.00,45.75,0.00
1259.826,4411.50,13.51,1.64,96.00,92.75,18.75,102.46,94.00,95.06,54.00,93.00,14.28,35.50,140.02,17.01,5.00,0.89,-1.50,0.00,45.75,0.00
1260.068,4411.50,13.51,1.64,96.00,92.75,18.75,102.46,94.00,95.06,54.00,93.00,14.28,35.50,129.18,17.01,5.00,0.89,-1.50,0.00,45.75,0.00
1260.306,4411.50,13.51,1.64,96.00,92.75,18.75,102.46,94.00,95.06,54.00,93.00,14.28,35.50,129.18,20.09,5.00,0.89,-1.50,0.00,45.75,0.00
1260.546,4411.50,13.51,1.64,96.00,92.75,18.75,102.46,94.00,95.06,54.00,93.00,14.28,35.50,129.18,20.09,6.00,0.89,-1.50,0.00,45.75,0.00
1260.789,4411.50,13.51,1.64,96.00,92.75,18.75,102.46,94.00,95.06,54.00,93.00,14.28,35.50,129.18,20.09,6.00,0.99,-1.50,0.00,45.75,0.00
1261.026,4411.50,13.51,1.64,96.00,92.75,18.75,102.46,94.00,95.06,54.00,93.00,14.28,35.50,129.18,20.09,6.00,0.99,24.00,0.00,45.75,0.00
1261.268,4411.50,13.51,1.64,96.00,92.75,18.75,102.46,94.00,95.06,54.00,93.00,14.28,35.50,129.18,20.09,6.00,0.99,24.00,0.00,45.75,0.00
1261.506,4411.50,13.51,1.64,96.00,92.75,18.75,102.46,94.00,95.06,54.00,93.00,14.28,35.50,129.18,20.09,6.00,0.99,24.00,0.00,45.75,0.00
1261.747,4411.50,13.51,1.64,96.00,92.75,18.75,102.46,94.00,95.06,54.00,93.00,14.28,35.50,129.18,20.09,6.00,0.99,24.00,0.00,45.75,0.00
1261.989,2994.00,13.51,1.64,96.00,92.75,18.75,102.46,94.00,95.06,54.00,93.00,14.28,35.50,129.18,20.09,6.00,0.99,24.00,0.00,45.75,0.00
1262.227,2994.00,13.60,1.64,96.00,92.75,18.75,102.46,94.00,95.06,54.00,93.00,14.28,35.50,129.18,20.09,6.00,0.99,24.00,0.00,45.75,0.00
1262.468,2994.00,13.60,1.36,96.00,92.75,18.75,102.46,94.00,95.06,54.00,93.00,14.28,35.50,129.18,20.09,6.00,0.99,24.00,0.00,45.75,0.00
1262.706,2994.00,13.60,1.36,84.00,92.75,18.75,102.46,94.00,95.06,54.00,93.00,14.28,35.50,129.18,20.09,6.00,0.99,24.00,0.00,45.75,0.00
1262.946,2994.00,13.60,1.36,84.00,90.12,18.75,102.46,94.00,95.06,54.00,93.00,14.28,35.50,129.18,20.09,6.00,0.99,24.00,0.00,45.75,0.00
1263.188,2994.00,13.60,1.36,84.00,90.12,33.00,102.46,94.00,95.06,54.00,93.00,14.28,35.50,129.18,20.09,6.00,0.99,24.00,0.00,45.75,0.00
1263.426,2994.00,13.60,1.36,84.00,90.12,33.00,90.04,94.00,95.06,54.00,93.00,14.28,35.50,129.18,20.09,6.00,0.99,24.00,0.00,45.75,0.00
1263.666,2994.00,13.60,1.36,84.00,90.12,33.00,90.04,80.50,95.06,54.00,93.00,14.28,35.50,129.18,20.09,6.00,0.99,24.00,0.00,45.75,0.00
1263.906,2994.00,13.60,1.36,84.00,90.12,33.00,90.04,80.50,92.56,54.00,93.00,14.28,35.50,129.18,20.09,6.00,0.99,24.00,0.00,45.75,0.00
1264.146,2994.00,13.60,1.36,84.00,90.12,33.00,90.04,80.50,92.56,58.50,93.00,14.28,35.50,129.18,20.09,6.00,0.99,24.00,0.00,45.75,0.00
1264.388,2994.00,13.60,1.36,84.00,90.12,33.00,90.04,80.50,92.56,58.50,92.00,14.28,35.50,129.18,20.09,6.00,0.99,24.00,0.00,45.75,0.00
1264.626,2994.00,13.60,1.36,84.00,90.12,33.00,90.04,80.50,92.56,58.50,92.00,14.28,35.50,129.18,20.09,6.00,0.99,24.00,0.00,45.75,0.00
1264.869,2994.00,13.60,1.36,84.00,90.12,33.00,90.04,80.50,92.56,58.50,92.00,14.28,35.50,129.18,20.09,6.00,0.99,24.00,0.00,45.75,0.00
1265.106,2994.00,13.60,1.36,84.00,90.12,33.00,90.04,80.50,92.56,58.50,92.00,14.28,35.50,127.40,20.09,6.00,0.99,24.00,0.00,45.75,0.00
1265.346,2994.00,13.60,1.36,84.00,90.12,33.00,90.04,80.50,92.56,58.50,92.00,14.28,35.50,127.40,16.90,6.00,0.99,24.00,0.00,45.75,0.00
1265.588,2994.00,13.60,1.36,84.00,90.12,33.00,90.04,80.50,92.56,58.50,92.00,14.28,35.50,127.40,16.90,6.00,0.99,24.00,0.00,45.75,0.00
1265.826,2994.00,13.60,1.36,84.00,90.12,33.00,90.04,80.50,92.56,58.50,92.00,14.28,35.50,127.40,16.90,6.00,1.00,24.00,0.00,45.75,0.00
1266.068,2994.00,13.60,1.36,84.00,90.12,33.00,90.04,80.50,92.56,58.50,92.00,14.28,35.50,127.40,16.90,6.00,1.00,24.00,0.00,45.75,0.00
1266.306,2994.00,13.60,1.36,84.00,90.12,33.00,90.04,80.50,92.56,58.50,92.00,14.28,35.50,127.40,16.90,6.00,1.00,24.00,0.00,45.75,0.00
1266.546,2994.00,13.60,1.36,84.00,90.12,33.00,90.04,80.50,92.56,58.50,92.00,14.28,35.50,127.40,16.90,6.00,1.00,24.00,0.00,45.75,0.00
1266.789,2994.00,13.60,1.36,84.00,90.12,33.00,90.04,80.50,92.56,58.50,92.00,14.28,35.50,127.40,16.90,6.00,1.00,24.00,0.00,45.75,0.00
1267.026,2036.00,13.60,1.36,84.00,90.12,33.00,90.04,80.50,92.56,58.50,92.00,14.28,35.50,127.40,16.90,6.00,1.00,24.00,0.00,45.75,0.00
1267.268,2036.00,13.60,1.36,84.00,90.12,33.00,90.04,80.50,92.56,58.50,92.00,14.28,35.50,127.40,16.90,6.00,1.00,24.00,0.00,45.75,0.00
1267.506,2036.00,13.60,1.53,84.00,90.12,33.00,90.04,80.50,92.56,58.50,92.00,14.28,35.50,127.40,16.90,6.00,1.00,24.00,0.00,45.75,0.00
1267.746,2036.00,13.60,1.53,92.00,90.12,33.00,90.04,80.50,92.56,58.50,92.00,14.28,35.50,127.40,16.90,6.00,1.00,24.00,0.00,45.75,0.00
1267.988,2036.00,13.60,1.53,92.00,92.09,33.00,90.04,80.50,92.56,58.50,92.00,14.28,35.50,127.40,16.90,6.00,1.00,24.00,0.00,45.75,0.00
1268.226,2036.00,13.60,1.53,92.00,92.09,41.25,90.04,80.50,92.56,58.50,92.00,14.28,35.50,127.40,16.90,6.00,1.00,24.00,0.00,45.75,0.00
1268.468,2036.00,13.60,1.53,92.00,92.09,41.25,83.24,80.50,92.56,58.50,92.00,14.28,35.50,127.40,16.90,6.00,1.00,24.00,0.00,45.75,0.00
1268.706,2036.00,13.60,1.53,92.00,92.09,41.25,83.24,101.00,92.56,58.50,92.00,14.28,35.50,127.40,16.90,6.00,1.00,24.00,0.00,45.75,0.00
1268.946,2036.00,13.60,1.53,92.00,92.09,41.25,83.24,101.00,92.16,58.50,92.00,14.28,35.50,127.40,16.90,6.00,1.00,24.00,0.00,45.75,0.00
1269.189,2036.00,13.60,1.53,92.00,92.09,41.25,83.24,101.00,92.16,59.25,92.00,14.28,35.50,127.40,16.90,6.00,1.00,24.00,0.00,45.75,0.00
1269.427,2036.00,13.60,1.53,92.00,92.09,41.25,83.24,101.00,92.16,59.25,92.00,14.28,35.50,127.40,16.90,6.00,1.00,24.00,0.00,45.75,0.00
1269.668,2036.00,13.60,1.53,92.00,92.09,41.25,83.24,101.00,92.16,59.25,92.00,14.28,35.50,127.40,16.90,6.00,1.00,24.00,0.00,45.75,0.00
1269.906,2036.00,13.60,1.53,92.00,92.09,41.25,83.24,101.00,92.16,59.25,92.00,14.28,35.50,127.40,16.90,6.00,1.00,24.00,0.00,45.75,0.00
1270.146,2036.00,13.60,1.53,92.00,92.09,41.25,83.24,101.00,92.16,59.25,92.00,14.28,35.50,127.02,16.90,6.00,1.00,24.00,0.00,45.75,0.00
1270.389,2036.00,13.60,1.53,92.00,92.09,41.25,83.24,101.00,92.16,59.25,92.00,14.28,35.50,127.02,17.26,6.00,1.00,24.00,0.00,45.75,0.00
1270.627,2036.00,13.60,1.53,92.00,92.09,41.25,83.24,101.00,92.16,59.25,92.00,14.28,35.50,127.02,17.26,6.00,1.00,24.00,0.00,45.75,0.00
1270.866,2036.00,13.60,1.53,92.00,92.09,41.25,83.24,101.00,92.16,59.25,92.00,14.28,35.50,127.02,17.26,6.00,0.99,24.00,0.00,45.75,0.00
1271.106,2036.00,13.60,1.53,92.00,92.09,41.25,83.24,101.00,92.16,59.25,92.00,14.28,35.50,127.02,17.26,6.00,0.99,22.50,0.00,45.75,0.00
1271.346,2036.00,13.60,1.53,92.00,92.09,41.25,83.24,101.00,92.16,59.25,92.00,14.28,35.50,127.02,17.26,6.00,0.99,22.50,0.00,45.75,0.00
1271.616,2036.00,13.60,1.53,92.00,92.09,41.25,83.24,101.00,92.16,59.25,92.00,14.28,35.50,127.02,17.26,6.00,0.99,22.50,0.00,45.75,0.00
1271.856,2036.00,13.60,1.53,92.00,92.09,41.25,83.24,101.00,92.16,59.25,92.00,14.28,35.50,127.02,17.26,6.00,0.99,22.50,0.00,45.75,0.00
1272.096,2039.50,13.60,1.53,92.00,92.09,41.25,83.24,101.00,92.16,59.25,92.00,14.28,35.50,127.02,17.26,6.00,0.99,22.50,0.00,45.75,0.00
1272.336,2039.50,13.63,1.53,92.00,92.09,41.25,83.24,101.00,92.16,59.25,92.00,14.28,35.50,127.02,17.26,6.00,0.99,22.50,0.00,45.75,0.00
1272.577,2039.50,13.63,1.84,92.00,92.09,41.25,83.24,101.00,92.16,59.25,92.00,14.28,35.50,127.02,17.26,6.00,0.99,22.50,0.00,45.75,0.00
1272.846,2039.50,13.63,1.84,96.00,92.09,41.25,83.24,101.00,92.16,59.25,92.00,14.28,35.50,127.02,17.26,6.00,0.99,22.50,0.00,45.75,0.00
1273.116,2039.50,13.63,1.84,96.00,99.69,41.25,83.24,101.00,92.16,59.25,92.00,14.28,35.50,127.02,17.26,6.00,0.99,22.50,0.00,45.75,0.00
1273.356,2039.50,13.63,1.84,96.00,99.69,42.75,83.24,101.00,92.16,59.25,92.00,14.28,35.50,127.02,17.26,6.00,0.99,22.50,0.00,45.75,0.00
1273.596,2039.50,13.63,1.84,96.00,99.69,42.75,80.45,101.00,92.16,59.25,92.00,14.28,35.50,127.02,17.26,6.00,0.99,22.50,0.00,45.75,0.00
1273.836,2039.50,13.63,1.84,96.00,99.69,42.75,80.45,103.80,92.16,59.25,92.00,14.28,35.50,127.02,17.26,6.00,0.99,22.50,0.00,45.75,0.00
1274.078,2039.50,13.63,1.84,96.00,99.69,42.75,80.45,103.80,92.56,59.25,92.00,14.28,35.50,127.02,17.26,6.00,0.99,22.50,0.00,45.75,0.00
1274.316,2039.50,13.63,1.84,96.00,99.69,42.75,80.45,103.80,92.56,57.00,92.00,14.28,35.50,127.02,17.26,6.00,0.99,22.50,0.00,45.75,0.00
1274.556,2039.50,13.63,1.84,96.00,99.69,42.75,80.45,103.80,92.56,57.00,92.00,14.28,35.50,127.02,17.26,6.00,0.99,22.50,0.00,45.75,0.00
1274.797,2039.50,13.63,1.84,96.00,99.69,42.75,80.45,103.80,92.56,57.00,92.00,14.28,35.50,127.02,17.26,6.00,0.99,22.50,0.00,45.75,0.00
1275.036,2039.50,13.63,1.84,96.00,99.69,42.75,80.45,103.80,92.56,57.00,92.00,14.28,35.50,127.02,17.26,6.00,0.99,22.50,0.00,45.75,0.00
1275.278,2039.50,13.63,1.84,96.00,99.69,42.75,80.45,103.80,92.56,57.00,92.00,14.28,35.50,127.01,17.26,6.00,0.99,22.50,0.00,45.75,0.00
1275.516,2039.50,13.63,1.84,96.00,99.69,42.75,80.45,103.80,92.56,57.00,92.00,14.28,35.50,127.01,17.46,6.00,0.99,22.50,0.00,45.75,0.00
1275.756,2039.50,13.63,1.84,96.00,99.69,42.75,80.45,103.80,92.56,57.00,92.00,14.28,35.50,127.01,17.46,6.00,0.99,22.50,0.00,45.75,0.00
1275.996,2039.50,13.63,1.84,96.00,99.69,42.75,80.45,103.80,92.56,57.00,92.00,14.28,35.50,127.01,17.46,6.00,0.99,22.50,0.00,45.75,0.00
1276.236,2039.50,13.63,1.84,96.00,99.69,42.75,80.45,103.80,92.56,57.00,92.00,14.28,35.50,127.01,17.46,6.00,0.99,22.50,0.00,45.75,0.00
1276.478,2039.50,13.63,1.84,96.00,99.69,42.75,80.45,103.80,92.56,57.00,92.00,14.28,35.50,127.01,17.46,6.00,0.99,22.50,0.00,45.75,0.00
1276.717,2039.50,13.63,1.84,96.00,99.69,42.75,80.45,103.80,92.56,57.00,92.00,14.28,35.50,127.01,17.46,6.00,0.99,22.50,0.00,45.00,0.00
1276.956,2039.50,13.63,1.84,96.00,99.69,42.75,80.45,103.80,92.56,57.00,92.00,14.28,35.50,127.01,17.46,6.00,0.99,22.50,0.00,45.00,0.00
1277.196,2036.50,13.63,1.84,96.00,99.69,42.75,80.45,103.80,92.56,57.00,92.00,14.28,35.50,127.01,17.46,6.00,0.99,22.50,0.00,45.00,0.00
1277.437,2036.50,13.63,1.84,96.00,99.69,42.75,80.45,103.80,92.56,57.00,92.00,14.28,35.50,127.01,17.46,6.00,0.99,22.50,0.00,45.00,0.00
1277.678,2036.50,13.63,2.04,96.00,99.69,42.75,80.45,103.80,92.56,57.00,92.00,14.28,35.50,127.01,17.46,6.00,0.99,22.50,0.00,45.00,0.00
1277.917,2036.50,13.63,2.04,100.00,99.69,42.75,80.45,103.80,92.56,57.00,92.00,14.28,35.50,127.01,17.46,6.00,0.99,22.50,0.00,45.00,0.00
1278.157,2036.50,13.63,2.04,100.00,98.72,42.75,80.45,103.80,92.56,57.00,92.00,14.28,35.50,127.01,17.46,6.00,0.99,22.50,0.00,45.00,0.00
1278.396,2036.50,13.63,2.04,100.00,98.72,42.00,80.45,103.80,92.56,57.00,92.00,14.28,35.50,127.01,17.46,6.00,0.99,22.50,0.00,45.00,0.00
1278.636,2036.50,13.63,2.04,100.00,98.72,42.00,79.14,103.80,92.56,57.00,92.00,14.28,35.50,127.01,17.46,6.00,0.99,22.50,0.00,45.00,0.00
1278.878,2036.50,13.63,2.04,100.00,98.72,42.00,79.14,101.60,92.56,57.00,92.00,14.28,35.50,127.01,17.46,6.00,0.99,22.50,0.00,45.00,0.00
1279.117,2036.50,13.63,2.04,100.00,98.72,42.00,79.14,101.60,92.86,57.00,92.00,14.28,35.50,127.01,17.46,6.00,0.99,22.50,0.00,45.00,0.00
1279.356,2036.50,13.63,2.04,100.00,98.72,42.00,79.14,101.60,92.86,52.50,92.00,14.28,35.50,127.01,17.46,6.00,0.99,22.50,0.00,45.00,0.00
1279.596,2036.50,13.63,2.04,100.00,98.72,42.00,79.14,101.60,92.86,52.50,92.00,14.28,35.50,127.01,17.46,6.00,0.99,22.50,0.00,45.00,0.00
1279.836,2036.50,13.63,2.04,100.00,98.72,42.00,79.14,101.60,92.86,52.50,92.00,14.28,35.50,127.01,17.46,6.00,0.99,22.50,0.00,45.00,0.00
1280.078,2036.50,13.63,2.04,100.00,98.72,42.00,79.14,101.60,92.86,52.50,92.00,14.28,35.50,127.01,17.46,6.00,0.99,22.50,0.00,45.00,0.00
1280.317,2036.50,13.63,2.04,100.00,98.72,42.00,79.14,101.60,92.86,52.50,92.00,14.28,35.50,127.25,17.46,6.00,0.99,22.50,0.00,45.00,0.00
1280.556,2036.50,13.63,2.04,100.00,98.72,42.00,79.14,101.60,92.86,52.50,92.00,14.28,35.50,127.25,17.49,6.00,0.99,22.50,0.00,45.00,0.00
1280.796,2036.50,13.63,2.04,100.00,98.72,42.00,79.14,101.60,92.86,52.50,92.00,14.28,35.50,127.25,17.49,6.00,0.99,22.50,0.00,45.00,0.00
1281.037,2036.50,13.63,2.04,100.00,98.72,42.00,79.14,101.60,92.86,52.50,92.00,14.28,35.50,127.25,17.49,6.00,0.99,22.50,0.00,45.00,0.00
1281.280,2036.50,13.63,2.04,100.00,98.72,42.00,79.14,101.60,92.86,52.50,92.00,14.28,35.50,127.25,17.49,6.00,0.99,21.75,0.00,45.00,0.00
1281.516,2036.50,13.63,2.04,100.00,98.72,42.00,79.14,101.60,92.86,52.50,92.00,14.28,35.50,127.25,17.49,6.00,0.99,21.75,0.00,45.00,0.00
1281.757,2036.50,13.63,2.04,100.00,98.72,42.00,79.14,101.60,92.86,52.50,92.00,14.28,35.50,127.25,17.49,6.00,0.99,21.75,0.00,45.00,0.00
1281.996,2036.50,13.63,2.04,100.00,98.72,42.00,79.14,101.60,92.86,52.50,92.00,14.28,35.50,127.25,17.49,6.00,0.99,21.75,0.00,45.00,0.00
1282.237,2038.00,13.63,2.04,100.00,98.72,42.00,79.14,101.60,92.86,52.50,92.00,14.28,35.50,127.25,17.49,6.00,0.99,21.75,0.00,45.00,0.00
1282.478,2038.00,13.68,2.04,100.00,98.72,42.00,79.14,101.60,92.86,52.50,92.00,14.28,35.50,127.25,17.49,6.00,0.99,21.75,0.00,45.00,0.00
1282.716,2038.00,13.68,2.16,100.00,98.72,42.00,79.14,101.60,92.86,52.50,92.00,14.28,35.50,127.25,17.49,6.00,0.99,21.75,0.00,45.00,0.00
1282.957,2038.00,13.68,2.16,104.00,98.72,42.00,79.14,101.60,92.86,52.50,92.00,14.28,35.50,127.25,17.49,6.00,0.99,21.75,0.00,45.00,0.00
1283.197,2038.00,13.68,2.16,104.00,102.59,42.00,79.14,101.60,92.86,52.50,92.00,14.28,35.50,127.25,17.49,6.00,0.99,21.75,0.00,45.00,0.00
1283.436,2038.00,13.68,2.16,104.00,102.59,44.25,79.14,101.60,92.86,52.50,92.00,14.28,35.50,127.25,17.49,6.00,0.99,21.75,0.00,45.00,0.00
1283.677,2038.00,13.68,2.16,104.00,102.59,44.25,78.34,101.60,92.86,52.50,92.00,14.28,35.50,127.25,17.49,6.00,0.99,21.75,0.00,45.00,0.00
1283.917,2038.00,13.68,2.16,104.00,102.59,44.25,78.34,104.70,92.86,52.50,92.00,14.28,35.50,127.25,17.49,6.00,0.99,21.75,0.00,45.00,0.00
1284.157,2038.00,13.68,2.16,104.00,102.59,44.25,78.34,104.70,92.76,52.50,92.00,14.28,35.50,127.25,17.49,6.00,0.99,21.75,0.00,45.00,0.00
1284.397,2038.00,13.68,2.16,104.00,102.59,44.25,78.34,104.70,92.76,50.25,92.00,14.28,35.50,127.25,17.49,6.00,0.99,21.75,0.00,45.00,0.00
1284.637,2038.00,13.68,2.16,104.00,102.59,44.25,78.34,104.70,92.76,50.25,92.00,14.28,35.50,127.25,17.49,6.00,0.99,21.75,0.00,45.00,0.00
1284.876,2038.00,13.68,2.16,104.00,102.59,44.25,78.34,104.70,92.76,50.25,92.00,14.28,35.50,127.25,17.49,6.00,0.99,21.75,0.00,45.00,0.00
1285.116,2038.00,13.68,2.16,104.00,102.59,44.25,78.34,104.70,92.76,50.25,92.00,14.28,35.50,127.25,17.49,6.00,0.99,21.75,0.00,45.00,0.00
1285.357,2038.00,13.68,2.16,104.00,102.59,44.25,78.34,104.70,92.76,50.25,92.00,14.28,35.50,127.35,17.49,6.00,0.99,21.75,0.00,45.00,0.00
1285.596,2038.00,13.68,2.16,104.00,102.59,44.25,78.34,104.70,92.76,50.25,92.00,14.28,35.50,127.35,17.49,6.00,0.99,21.75,0.00,45.00,0.00
1285.836,2038.00,13.68,2.16,104.00,102.59,44.25,78.34,104.70,92.76,50.25,92.00,14.28,35.50,127.35,17.49,6.00,0.99,21.75,0.00,45.00,0.00
1286.077,2038.00,13.68,2.16,104.00,102.59,44.25,78.34,104.70,92.76,50.25,92.00,14.28,35.50,127.35,17.49,6.00,0.99,21.75,0.00,45.00,0.00
1286.316,2038.00,13.68,2.16,104.00,102.59,44.25,78.34,104.70,92.76,50.25,92.00,14.28,35.50,127.35,17.49,6.00,0.99,21.75,0.00,45.00,0.00
1286.557,2038.00,13.68,2.16,104.00,102.59,44.25,78.34,104.70,92.76,50.25,92.00,14.28,35.50,127.35,17.49,6.00,0.99,21.75,0.00,45.00,0.00
1287.007,2038.00,13.68,2.16,104.00,102.59,44.25,78.34,104.70,92.76,50.25,92.00,14.28,35.50,127.35,17.49,6.00,0.99,21.75,0.00,45.00,0.00
1287.247,2038.00,13.68,2.16,104.00,102.59,44.25,78.34,104.70,92.76,50.25,92.00,14.28,35.50,127.35,17.49,6.00,0.99,21.75,0.00,45.00,0.00
1287.489,2040.00,13.68,2.16,104.00,102.59,44.25,78.34,104.70,92.76,50.25,92.00,14.28,35.50,127.35,17.49,6.00,0.99,21.75,0.00,45.00,0.00
1287.727,2040.00,13.69,2.16,104.00,102.59,44.25,78.34,104.70,92.76,50.25,92.00,14.28,35.50,127.35,17.49,6.00,0.99,21.75,0.00,45.00,0.00
1287.997,2040.00,13.69,2.20,104.00,102.59,44.25,78.34,104.70,92.76,50.25,92.00,14.28,35.50,127.35,17.49,6.00,0.99,21.75,0.00,45.00,0.00
1288.237,2040.00,13.69,2.20,104.00,102.59,44.25,78.34,104.70,92.76,50.25,92.00,14.28,35.50,127.35,17.49,6.00,0.99,21.75,0.00,45.00,0.00
1288.478,2040.00,13.69,2.20,104.00,104.69,44.25,78.34,104.70,92.76,50.25,92.00,14.28,35.50,127.35,17.49,6.00,0.99,21.75,0.00,45.00,0.00
1288.716,2040.00,13.69,2.20,104.00,104.69,45.00,78.34,104.70,92.76,50.25,92.00,14.28,35.50,127.35,17.49,6.00,0.99,21.75,0.00,45.00,0.00
1288.957,2040.00,13.69,2.20,104.00,104.69,45.00,77.76,104.70,92.76,50.25,92.00,14.28,35.50,127.35,17.49,6.00,0.99,21.75,0.00,45.00,0.00
1289.197,2040.00,13.69,2.20,104.00,104.69,45.00,77.76,105.10,92.76,50.25,92.00,14.28,35.50,127.35,17.49,6.00,0.99,21.75,0.00,45.00,0.00
1289.436,2040.00,13.69,2.20,104.00,104.69,45.00,77.76,105.10,92.56,50.25,92.00,14.28,35.50,127.35,17.49,6.00,0.99,21.75,0.00,45.00,0.00
1289.678,2040.00,13.69,2.20,104.00,104.69,45.00,77.76,105.10,92.56,48.75,92.00,14.28,35.50,127.35,17.49,6.00,0.99,21.75,0.00,45.00,0.00
1289.916,2040.00,13.69,2.20,104.00,104.69,45.00,77.76,105.10,92.56,48.75,92.00,14.28,35.50,127.35,17.49,6.00,0.99,21.75,0.00,45.00,0.00
1290.156,2040.00,13.69,2.20,104.00,104.69,45.00,77.76,105.10,92.56,48.75,92.00,14.28,35.50,127.35,17.49,6.00,0.99,21.75,0.00,45.00,0.00
1290.396,2040.00,13.69,2.20,104.00,104.69,45.00,77.76,105.10,92.56,48.75,92.00,14.28,35.50,127.35,17.49,6.00,0.99,21.75,0.00,45.00,0.00
1290.636,2040.00,13.69,2.20,104.00,104.69,45.00,77.76,105.10,92.56,48.75,92.00,14.28,35.50,127.23,17.49,6.00,0.99,21.75,0.00,45.00,0.00
1290.878,2040.00,13.69,2.20,104.00,104.69,45.00,77.76,105.10,92.56,48.75,92.00,14.28,35.50,127.23,17.63,6.00,0.99,21.75,0.00,45.00,0.00
1291.117,2040.00,13.69,2.20,104.00,104.69,45.00,77.76,105.10,92.56,48.75,92.00,14.28,35.50,127.23,17.63,6.00,0.99,21.75,0.00,45.00,0.00
1291.356,2040.00,13.69,2.20,104.00,104.69,45.00,77.76,105.10,92.56,48.75,92.00,14.28,35.50,127.23,17.63,6.00,0.99,21.75,0.00,45.00,0.00
1291.596,2040.00,13.69,2.20,104.00,104.69,45.00,77.76,105.10,92.56,48.75,92.00,14.28,35.50,127.23,17.63,6.00,0.99,18.75,0.00,45.00,0.00
1291.837,2040.00,13.69,2.20,104.00,104.69,45.00,77.76,105.10,92.56,48.75,92.00,14.28,35.50,127.23,17.63,6.00,0.99,18.75,0.00,45.00,0.00
1292.078,2040.00,13.69,2.20,104.00,104.69,45.00,77.76,105.10,92.56,48.75,92.00,14.28,35.50,127.23,17.63,6.00,0.99,18.75,0.00,45.00,0.00
1292.317,2040.00,13.69,2.20,104.00,104.69,45.00,77.76,105.10,92.56,48.75,92.00,14.28,35.50,127.23,17.63,6.00,0.99,18.75,0.00,45.00,0.00
1292.557,2039.00,13.69,2.20,104.00,104.69,45.00,77.76,105.10,92.56,48.75,92.00,14.28,35.50,127.23,17.63,6.00,0.99,18.75,0.00,45.00,0.00
1292.797,2039.00,13.70,2.20,104.00,104.69,45.00,77.76,105.10,92.56,48.75,92.00,14.28,35.50,127.23,17.63,6.00,0.99,18.75,0.00,45.00,0.00
1293.037,2039.00,13.70,2.21,104.00,104.69,45.00,77.76,105.10,92.56,48.75,92.00,14.28,35.50,127.23,17.63,6.00,0.99,18.75,0.00,45.00,0.00
1293.278,2039.00,13.70,2.21,104.00,104.69,45.00,77.76,105.10,92.56,48.75,92.00,14.28,35.50,127.23,17.63,6.00,0.99,18.75,0.00,45.00,0.00
1293.516,2039.00,13.70,2.21,104.00,103.88,45.00,77.76,105.10,92.56,48.75,92.00,14.28,35.50,127.23,17.63,6.00,0.99,18.75,0.00,45.00,0.00
1293.757,2039.00,13.70,2.21,104.00,103.88,44.25,77.76,105.10,92.56,48.75,92.00,14.28,35.50,127.23,17.63,6.00,0.99,18.75,0.00,45.00,0.00
1293.997,2039.00,13.70,2.21,104.00,103.88,44.25,77.24,105.10,92.56,48.75,92.00,14.28,35.50,127.23,17.63,6.00,0.99,18.75,0.00,45.00,0.00
1294.237,2039.00,13.70,2.21,104.00,103.88,44.25,77.24,106.50,92.56,48.75,92.00,14.28,35.50,127.23,17.63,6.00,0.99,18.75,0.00,45.00,0.00
1294.478,2039.00,13.70,2.21,104.00,103.88,44.25,77.24,106.50,92.26,48.75,92.00,14.28,35.50,127.23,17.63,6.00,0.99,18.75,0.00,45.00,0.00
1294.716,2039.00,13.70,2.21,104.00,103.88,44.25,77.24,106.50,92.26,48.75,92.00,14.28,35.50,127.23,17.63,6.00,0.99,18.75,0.00,45.00,0.00
1294.957,2039.00,13.70,2.21,104.00,103.88,44.25,77.24,106.50,92.26,48.75,92.00,14.28,35.50,127.23,17.63,6.00,0.99,18.75,0.00,45.00,0.00
1295.197,2039.00,13.70,2.21,104.00,103.88,44.25,77.24,106.50,92.26,48.75,92.00,14.28,35.50,127.23,17.63,6.00,0.99,18.75,0.00,45.00,0.00
1295.436,2039.00,13.70,2.21,104.00,103.88,44.25,77.24,106.50,92.26,48.75,92.00,14.28,35.50,127.23,17.63,6.00,0.99,18.75,0.00,45.00,0.00
1295.677,2039.00,13.70,2.21,104.00,103.88,44.25,77.24,106.50,92.26,48.75,92.00,14.28,35.50,127.29,17.63,6.00,0.99,18.75,0.00,45.00,0.00
1295.917,2039.00,13.70,2.21,104.00,103.88,44.25,77.24,106.50,92.26,48.75,92.00,14.28,35.50,127.29,17.55,6.00,0.99,18.75,0.00,45.00,0.00
1296.156,2039.00,13.70,2.21,104.00,103.88,44.25,77.24,106.50,92.26,48.75,92.00,14.28,35.50,127.29,17.55,6.00,0.99,18.75,0.00,45.00,0.00
1296.396,2039.00,13.70,2.21,104.00,103.88,44.25,77.24,106.50,92.26,48.75,92.00,14.28,35.50,127.29,17.55,6.00,0.99,18.75,0.00,45.00,0.00
1296.637,2039.00,13.70,2.21,104.00,103.88,44.25,77.24,106.50,92.26,48.75,92.00,14.28,35.50,127.29,17.55,6.00,0.99,21.75,0.00,45.00,0.00
1296.877,2039.00,13.70,2.21,104.00,103.88,44.25,77.24,106.50,92.26,48.75,92.00,14.28,35.50,127.29,17.55,6.00,0.99,21.75,0.00,45.00,0.00
1297.117,2039.00,13.70,2.21,104.00,103.88,44.25,77.24,106.50,92.26,48.75,92.00,14.28,35.50,127.29,17.55,6.00,0.99,21.75,0.00,45.00,0.00
