Time,"Engine Speed","Vehicle Speed","Air Mass Flow","Boost Pressure","Ambient Pressure","Target Value for Throttle Valve Angle, Based on (Lower) Stop","Coolant Temperature"
0.000,1527.50,0,0,0,0,0,0
0.144,1527.50,95.67,0,0,0,0,0
0.294,1527.50,95.67,44.00,0,0,0,0
0.444,1527.50,95.67,44.00,0.34,0,0,0
0.594,1527.50,95.67,44.00,0.34,14.46,0,0
0.744,1527.50,95.67,44.00,0.34,14.46,12.30,0
0.894,1527.50,95.67,44.00,0.34,14.46,12.30,93.16
1.044,1533.00,95.67,44.00,0.34,14.46,12.30,93.16
1.194,1533.00,95.65,44.00,0.34,14.46,12.30,93.16
1.344,1533.00,95.65,44.00,0.34,14.46,12.30,93.16
1.494,1533.00,95.65,44.00,0.36,14.46,12.30,93.16
1.644,1533.00,95.65,44.00,0.36,14.46,12.30,93.16
1.794,1533.00,95.65,44.00,0.36,14.46,12.25,93.16
1.944,1533.00,95.65,44.00,0.36,14.46,12.25,93.06
2.094,1535.00,95.65,44.00,0.36,14.46,12.25,93.06
2.243,1535.00,95.67,44.00,0.36,14.46,12.25,93.06
2.394,1535.00,95.67,44.00,0.36,14.46,12.25,93.06
2.544,1535.00,95.67,44.00,0.37,14.46,12.25,93.06
2.694,1535.00,95.67,44.00,0.37,14.46,12.25,93.06
2.844,1535.00,95.67,44.00,0.37,14.46,12.28,93.06
2.994,1535.00,95.67,44.00,0.37,14.46,12.28,93.06
3.144,1537.00,95.67,44.00,0.37,14.46,12.28,93.06
3.294,1537.00,95.71,44.00,0.37,14.46,12.28,93.06
3.444,1537.00,95.71,44.00,0.37,14.46,12.28,93.06
3.594,1537.00,95.71,44.00,0.37,14.46,12.28,93.06
3.744,1537.00,95.71,44.00,0.37,14.46,12.28,93.06
3.894,1537.00,95.71,44.00,0.37,14.46,12.25,93.06
4.044,1537.00,95.71,44.00,0.37,14.46,12.25,92.96
4.193,1534.00,95.71,44.00,0.37,14.46,12.25,92.96
4.344,1534.00,95.82,44.00,0.37,14.46,12.25,92.96
4.494,1534.00,95.82,44.00,0.37,14.46,12.25,92.96
4.644,1534.00,95.82,44.00,0.38,14.46,12.25,92.96
4.794,1534.00,95.82,44.00,0.38,14.46,12.25,92.96
4.944,1534.00,95.82,44.00,0.38,14.46,12.30,92.96
5.093,1534.00,95.82,44.00,0.38,14.46,12.30,92.96
5.244,1537.50,95.82,44.00,0.38,14.46,12.30,92.96
5.394,1537.50,95.75,44.00,0.38,14.46,12.30,92.96
5.544,1537.50,95.75,44.00,0.38,14.46,12.30,92.96
5.694,1537.50,95.75,44.00,0.38,14.46,12.30,92.96
5.844,1537.50,95.75,44.00,0.38,14.46,12.30,92.96
5.993,1537.50,95.75,44.00,0.38,14.46,12.38,92.96
6.144,1537.50,95.75,44.00,0.38,14.46,12.38,92.86
6.294,1533.00,95.75,44.00,0.38,14.46,12.38,92.86
6.444,1533.00,95.87,44.00,0.38,14.46,12.38,92.86
6.594,1533.00,95.87,44.00,0.38,14.46,12.38,92.86
6.774,1533.00,95.87,44.00,0.38,14.46,12.38,92.86
6.924,1533.00,95.87,44.00,0.38,14.46,12.38,92.86
7.074,1533.00,95.87,44.00,0.38,14.46,12.38,92.86
7.224,1533.00,95.87,44.00,0.38,14.46,12.38,92.76
7.374,1537.00,95.87,44.00,0.38,14.46,12.38,92.76
7.524,1537.00,95.89,44.00,0.38,14.46,12.38,92.76
7.674,1537.00,95.89,44.00,0.38,14.46,12.38,92.76
7.824,1537.00,95.89,44.00,0.39,14.46,12.38,92.76
7.973,1537.00,95.89,44.00,0.39,14.46,12.38,92.76
8.123,1537.00,95.89,44.00,0.39,14.46,12.38,92.76
8.274,1537.00,95.89,44.00,0.39,14.46,12.38,92.76
8.424,1534.50,95.89,44.00,0.39,14.46,12.38,92.76
8.574,1534.50,95.72,44.00,0.39,14.46,12.38,92.76
8.724,1534.50,95.72,44.00,0.39,14.46,12.38,92.76
8.874,1534.50,95.72,44.00,0.40,14.46,12.38,92.76
9.024,1534.50,95.72,44.00,0.40,14.46,12.38,92.76
9.174,1534.50,95.72,44.00,0.40,14.46,6.76,92.76
9.324,1534.50,95.72,44.00,0.40,14.46,6.76,92.66
9.473,1454.00,95.72,44.00,0.40,14.46,6.76,92.66
9.623,1454.00,92.65,44.00,0.40,14.46,6.76,92.66
9.774,1454.00,92.65,16.00,0.40,14.46,6.76,92.66
9.923,1454.00,92.65,16.00,0.25,14.46,6.76,92.66
10.074,1454.00,92.65,16.00,0.25,14.46,6.76,92.66
10.223,1454.00,92.65,16.00,0.25,14.46,7.47,92.66
10.373,1454.00,92.65,16.00,0.25,14.46,7.47,92.56
10.524,1442.50,92.65,16.00,0.25,14.46,7.47,92.56
10.674,1442.50,91.38,16.00,0.25,14.46,7.47,92.56
10.823,1442.50,91.38,16.00,0.25,14.46,7.47,92.56
10.974,1442.50,91.38,16.00,0.19,14.46,7.47,92.56
11.124,1442.50,91.38,16.00,0.19,14.47,7.47,92.56
11.274,1442.50,91.38,16.00,0.19,14.47,7.47,92.56
11.424,1442.50,91.38,16.00,0.19,14.47,7.47,92.56
11.574,1416.00,91.38,16.00,0.19,14.47,7.47,92.56
11.724,1416.00,90.03,16.00,0.19,14.47,7.47,92.56
11.874,1416.00,90.03,16.00,0.19,14.47,7.47,92.56
12.024,1416.00,90.03,16.00,0.13,14.47,7.47,92.56
12.174,1416.00,90.03,16.00,0.13,14.47,7.47,92.56
12.324,1416.00,90.03,16.00,0.13,14.47,11.06,92.56
12.474,1416.00,90.03,16.00,0.13,14.47,11.06,92.46
12.624,1461.00,90.03,16.00,0.13,14.47,11.06,92.46
12.773,1461.00,89.30,16.00,0.13,14.47,11.06,92.46
12.924,1461.00,89.30,76.00,0.13,14.47,11.06,92.46
13.074,1461.00,89.30,76.00,0.17,14.47,11.06,92.46
13.224,1461.00,89.30,76.00,0.17,14.47,11.06,92.46
13.373,1461.00,89.30,76.00,0.17,14.47,23.31,92.46
13.524,1461.00,89.30,76.00,0.17,14.47,23.31,92.36
13.674,1446.50,89.30,76.00,0.17,14.47,23.31,92.36
13.824,1446.50,90.69,76.00,0.17,14.47,23.31,92.36
13.973,1446.50,90.69,80.00,0.17,14.47,23.31,92.36
14.123,1446.50,90.69,80.00,0.96,14.47,23.31,92.36
14.274,1446.50,90.69,80.00,0.96,14.47,23.31,92.36
14.454,1446.50,90.69,80.00,0.96,14.47,16.92,92.36
14.604,1446.50,90.69,80.00,0.96,14.47,16.92,92.16
14.754,1466.00,90.69,80.00,0.96,14.47,16.92,92.16
14.904,1466.00,91.75,80.00,0.96,14.47,16.92,92.16
15.053,1466.00,91.75,60.00,0.96,14.47,16.92,92.16
15.204,1466.00,91.75,60.00,1.04,14.47,16.92,92.16
15.353,1466.00,91.75,60.00,1.04,14.47,16.92,92.16
15.504,1466.00,91.75,60.00,1.04,14.47,14.18,92.16
15.653,1466.00,91.75,60.00,1.04,14.47,14.18,92.06
15.803,1473.50,91.75,60.00,1.04,14.47,14.18,92.06
15.954,1473.50,92.17,60.00,1.04,14.47,14.18,92.06
16.104,1473.50,92.17,60.00,1.04,14.47,14.18,92.06
16.254,1473.50,92.17,60.00,0.84,14.47,14.18,92.06
16.404,1473.50,92.17,60.00,0.84,14.47,14.18,92.06
16.553,1473.50,92.17,60.00,0.84,14.47,14.18,92.06
16.703,1473.50,92.17,60.00,0.84,14.47,14.18,91.86
16.853,1477.50,92.17,60.00,0.84,14.47,14.18,91.86
17.003,1477.50,92.81,60.00,0.84,14.47,14.18,91.86
17.153,1477.50,92.81,24.00,0.84,14.47,14.18,91.86
17.304,1477.50,92.81,24.00,0.60,14.47,14.18,91.86
17.454,1477.50,92.81,24.00,0.60,14.47,14.18,91.86
17.604,1477.50,92.81,24.00,0.60,14.47,6.18,91.86
17.754,1477.50,92.81,24.00,0.60,14.47,6.18,91.76
17.904,1479.00,92.81,24.00,0.60,14.47,6.18,91.76
18.053,1479.00,91.94,24.00,0.60,14.47,6.18,91.76
18.204,1479.00,91.94,28.00,0.60,14.47,6.18,91.76
18.354,1479.00,91.94,28.00,0.34,14.47,6.18,91.76
18.504,1479.00,91.94,28.00,0.34,14.47,6.18,91.76
18.653,1479.00,91.94,28.00,0.34,14.47,11.08,91.76
18.804,1479.00,91.94,28.00,0.34,14.47,11.08,91.66
18.953,1477.00,91.94,28.00,0.34,14.47,11.08,91.66
19.103,1477.00,91.70,28.00,0.34,14.47,11.08,91.66
19.253,1477.00,91.70,48.00,0.34,14.47,11.08,91.66
19.404,1477.00,91.70,48.00,0.25,14.47,11.08,91.66
19.553,1477.00,91.70,48.00,0.25,14.47,11.08,91.66
19.703,1477.00,91.70,48.00,0.25,14.47,17.31,91.66
19.853,1477.00,91.70,48.00,0.25,14.47,17.31,91.56
20.004,1477.00,91.70,48.00,0.25,14.47,17.31,91.56
20.154,1477.00,92.17,48.00,0.25,14.47,17.31,91.56
20.303,1477.00,92.17,84.00,0.25,14.47,17.31,91.56
20.454,1477.00,92.17,84.00,0.60,14.47,17.31,91.56
20.604,1477.00,92.17,84.00,0.60,14.47,17.31,91.56
20.754,1477.00,92.17,84.00,0.60,14.47,22.97,91.56
20.903,1477.00,92.17,84.00,0.60,14.47,22.97,91.56
21.054,1497.00,92.17,84.00,0.60,14.47,22.97,91.56
21.204,1497.00,93.51,84.00,0.60,14.47,22.97,91.56
21.353,1497.00,93.51,124.00,0.60,14.47,22.97,91.56
21.503,1497.00,93.51,124.00,1.95,14.47,22.97,91.56
21.654,1497.00,93.51,124.00,1.95,14.47,22.97,91.56
21.804,1497.00,93.51,124.00,1.95,14.47,20.60,91.56
21.953,1497.00,93.51,124.00,1.95,14.47,20.60,91.46
22.134,1526.50,93.51,124.00,1.95,14.47,20.60,91.46
22.283,1526.50,95.32,124.00,1.95,14.47,20.60,91.46
22.433,1526.50,95.32,28.00,1.95,14.47,20.60,91.46
22.583,1526.50,95.32,28.00,1.95,14.47,20.60,91.46
22.733,1526.50,95.32,28.00,1.95,14.47,20.60,91.46
22.883,1526.50,95.32,28.00,1.95,14.47,4.64,91.46
23.033,1526.50,95.32,28.00,1.95,14.47,4.64,91.36
23.183,1506.50,95.32,28.00,1.95,14.47,4.64,91.36
23.333,1506.50,94.67,28.00,1.95,14.47,4.64,91.36
23.483,1506.50,94.67,28.00,1.95,14.47,4.64,91.36
23.633,1506.50,94.67,28.00,0.80,14.47,4.64,91.36
23.784,1506.50,94.67,28.00,0.80,14.47,4.64,91.36
23.933,1506.50,94.67,28.00,0.80,14.47,10.94,91.36
24.083,1506.50,94.67,28.00,0.80,14.47,10.94,91.36
24.233,1511.50,94.67,28.00,0.80,14.47,10.94,91.36
24.384,1511.50,94.32,28.00,0.80,14.47,10.94,91.36
24.533,1511.50,94.32,64.00,0.80,14.47,10.94,91.36
24.683,1511.50,94.32,64.00,0.62,14.47,10.94,91.36
24.833,1511.50,94.32,64.00,0.62,14.47,10.94,91.36
24.983,1511.50,94.32,64.00,0.62,14.47,14.55,91.36
25.133,1511.50,94.32,64.00,0.62,14.47,14.55,91.36
25.283,1516.00,94.32,64.00,0.62,14.47,14.55,91.36
25.433,1516.00,95.06,64.00,0.62,14.47,14.55,91.36
25.583,1516.00,95.06,64.00,0.62,14.47,14.55,91.36
25.733,1516.00,95.06,64.00,0.80,14.47,14.55,91.36
25.883,1516.00,95.06,64.00,0.80,14.47,14.55,91.36
26.033,1516.00,95.06,64.00,0.80,14.47,13.96,91.36
26.183,1516.00,95.06,64.00,0.80,14.47,13.96,91.56
26.333,1525.50,95.06,64.00,0.80,14.47,13.96,91.56
26.483,1525.50,95.03,64.00,0.80,14.47,13.96,91.56
26.633,1525.50,95.03,60.00,0.80,14.47,13.96,91.56
26.784,1525.50,95.03,60.00,0.83,14.47,13.96,91.56
26.933,1525.50,95.03,60.00,0.83,14.47,13.96,91.56
27.083,1525.50,95.03,60.00,0.83,14.47,13.40,91.56
27.233,1525.50,95.03,60.00,0.83,14.47,13.40,91.86
27.384,1534.00,95.03,60.00,0.83,14.47,13.40,91.86
27.533,1534.00,95.46,60.00,0.83,14.47,13.40,91.86
27.683,1534.00,95.46,56.00,0.83,14.47,13.40,91.86
27.834,1534.00,95.46,56.00,0.79,14.47,13.40,91.86
27.983,1534.00,95.46,56.00,0.79,14.47,13.40,91.86
28.133,1534.00,95.46,56.00,0.79,14.47,12.82,91.86
28.283,1534.00,95.46,56.00,0.79,14.47,12.82,92.06
28.433,1536.00,95.46,56.00,0.79,14.47,12.82,92.06
28.583,1536.00,95.75,56.00,0.79,14.47,12.82,92.06
28.733,1536.00,95.75,56.00,0.79,14.47,12.82,92.06
28.883,1536.00,95.75,56.00,0.73,14.47,12.82,92.06
29.033,1536.00,95.75,56.00,0.73,14.47,12.82,92.06
29.183,1536.00,95.75,56.00,0.73,14.47,12.62,92.06
29.333,1536.00,95.75,56.00,0.73,14.47,12.62,92.36
29.483,1534.00,95.75,56.00,0.73,14.47,12.62,92.36
29.633,1534.00,95.79,56.00,0.73,14.47,12.62,92.36
29.813,1534.00,95.79,52.00,0.73,14.47,12.62,92.36
29.963,1534.00,95.79,52.00,0.68,14.47,12.62,92.36
30.113,1534.00,95.79,52.00,0.68,14.47,12.62,92.36
30.263,1534.00,95.79,52.00,0.68,14.47,12.50,92.36
30.413,1534.00,95.79,52.00,0.68,14.47,12.50,92.66
30.563,1535.00,95.79,52.00,0.68,14.47,12.50,92.66
30.713,1535.00,95.66,52.00,0.68,14.47,12.50,92.66
30.863,1535.00,95.66,52.00,0.68,14.47,12.50,92.66
31.013,1535.00,95.66,52.00,0.67,14.47,12.50,92.66
31.163,1535.00,95.66,52.00,0.67,14.47,12.50,92.66
31.313,1535.00,95.66,52.00,0.67,14.47,5.96,92.66
31.464,1535.00,95.66,52.00,0.67,14.47,5.96,92.86
31.613,1496.50,95.66,52.00,0.67,14.47,5.96,92.86
31.763,1496.50,94.48,52.00,0.67,14.47,5.96,92.86
31.913,1496.50,94.48,20.00,0.67,14.47,5.96,92.86
32.063,1496.50,94.48,20.00,0.37,14.47,5.96,92.86
32.213,1496.50,94.48,20.00,0.37,14.47,5.96,92.86
32.363,1496.50,94.48,20.00,0.37,14.47,7.05,92.86
32.513,1496.50,94.48,20.00,0.37,14.47,7.05,93.06
32.663,1447.00,94.48,20.00,0.37,14.47,7.05,93.06
32.813,1447.00,91.47,20.00,0.37,14.47,7.05,93.06
32.963,1447.00,91.47,16.00,0.37,14.47,7.05,93.06
33.113,1447.00,91.47,16.00,0.25,14.47,7.05,93.06
33.263,1447.00,91.47,16.00,0.25,14.47,7.05,93.06
33.413,1447.00,91.47,16.00,0.25,14.47,7.18,93.06
33.563,1447.00,91.47,16.00,0.25,14.47,7.18,93.26
33.713,1403.50,91.47,16.00,0.25,14.47,7.18,93.26
33.863,1403.50,89.40,16.00,0.25,14.47,7.18,93.26
34.013,1403.50,89.40,16.00,0.25,14.47,7.18,93.26
34.163,1403.50,89.40,16.00,0.18,14.47,7.18,93.26
34.313,1403.50,89.40,16.00,0.18,14.47,7.18,93.26
34.463,1403.50,89.40,16.00,0.18,14.47,7.23,93.26
34.613,1403.50,89.40,16.00,0.18,14.47,7.23,93.36
34.763,1376.00,89.40,16.00,0.18,14.47,7.23,93.36
34.913,1376.00,86.07,16.00,0.18,14.47,7.23,93.36
35.063,1376.00,86.07,16.00,0.18,14.47,7.23,93.36
35.213,1376.00,86.07,16.00,0.13,14.47,7.23,93.36
35.363,1376.00,86.07,16.00,0.13,14.47,7.23,93.36
35.513,1376.00,86.07,16.00,0.13,14.47,7.05,93.36
35.663,1376.00,86.07,16.00,0.13,14.47,7.05,93.46
35.813,1295.00,86.07,16.00,0.13,14.47,7.05,93.46
35.963,1295.00,81.35,16.00,0.13,14.47,7.05,93.46
36.113,1295.00,81.35,16.00,0.13,14.47,7.05,93.46
36.263,1295.00,81.35,16.00,0.12,14.47,7.05,93.46
36.413,1295.00,81.35,16.00,0.12,14.47,7.05,93.46
36.563,1295.00,81.35,16.00,0.12,14.47,6.81,93.46
36.713,1295.00,81.35,16.00,0.12,14.47,6.81,93.56
36.863,1218.00,81.35,16.00,0.12,14.47,6.81,93.56
37.013,1218.00,76.19,16.00,0.12,14.47,6.81,93.56
37.163,1218.00,76.19,16.00,0.12,14.47,6.81,93.56
37.313,1218.00,76.19,16.00,0.09,14.47,6.81,93.56
37.493,1218.00,76.19,16.00,0.09,14.47,6.81,93.56
37.643,1218.00,76.19,16.00,0.09,14.47,7.76,93.56
37.793,1218.00,76.19,16.00,0.09,14.47,7.76,93.56
37.943,1722.50,76.19,16.00,0.09,14.47,7.76,93.56
38.093,1722.50,67.96,16.00,0.09,14.47,7.76,93.56
38.243,1722.50,67.96,20.00,0.09,14.47,7.76,93.56
38.394,1722.50,67.96,20.00,0.12,14.47,7.76,93.56
38.543,1722.50,67.96,20.00,0.12,14.47,7.76,93.56
38.693,1722.50,67.96,20.00,0.12,14.47,8.10,93.56
38.843,1722.50,67.96,20.00,0.12,14.47,8.10,93.56
38.993,1469.00,67.96,20.00,0.12,14.47,8.10,93.56
39.143,1469.00,58.01,20.00,0.12,14.47,8.10,93.56
39.293,1469.00,58.01,16.00,0.12,14.47,8.10,93.56
39.443,1469.00,58.01,16.00,0.12,14.47,8.10,93.56
39.594,1469.00,58.01,16.00,0.12,14.47,8.10,93.56
39.743,1469.00,58.01,16.00,0.12,14.47,7.84,93.56
39.893,1469.00,58.01,16.00,0.12,14.47,7.84,93.46
40.044,1556.00,58.01,16.00,0.12,14.47,7.84,93.46
40.194,1556.00,46.43,16.00,0.12,14.47,7.84,93.46
40.343,1556.00,46.43,20.00,0.12,14.47,7.84,93.46
40.493,1556.00,46.43,20.00,0.12,14.47,7.84,93.46
40.643,1556.00,46.43,20.00,0.12,14.47,7.84,93.46
40.794,1556.00,46.43,20.00,0.12,14.47,7.08,93.46
40.943,1556.00,46.43,20.00,0.12,14.47,7.08,93.36
41.094,1230.50,46.43,20.00,0.12,14.47,7.08,93.36
41.243,1230.50,34.56,20.00,0.12,14.47,7.08,93.36
41.394,1230.50,34.56,16.00,0.12,14.47,7.08,93.36
41.543,1230.50,34.56,16.00,0.11,14.47,7.08,93.36
41.693,1230.50,34.56,16.00,0.11,14.47,7.08,93.36
41.843,1230.50,34.56,16.00,0.11,14.47,6.66,93.36
41.993,1230.50,34.56,16.00,0.11,14.47,6.66,93.26
42.143,1256.50,34.56,16.00,0.11,14.47,6.66,93.26
42.293,1256.50,23.68,16.00,0.11,14.47,6.66,93.26
42.443,1256.50,23.68,16.00,0.11,14.47,6.66,93.26
42.593,1256.50,23.68,16.00,0.10,14.47,6.66,93.26
42.743,1256.50,23.68,16.00,0.10,14.47,6.66,93.26
42.893,1256.50,23.68,16.00,0.10,14.47,6.91,93.26
43.043,1256.50,23.68,16.00,0.10,14.47,6.91,93.16
43.194,1079.00,23.68,16.00,0.10,14.47,6.91,93.16
43.343,1079.00,19.26,16.00,0.10,14.47,6.91,93.16
43.493,1079.00,19.26,12.00,0.10,14.47,6.91,93.16
43.643,1079.00,19.26,12.00,0.07,14.47,6.91,93.16
43.794,1079.00,19.26,12.00,0.07,14.47,6.91,93.16
43.943,1079.00,19.26,12.00,0.07,14.47,7.30,93.16
44.093,1079.00,19.26,12.00,0.07,14.47,7.30,92.96
44.243,1257.50,19.26,12.00,0.07,14.47,7.30,92.96
44.394,1257.50,15.42,12.00,0.07,14.47,7.30,92.96
44.543,1257.50,15.42,16.00,0.07,14.47,7.30,92.96
44.693,1257.50,15.42,16.00,0.07,14.47,7.30,92.96
44.843,1257.50,15.42,16.00,0.07,14.47,7.30,92.96
44.993,1257.50,15.42,16.00,0.07,14.47,6.57,92.96
45.173,1257.50,15.42,16.00,0.07,14.47,6.57,92.86
45.323,1139.50,15.42,16.00,0.07,14.47,6.57,92.86
45.473,1139.50,13.76,16.00,0.07,14.47,6.57,92.86
45.623,1139.50,13.76,24.00,0.07,14.47,6.57,92.86
45.773,1139.50,13.76,24.00,0.05,14.47,6.57,92.86
45.923,1139.50,13.76,24.00,0.05,14.47,6.57,92.86
46.073,1139.50,13.76,24.00,0.05,14.47,11.57,92.86
46.223,1139.50,13.76,24.00,0.05,14.47,11.57,92.66
46.373,1203.50,13.76,24.00,0.05,14.47,11.57,92.66
46.523,1203.50,14.75,24.00,0.05,14.47,11.57,92.66
46.673,1203.50,14.75,28.00,0.05,14.47,11.57,92.66
46.823,1203.50,14.75,28.00,0.06,14.47,11.57,92.66
46.973,1203.50,14.75,28.00,0.06,14.47,11.57,92.66
47.123,1203.50,14.75,28.00,0.06,14.47,11.74,92.66
47.273,1203.50,14.75,28.00,0.06,14.47,11.74,92.66
47.423,1321.50,14.75,28.00,0.06,14.47,11.74,92.66
47.573,1321.50,16.10,28.00,0.06,14.47,11.74,92.66
47.723,1321.50,16.10,36.00,0.06,14.47,11.74,92.66
47.873,1321.50,16.10,36.00,0.06,14.47,11.74,92.66
48.023,1321.50,16.10,36.00,0.06,14.47,11.74,92.66
48.173,1321.50,16.10,36.00,0.06,14.47,12.50,92.66
48.323,1321.50,16.10,36.00,0.06,14.47,12.50,92.46
48.473,1484.00,16.10,36.00,0.06,14.47,12.50,92.46
48.623,1484.00,18.01,36.00,0.06,14.47,12.50,92.46
48.773,1484.00,18.01,44.00,0.06,14.47,12.50,92.46
48.923,1484.00,18.01,44.00,0.10,14.47,12.50,92.46
49.074,1484.00,18.01,44.00,0.10,14.47,12.50,92.46
49.223,1484.00,18.01,44.00,0.10,14.47,18.36,92.46
49.373,1484.00,18.01,44.00,0.10,14.47,18.36,92.36
49.523,1785.00,18.01,44.00,0.10,14.47,18.36,92.36
49.673,1785.00,21.59,44.00,0.10,14.47,18.36,92.36
49.823,1785.00,21.59,80.00,0.10,14.47,18.36,92.36
49.973,1785.00,21.59,80.00,0.45,14.47,18.36,92.36
50.123,1785.00,21.59,80.00,0.45,14.47,18.36,92.36
50.273,1785.00,21.59,80.00,0.45,14.47,19.11,92.36
50.423,1785.00,21.59,80.00,0.45,14.47,19.11,92.36
50.573,2199.00,21.59,80.00,0.45,14.47,19.11,92.36
50.723,2199.00,25.98,80.00,0.45,14.47,19.11,92.36
50.873,2199.00,25.98,96.00,0.45,14.47,19.11,92.36
51.023,2199.00,25.98,96.00,1.24,14.47,19.11,92.36
51.173,2199.00,25.98,96.00,1.24,14.47,19.11,92.36
51.323,2199.00,25.98,96.00,1.24,14.47,16.55,92.36
51.473,2199.00,25.98,96.00,1.24,14.47,16.55,92.26
51.623,1639.50,25.98,96.00,1.24,14.47,16.55,92.26
51.773,1639.50,30.31,96.00,1.24,14.47,16.55,92.26
51.923,1639.50,30.31,88.00,1.24,14.47,16.55,92.26
52.073,1639.50,30.31,88.00,1.16,14.47,16.55,92.26
52.223,1639.50,30.31,88.00,1.16,14.47,16.55,92.26
52.373,1639.50,30.31,88.00,1.16,14.47,18.50,92.26
52.523,1639.50,30.31,88.00,1.16,14.47,18.50,92.26
52.673,1906.50,30.31,88.00,1.16,14.47,18.50,92.26
52.853,1906.50,35.36,88.00,1.16,14.47,18.50,92.26
53.003,1906.50,35.36,104.00,1.16,14.47,18.50,92.26
53.153,1906.50,35.36,104.00,1.67,14.47,18.50,92.26
53.303,1906.50,35.36,104.00,1.67,14.48,18.50,92.26
53.453,1906.50,35.36,104.00,1.67,14.48,18.85,92.26
53.603,1906.50,35.36,104.00,1.67,14.48,18.85,92.26
53.753,1778.00,35.36,104.00,1.67,14.48,18.85,92.26
53.903,1778.00,40.02,104.00,1.67,14.48,18.85,92.26
54.053,1778.00,40.02,100.00,1.67,14.48,18.85,92.26
54.203,1778.00,40.02,100.00,1.94,14.48,18.85,92.26
54.353,1778.00,40.02,100.00,1.94,14.48,18.85,92.26
54.503,1778.00,40.02,100.00,1.94,14.48,19.99,92.26
54.653,1778.00,40.02,100.00,1.94,14.48,19.99,92.26
54.803,1745.00,40.02,100.00,1.94,14.48,19.99,92.26
54.953,1745.00,44.17,100.00,1.94,14.48,19.99,92.26
55.103,1745.00,44.17,76.00,1.94,14.48,19.99,92.26
55.253,1745.00,44.17,76.00,2.03,14.48,19.99,92.26
55.403,1745.00,44.17,76.00,2.03,14.48,19.99,92.26
55.553,1745.00,44.17,76.00,2.03,14.48,14.72,92.26
55.703,1745.00,44.17,76.00,2.03,14.48,14.72,92.36
55.853,1574.00,44.17,76.00,2.03,14.48,14.72,92.36
56.003,1574.00,46.96,76.00,2.03,14.48,14.72,92.36
56.153,1574.00,46.96,84.00,2.03,14.48,14.72,92.36
56.303,1574.00,46.96,84.00,1.63,14.48,14.72,92.36
56.453,1574.00,46.96,84.00,1.63,14.48,14.72,92.36
56.603,1574.00,46.96,84.00,1.63,14.48,16.16,92.36
56.753,1574.00,46.96,84.00,1.63,14.48,16.16,92.46
56.933,1245.50,46.96,84.00,1.63,14.48,16.16,92.46
57.083,1245.50,49.89,84.00,1.63,14.48,16.16,92.46
57.233,1245.50,49.89,76.00,1.63,14.48,16.16,92.46
57.383,1245.50,49.89,76.00,1.53,14.48,16.16,92.46
57.533,1245.50,49.89,76.00,1.53,14.48,16.16,92.46
57.683,1245.50,49.89,76.00,1.53,14.48,16.31,92.46
57.833,1245.50,49.89,76.00,1.53,14.48,16.31,92.56
57.983,1309.00,49.89,76.00,1.53,14.48,16.31,92.56
58.133,1309.00,52.35,76.00,1.53,14.48,16.31,92.56
58.283,1309.00,52.35,76.00,1.53,14.48,16.31,92.56
58.433,1309.00,52.35,76.00,1.48,14.48,16.31,92.56
58.583,1309.00,52.35,76.00,1.48,14.48,16.31,92.56
58.733,1309.00,52.35,76.00,1.48,14.48,15.01,92.56
58.883,1309.00,52.35,76.00,1.48,14.48,15.01,92.76
59.033,1365.00,52.35,76.00,1.48,14.48,15.01,92.76
59.183,1365.00,54.54,76.00,1.48,14.48,15.01,92.76
59.363,1365.00,54.54,68.00,1.48,14.48,15.01,92.76
59.513,1365.00,54.54,68.00,1.29,14.48,15.01,92.76
59.663,1365.00,54.54,68.00,1.29,14.48,15.01,92.76
59.813,1365.00,54.54,68.00,1.29,14.48,12.72,92.76
59.963,1365.00,54.54,68.00,1.29,14.48,12.72,92.96
60.113,1411.00,54.54,68.00,1.29,14.48,12.72,92.96
60.263,1411.00,55.90,68.00,1.29,14.48,12.72,92.96
60.413,1411.00,55.90,40.00,1.29,14.48,12.72,92.96
60.563,1411.00,55.90,40.00,0.80,14.48,12.72,92.96
60.713,1411.00,55.90,40.00,0.80,14.48,12.72,92.96
60.863,1411.00,55.90,40.00,0.80,14.48,11.30,92.96
61.013,1411.00,55.90,40.00,0.80,14.48,11.30,93.16
61.163,1416.00,55.90,40.00,0.80,14.48,11.30,93.16
61.313,1416.00,56.40,40.00,0.80,14.48,11.30,93.16
61.463,1416.00,56.40,40.00,0.80,14.48,11.30,93.16
61.613,1416.00,56.40,40.00,0.49,14.48,11.30,93.16
61.763,1416.00,56.40,40.00,0.49,14.48,11.30,93.16
61.914,1416.00,56.40,40.00,0.49,14.48,12.86,93.16
62.063,1416.00,56.40,40.00,0.49,14.48,12.86,93.36
62.213,1426.00,56.40,40.00,0.49,14.48,12.86,93.36
62.363,1426.00,56.89,40.00,0.49,14.48,12.86,93.36
62.513,1426.00,56.89,44.00,0.49,14.48,12.86,93.36
62.663,1426.00,56.89,44.00,0.37,14.48,12.86,93.36
62.813,1426.00,56.89,44.00,0.37,14.48,12.86,93.36
62.963,1426.00,56.89,44.00,0.37,14.48,14.50,93.36
63.113,1426.00,56.89,44.00,0.37,14.48,14.50,93.56
63.263,1441.50,56.89,44.00,0.37,14.48,14.50,93.56
63.413,1441.50,57.52,44.00,0.37,14.48,14.50,93.56
63.563,1441.50,57.52,84.00,0.37,14.48,14.50,93.56
63.713,1441.50,57.52,84.00,0.27,14.48,14.50,93.56
63.863,1441.50,57.52,84.00,0.27,14.48,14.50,93.56
64.013,1441.50,57.52,84.00,0.27,14.48,98.00,93.56
64.163,1441.50,57.52,84.00,0.27,14.48,98.00,93.76
64.313,1525.00,57.52,84.00,0.27,14.48,98.00,93.76
64.493,1525.00,60.86,84.00,0.27,14.48,98.00,93.76
64.643,1525.00,60.86,168.00,0.27,14.48,98.00,93.76
64.793,1525.00,60.86,168.00,2.81,14.48,98.00,93.76
64.943,1525.00,60.86,168.00,2.81,14.48,98.00,93.76
65.093,1525.00,60.86,168.00,2.81,14.48,98.00,93.76
65.243,1525.00,60.86,168.00,2.81,14.48,98.00,93.86
65.393,1656.50,60.86,168.00,2.81,14.48,98.00,93.86
65.543,1656.50,66.03,168.00,2.81,14.48,98.00,93.86
65.693,1656.50,66.03,212.00,2.81,14.48,98.00,93.86
65.843,1656.50,66.03,212.00,5.18,14.48,98.00,93.86
65.993,1656.50,66.03,212.00,5.18,14.48,98.00,93.86
66.143,1656.50,66.03,212.00,5.18,14.48,98.00,93.86
66.293,1656.50,66.03,212.00,5.18,14.48,98.00,93.96
66.443,1796.00,66.03,212.00,5.18,14.48,98.00,93.96
66.593,1796.00,71.81,212.00,5.18,14.48,98.00,93.96
66.743,1796.00,71.81,244.00,5.18,14.48,98.00,93.96
66.923,1796.00,71.81,244.00,6.63,14.48,98.00,93.96
67.073,1796.00,71.81,244.00,6.63,14.48,98.00,93.96
67.223,1796.00,71.81,244.00,6.63,14.48,98.00,93.96
67.373,1796.00,71.81,244.00,6.63,14.48,98.00,94.16
67.523,1960.00,71.81,244.00,6.63,14.48,98.00,94.16
67.673,1960.00,78.35,244.00,6.63,14.48,98.00,94.16
67.823,1960.00,78.35,296.00,6.63,14.48,98.00,94.16
67.973,1960.00,78.35,296.00,9.19,14.48,98.00,94.16
68.123,1960.00,78.35,296.00,9.19,14.47,98.00,94.16
68.273,1960.00,78.35,296.00,9.19,14.47,98.00,94.16
68.423,1960.00,78.35,296.00,9.19,14.47,98.00,94.46
68.573,2152.50,78.35,296.00,9.19,14.47,98.00,94.46
68.723,2152.50,85.52,296.00,9.19,14.47,98.00,94.46
68.873,2152.50,85.52,392.00,9.19,14.47,98.00,94.46
69.023,2152.50,85.52,392.00,15.12,14.47,98.00,94.46
69.173,2152.50,85.52,392.00,15.12,14.47,98.00,94.46
69.323,2152.50,85.52,392.00,15.12,14.47,43.46,94.46
69.473,2152.50,85.52,392.00,15.12,14.47,43.46,94.76
69.623,2374.00,85.52,392.00,15.12,14.47,43.46,94.76
69.773,2374.00,94.51,392.00,15.12,14.47,43.46,94.76
69.923,2374.00,94.51,476.00,15.12,14.47,43.46,94.76
70.073,2374.00,94.51,476.00,16.60,14.47,43.46,94.76
70.223,2374.00,94.51,476.00,16.60,14.47,43.46,94.76
70.373,2374.00,94.51,476.00,16.60,14.47,4.39,94.76
70.523,2374.00,94.51,476.00,16.60,14.47,4.39,95.26
70.673,2431.00,94.51,476.00,16.60,14.47,4.39,95.26
70.823,2431.00,97.32,476.00,16.60,14.47,4.39,95.26
70.973,2431.00,97.32,44.00,16.60,14.47,4.39,95.26
71.123,2431.00,97.32,44.00,2.49,14.47,4.39,95.26
71.273,2431.00,97.32,44.00,2.49,14.47,4.39,95.26
71.423,2431.00,97.32,44.00,2.49,14.47,9.25,95.26
71.573,2431.00,97.32,44.00,2.49,14.47,9.25,95.76
71.723,2384.00,97.32,44.00,2.49,14.47,9.25,95.76
71.873,2384.00,95.64,44.00,2.49,14.47,9.25,95.76
72.053,2384.00,95.64,44.00,2.49,14.47,9.25,95.76
72.203,2384.00,95.64,44.00,1.08,14.47,9.25,95.76
72.353,2384.00,95.64,44.00,1.08,14.47,9.25,95.76
72.503,2384.00,95.64,44.00,1.08,14.47,16.16,95.76
72.653,2384.00,95.64,44.00,1.08,14.47,16.16,96.16
72.803,2278.50,95.64,44.00,1.08,14.47,16.16,96.16
72.953,2278.50,95.32,44.00,1.08,14.47,16.16,96.16
73.103,2278.50,95.32,60.00,1.08,14.47,16.16,96.16
73.253,2278.50,95.32,60.00,0.75,14.47,16.16,96.16
73.403,2278.50,95.32,60.00,0.75,14.47,16.16,96.16
73.553,2278.50,95.32,60.00,0.75,14.47,16.16,96.16
73.703,2278.50,95.32,60.00,0.75,14.47,16.16,96.46
73.853,1985.50,95.32,60.00,0.75,14.47,16.16,96.46
74.003,1985.50,95.44,60.00,0.75,14.47,16.16,96.46
74.153,1985.50,95.44,60.00,0.75,14.47,16.16,96.46
74.303,1985.50,95.44,60.00,0.67,14.47,16.16,96.46
74.453,1985.50,95.44,60.00,0.67,14.47,16.16,96.46
74.603,1985.50,95.44,60.00,0.67,14.47,14.77,96.46
74.753,1985.50,95.44,60.00,0.67,14.47,14.77,96.46
74.903,1531.50,95.44,60.00,0.67,14.47,14.77,96.46
75.053,1531.50,95.62,60.00,0.67,14.47,14.77,96.46
75.203,1531.50,95.62,52.00,0.67,14.47,14.77,96.46
75.353,1531.50,95.62,52.00,0.61,14.47,14.77,96.46
75.503,1531.50,95.62,52.00,0.61,14.47,14.77,96.46
75.653,1531.50,95.62,52.00,0.61,14.47,14.45,96.46
75.803,1531.50,95.62,52.00,0.61,14.47,14.45,96.16
75.953,1534.50,95.62,52.00,0.61,14.47,14.45,96.16
76.103,1534.50,95.66,52.00,0.61,14.47,14.45,96.16
76.253,1534.50,95.66,52.00,0.61,14.47,14.45,96.16
76.403,1534.50,95.66,52.00,0.53,14.47,14.45,96.16
76.553,1534.50,95.66,52.00,0.53,14.47,14.45,96.16
76.703,1534.50,95.66,52.00,0.53,14.47,14.70,96.16
76.853,1534.50,95.66,52.00,0.53,14.47,14.70,95.66
77.003,1532.50,95.66,52.00,0.53,14.47,14.70,95.66
77.153,1532.50,95.50,52.00,0.53,14.47,14.70,95.66
77.303,1532.50,95.50,52.00,0.53,14.47,14.70,95.66
77.453,1532.50,95.50,52.00,0.50,14.47,14.70,95.66
77.603,1532.50,95.50,52.00,0.50,14.47,14.70,95.66
77.753,1532.50,95.50,52.00,0.50,14.47,14.94,95.66
77.903,1532.50,95.50,52.00,0.50,14.47,14.94,95.06
78.053,1535.00,95.50,52.00,0.50,14.47,14.94,95.06
78.203,1535.00,95.69,52.00,0.50,14.47,14.94,95.06
78.353,1535.00,95.69,52.00,0.50,14.47,14.94,95.06
78.503,1535.00,95.69,52.00,0.50,14.47,14.94,95.06
78.653,1535.00,95.69,52.00,0.50,14.47,14.94,95.06
78.803,1535.00,95.69,52.00,0.50,14.47,14.99,95.06
78.953,1535.00,95.69,52.00,0.50,14.47,14.99,94.46
79.103,1533.50,95.69,52.00,0.50,14.47,14.99,94.46
79.253,1533.50,95.56,52.00,0.50,14.47,14.99,94.46
79.403,1533.50,95.56,52.00,0.50,14.47,14.99,94.46
79.553,1533.50,95.56,52.00,0.50,14.47,14.99,94.46
79.733,1533.50,95.56,52.00,0.50,14.47,14.99,94.46
79.883,1533.50,95.56,52.00,0.50,14.47,14.96,94.46
80.033,1533.50,95.56,52.00,0.50,14.47,14.96,93.86
80.183,1532.00,95.56,52.00,0.50,14.47,14.96,93.86
80.333,1532.00,95.80,52.00,0.50,14.47,14.96,93.86
80.483,1532.00,95.80,52.00,0.50,14.47,14.96,93.86
80.633,1532.00,95.80,52.00,0.50,14.47,14.96,93.86
80.783,1532.00,95.80,52.00,0.50,14.47,14.96,93.86
80.933,1532.00,95.80,52.00,0.50,14.47,14.87,93.86
81.083,1532.00,95.80,52.00,0.50,14.47,14.87,93.26
81.233,1534.50,95.80,52.00,0.50,14.47,14.87,93.26
81.383,1534.50,95.78,52.00,0.50,14.47,14.87,93.26
81.533,1534.50,95.78,52.00,0.50,14.47,14.87,93.26
81.683,1534.50,95.78,52.00,0.50,14.47,14.87,93.26
81.833,1534.50,95.78,52.00,0.50,14.47,14.87,93.26
81.983,1534.50,95.78,52.00,0.50,14.47,14.94,93.26
82.133,1534.50,95.78,52.00,0.50,14.47,14.94,93.06
82.283,1535.50,95.78,52.00,0.50,14.47,14.94,93.06
82.433,1535.50,95.77,52.00,0.50,14.47,14.94,93.06
82.583,1535.50,95.77,52.00,0.50,14.47,14.94,93.06
82.733,1535.50,95.77,52.00,0.49,14.47,14.94,93.06
82.883,1535.50,95.77,52.00,0.49,14.47,14.94,93.06
83.033,1535.50,95.77,52.00,0.49,14.47,15.09,93.06
83.183,1535.50,95.77,52.00,0.49,14.47,15.09,92.86
83.333,1536.50,95.77,52.00,0.49,14.47,15.09,92.86
83.483,1536.50,95.67,52.00,0.49,14.47,15.09,92.86
83.633,1536.50,95.67,52.00,0.49,14.47,15.09,92.86
83.783,1536.50,95.67,52.00,0.50,14.47,15.09,92.86
83.933,1536.50,95.67,52.00,0.50,14.47,15.09,92.86
84.083,1536.50,95.67,52.00,0.50,14.47,15.11,92.86
84.233,1536.50,95.67,52.00,0.50,14.47,15.11,92.86
84.383,1534.00,95.67,52.00,0.50,14.47,15.11,92.86
84.533,1534.00,95.83,52.00,0.50,14.47,15.11,92.86
84.683,1534.00,95.83,52.00,0.50,14.47,15.11,92.86
84.833,1534.00,95.83,52.00,0.50,14.47,15.11,92.86
84.983,1534.00,95.83,52.00,0.50,14.47,15.11,92.86
85.133,1534.00,95.83,52.00,0.50,14.47,14.77,92.86
85.283,1534.00,95.83,52.00,0.50,14.47,14.77,92.86
85.433,1531.50,95.83,52.00,0.50,14.47,14.77,92.86
85.583,1531.50,95.83,52.00,0.50,14.47,14.77,92.86
85.733,1531.50,95.83,52.00,0.50,14.47,14.77,92.86
85.883,1531.50,95.83,52.00,0.50,14.47,14.77,92.86
86.033,1531.50,95.83,52.00,0.50,14.47,14.77,92.86
86.183,1531.50,95.83,52.00,0.50,14.47,14.79,92.86
86.333,1531.50,95.83,52.00,0.50,14.47,14.79,92.96
86.483,1533.50,95.83,52.00,0.50,14.47,14.79,92.96
86.633,1533.50,95.64,52.00,0.50,14.47,14.79,92.96
86.783,1533.50,95.64,52.00,0.50,14.47,14.79,92.96
86.933,1533.50,95.64,52.00,0.49,14.47,14.79,92.96
87.083,1533.50,95.64,52.00,0.49,14.47,14.79,92.96
87.233,1533.50,95.64,52.00,0.49,14.47,15.09,92.96
87.413,1533.50,95.64,52.00,0.49,14.47,15.09,93.06
87.563,1535.50,95.64,52.00,0.49,14.47,15.09,93.06
87.713,1535.50,95.76,52.00,0.49,14.47,15.09,93.06
87.863,1535.50,95.76,52.00,0.49,14.47,15.09,93.06
88.013,1535.50,95.76,52.00,0.51,14.47,15.09,93.06
88.163,1535.50,95.76,52.00,0.51,14.47,15.09,93.06
88.313,1535.50,95.76,52.00,0.51,14.47,14.94,93.06
88.463,1535.50,95.76,52.00,0.51,14.47,14.94,93.06
88.613,1539.00,95.76,52.00,0.51,14.47,14.94,93.06
88.763,1539.00,95.64,52.00,0.51,14.47,14.94,93.06
88.913,1539.00,95.64,52.00,0.51,14.47,14.94,93.06
89.063,1539.00,95.64,52.00,0.50,14.47,14.94,93.06
89.213,1539.00,95.64,52.00,0.50,14.47,14.94,93.06
89.363,1539.00,95.64,52.00,0.50,14.47,14.94,93.06
89.513,1539.00,95.64,52.00,0.50,14.47,14.94,93.16
89.663,1535.50,95.64,52.00,0.50,14.47,14.94,93.16
89.813,1535.50,95.80,52.00,0.50,14.47,14.94,93.16
89.963,1535.50,95.80,52.00,0.50,14.47,14.94,93.16
90.113,1535.50,95.80,52.00,0.50,14.47,14.94,93.16
90.263,1535.50,95.80,52.00,0.50,14.47,14.94,93.16
90.413,1535.50,95.80,52.00,0.50,14.47,15.04,93.16
90.563,1535.50,95.80,52.00,0.50,14.47,15.04,93.26
90.713,1536.00,95.80,52.00,0.50,14.47,15.04,93.26
90.863,1536.00,95.93,52.00,0.50,14.47,15.04,93.26
91.013,1536.00,95.93,52.00,0.50,14.47,15.04,93.26
91.163,1536.00,95.93,52.00,0.51,14.47,15.04,93.26
91.313,1536.00,95.93,52.00,0.51,14.47,15.04,93.26
91.463,1536.00,95.93,52.00,0.51,14.47,15.11,93.26
91.613,1536.00,95.93,52.00,0.51,14.47,15.11,93.36
91.763,1535.00,95.93,52.00,0.51,14.47,15.11,93.36
91.913,1535.00,95.77,52.00,0.51,14.47,15.11,93.36
92.063,1535.00,95.77,52.00,0.51,14.47,15.11,93.36
92.213,1535.00,95.77,52.00,0.52,14.47,15.11,93.36
92.363,1535.00,95.77,52.00,0.52,14.47,15.11,93.36
92.513,1535.00,95.77,52.00,0.52,14.47,15.21,93.36
92.663,1535.00,95.77,52.00,0.52,14.47,15.21,93.36
92.813,1536.50,95.77,52.00,0.52,14.47,15.21,93.36
92.963,1536.50,95.83,52.00,0.52,14.47,15.21,93.36
93.113,1536.50,95.83,56.00,0.52,14.47,15.21,93.36
93.263,1536.50,95.83,56.00,0.54,14.47,15.21,93.36
93.413,1536.50,95.83,56.00,0.54,14.47,15.21,93.36
93.563,1536.50,95.83,56.00,0.54,14.47,15.04,93.36
93.713,1536.50,95.83,56.00,0.54,14.47,15.04,93.36
93.863,1534.00,95.83,56.00,0.54,14.47,15.04,93.36
94.013,1534.00,95.89,56.00,0.54,14.47,15.04,93.36
94.163,1534.00,95.89,56.00,0.54,14.47,15.04,93.36
94.313,1534.00,95.89,56.00,0.55,14.47,15.04,93.36
94.463,1534.00,95.89,56.00,0.55,14.47,15.04,93.36
94.613,1534.00,95.89,56.00,0.55,14.47,14.92,93.36
94.763,1534.00,95.89,56.00,0.55,14.47,14.92,93.36
94.913,1538.00,95.89,56.00,0.55,14.47,14.92,93.36
95.093,1538.00,95.85,56.00,0.55,14.47,14.92,93.36
95.243,1538.00,95.85,52.00,0.55,14.47,14.92,93.36
95.393,1538.00,95.85,52.00,0.54,14.47,14.92,93.36
95.543,1538.00,95.85,52.00,0.54,14.47,14.92,93.36
95.693,1538.00,95.85,52.00,0.54,14.47,14.99,93.36
95.843,1538.00,95.85,52.00,0.54,14.47,14.99,93.46
95.993,1536.50,95.85,52.00,0.54,14.47,14.99,93.46
96.143,1536.50,95.75,52.00,0.54,14.47,14.99,93.46
96.293,1536.50,95.75,52.00,0.54,14.47,14.99,93.46
96.443,1536.50,95.75,52.00,0.52,14.47,14.99,93.46
96.593,1536.50,95.75,52.00,0.52,14.47,14.99,93.46
96.743,1536.50,95.75,52.00,0.52,14.47,15.18,93.46
96.893,1536.50,95.75,52.00,0.52,14.47,15.18,93.46
97.043,1534.50,95.75,52.00,0.52,14.47,15.18,93.46
97.193,1534.50,95.32,52.00,0.52,14.47,15.18,93.46
97.343,1534.50,95.32,56.00,0.52,14.47,15.18,93.46
97.493,1534.50,95.32,56.00,0.55,14.47,15.18,93.46
97.643,1534.50,95.32,56.00,0.55,14.47,15.18,93.46
97.793,1534.50,95.32,56.00,0.55,14.47,15.84,93.46
97.943,1534.50,95.32,56.00,0.55,14.47,15.84,93.56
98.093,1531.00,95.32,56.00,0.55,14.47,15.84,93.56
98.243,1531.00,95.54,56.00,0.55,14.47,15.84,93.56
98.393,1531.00,95.54,60.00,0.55,14.47,15.84,93.56
98.543,1531.00,95.54,60.00,0.62,14.47,15.84,93.56
98.693,1531.00,95.54,60.00,0.62,14.47,15.84,93.56
98.843,1531.00,95.54,60.00,0.62,14.47,15.33,93.56
98.993,1531.00,95.54,60.00,0.62,14.47,15.33,93.56
99.143,1533.50,95.54,60.00,0.62,14.47,15.33,93.56
99.293,1533.50,95.62,60.00,0.62,14.47,15.33,93.56
99.443,1533.50,95.62,56.00,0.62,14.47,15.33,93.56
99.594,1533.50,95.62,56.00,0.62,14.47,15.33,93.56
99.743,1533.50,95.62,56.00,0.62,14.47,15.33,93.56
99.893,1533.50,95.62,56.00,0.62,14.47,15.38,93.56
100.043,1533.50,95.62,56.00,0.62,14.47,15.38,93.56
100.193,1532.00,95.62,56.00,0.62,14.47,15.38,93.56
100.343,1532.00,95.83,56.00,0.62,14.47,15.38,93.56
100.493,1532.00,95.83,56.00,0.62,14.47,15.38,93.56
100.643,1532.00,95.83,56.00,0.62,14.47,15.38,93.56
100.793,1532.00,95.83,56.00,0.62,14.47,15.38,93.56
100.944,1532.00,95.83,56.00,0.62,14.47,15.50,93.56
101.093,1532.00,95.83,56.00,0.62,14.47,15.50,93.56
101.243,1539.50,95.83,56.00,0.62,14.47,15.50,93.56
101.393,1539.50,95.65,56.00,0.62,14.47,15.50,93.56
101.543,1539.50,95.65,56.00,0.62,14.47,15.50,93.56
101.693,1539.50,95.65,56.00,0.59,14.47,15.50,93.56
101.843,1539.50,95.65,56.00,0.59,14.47,15.50,93.56
101.993,1539.50,95.65,56.00,0.59,14.47,15.26,93.56
102.143,1539.50,95.65,56.00,0.59,14.47,15.26,93.56
102.293,1540.50,95.65,56.00,0.59,14.47,15.26,93.56
102.443,1540.50,95.91,56.00,0.59,14.47,15.26,93.56
102.593,1540.50,95.91,56.00,0.59,14.47,15.26,93.56
102.773,1540.50,95.91,56.00,0.58,14.47,15.26,93.56
102.923,1540.50,95.91,56.00,0.58,14.46,15.26,93.56
103.073,1540.50,95.91,56.00,0.58,14.46,14.79,93.56
103.223,1540.50,95.91,56.00,0.58,14.46,14.79,93.66
103.373,1539.50,95.91,56.00,0.58,14.46,14.79,93.66
103.523,1539.50,95.99,56.00,0.58,14.46,14.79,93.66
103.673,1539.50,95.99,52.00,0.58,14.46,14.79,93.66
103.823,1539.50,95.99,52.00,0.55,14.46,14.79,93.66
103.973,1539.50,95.99,52.00,0.55,14.46,14.79,93.66
104.123,1539.50,95.99,52.00,0.55,14.46,14.82,93.66
104.273,1539.50,95.99,52.00,0.55,14.46,14.82,93.66
104.423,1537.50,95.99,52.00,0.55,14.46,14.82,93.66
104.573,1537.50,95.85,52.00,0.55,14.46,14.82,93.66
104.723,1537.50,95.85,52.00,0.55,14.46,14.82,93.66
104.873,1537.50,95.85,52.00,0.52,14.46,14.82,93.66
105.023,1537.50,95.85,52.00,0.52,14.46,14.82,93.66
105.173,1537.50,95.85,52.00,0.52,14.46,14.84,93.66
105.323,1537.50,95.85,52.00,0.52,14.46,14.84,93.66
105.473,1540.50,95.85,52.00,0.52,14.46,14.84,93.66
105.623,1540.50,96.03,52.00,0.52,14.46,14.84,93.66
105.773,1540.50,96.03,52.00,0.52,14.46,14.84,93.66
105.923,1540.50,96.03,52.00,0.50,14.46,14.84,93.66
106.073,1540.50,96.03,52.00,0.50,14.46,14.84,93.66
106.223,1540.50,96.03,52.00,0.50,14.46,14.89,93.66
106.373,1540.50,96.03,52.00,0.50,14.46,14.89,93.66
106.523,1532.00,96.03,52.00,0.50,14.46,14.89,93.66
106.673,1532.00,95.96,52.00,0.50,14.46,14.89,93.66
106.823,1532.00,95.96,52.00,0.50,14.46,14.89,93.66
106.973,1532.00,95.96,52.00,0.50,14.46,14.89,93.66
107.123,1532.00,95.96,52.00,0.50,14.46,14.89,93.66
107.273,1532.00,95.96,52.00,0.50,14.46,15.06,93.66
107.423,1532.00,95.96,52.00,0.50,14.46,15.06,93.66
107.573,1537.00,95.96,52.00,0.50,14.46,15.06,93.66
107.723,1537.00,95.94,52.00,0.50,14.46,15.06,93.66
107.873,1537.00,95.94,52.00,0.50,14.46,15.06,93.66
108.023,1537.00,95.94,52.00,0.49,14.46,15.06,93.66
108.172,1537.00,95.94,52.00,0.49,14.46,15.06,93.66
108.323,1537.00,95.94,52.00,0.49,14.46,14.87,93.66
108.473,1537.00,95.94,52.00,0.49,14.46,14.87,93.66
108.623,1533.50,95.94,52.00,0.49,14.46,14.87,93.66
108.774,1533.50,95.71,52.00,0.49,14.46,14.87,93.66
108.923,1533.50,95.71,52.00,0.49,14.46,14.87,93.66
109.073,1533.50,95.71,52.00,0.50,14.46,14.87,93.66
109.223,1533.50,95.71,52.00,0.50,14.46,14.87,93.66
109.373,1533.50,95.71,52.00,0.50,14.46,15.09,93.66
109.523,1533.50,95.71,52.00,0.50,14.46,15.09,93.66
109.673,1538.00,95.71,52.00,0.50,14.46,15.09,93.66
109.823,1538.00,95.95,52.00,0.50,14.46,15.09,93.66
109.973,1538.00,95.95,52.00,0.50,14.46,15.09,93.66
110.123,1538.00,95.95,52.00,0.50,14.46,15.09,93.66
110.273,1538.00,95.95,52.00,0.50,14.46,15.09,93.66
110.453,1538.00,95.95,52.00,0.50,14.46,14.92,93.66
110.603,1538.00,95.95,52.00,0.50,14.46,14.92,93.66
110.753,1537.50,95.95,52.00,0.50,14.46,14.92,93.66
110.903,1537.50,95.99,52.00,0.50,14.46,14.92,93.66
111.053,1537.50,95.99,52.00,0.50,14.46,14.92,93.66
111.203,1537.50,95.99,52.00,0.49,14.46,14.92,93.66
111.353,1537.50,95.99,52.00,0.49,14.46,14.92,93.66
111.503,1537.50,95.99,52.00,0.49,14.46,14.94,93.66
111.653,1537.50,95.99,52.00,0.49,14.46,14.94,93.66
111.803,1540.50,95.99,52.00,0.49,14.46,14.94,93.66
111.953,1540.50,95.99,52.00,0.49,14.46,14.94,93.66
112.103,1540.50,95.99,52.00,0.49,14.46,14.94,93.66
112.253,1540.50,95.99,52.00,0.49,14.46,14.94,93.66
112.403,1540.50,95.99,52.00,0.49,14.46,14.94,93.66
112.553,1540.50,95.99,52.00,0.49,14.46,14.84,93.66
112.703,1540.50,95.99,52.00,0.49,14.46,14.84,93.66
112.853,1537.50,95.99,52.00,0.49,14.46,14.84,93.66
113.003,1537.50,96.02,52.00,0.49,14.46,14.84,93.66
113.152,1537.50,96.02,52.00,0.49,14.46,14.84,93.66
113.303,1537.50,96.02,52.00,0.49,14.46,14.84,93.66
113.452,1537.50,96.02,52.00,0.49,14.46,14.84,93.66
113.603,1537.50,96.02,52.00,0.49,14.46,14.84,93.66
113.753,1537.50,96.02,52.00,0.49,14.46,14.84,93.66
113.904,1542.00,96.02,52.00,0.49,14.46,14.84,93.66
114.054,1542.00,95.89,52.00,0.49,14.46,14.84,93.66
114.203,1542.00,95.89,52.00,0.49,14.46,14.84,93.66
114.353,1542.00,95.89,52.00,0.48,14.46,14.84,93.66
114.503,1542.00,95.89,52.00,0.48,14.46,14.84,93.66
114.653,1542.00,95.89,52.00,0.48,14.46,14.70,93.66
114.803,1542.00,95.89,52.00,0.48,14.46,14.70,93.66
114.953,1540.50,95.89,52.00,0.48,14.46,14.70,93.66
115.103,1540.50,96.11,52.00,0.48,14.46,14.70,93.66
115.283,1540.50,96.11,48.00,0.48,14.46,14.70,93.66
115.433,1540.50,96.11,48.00,0.44,14.46,14.70,93.66
115.583,1540.50,96.11,48.00,0.44,14.46,14.70,93.66
115.733,1540.50,96.11,48.00,0.44,14.46,14.38,93.66
115.883,1540.50,96.11,48.00,0.44,14.46,14.38,93.56
116.033,1542.00,96.11,48.00,0.44,14.46,14.38,93.56
116.183,1542.00,96.31,48.00,0.44,14.46,14.38,93.56
116.333,1542.00,96.31,48.00,0.44,14.46,14.38,93.56
116.483,1542.00,96.31,48.00,0.42,14.46,14.38,93.56
116.633,1542.00,96.31,48.00,0.42,14.46,14.38,93.56
116.783,1542.00,96.31,48.00,0.42,14.46,13.52,93.56
116.963,1542.00,96.31,48.00,0.42,14.46,13.52,93.56
117.113,1545.00,96.31,48.00,0.42,14.46,13.52,93.56
117.263,1545.00,96.35,48.00,0.42,14.46,13.52,93.56
117.413,1545.00,96.35,44.00,0.42,14.46,13.52,93.56
117.563,1545.00,96.35,44.00,0.37,14.46,13.52,93.56
117.713,1545.00,96.35,44.00,0.37,14.46,13.52,93.56
117.863,1545.00,96.35,44.00,0.37,14.46,13.40,93.56
118.013,1545.00,96.35,44.00,0.37,14.46,13.40,93.46
118.163,1545.00,96.35,44.00,0.37,14.46,13.40,93.46
118.314,1545.00,96.29,44.00,0.37,14.46,13.40,93.46
118.463,1545.00,96.29,40.00,0.37,14.46,13.40,93.46
118.613,1545.00,96.29,40.00,0.33,14.46,13.40,93.46
118.763,1545.00,96.29,40.00,0.33,14.46,13.40,93.46
118.913,1545.00,96.29,40.00,0.33,14.46,12.96,93.46
119.063,1545.00,96.29,40.00,0.33,14.46,12.96,93.46
119.213,1543.50,96.29,40.00,0.33,14.46,12.96,93.46
119.363,1543.50,96.34,40.00,0.33,14.46,12.96,93.46
119.513,1543.50,96.34,36.00,0.33,14.46,12.96,93.46
119.663,1543.50,96.34,36.00,0.26,14.46,12.96,93.46
119.813,1543.50,96.34,36.00,0.26,14.46,12.96,93.46
119.963,1543.50,96.34,36.00,0.26,14.46,12.55,93.46
120.112,1543.50,96.34,36.00,0.26,14.46,12.55,93.46
120.262,1542.00,96.34,36.00,0.26,14.46,12.55,93.46
120.413,1542.00,96.06,36.00,0.26,14.46,12.55,93.46
120.563,1542.00,96.06,36.00,0.26,14.46,12.55,93.46
120.713,1542.00,96.06,36.00,0.22,14.46,12.55,93.46
120.863,1542.00,96.06,36.00,0.22,14.46,12.55,93.46
121.013,1542.00,96.06,36.00,0.22,14.46,12.91,93.46
121.163,1542.00,96.06,36.00,0.22,14.46,12.91,93.46
121.313,1538.00,96.06,36.00,0.22,14.46,12.91,93.46
121.463,1538.00,96.25,36.00,0.22,14.46,12.91,93.46
121.613,1538.00,96.25,36.00,0.22,14.46,12.91,93.46
121.763,1538.00,96.25,36.00,0.19,14.46,12.91,93.46
121.913,1538.00,96.25,36.00,0.19,14.46,12.91,93.46
122.093,1538.00,96.25,36.00,0.19,14.46,13.01,93.46
122.243,1538.00,96.25,36.00,0.19,14.46,13.01,93.36
122.393,1538.00,96.25,36.00,0.19,14.46,13.01,93.36
122.543,1538.00,95.96,36.00,0.19,14.46,13.01,93.36
122.693,1538.00,95.96,40.00,0.19,14.46,13.01,93.36
122.843,1538.00,95.96,40.00,0.18,14.46,13.01,93.36
122.993,1538.00,95.96,40.00,0.18,14.46,13.01,93.36
123.143,1538.00,95.96,40.00,0.18,14.46,13.38,93.36
123.293,1538.00,95.96,40.00,0.18,14.46,13.38,93.36
123.473,1533.50,95.96,40.00,0.18,14.46,13.38,93.36
123.623,1533.50,95.99,40.00,0.18,14.46,13.38,93.36
123.773,1533.50,95.99,40.00,0.18,14.46,13.38,93.36
123.923,1533.50,95.99,40.00,0.18,14.46,13.38,93.36
124.073,1533.50,95.99,40.00,0.18,14.46,13.38,93.36
124.223,1533.50,95.99,40.00,0.18,14.46,13.74,93.36
124.373,1533.50,95.99,40.00,0.18,14.46,13.74,93.26
124.523,1530.50,95.99,40.00,0.18,14.46,13.74,93.26
124.673,1530.50,95.65,40.00,0.18,14.46,13.74,93.26
124.823,1530.50,95.65,40.00,0.18,14.46,13.74,93.26
124.973,1530.50,95.65,40.00,0.19,14.46,13.74,93.26
125.123,1530.50,95.65,40.00,0.19,14.46,13.74,93.26
125.273,1530.50,95.65,40.00,0.19,14.46,13.96,93.26
125.423,1530.50,95.65,40.00,0.19,14.46,13.96,93.26
125.573,1537.50,95.65,40.00,0.19,14.46,13.96,93.26
125.723,1537.50,95.76,40.00,0.19,14.46,13.96,93.26
125.873,1537.50,95.76,40.00,0.19,14.46,13.96,93.26
126.023,1537.50,95.76,40.00,0.22,14.46,13.96,93.26
126.173,1537.50,95.76,40.00,0.22,14.46,13.96,93.26
126.323,1537.50,95.76,40.00,0.22,14.46,13.67,93.26
126.473,1537.50,95.76,40.00,0.22,14.46,13.67,93.26
126.623,1534.00,95.76,40.00,0.22,14.46,13.67,93.26
126.773,1534.00,95.55,40.00,0.22,14.46,13.67,93.26
126.923,1534.00,95.55,40.00,0.22,14.46,13.67,93.26
127.073,1534.00,95.55,40.00,0.24,14.46,13.67,93.26
127.223,1534.00,95.55,40.00,0.24,14.46,13.67,93.26
127.373,1534.00,95.55,40.00,0.24,14.46,13.82,93.26
127.523,1534.00,95.55,40.00,0.24,14.46,13.82,93.26
127.673,1534.00,95.55,40.00,0.24,14.46,13.82,93.26
127.824,1534.00,95.83,40.00,0.24,14.46,13.82,93.26
127.973,1534.00,95.83,40.00,0.24,14.46,13.82,93.26
128.123,1534.00,95.83,40.00,0.25,14.46,13.82,93.26
128.273,1534.00,95.83,40.00,0.25,14.46,13.82,93.26
128.423,1534.00,95.83,40.00,0.25,14.46,13.77,93.26
128.573,1534.00,95.83,40.00,0.25,14.46,13.77,93.16
128.723,1536.50,95.83,40.00,0.25,14.46,13.77,93.16
128.873,1536.50,95.78,40.00,0.25,14.46,13.77,93.16
129.023,1536.50,95.78,40.00,0.25,14.46,13.77,93.16
129.173,1536.50,95.78,40.00,0.25,14.46,13.77,93.16
129.323,1536.50,95.78,40.00,0.25,14.46,13.77,93.16
129.473,1536.50,95.78,40.00,0.25,14.46,13.65,93.16
129.653,1536.50,95.78,40.00,0.25,14.46,13.65,93.16
129.803,1536.50,95.78,40.00,0.25,14.46,13.65,93.16
129.953,1536.50,95.97,40.00,0.25,14.46,13.65,93.16
130.103,1536.50,95.97,40.00,0.25,14.46,13.65,93.16
130.253,1536.50,95.97,40.00,0.25,14.46,13.65,93.16
130.403,1536.50,95.97,40.00,0.25,14.46,13.65,93.16
130.553,1536.50,95.97,40.00,0.25,14.46,13.35,93.16
130.703,1536.50,95.97,40.00,0.25,14.46,13.35,93.06
130.853,1535.50,95.97,40.00,0.25,14.46,13.35,93.06
131.003,1535.50,95.93,40.00,0.25,14.46,13.35,93.06
131.153,1535.50,95.93,40.00,0.25,14.46,13.35,93.06
131.303,1535.50,95.93,40.00,0.24,14.46,13.35,93.06
131.453,1535.50,95.93,40.00,0.24,14.46,13.35,93.06
131.603,1535.50,95.93,40.00,0.24,14.46,12.77,93.06
131.753,1535.50,95.93,40.00,0.24,14.46,12.77,93.06
131.903,1538.00,95.93,40.00,0.24,14.46,12.77,93.06
132.053,1538.00,95.89,40.00,0.24,14.46,12.77,93.06
132.203,1538.00,95.89,40.00,0.24,14.46,12.77,93.06
132.353,1538.00,95.89,40.00,0.23,14.46,12.77,93.06
132.503,1538.00,95.89,40.00,0.23,14.46,12.77,93.06
132.653,1538.00,95.89,40.00,0.23,14.46,13.18,93.06
132.803,1538.00,95.89,40.00,0.23,14.46,13.18,92.96
132.953,1535.50,95.89,40.00,0.23,14.46,13.18,92.96
133.103,1535.50,95.96,40.00,0.23,14.46,13.18,92.96
133.253,1535.50,95.96,36.00,0.23,14.46,13.18,92.96
133.403,1535.50,95.96,36.00,0.19,14.46,13.18,92.96
133.553,1535.50,95.96,36.00,0.19,14.46,13.18,92.96
133.703,1535.50,95.96,36.00,0.19,14.46,13.23,92.96
133.853,1535.50,95.96,36.00,0.19,14.46,13.23,92.96
134.003,1536.00,95.96,36.00,0.19,14.46,13.23,92.96
134.153,1536.00,95.75,36.00,0.19,14.46,13.23,92.96
134.303,1536.00,95.75,40.00,0.19,14.46,13.23,92.96
134.453,1536.00,95.75,40.00,0.19,14.46,13.23,92.96
134.603,1536.00,95.75,40.00,0.19,14.46,13.23,92.96
134.753,1536.00,95.75,40.00,0.19,14.46,13.45,92.96
134.903,1536.00,95.75,40.00,0.19,14.46,13.45,92.96
135.053,1536.50,95.75,40.00,0.19,14.46,13.45,92.96
135.203,1536.50,95.85,40.00,0.19,14.46,13.45,92.96
135.353,1536.50,95.85,40.00,0.19,14.46,13.45,92.96
135.503,1536.50,95.85,40.00,0.19,14.46,13.45,92.96
135.653,1536.50,95.85,40.00,0.19,14.46,13.45,92.96
135.803,1536.50,95.85,40.00,0.19,14.46,13.69,92.96
135.953,1536.50,95.85,40.00,0.19,14.46,13.69,92.96
136.103,1535.00,95.85,40.00,0.19,14.46,13.69,92.96
136.253,1535.00,95.78,40.00,0.19,14.46,13.69,92.96
136.403,1535.00,95.78,40.00,0.19,14.46,13.69,92.96
136.553,1535.00,95.78,40.00,0.21,14.46,13.69,92.96
136.703,1535.00,95.78,40.00,0.21,14.46,13.69,92.96
136.853,1535.00,95.78,40.00,0.21,14.46,13.60,92.96
137.003,1535.00,95.78,40.00,0.21,14.46,13.60,92.86
137.153,1537.50,95.78,40.00,0.21,14.46,13.60,92.86
137.333,1537.50,95.93,40.00,0.21,14.46,13.60,92.86
137.483,1537.50,95.93,40.00,0.21,14.46,13.60,92.86
137.633,1537.50,95.93,40.00,0.22,14.46,13.60,92.86
137.783,1537.50,95.93,40.00,0.22,14.46,13.60,92.86
137.933,1537.50,95.93,40.00,0.22,14.46,13.40,92.86
138.083,1537.50,95.93,40.00,0.22,14.46,13.40,92.86
138.233,1534.00,95.93,40.00,0.22,14.46,13.40,92.86
138.383,1534.00,95.85,40.00,0.22,14.46,13.40,92.86
138.533,1534.00,95.85,40.00,0.22,14.46,13.40,92.86
138.683,1534.00,95.85,40.00,0.22,14.46,13.40,92.86
138.833,1534.00,95.85,40.00,0.22,14.46,13.40,92.86
138.983,1534.00,95.85,40.00,0.22,14.46,13.33,92.86
139.133,1534.00,95.85,40.00,0.22,14.46,13.33,92.76
139.283,1537.50,95.85,40.00,0.22,14.46,13.33,92.76
139.433,1537.50,95.89,40.00,0.22,14.46,13.33,92.76
139.583,1537.50,95.89,40.00,0.22,14.46,13.33,92.76
139.733,1537.50,95.89,40.00,0.21,14.46,13.33,92.76
139.883,1537.50,95.89,40.00,0.21,14.46,13.33,92.76
140.033,1537.50,95.89,40.00,0.21,14.46,13.21,92.76
140.183,1537.50,95.89,40.00,0.21,14.46,13.21,92.76
140.333,1538.00,95.89,40.00,0.21,14.46,13.21,92.76
140.483,1538.00,95.86,40.00,0.21,14.46,13.21,92.76
140.633,1538.00,95.86,40.00,0.21,14.46,13.21,92.76
140.783,1538.00,95.86,40.00,0.20,14.46,13.21,92.76
140.933,1538.00,95.86,40.00,0.20,14.46,13.21,92.76
141.083,1538.00,95.86,40.00,0.20,14.46,13.28,92.76
141.233,1538.00,95.86,40.00,0.20,14.46,13.28,92.76
141.383,1537.50,95.86,40.00,0.20,14.46,13.28,92.76
141.533,1537.50,95.95,40.00,0.20,14.46,13.28,92.76
141.683,1537.50,95.95,40.00,0.20,14.46,13.28,92.76
141.833,1537.50,95.95,40.00,0.19,14.46,13.28,92.76
141.983,1537.50,95.95,40.00,0.19,14.46,13.28,92.76
142.133,1537.50,95.95,40.00,0.19,14.46,13.16,92.76
142.283,1537.50,95.95,40.00,0.19,14.46,13.16,92.66
142.433,1536.00,95.95,40.00,0.19,14.46,13.16,92.66
142.583,1536.00,96.07,40.00,0.19,14.46,13.16,92.66
142.733,1536.00,96.07,36.00,0.19,14.46,13.16,92.66
142.883,1536.00,96.07,36.00,0.19,14.46,13.16,92.66
143.033,1536.00,96.07,36.00,0.19,14.46,13.16,92.66
143.183,1536.00,96.07,36.00,0.19,14.46,13.08,92.66
143.333,1536.00,96.07,36.00,0.19,14.46,13.08,92.66
143.483,1538.50,96.07,36.00,0.19,14.46,13.08,92.66
143.633,1538.50,95.89,36.00,0.19,14.46,13.08,92.66
143.783,1538.50,95.89,36.00,0.19,14.46,13.08,92.66
143.933,1538.50,95.89,36.00,0.19,14.46,13.08,92.66
144.083,1538.50,95.89,36.00,0.19,14.46,13.08,92.66
144.233,1538.50,95.89,36.00,0.19,14.46,13.16,92.66
144.383,1538.50,95.89,36.00,0.19,14.46,13.16,92.56
144.533,1534.50,95.89,36.00,0.19,14.46,13.16,92.56
144.683,1534.50,95.72,36.00,0.19,14.46,13.16,92.56
144.833,1534.50,95.72,40.00,0.19,14.46,13.16,92.56
145.013,1534.50,95.72,40.00,0.18,14.46,13.16,92.56
145.163,1534.50,95.72,40.00,0.18,14.46,13.16,92.56
145.313,1534.50,95.72,40.00,0.18,14.46,13.43,92.56
145.463,1534.50,95.72,40.00,0.18,14.46,13.43,92.56
145.613,1534.50,95.72,40.00,0.18,14.46,13.43,92.56
145.763,1534.50,95.92,40.00,0.18,14.46,13.43,92.56
145.913,1534.50,95.92,40.00,0.18,14.46,13.43,92.56
146.063,1534.50,95.92,40.00,0.18,14.46,13.43,92.56
146.213,1534.50,95.92,40.00,0.18,14.46,13.43,92.56
146.363,1534.50,95.92,40.00,0.18,14.46,13.43,92.56
146.513,1534.50,95.92,40.00,0.18,14.46,13.43,92.46
146.663,1539.50,95.92,40.00,0.18,14.46,13.43,92.46
146.813,1539.50,95.85,40.00,0.18,14.46,13.43,92.46
146.963,1539.50,95.85,40.00,0.18,14.46,13.43,92.46
147.113,1539.50,95.85,40.00,0.19,14.46,13.43,92.46
147.263,1539.50,95.85,40.00,0.19,14.46,13.43,92.46
147.413,1539.50,95.85,40.00,0.19,14.46,13.26,92.46
147.563,1539.50,95.85,40.00,0.19,14.46,13.26,92.36
147.713,1538.50,95.85,40.00,0.19,14.46,13.26,92.36
147.863,1538.50,95.90,40.00,0.19,14.46,13.26,92.36
148.013,1538.50,95.90,36.00,0.19,14.46,13.26,92.36
148.163,1538.50,95.90,36.00,0.19,14.46,13.26,92.36
148.313,1538.50,95.90,36.00,0.19,14.46,13.26,92.36
148.463,1538.50,95.90,36.00,0.19,14.46,12.96,92.36
148.613,1538.50,95.90,36.00,0.19,14.46,12.96,92.26
148.763,1537.00,95.90,36.00,0.19,14.46,12.96,92.26
148.913,1537.00,96.04,36.00,0.19,14.46,12.96,92.26
149.063,1537.00,96.04,36.00,0.19,14.46,12.96,92.26
149.213,1537.00,96.04,36.00,0.19,14.46,12.96,92.26
149.363,1537.00,96.04,36.00,0.19,14.46,12.96,92.26
149.513,1537.00,96.04,36.00,0.19,14.46,12.72,92.26
149.663,1537.00,96.04,36.00,0.19,14.46,12.72,92.16
149.813,1539.50,96.04,36.00,0.19,14.46,12.72,92.16
149.963,1539.50,95.85,36.00,0.19,14.46,12.72,92.16
150.113,1539.50,95.85,36.00,0.19,14.46,12.72,92.16
150.263,1539.50,95.85,36.00,0.18,14.46,12.72,92.16
150.413,1539.50,95.85,36.00,0.18,14.46,12.72,92.16
150.563,1539.50,95.85,36.00,0.18,14.46,12.99,92.16
150.713,1539.50,95.85,36.00,0.18,14.46,12.99,92.06
150.863,1535.50,95.85,36.00,0.18,14.46,12.99,92.06
151.013,1535.50,96.09,36.00,0.18,14.46,12.99,92.06
151.163,1535.50,96.09,36.00,0.18,14.46,12.99,92.06
151.313,1535.50,96.09,36.00,0.18,14.46,12.99,92.06
151.463,1535.50,96.09,36.00,0.18,14.46,12.99,92.06
151.613,1535.50,96.09,36.00,0.18,14.46,12.69,92.06
151.763,1535.50,96.09,36.00,0.18,14.46,12.69,91.96
151.913,1538.50,96.09,36.00,0.18,14.46,12.69,91.96
152.063,1538.50,95.84,36.00,0.18,14.46,12.69,91.96
152.212,1538.50,95.84,36.00,0.18,14.46,12.69,91.96
152.363,1538.50,95.84,36.00,0.18,14.46,12.69,91.96
152.513,1538.50,95.84,36.00,0.18,14.46,12.69,91.96
152.693,1538.50,95.84,36.00,0.18,14.46,12.67,91.96
152.843,1538.50,95.84,36.00,0.18,14.46,12.67,91.96
152.993,1537.00,95.84,36.00,0.18,14.46,12.67,91.96
153.143,1537.00,95.92,36.00,0.18,14.46,12.67,91.96
153.293,1537.00,95.92,36.00,0.18,14.46,12.67,91.96
153.443,1537.00,95.92,36.00,0.17,14.46,12.67,91.96
153.593,1537.00,95.92,36.00,0.17,14.46,12.67,91.96
153.743,1537.00,95.92,36.00,0.17,14.46,12.82,91.96
153.893,1537.00,95.92,36.00,0.17,14.46,12.82,91.86
154.043,1535.50,95.92,36.00,0.17,14.46,12.82,91.86
154.193,1535.50,96.08,36.00,0.17,14.46,12.82,91.86
154.343,1535.50,96.08,36.00,0.17,14.46,12.82,91.86
154.493,1535.50,96.08,36.00,0.17,14.46,12.82,91.86
154.643,1535.50,96.08,36.00,0.17,14.46,12.82,91.86
154.794,1535.50,96.08,36.00,0.17,14.46,12.38,91.86
154.943,1535.50,96.08,36.00,0.17,14.46,12.38,91.76
155.093,1539.50,96.08,36.00,0.17,14.46,12.38,91.76
155.243,1539.50,95.82,36.00,0.17,14.46,12.38,91.76
155.393,1539.50,95.82,36.00,0.17,14.46,12.38,91.76
155.543,1539.50,95.82,36.00,0.15,14.46,12.38,91.76
155.693,1539.50,95.82,36.00,0.15,14.46,12.38,91.76
155.843,1539.50,95.82,36.00,0.15,14.46,12.28,91.76
155.993,1539.50,95.82,36.00,0.15,14.46,12.28,91.66
156.143,1540.00,95.82,36.00,0.15,14.46,12.28,91.66
156.293,1540.00,96.00,36.00,0.15,14.46,12.28,91.66
156.443,1540.00,96.00,36.00,0.15,14.46,12.28,91.66
156.593,1540.00,96.00,36.00,0.14,14.46,12.28,91.66
156.743,1540.00,96.00,36.00,0.14,14.46,12.28,91.66
156.893,1540.00,96.00,36.00,0.14,14.46,12.38,91.66
157.043,1540.00,96.00,36.00,0.14,14.46,12.38,91.56
157.193,1539.00,96.00,36.00,0.14,14.46,12.38,91.56
157.343,1539.00,96.03,36.00,0.14,14.46,12.38,91.56
157.493,1539.00,96.03,36.00,0.14,14.46,12.38,91.56
157.643,1539.00,96.03,36.00,0.14,14.46,12.38,91.56
157.793,1539.00,96.03,36.00,0.14,14.46,12.38,91.56
157.943,1539.00,96.03,36.00,0.14,14.46,12.01,91.56
158.093,1539.00,96.03,36.00,0.14,14.46,12.01,91.46
158.243,1538.50,96.03,36.00,0.14,14.46,12.01,91.46
158.393,1538.50,96.19,36.00,0.14,14.46,12.01,91.46
158.543,1538.50,96.19,32.00,0.14,14.46,12.01,91.46
158.693,1538.50,96.19,32.00,0.12,14.46,12.01,91.46
158.843,1538.50,96.19,32.00,0.12,14.46,12.01,91.46
158.993,1538.50,96.19,32.00,0.12,14.46,11.60,91.46
159.143,1538.50,96.19,32.00,0.12,14.46,11.60,91.46
159.293,1537.50,96.19,32.00,0.12,14.46,11.60,91.46
159.443,1537.50,95.89,32.00,0.12,14.46,11.60,91.46
159.593,1537.50,95.89,32.00,0.12,14.46,11.60,91.46
159.743,1537.50,95.89,32.00,0.12,14.46,11.60,91.46
159.893,1537.50,95.89,32.00,0.12,14.46,11.60,91.46
160.044,1537.50,95.89,32.00,0.12,14.46,11.20,91.46
160.193,1537.50,95.89,32.00,0.12,14.46,11.20,91.36
160.373,1541.50,95.89,32.00,0.12,14.46,11.20,91.36
160.523,1541.50,95.99,32.00,0.12,14.46,11.20,91.36
160.673,1541.50,95.99,32.00,0.12,14.46,11.20,91.36
160.823,1541.50,95.99,32.00,0.12,14.46,11.20,91.36
160.973,1541.50,95.99,32.00,0.12,14.46,11.20,91.36
161.123,1541.50,95.99,32.00,0.12,14.46,11.35,91.36
161.273,1541.50,95.99,32.00,0.12,14.46,11.35,91.26
161.423,1537.50,95.99,32.00,0.12,14.46,11.35,91.26
161.573,1537.50,96.18,32.00,0.12,14.46,11.35,91.26
161.723,1537.50,96.18,32.00,0.12,14.46,11.35,91.26
161.873,1537.50,96.18,32.00,0.12,14.46,11.35,91.26
162.023,1537.50,96.18,32.00,0.12,14.47,11.35,91.26
162.173,1537.50,96.18,32.00,0.12,14.47,11.38,91.26
162.323,1537.50,96.18,32.00,0.12,14.47,11.38,91.36
162.473,1536.00,96.18,32.00,0.12,14.47,11.38,91.36
162.623,1536.00,96.13,32.00,0.12,14.47,11.38,91.36
162.773,1536.00,96.13,32.00,0.12,14.47,11.38,91.36
162.923,1536.00,96.13,32.00,0.12,14.47,11.38,91.36
163.073,1536.00,96.13,32.00,0.12,14.47,11.38,91.36
163.223,1536.00,96.13,32.00,0.12,14.47,10.98,91.36
163.373,1536.00,96.13,32.00,0.12,14.47,10.98,91.36
163.523,1536.50,96.13,32.00,0.12,14.47,10.98,91.36
163.673,1536.50,95.96,32.00,0.12,14.47,10.98,91.36
163.823,1536.50,95.96,32.00,0.12,14.47,10.98,91.36
163.973,1536.50,95.96,32.00,0.12,14.47,10.98,91.36
164.123,1536.50,95.96,32.00,0.12,14.47,10.98,91.36
164.273,1536.50,95.96,32.00,0.12,14.47,10.69,91.36
164.423,1536.50,95.96,32.00,0.12,14.47,10.69,91.46
164.573,1541.50,95.96,32.00,0.12,14.47,10.69,91.46
164.723,1541.50,95.99,32.00,0.12,14.47,10.69,91.46
164.873,1541.50,95.99,28.00,0.12,14.47,10.69,91.46
165.023,1541.50,95.99,28.00,0.12,14.47,10.69,91.46
165.173,1541.50,95.99,28.00,0.12,14.47,10.69,91.46
165.323,1541.50,95.99,28.00,0.12,14.47,10.55,91.46
165.473,1541.50,95.99,28.00,0.12,14.47,10.55,91.56
165.623,1538.00,95.99,28.00,0.12,14.47,10.55,91.56
165.773,1538.00,95.90,28.00,0.12,14.47,10.55,91.56
165.923,1538.00,95.90,28.00,0.12,14.47,10.55,91.56
166.073,1538.00,95.90,28.00,0.12,14.47,10.55,91.56
166.223,1538.00,95.90,28.00,0.12,14.47,10.55,91.56
166.373,1538.00,95.90,28.00,0.12,14.47,10.72,91.56
166.523,1538.00,95.90,28.00,0.12,14.47,10.72,91.66
166.673,1537.50,95.90,28.00,0.12,14.47,10.72,91.66
166.823,1537.50,95.91,28.00,0.12,14.47,10.72,91.66
166.973,1537.50,95.91,28.00,0.12,14.47,10.72,91.66
167.123,1537.50,95.91,28.00,0.11,14.47,10.72,91.66
167.273,1537.50,95.91,28.00,0.11,14.47,10.72,91.66
167.543,1537.50,95.91,28.00,0.11,14.47,10.72,91.66
167.693,1537.50,95.91,28.00,0.11,14.47,10.72,91.86
167.843,1536.50,95.91,28.00,0.11,14.47,10.72,91.86
167.993,1536.50,95.87,28.00,0.11,14.47,10.72,91.86
168.173,1536.50,95.87,28.00,0.11,14.47,10.72,91.86
168.323,1536.50,95.87,28.00,0.11,14.47,10.72,91.86
168.473,1536.50,95.87,28.00,0.11,14.47,10.72,91.86
168.623,1536.50,95.87,28.00,0.11,14.47,10.72,91.86
168.773,1536.50,95.87,28.00,0.11,14.47,10.72,91.96
168.923,1535.00,95.87,28.00,0.11,14.47,10.72,91.96
169.073,1535.00,95.83,28.00,0.11,14.47,10.72,91.96
169.223,1535.00,95.83,32.00,0.11,14.47,10.72,91.96
169.373,1535.00,95.83,32.00,0.11,14.47,10.72,91.96
169.523,1535.00,95.83,32.00,0.11,14.47,10.72,91.96
169.673,1535.00,95.83,32.00,0.11,14.47,11.03,91.96
169.823,1535.00,95.83,32.00,0.11,14.47,11.03,92.06
169.973,1531.50,95.83,32.00,0.11,14.47,11.03,92.06
170.123,1531.50,95.81,32.00,0.11,14.47,11.03,92.06
170.273,1531.50,95.81,32.00,0.11,14.47,11.03,92.06
170.423,1531.50,95.81,32.00,0.12,14.47,11.03,92.06
170.603,1531.50,95.81,32.00,0.12,14.47,11.03,92.06
170.753,1531.50,95.81,32.00,0.12,14.47,11.86,92.06
170.903,1531.50,95.81,32.00,0.12,14.47,11.86,92.06
171.053,1533.00,95.81,32.00,0.12,14.47,11.86,92.06
171.203,1533.00,95.78,32.00,0.12,14.47,11.86,92.06
171.353,1533.00,95.78,32.00,0.12,14.47,11.86,92.06
171.503,1533.00,95.78,32.00,0.12,14.47,11.86,92.06
171.653,1533.00,95.78,32.00,0.12,14.47,11.86,92.06
171.803,1533.00,95.78,32.00,0.12,14.47,11.74,92.06
171.953,1533.00,95.78,32.00,0.12,14.47,11.74,92.16
172.103,1534.00,95.78,32.00,0.12,14.47,11.74,92.16
172.253,1534.00,95.67,32.00,0.12,14.47,11.74,92.16
172.403,1534.00,95.67,32.00,0.12,14.47,11.74,92.16
172.553,1534.00,95.67,32.00,0.12,14.47,11.74,92.16
172.703,1534.00,95.67,32.00,0.12,14.47,11.74,92.16
172.853,1534.00,95.67,32.00,0.12,14.47,11.77,92.16
173.003,1534.00,95.67,32.00,0.12,14.47,11.77,92.26
173.153,1537.50,95.67,32.00,0.12,14.47,11.77,92.26
173.303,1537.50,95.82,32.00,0.12,14.47,11.77,92.26
173.453,1537.50,95.82,32.00,0.12,14.47,11.77,92.26
173.603,1537.50,95.82,32.00,0.12,14.47,11.77,92.26
173.753,1537.50,95.82,32.00,0.12,14.47,11.77,92.26
173.903,1537.50,95.82,32.00,0.12,14.47,11.45,92.26
174.053,1537.50,95.82,32.00,0.12,14.47,11.45,92.36
174.203,1532.50,95.82,32.00,0.12,14.47,11.45,92.36
174.353,1532.50,95.78,32.00,0.12,14.47,11.45,92.36
174.503,1532.50,95.78,32.00,0.12,14.47,11.45,92.36
174.653,1532.50,95.78,32.00,0.12,14.47,11.45,92.36
174.803,1532.50,95.78,32.00,0.12,14.47,11.45,92.36
174.953,1532.50,95.78,32.00,0.12,14.47,11.55,92.36
175.103,1532.50,95.78,32.00,0.12,14.47,11.55,92.36
175.254,1534.00,95.78,32.00,0.12,14.47,11.55,92.36
175.403,1534.00,95.92,32.00,0.12,14.47,11.55,92.36
175.553,1534.00,95.92,32.00,0.12,14.47,11.55,92.36
175.733,1534.00,95.92,32.00,0.12,14.47,11.55,92.36
175.883,1534.00,95.92,32.00,0.12,14.47,11.55,92.36
176.033,1534.00,95.92,32.00,0.12,14.47,11.35,92.36
176.183,1534.00,95.92,32.00,0.12,14.47,11.35,92.46
176.333,1532.50,95.92,32.00,0.12,14.47,11.35,92.46
176.483,1532.50,95.97,32.00,0.12,14.47,11.35,92.46
176.633,1532.50,95.97,32.00,0.12,14.47,11.35,92.46
176.783,1532.50,95.97,32.00,0.12,14.47,11.35,92.46
176.933,1532.50,95.97,32.00,0.12,14.47,11.35,92.46
177.083,1532.50,95.97,32.00,0.12,14.47,11.45,92.46
177.233,1532.50,95.97,32.00,0.12,14.47,11.45,92.56
177.383,1535.00,95.97,32.00,0.12,14.47,11.45,92.56
177.533,1535.00,95.68,32.00,0.12,14.47,11.45,92.56
177.683,1535.00,95.68,32.00,0.12,14.47,11.45,92.56
177.833,1535.00,95.68,32.00,0.12,14.47,11.45,92.56
177.983,1535.00,95.68,32.00,0.12,14.47,11.45,92.56
178.133,1535.00,95.68,32.00,0.12,14.47,11.81,92.56
178.283,1535.00,95.68,32.00,0.12,14.47,11.81,92.56
178.433,1533.00,95.68,32.00,0.12,14.47,11.81,92.56
178.583,1533.00,95.56,32.00,0.12,14.47,11.81,92.56
178.733,1533.00,95.56,36.00,0.12,14.47,11.81,92.56
178.883,1533.00,95.56,36.00,0.12,14.47,11.81,92.56
179.033,1533.00,95.56,36.00,0.12,14.47,11.81,92.56
179.183,1533.00,95.56,36.00,0.12,14.47,12.55,92.56
179.333,1533.00,95.56,36.00,0.12,14.47,12.55,92.66
179.483,1528.50,95.56,36.00,0.12,14.47,12.55,92.66
179.633,1528.50,95.51,36.00,0.12,14.47,12.55,92.66
179.783,1528.50,95.51,36.00,0.12,14.47,12.55,92.66
179.933,1528.50,95.51,36.00,0.12,14.47,12.55,92.66
180.083,1528.50,95.51,36.00,0.12,14.47,12.55,92.66
180.232,1528.50,95.51,36.00,0.12,14.47,13.23,92.66
180.383,1528.50,95.51,36.00,0.12,14.47,13.23,92.76
180.533,1528.50,95.51,36.00,0.12,14.47,13.23,92.76
180.683,1528.50,95.46,36.00,0.12,14.47,13.23,92.76
180.833,1528.50,95.46,40.00,0.12,14.47,13.23,92.76
180.983,1528.50,95.46,40.00,0.14,14.47,13.23,92.76
181.133,1528.50,95.46,40.00,0.14,14.47,13.23,92.76
181.283,1528.50,95.46,40.00,0.14,14.47,13.48,92.76
181.433,1528.50,95.46,40.00,0.14,14.47,13.48,92.86
181.583,1531.50,95.46,40.00,0.14,14.47,13.48,92.86
181.733,1531.50,95.42,40.00,0.14,14.47,13.48,92.86
181.883,1531.50,95.42,40.00,0.14,14.47,13.48,92.86
182.033,1531.50,95.42,40.00,0.18,14.47,13.48,92.86
182.183,1531.50,95.42,40.00,0.18,14.47,13.48,92.86
182.333,1531.50,95.42,40.00,0.18,14.47,13.77,92.86
182.483,1531.50,95.42,40.00,0.18,14.47,13.77,92.86
182.633,1533.50,95.42,40.00,0.18,14.47,13.77,92.86
182.783,1533.50,95.74,40.00,0.18,14.47,13.77,92.86
182.933,1533.50,95.74,40.00,0.18,14.47,13.77,92.86
183.083,1533.50,95.74,40.00,0.21,14.47,13.77,92.86
183.233,1533.50,95.74,40.00,0.21,14.47,13.77,92.86
183.413,1533.50,95.74,40.00,0.21,14.47,13.62,92.86
183.563,1533.50,95.74,40.00,0.21,14.47,13.62,92.86
183.713,1535.00,95.74,40.00,0.21,14.47,13.62,92.86
183.863,1535.00,95.84,40.00,0.21,14.47,13.62,92.86
184.013,1535.00,95.84,40.00,0.21,14.47,13.62,92.86
184.163,1535.00,95.84,40.00,0.24,14.47,13.62,92.86
184.313,1535.00,95.84,40.00,0.24,14.47,13.62,92.86
184.463,1535.00,95.84,40.00,0.24,14.47,13.16,92.86
184.613,1535.00,95.84,40.00,0.24,14.47,13.16,92.96
184.763,1532.50,95.84,40.00,0.24,14.47,13.16,92.96
184.913,1532.50,95.96,40.00,0.24,14.47,13.16,92.96
185.063,1532.50,95.96,40.00,0.24,14.47,13.16,92.96
185.213,1532.50,95.96,40.00,0.24,14.47,13.16,92.96
185.363,1532.50,95.96,40.00,0.24,14.47,13.16,92.96
185.513,1532.50,95.96,40.00,0.24,14.47,12.82,92.96
185.663,1532.50,95.96,40.00,0.24,14.47,12.82,93.06
185.813,1537.50,95.96,40.00,0.24,14.47,12.82,93.06
185.963,1537.50,95.98,40.00,0.24,14.47,12.82,93.06
186.113,1537.50,95.98,40.00,0.24,14.47,12.82,93.06
186.263,1537.50,95.98,40.00,0.23,14.47,12.82,93.06
186.413,1537.50,95.98,40.00,0.23,14.47,12.82,93.06
186.563,1537.50,95.98,40.00,0.23,14.47,13.01,93.06
186.713,1537.50,95.98,40.00,0.23,14.47,13.01,93.16
186.863,1536.50,95.98,40.00,0.23,14.47,13.01,93.16
187.013,1536.50,95.80,40.00,0.23,14.47,13.01,93.16
187.163,1536.50,95.80,40.00,0.23,14.47,13.01,93.16
187.313,1536.50,95.80,40.00,0.21,14.47,13.01,93.16
187.463,1536.50,95.80,40.00,0.21,14.47,13.01,93.16
187.613,1536.50,95.80,40.00,0.21,14.47,13.28,93.16
187.763,1536.50,95.80,40.00,0.21,14.47,13.28,93.26
187.913,1536.00,95.80,40.00,0.21,14.47,13.28,93.26
188.063,1536.00,95.87,40.00,0.21,14.47,13.28,93.26
188.213,1536.00,95.87,40.00,0.21,14.47,13.28,93.26
188.363,1536.00,95.87,40.00,0.21,14.47,13.28,93.26
188.513,1536.00,95.87,40.00,0.21,14.47,13.28,93.26
188.663,1536.00,95.87,40.00,0.21,14.47,13.35,93.26
188.813,1536.00,95.87,40.00,0.21,14.47,13.35,93.36
188.963,1538.00,95.87,40.00,0.21,14.47,13.35,93.36
189.113,1538.00,95.72,40.00,0.21,14.47,13.35,93.36
189.263,1538.00,95.72,40.00,0.21,14.47,13.35,93.36
189.413,1538.00,95.72,40.00,0.22,14.47,13.35,93.36
189.563,1538.00,95.72,40.00,0.22,14.47,13.35,93.36
189.713,1538.00,95.72,40.00,0.22,14.47,13.21,93.36
189.863,1538.00,95.72,40.00,0.22,14.47,13.21,93.36
190.013,1534.50,95.72,40.00,0.22,14.47,13.21,93.36
190.163,1534.50,95.99,40.00,0.22,14.47,13.21,93.36
190.313,1534.50,95.99,40.00,0.22,14.47,13.21,93.36
190.463,1534.50,95.99,40.00,0.23,14.47,13.21,93.36
190.613,1534.50,95.99,40.00,0.23,14.47,13.21,93.36
190.763,1534.50,95.99,40.00,0.23,14.47,13.21,93.36
190.913,1534.50,95.99,40.00,0.23,14.47,13.21,93.46
191.093,1538.00,95.99,40.00,0.23,14.47,13.21,93.46
191.243,1538.00,96.00,40.00,0.23,14.47,13.21,93.46
191.393,1538.00,96.00,40.00,0.23,14.47,13.21,93.46
191.543,1538.00,96.00,40.00,0.23,14.47,13.21,93.46
191.693,1538.00,96.00,40.00,0.23,14.47,13.21,93.46
191.843,1538.00,96.00,40.00,0.23,14.47,13.28,93.46
191.993,1538.00,96.00,40.00,0.23,14.47,13.28,93.56
192.143,1536.00,96.00,40.00,0.23,14.47,13.28,93.56
192.293,1536.00,95.85,40.00,0.23,14.47,13.28,93.56
192.443,1536.00,95.85,40.00,0.23,14.47,13.28,93.56
192.593,1536.00,95.85,40.00,0.22,14.47,13.28,93.56
192.743,1536.00,95.85,40.00,0.22,14.47,13.28,93.56
192.893,1536.00,95.85,40.00,0.22,14.47,13.28,93.56
193.043,1536.00,95.85,40.00,0.22,14.47,13.28,93.66
193.193,1538.50,95.85,40.00,0.22,14.47,13.28,93.66
193.342,1538.50,96.17,40.00,0.22,14.47,13.28,93.66
193.493,1538.50,96.17,40.00,0.22,14.47,13.28,93.66
193.643,1538.50,96.17,40.00,0.23,14.47,13.28,93.66
193.793,1538.50,96.17,40.00,0.23,14.47,13.28,93.66
193.943,1538.50,96.17,40.00,0.23,14.47,12.77,93.66
194.093,1538.50,96.17,40.00,0.23,14.47,12.77,93.66
194.243,1538.00,96.17,40.00,0.23,14.47,12.77,93.66
194.393,1538.00,95.82,40.00,0.23,14.47,12.77,93.66
194.543,1538.00,95.82,36.00,0.23,14.47,12.77,93.66
194.693,1538.00,95.82,36.00,0.20,14.47,12.77,93.66
194.843,1538.00,95.82,36.00,0.20,14.47,12.77,93.66
194.993,1538.00,95.82,36.00,0.20,14.47,12.74,93.66
195.143,1538.00,95.82,36.00,0.20,14.47,12.74,93.76
195.292,1537.00,95.82,36.00,0.20,14.47,12.74,93.76
195.442,1537.00,95.93,36.00,0.20,14.47,12.74,93.76
195.593,1537.00,95.93,36.00,0.20,14.47,12.74,93.76
195.743,1537.00,95.93,36.00,0.18,14.47,12.74,93.76
195.893,1537.00,95.93,36.00,0.18,14.47,12.74,93.76
196.043,1537.00,95.93,36.00,0.18,14.47,12.57,93.76
196.193,1537.00,95.93,36.00,0.18,14.47,12.57,93.86
196.343,1535.00,95.93,36.00,0.18,14.47,12.57,93.86
196.493,1535.00,95.70,36.00,0.18,14.47,12.57,93.86
196.643,1535.00,95.70,36.00,0.18,14.47,12.57,93.86
196.793,1535.00,95.70,36.00,0.18,14.47,12.57,93.86
196.943,1535.00,95.70,36.00,0.18,14.47,12.57,93.86
197.093,1535.00,95.70,36.00,0.18,14.47,12.74,93.86
197.243,1535.00,95.70,36.00,0.18,14.47,12.74,93.86
197.393,1538.50,95.70,36.00,0.18,14.47,12.74,93.86
197.542,1538.50,95.82,36.00,0.18,14.47,12.74,93.86
197.693,1538.50,95.82,36.00,0.18,14.47,12.74,93.86
197.843,1538.50,95.82,36.00,0.18,14.47,12.74,93.86
197.993,1538.50,95.82,36.00,0.18,14.47,12.74,93.86
198.143,1538.50,95.82,36.00,0.18,14.47,13.01,93.86
198.293,1538.50,95.82,36.00,0.18,14.47,13.01,93.96
198.443,1533.50,95.82,36.00,0.18,14.47,13.01,93.96
198.593,1533.50,95.64,36.00,0.18,14.47,13.01,93.96
198.773,1533.50,95.64,36.00,0.18,14.47,13.01,93.96
198.923,1533.50,95.64,36.00,0.19,14.47,13.01,93.96
199.073,1533.50,95.64,36.00,0.19,14.47,13.01,93.96
199.223,1533.50,95.64,36.00,0.19,14.47,13.16,93.96
199.373,1533.50,95.64,36.00,0.19,14.47,13.16,94.06
199.523,1536.50,95.64,36.00,0.19,14.47,13.16,94.06
199.673,1536.50,95.62,36.00,0.19,14.47,13.16,94.06
199.823,1536.50,95.62,40.00,0.19,14.47,13.16,94.06
199.973,1536.50,95.62,40.00,0.19,14.47,13.16,94.06
200.123,1536.50,95.62,40.00,0.19,14.47,13.16,94.06
200.273,1536.50,95.62,40.00,0.19,14.47,13.33,94.06
200.423,1536.50,95.62,40.00,0.19,14.47,13.33,94.06
200.573,1535.00,95.62,40.00,0.19,14.47,13.33,94.06
200.723,1535.00,95.86,40.00,0.19,14.47,13.33,94.06
200.873,1535.00,95.86,40.00,0.19,14.47,13.33,94.06
201.023,1535.00,95.86,40.00,0.19,14.47,13.33,94.06
201.173,1535.00,95.86,40.00,0.19,14.47,13.33,94.06
201.323,1535.00,95.86,40.00,0.19,14.47,13.38,94.06
201.473,1535.00,95.86,40.00,0.19,14.47,13.38,94.06
201.623,1537.00,95.86,40.00,0.19,14.47,13.38,94.06
201.773,1537.00,95.85,40.00,0.19,14.47,13.38,94.06
201.923,1537.00,95.85,40.00,0.19,14.47,13.38,94.06
202.073,1537.00,95.85,40.00,0.19,14.47,13.38,94.06
202.223,1537.00,95.85,40.00,0.19,14.48,13.38,94.06
202.373,1537.00,95.85,40.00,0.19,14.48,13.04,94.06
202.523,1537.00,95.85,40.00,0.19,14.48,13.04,94.16
202.673,1536.50,95.85,40.00,0.19,14.48,13.04,94.16
202.823,1536.50,96.03,40.00,0.19,14.48,13.04,94.16
202.973,1536.50,96.03,40.00,0.19,14.48,13.04,94.16
203.123,1536.50,96.03,40.00,0.20,14.48,13.04,94.16
203.273,1536.50,96.03,40.00,0.20,14.48,13.04,94.16
203.423,1536.50,96.03,40.00,0.20,14.48,12.89,94.16
203.573,1536.50,96.03,40.00,0.20,14.48,12.89,94.16
203.723,1539.50,96.03,40.00,0.20,14.48,12.89,94.16
203.873,1539.50,95.87,40.00,0.20,14.48,12.89,94.16
204.023,1539.50,95.87,36.00,0.20,14.48,12.89,94.16
204.173,1539.50,95.87,36.00,0.19,14.48,12.89,94.16
204.323,1539.50,95.87,36.00,0.19,14.48,12.89,94.16
204.473,1539.50,95.87,36.00,0.19,14.48,12.55,94.16
204.623,1539.50,95.87,36.00,0.19,14.48,12.55,94.26
204.773,1536.50,95.87,36.00,0.19,14.48,12.55,94.26
204.923,1536.50,96.02,36.00,0.19,14.48,12.55,94.26
205.073,1536.50,96.02,36.00,0.19,14.48,12.55,94.26
205.223,1536.50,96.02,36.00,0.18,14.48,12.55,94.26
205.373,1536.50,96.02,36.00,0.18,14.48,12.55,94.26
205.523,1536.50,96.02,36.00,0.18,14.48,12.99,94.26
205.673,1536.50,96.02,36.00,0.18,14.48,12.99,94.36
205.823,1536.00,96.02,36.00,0.18,14.48,12.99,94.36
205.973,1536.00,95.79,36.00,0.18,14.48,12.99,94.36
206.123,1536.00,95.79,40.00,0.18,14.48,12.99,94.36
206.273,1536.00,95.79,40.00,0.18,14.48,12.99,94.36
206.453,1536.00,95.79,40.00,0.18,14.48,12.99,94.36
206.603,1536.00,95.79,40.00,0.18,14.48,13.11,94.36
206.753,1536.00,95.79,40.00,0.18,14.48,13.11,94.36
206.903,1537.50,95.79,40.00,0.18,14.48,13.11,94.36
207.053,1537.50,95.85,40.00,0.18,14.48,13.11,94.36
207.203,1537.50,95.85,40.00,0.18,14.48,13.11,94.36
207.353,1537.50,95.85,40.00,0.19,14.48,13.11,94.36
207.503,1537.50,95.85,40.00,0.19,14.48,13.11,94.36
207.653,1537.50,95.85,40.00,0.19,14.48,13.11,94.36
207.803,1537.50,95.85,40.00,0.19,14.48,13.11,94.36
207.953,1535.00,95.85,40.00,0.19,14.48,13.11,94.36
208.103,1535.00,96.06,40.00,0.19,14.48,13.11,94.36
208.253,1535.00,96.06,40.00,0.19,14.48,13.11,94.36
208.403,1535.00,96.06,40.00,0.19,14.48,13.11,94.36
208.553,1535.00,96.06,40.00,0.19,14.48,13.11,94.36
208.703,1535.00,96.06,40.00,0.19,14.48,13.06,94.36
208.853,1535.00,96.06,40.00,0.19,14.48,13.06,94.46
209.003,1535.00,96.06,40.00,0.19,14.48,13.06,94.46
209.153,1535.00,95.58,40.00,0.19,14.48,13.06,94.46
209.303,1535.00,95.58,40.00,0.19,14.48,13.06,94.46
209.453,1535.00,95.58,40.00,0.19,14.48,13.06,94.46
209.603,1535.00,95.58,40.00,0.19,14.48,13.06,94.46
209.753,1535.00,95.58,40.00,0.19,14.48,13.30,94.46
209.903,1535.00,95.58,40.00,0.19,14.48,13.30,94.56
210.053,1534.50,95.58,40.00,0.19,14.48,13.30,94.56
210.203,1534.50,95.81,40.00,0.19,14.48,13.30,94.56
210.353,1534.50,95.81,40.00,0.19,14.48,13.30,94.56
210.503,1534.50,95.81,40.00,0.19,14.48,13.30,94.56
210.653,1534.50,95.81,40.00,0.19,14.48,13.30,94.56
210.803,1534.50,95.81,40.00,0.19,14.48,13.45,94.56
210.953,1534.50,95.81,40.00,0.19,14.48,13.45,94.56
211.103,1534.50,95.81,40.00,0.19,14.48,13.45,94.56
211.253,1534.50,95.64,40.00,0.19,14.48,13.45,94.56
211.403,1534.50,95.64,40.00,0.19,14.48,13.45,94.56
211.553,1534.50,95.64,40.00,0.22,14.48,13.45,94.56
211.703,1534.50,95.64,40.00,0.22,14.48,13.45,94.56
211.853,1534.50,95.64,40.00,0.22,14.48,13.50,94.56
212.003,1534.50,95.64,40.00,0.22,14.48,13.50,94.66
212.153,1535.50,95.64,40.00,0.22,14.48,13.50,94.66
212.303,1535.50,95.85,40.00,0.22,14.48,13.50,94.66
212.453,1535.50,95.85,40.00,0.22,14.48,13.50,94.66
212.604,1535.50,95.85,40.00,0.25,14.48,13.50,94.66
212.753,1535.50,95.85,40.00,0.25,14.48,13.50,94.66
212.903,1535.50,95.85,40.00,0.25,14.48,13.33,94.66
213.053,1535.50,95.85,40.00,0.25,14.48,13.33,94.66
213.203,1535.50,95.85,40.00,0.25,14.48,13.33,94.66
213.353,1535.50,95.90,40.00,0.25,14.48,13.33,94.66
213.503,1535.50,95.90,40.00,0.25,14.48,13.33,94.66
213.653,1535.50,95.90,40.00,0.25,14.48,13.33,94.66
213.803,1535.50,95.90,40.00,0.25,14.48,13.33,94.66
213.953,1535.50,95.90,40.00,0.25,14.48,13.30,94.66
214.133,1535.50,95.90,40.00,0.25,14.48,13.30,94.66
214.283,1537.50,95.90,40.00,0.25,14.48,13.30,94.66
214.433,1537.50,95.78,40.00,0.25,14.48,13.30,94.66
214.583,1537.50,95.78,40.00,0.25,14.48,13.30,94.66
214.733,1537.50,95.78,40.00,0.25,14.48,13.30,94.66
214.883,1537.50,95.78,40.00,0.25,14.48,13.30,94.66
215.033,1537.50,95.78,40.00,0.25,14.48,13.35,94.66
215.183,1537.50,95.78,40.00,0.25,14.48,13.35,94.56
215.333,1536.00,95.78,40.00,0.25,14.48,13.35,94.56
215.483,1536.00,95.93,40.00,0.25,14.48,13.35,94.56
215.633,1536.00,95.93,40.00,0.25,14.48,13.35,94.56
215.783,1536.00,95.93,40.00,0.24,14.48,13.35,94.56
215.933,1536.00,95.93,40.00,0.24,14.48,13.35,94.56
216.083,1536.00,95.93,40.00,0.24,14.48,13.21,94.56
216.233,1536.00,95.93,40.00,0.24,14.48,13.21,94.56
216.383,1537.50,95.93,40.00,0.24,14.48,13.21,94.56
216.533,1537.50,95.85,40.00,0.24,14.48,13.21,94.56
216.683,1537.50,95.85,40.00,0.24,14.48,13.21,94.56
216.833,1537.50,95.85,40.00,0.24,14.48,13.21,94.56
216.983,1537.50,95.85,40.00,0.24,14.48,13.21,94.56
217.133,1537.50,95.85,40.00,0.24,14.48,13.38,94.56
217.283,1537.50,95.85,40.00,0.24,14.48,13.38,94.36
217.433,1534.50,95.85,40.00,0.24,14.48,13.38,94.36
217.583,1534.50,96.03,40.00,0.24,14.48,13.38,94.36
217.733,1534.50,96.03,40.00,0.24,14.48,13.38,94.36
217.883,1534.50,96.03,40.00,0.24,14.48,13.38,94.36
218.033,1534.50,96.03,40.00,0.24,14.48,13.38,94.36
218.182,1534.50,96.03,40.00,0.24,14.48,13.38,94.36
218.333,1534.50,96.03,40.00,0.24,14.48,13.38,94.26
218.483,1537.50,96.03,40.00,0.24,14.48,13.38,94.26
218.633,1537.50,95.95,40.00,0.24,14.48,13.38,94.26
218.783,1537.50,95.95,40.00,0.24,14.48,13.38,94.26
218.933,1537.50,95.95,40.00,0.24,14.48,13.38,94.26
219.083,1537.50,95.95,40.00,0.24,14.48,13.38,94.26
219.233,1537.50,95.95,40.00,0.24,14.48,13.18,94.26
219.383,1537.50,95.95,40.00,0.24,14.48,13.18,94.16
219.533,1536.00,95.95,40.00,0.24,14.48,13.18,94.16
219.683,1536.00,95.96,40.00,0.24,14.48,13.18,94.16
219.833,1536.00,95.96,40.00,0.24,14.48,13.18,94.16
219.983,1536.00,95.96,40.00,0.24,14.48,13.18,94.16
220.133,1536.00,95.96,40.00,0.24,14.48,13.18,94.16
220.283,1536.00,95.96,40.00,0.24,14.48,12.94,94.16
220.433,1536.00,95.96,40.00,0.24,14.48,12.94,94.06
220.583,1537.50,95.96,40.00,0.24,14.48,12.94,94.06
220.733,1537.50,95.97,40.00,0.24,14.48,12.94,94.06
220.883,1537.50,95.97,36.00,0.24,14.48,12.94,94.06
221.033,1537.50,95.97,36.00,0.21,14.48,12.94,94.06
221.183,1537.50,95.97,36.00,0.21,14.48,12.94,94.06
221.333,1537.50,95.97,36.00,0.21,14.48,12.82,94.06
221.483,1537.50,95.97,36.00,0.21,14.48,12.82,93.96
221.633,1537.50,95.97,36.00,0.21,14.48,12.82,93.96
221.813,1537.50,95.78,36.00,0.21,14.48,12.82,93.96
221.963,1537.50,95.78,36.00,0.21,14.48,12.82,93.96
222.113,1537.50,95.78,36.00,0.19,14.48,12.82,93.96
222.263,1537.50,95.78,36.00,0.19,14.48,12.82,93.96
222.413,1537.50,95.78,36.00,0.19,14.48,13.28,93.96
222.563,1537.50,95.78,36.00,0.19,14.48,13.28,93.86
222.713,1535.00,95.78,36.00,0.19,14.48,13.28,93.86
222.863,1535.00,95.72,36.00,0.19,14.48,13.28,93.86
223.013,1535.00,95.72,40.00,0.19,14.48,13.28,93.86
223.163,1535.00,95.72,40.00,0.19,14.48,13.28,93.86
223.313,1535.00,95.72,40.00,0.19,14.48,13.28,93.86
223.463,1535.00,95.72,40.00,0.19,14.48,13.57,93.86
223.613,1535.00,95.72,40.00,0.19,14.48,13.57,93.76
223.763,1535.50,95.72,40.00,0.19,14.48,13.57,93.76
223.913,1535.50,95.64,40.00,0.19,14.48,13.57,93.76
224.063,1535.50,95.64,40.00,0.19,14.48,13.57,93.76
224.213,1535.50,95.64,40.00,0.20,14.48,13.57,93.76
224.363,1535.50,95.64,40.00,0.20,14.48,13.57,93.76
224.513,1535.50,95.64,40.00,0.20,14.48,13.89,93.76
224.663,1535.50,95.64,40.00,0.20,14.48,13.89,93.66
224.813,1533.50,95.64,40.00,0.20,14.48,13.89,93.66
224.963,1533.50,95.63,40.00,0.20,14.48,13.89,93.66
225.113,1533.50,95.63,40.00,0.20,14.48,13.89,93.66
225.263,1533.50,95.63,40.00,0.24,14.48,13.89,93.66
225.413,1533.50,95.63,40.00,0.24,14.48,13.89,93.66
225.563,1533.50,95.63,40.00,0.24,14.48,13.87,93.66
225.714,1533.50,95.63,40.00,0.24,14.48,13.87,93.56
225.863,1534.50,95.63,40.00,0.24,14.48,13.87,93.56
226.013,1534.50,95.77,40.00,0.24,14.48,13.87,93.56
226.163,1534.50,95.77,40.00,0.24,14.48,13.87,93.56
226.313,1534.50,95.77,40.00,0.25,14.48,13.87,93.56
226.463,1534.50,95.77,40.00,0.25,14.48,13.87,93.56
226.613,1534.50,95.77,40.00,0.25,14.48,13.77,93.56
226.763,1534.50,95.77,40.00,0.25,14.48,13.77,93.56
226.913,1535.50,95.77,40.00,0.25,14.48,13.77,93.56
227.063,1535.50,95.61,40.00,0.25,14.48,13.77,93.56
227.213,1535.50,95.61,40.00,0.25,14.48,13.77,93.56
227.363,1535.50,95.61,40.00,0.27,14.48,13.77,93.56
227.513,1535.50,95.61,40.00,0.27,14.48,13.77,93.56
227.663,1535.50,95.61,40.00,0.27,14.48,13.77,93.56
227.813,1535.50,95.61,40.00,0.27,14.48,13.77,93.56
227.963,1536.50,95.61,40.00,0.27,14.48,13.77,93.56
228.113,1536.50,95.92,40.00,0.27,14.48,13.77,93.56
228.263,1536.50,95.92,40.00,0.27,14.48,13.77,93.56
228.413,1536.50,95.92,40.00,0.28,14.48,13.77,93.56
228.563,1536.50,95.92,40.00,0.28,14.48,13.77,93.56
228.713,1536.50,95.92,40.00,0.28,14.48,13.79,93.56
228.863,1536.50,95.92,40.00,0.28,14.48,13.79,93.46
229.013,1535.00,95.92,40.00,0.28,14.48,13.79,93.46
229.163,1535.00,95.72,40.00,0.28,14.48,13.79,93.46
229.313,1535.00,95.72,40.00,0.28,14.48,13.79,93.46
229.493,1535.00,95.72,40.00,0.29,14.48,13.79,93.46
229.643,1535.00,95.72,40.00,0.29,14.48,13.79,93.46
229.793,1535.00,95.72,40.00,0.29,14.48,13.99,93.46
229.943,1535.00,95.72,40.00,0.29,14.48,13.99,93.36
230.093,1533.00,95.72,40.00,0.29,14.48,13.99,93.36
230.243,1533.00,95.68,40.00,0.29,14.48,13.99,93.36
230.393,1533.00,95.68,44.00,0.29,14.48,13.99,93.36
230.543,1533.00,95.68,44.00,0.30,14.48,13.99,93.36
230.693,1533.00,95.68,44.00,0.30,14.48,13.99,93.36
230.843,1533.00,95.68,44.00,0.30,14.48,14.06,93.36
230.993,1533.00,95.68,44.00,0.30,14.48,14.06,93.36
231.143,1532.00,95.68,44.00,0.30,14.48,14.06,93.36
231.293,1532.00,95.57,44.00,0.30,14.48,14.06,93.36
231.443,1532.00,95.57,44.00,0.30,14.48,14.06,93.36
231.593,1532.00,95.57,44.00,0.31,14.48,14.06,93.36
231.743,1532.00,95.57,44.00,0.31,14.48,14.06,93.36
231.893,1532.00,95.57,44.00,0.31,14.48,14.45,93.36
232.043,1532.00,95.57,44.00,0.31,14.48,14.45,93.26
232.193,1531.50,95.57,44.00,0.31,14.48,14.45,93.26
232.343,1531.50,95.56,44.00,0.31,14.48,14.45,93.26
232.493,1531.50,95.56,44.00,0.31,14.48,14.45,93.26
232.643,1531.50,95.56,44.00,0.34,14.48,14.45,93.26
232.793,1531.50,95.56,44.00,0.34,14.48,14.45,93.26
232.943,1531.50,95.56,44.00,0.34,14.48,14.35,93.26
233.093,1531.50,95.56,44.00,0.34,14.48,14.35,93.26
233.243,1534.50,95.56,44.00,0.34,14.48,14.35,93.26
233.393,1534.50,95.63,44.00,0.34,14.48,14.35,93.26
233.543,1534.50,95.63,48.00,0.34,14.48,14.35,93.26
233.693,1534.50,95.63,48.00,0.37,14.48,14.35,93.26
233.843,1534.50,95.63,48.00,0.37,14.48,14.35,93.26
233.993,1534.50,95.63,48.00,0.37,14.48,14.45,93.26
234.143,1534.50,95.63,48.00,0.37,14.48,14.45,93.26
234.293,1534.00,95.63,48.00,0.37,14.48,14.45,93.26
234.443,1534.00,95.59,48.00,0.37,14.48,14.45,93.26
234.593,1534.00,95.59,48.00,0.37,14.48,14.45,93.26
234.743,1534.00,95.59,48.00,0.37,14.48,14.45,93.26
234.893,1534.00,95.59,48.00,0.37,14.48,14.45,93.26
235.043,1534.00,95.59,48.00,0.37,14.48,14.57,93.26
235.193,1534.00,95.59,48.00,0.37,14.48,14.57,93.26
235.343,1531.00,95.59,48.00,0.37,14.48,14.57,93.26
235.493,1531.00,95.81,48.00,0.37,14.48,14.57,93.26
235.643,1531.00,95.81,48.00,0.37,14.48,14.57,93.26
235.793,1531.00,95.81,48.00,0.38,14.48,14.57,93.26
235.943,1531.00,95.81,48.00,0.38,14.48,14.57,93.26
236.093,1531.00,95.81,48.00,0.38,14.48,14.65,93.26
236.243,1531.00,95.81,48.00,0.38,14.48,14.65,93.26
236.393,1535.00,95.81,48.00,0.38,14.48,14.65,93.26
236.543,1535.00,95.63,48.00,0.38,14.48,14.65,93.26
236.693,1535.00,95.63,48.00,0.38,14.48,14.65,93.26
236.843,1535.00,95.63,48.00,0.38,14.48,14.65,93.26
236.993,1535.00,95.63,48.00,0.38,14.48,14.65,93.26
237.172,1535.00,95.63,48.00,0.38,14.48,14.70,93.26
237.323,1535.00,95.63,48.00,0.38,14.48,14.70,93.16
237.473,1532.00,95.63,48.00,0.38,14.48,14.70,93.16
237.623,1532.00,95.63,48.00,0.38,14.48,14.70,93.16
237.773,1532.00,95.63,48.00,0.38,14.48,14.70,93.16
237.923,1532.00,95.63,48.00,0.41,14.48,14.70,93.16
238.073,1532.00,95.63,48.00,0.41,14.48,14.70,93.16
238.223,1532.00,95.63,48.00,0.41,14.48,14.87,93.16
238.373,1532.00,95.63,48.00,0.41,14.48,14.87,93.16
238.523,1532.00,95.63,48.00,0.41,14.48,14.87,93.16
238.673,1532.00,95.52,48.00,0.41,14.48,14.87,93.16
238.823,1532.00,95.52,48.00,0.41,14.48,14.87,93.16
238.973,1532.00,95.52,48.00,0.42,14.48,14.87,93.16
239.123,1532.00,95.52,48.00,0.42,14.48,14.87,93.16
239.273,1532.00,95.52,48.00,0.42,14.48,14.89,93.16
239.423,1532.00,95.52,48.00,0.42,14.48,14.89,93.26
239.573,1537.00,95.52,48.00,0.42,14.48,14.89,93.26
239.723,1537.00,95.60,48.00,0.42,14.48,14.89,93.26
239.873,1537.00,95.60,48.00,0.42,14.48,14.89,93.26
240.023,1537.00,95.60,48.00,0.43,14.48,14.89,93.26
240.173,1537.00,95.60,48.00,0.43,14.48,14.89,93.26
240.323,1537.00,95.60,48.00,0.43,14.48,14.82,93.26
240.473,1537.00,95.60,48.00,0.43,14.48,14.82,93.16
240.623,1537.00,95.60,48.00,0.43,14.48,14.82,93.16
240.773,1537.00,95.51,48.00,0.43,14.48,14.82,93.16
240.923,1537.00,95.51,48.00,0.43,14.48,14.82,93.16
241.073,1537.00,95.51,48.00,0.43,14.48,14.82,93.16
241.223,1537.00,95.51,48.00,0.43,14.48,14.82,93.16
241.373,1537.00,95.51,48.00,0.43,14.48,14.70,93.16
241.523,1537.00,95.51,48.00,0.43,14.48,14.70,93.16
241.673,1534.00,95.51,48.00,0.43,14.48,14.70,93.16
241.823,1534.00,95.64,48.00,0.43,14.48,14.70,93.16
241.973,1534.00,95.64,48.00,0.43,14.48,14.70,93.16
242.123,1534.00,95.64,48.00,0.43,14.48,14.70,93.16
242.273,1534.00,95.64,48.00,0.43,14.48,14.70,93.16
242.423,1534.00,95.64,48.00,0.43,14.48,14.70,93.16
242.573,1534.00,95.64,48.00,0.43,14.48,14.70,93.16
242.723,1533.00,95.64,48.00,0.43,14.48,14.70,93.16
242.875,1533.00,95.59,48.00,0.43,14.48,14.70,93.16
243.023,1533.00,95.59,52.00,0.43,14.48,14.70,93.16
243.173,1533.00,95.59,52.00,0.43,14.48,14.70,93.16
243.323,1533.00,95.59,52.00,0.43,14.48,14.70,93.16
243.473,1533.00,95.59,52.00,0.43,14.48,14.94,93.16
243.623,1533.00,95.59,52.00,0.43,14.48,14.94,93.16
243.773,1531.50,95.59,52.00,0.43,14.48,14.94,93.16
243.923,1531.50,95.66,52.00,0.43,14.48,14.94,93.16
244.073,1531.50,95.66,52.00,0.43,14.48,14.94,93.16
244.223,1531.50,95.66,52.00,0.44,14.48,14.94,93.16
244.373,1531.50,95.66,52.00,0.44,14.48,14.94,93.16
244.523,1531.50,95.66,52.00,0.44,14.48,14.96,93.16
244.673,1531.50,95.66,52.00,0.44,14.48,14.96,93.16
244.853,1534.50,95.66,52.00,0.44,14.48,14.96,93.16
245.003,1534.50,95.65,52.00,0.44,14.48,14.96,93.16
245.153,1534.50,95.65,52.00,0.44,14.48,14.96,93.16
245.302,1534.50,95.65,52.00,0.46,14.48,14.96,93.16
245.453,1534.50,95.65,52.00,0.46,14.48,14.96,93.16
245.603,1534.50,95.65,52.00,0.46,14.48,15.04,93.16
245.753,1534.50,95.65,52.00,0.46,14.48,15.04,93.26
245.903,1533.00,95.65,52.00,0.46,14.48,15.04,93.26
246.053,1533.00,95.68,52.00,0.46,14.48,15.04,93.26
246.203,1533.00,95.68,52.00,0.46,14.48,15.04,93.26
246.353,1533.00,95.68,52.00,0.49,14.48,15.04,93.26
246.503,1533.00,95.68,52.00,0.49,14.48,15.04,93.26
246.653,1533.00,95.68,52.00,0.49,14.48,14.87,93.26
246.803,1533.00,95.68,52.00,0.49,14.48,14.87,93.26
246.953,1536.50,95.68,52.00,0.49,14.48,14.87,93.26
247.103,1536.50,95.82,52.00,0.49,14.48,14.87,93.26
247.253,1536.50,95.82,52.00,0.49,14.48,14.87,93.26
247.403,1536.50,95.82,52.00,0.49,14.48,14.87,93.26
247.553,1536.50,95.82,52.00,0.49,14.48,14.87,93.26
247.703,1536.50,95.82,52.00,0.49,14.48,14.72,93.26
247.853,1536.50,95.82,52.00,0.49,14.48,14.72,93.26
248.003,1532.50,95.82,52.00,0.49,14.48,14.72,93.26
248.153,1532.50,95.78,52.00,0.49,14.48,14.72,93.26
248.303,1532.50,95.78,52.00,0.49,14.48,14.72,93.26
248.453,1532.50,95.78,52.00,0.49,14.48,14.72,93.26
248.603,1532.50,95.78,52.00,0.49,14.48,14.72,93.26
248.753,1532.50,95.78,52.00,0.49,14.48,14.65,93.26
248.903,1532.50,95.78,52.00,0.49,14.48,14.65,93.26
249.053,1537.50,95.78,52.00,0.49,14.48,14.65,93.26
249.203,1537.50,95.95,52.00,0.49,14.48,14.65,93.26
249.353,1537.50,95.95,48.00,0.49,14.48,14.65,93.26
249.503,1537.50,95.95,48.00,0.46,14.48,14.65,93.26
249.653,1537.50,95.95,48.00,0.46,14.48,14.65,93.26
249.803,1537.50,95.95,48.00,0.46,14.48,14.55,93.26
249.953,1537.50,95.95,48.00,0.46,14.48,14.55,93.26
250.103,1537.00,95.95,48.00,0.46,14.48,14.55,93.26
250.253,1537.00,95.75,48.00,0.46,14.48,14.55,93.26
250.403,1537.00,95.75,48.00,0.46,14.48,14.55,93.26
250.553,1537.00,95.75,48.00,0.44,14.48,14.55,93.26
250.703,1537.00,95.75,48.00,0.44,14.48,14.55,93.26
250.853,1537.00,95.75,48.00,0.44,14.48,14.62,93.26
251.003,1537.00,95.75,48.00,0.44,14.48,14.62,93.36
251.153,1539.50,95.75,48.00,0.44,14.48,14.62,93.36
251.303,1539.50,95.97,48.00,0.44,14.48,14.62,93.36
251.453,1539.50,95.97,48.00,0.44,14.48,14.62,93.36
251.603,1539.50,95.97,48.00,0.43,14.48,14.62,93.36
251.753,1539.50,95.97,48.00,0.43,14.48,14.62,93.36
251.903,1539.50,95.97,48.00,0.43,14.48,14.43,93.36
252.053,1539.50,95.97,48.00,0.43,14.48,14.43,93.36
252.203,1537.50,95.97,48.00,0.43,14.48,14.43,93.36
252.353,1537.50,95.85,48.00,0.43,14.48,14.43,93.36
252.533,1537.50,95.85,48.00,0.43,14.48,14.43,93.36
252.683,1537.50,95.85,48.00,0.43,14.48,14.43,93.36
252.833,1537.50,95.85,48.00,0.43,14.48,14.43,93.36
252.983,1537.50,95.85,48.00,0.43,14.48,14.45,93.36
253.133,1537.50,95.85,48.00,0.43,14.48,14.45,93.36
253.283,1538.00,95.85,48.00,0.43,14.48,14.45,93.36
253.433,1538.00,95.90,48.00,0.43,14.48,14.45,93.36
253.583,1538.00,95.90,48.00,0.43,14.48,14.45,93.36
253.733,1538.00,95.90,48.00,0.42,14.48,14.45,93.36
253.883,1538.00,95.90,48.00,0.42,14.48,14.45,93.36
254.033,1538.00,95.90,48.00,0.42,14.48,14.38,93.36
254.183,1538.00,95.90,48.00,0.42,14.48,14.38,93.36
254.333,1536.50,95.90,48.00,0.42,14.48,14.38,93.36
254.483,1536.50,96.03,48.00,0.42,14.48,14.38,93.36
254.633,1536.50,96.03,48.00,0.42,14.48,14.38,93.36
254.783,1536.50,96.03,48.00,0.42,14.48,14.38,93.36
254.933,1536.50,96.03,48.00,0.42,14.48,14.38,93.36
255.083,1536.50,96.03,48.00,0.42,14.48,14.55,93.36
255.233,1536.50,96.03,48.00,0.42,14.48,14.55,93.36
255.383,1537.50,96.03,48.00,0.42,14.48,14.55,93.36
255.533,1537.50,95.96,48.00,0.42,14.48,14.55,93.36
255.683,1537.50,95.96,48.00,0.42,14.48,14.55,93.36
255.833,1537.50,95.96,48.00,0.41,14.48,14.55,93.36
255.983,1537.50,95.96,48.00,0.41,14.48,14.55,93.36
256.133,1537.50,95.96,48.00,0.41,14.48,14.35,93.36
256.282,1537.50,95.96,48.00,0.41,14.48,14.35,93.36
256.433,1537.50,95.96,48.00,0.41,14.48,14.35,93.36
256.583,1537.50,95.92,48.00,0.41,14.48,14.35,93.36
256.733,1537.50,95.92,48.00,0.41,14.48,14.35,93.36
256.883,1537.50,95.92,48.00,0.40,14.48,14.35,93.36
257.033,1537.50,95.92,48.00,0.40,14.48,14.35,93.36
257.183,1537.50,95.92,48.00,0.40,14.48,14.35,93.36
257.332,1537.50,95.92,48.00,0.40,14.48,14.35,93.36
257.482,1538.00,95.92,48.00,0.40,14.48,14.35,93.36
257.632,1538.00,95.86,48.00,0.40,14.48,14.35,93.36
257.783,1538.00,95.86,48.00,0.40,14.48,14.35,93.36
257.933,1538.00,95.86,48.00,0.40,14.48,14.35,93.36
258.083,1538.00,95.86,48.00,0.40,14.48,14.35,93.36
258.233,1538.00,95.86,48.00,0.40,14.48,14.18,93.36
258.383,1538.00,95.86,48.00,0.40,14.48,14.18,93.46
258.533,1534.00,95.86,48.00,0.40,14.48,14.18,93.46
258.683,1534.00,96.03,48.00,0.40,14.48,14.18,93.46
258.833,1534.00,96.03,48.00,0.40,14.48,14.18,93.46
258.983,1534.00,96.03,48.00,0.39,14.48,14.18,93.46
259.133,1534.00,96.03,48.00,0.39,14.48,14.18,93.46
259.283,1534.00,96.03,48.00,0.39,14.48,14.16,93.46
259.433,1534.00,96.03,48.00,0.39,14.48,14.16,93.46
259.583,1541.00,96.03,48.00,0.39,14.48,14.16,93.46
259.733,1541.00,95.91,48.00,0.39,14.48,14.16,93.46
259.883,1541.00,95.91,44.00,0.39,14.48,14.16,93.46
260.033,1541.00,95.91,44.00,0.39,14.48,14.16,93.46
260.213,1541.00,95.91,44.00,0.39,14.48,14.16,93.46
260.363,1541.00,95.91,44.00,0.39,14.48,14.13,93.46
260.513,1541.00,95.91,44.00,0.39,14.48,14.13,93.46
260.663,1537.50,95.91,44.00,0.39,14.48,14.13,93.46
260.813,1537.50,95.85,44.00,0.39,14.48,14.13,93.46
260.963,1537.50,95.85,44.00,0.39,14.48,14.13,93.46
261.113,1537.50,95.85,44.00,0.38,14.48,14.13,93.46
261.263,1537.50,95.85,44.00,0.38,14.48,14.13,93.46
261.413,1537.50,95.85,44.00,0.38,14.48,14.09,93.46
261.563,1537.50,95.85,44.00,0.38,14.48,14.09,93.46
261.713,1542.50,95.85,44.00,0.38,14.48,14.09,93.46
261.863,1542.50,96.03,44.00,0.38,14.48,14.09,93.46
262.013,1542.50,96.03,44.00,0.38,14.48,14.09,93.46
262.163,1542.50,96.03,44.00,0.37,14.48,14.09,93.46
262.313,1542.50,96.03,44.00,0.37,14.48,14.09,93.46
262.462,1542.50,96.03,44.00,0.37,14.48,13.99,93.46
262.613,1542.50,96.03,44.00,0.37,14.48,13.99,93.46
262.763,1535.00,96.03,44.00,0.37,14.48,13.99,93.46
262.913,1535.00,95.95,44.00,0.37,14.48,13.99,93.46
263.063,1535.00,95.95,44.00,0.37,14.48,13.99,93.46
263.212,1535.00,95.95,44.00,0.37,14.48,13.99,93.46
263.363,1535.00,95.95,44.00,0.37,14.48,13.99,93.46
263.513,1535.00,95.95,44.00,0.37,14.48,14.16,93.46
263.663,1535.00,95.95,44.00,0.37,14.48,14.16,93.46
263.813,1539.50,95.95,44.00,0.37,14.48,14.16,93.46
263.963,1539.50,95.92,44.00,0.37,14.48,14.16,93.46
264.113,1539.50,95.92,44.00,0.37,14.48,14.16,93.46
264.263,1539.50,95.92,44.00,0.37,14.48,14.16,93.46
264.413,1539.50,95.92,44.00,0.37,14.48,14.16,93.46
264.563,1539.50,95.92,44.00,0.37,14.48,14.21,93.46
264.713,1539.50,95.92,44.00,0.37,14.48,14.21,93.46
264.863,1533.00,95.92,44.00,0.37,14.48,14.21,93.46
265.013,1533.00,95.83,44.00,0.37,14.48,14.21,93.46
265.162,1533.00,95.83,44.00,0.37,14.48,14.21,93.46
265.313,1533.00,95.83,44.00,0.36,14.48,14.21,93.46
265.463,1533.00,95.83,44.00,0.36,14.48,14.21,93.46
265.613,1533.00,95.83,44.00,0.36,14.48,14.38,93.46
265.763,1533.00,95.83,44.00,0.36,14.48,14.38,93.46
265.913,1535.50,95.83,44.00,0.36,14.48,14.38,93.46
266.063,1535.50,95.87,44.00,0.36,14.48,14.38,93.46
266.213,1535.50,95.87,44.00,0.36,14.48,14.38,93.46
266.363,1535.50,95.87,44.00,0.37,14.48,14.38,93.46
266.513,1535.50,95.87,44.00,0.37,14.47,14.38,93.46
266.663,1535.50,95.87,44.00,0.37,14.47,14.40,93.46
266.813,1535.50,95.87,44.00,0.37,14.47,14.40,93.46
266.963,1532.00,95.87,44.00,0.37,14.47,14.40,93.46
267.113,1532.00,95.92,44.00,0.37,14.47,14.40,93.46
267.263,1532.00,95.92,44.00,0.37,14.47,14.40,93.46
267.413,1532.00,95.92,44.00,0.37,14.47,14.40,93.46
267.563,1532.00,95.92,44.00,0.37,14.47,14.40,93.46
267.713,1532.00,95.92,44.00,0.37,14.47,14.48,93.46
267.893,1532.00,95.92,44.00,0.37,14.47,14.48,93.46
268.043,1537.50,95.92,44.00,0.37,14.47,14.48,93.46
268.193,1537.50,95.75,44.00,0.37,14.47,14.48,93.46
268.343,1537.50,95.75,48.00,0.37,14.47,14.48,93.46
268.493,1537.50,95.75,48.00,0.37,14.47,14.48,93.46
268.643,1537.50,95.75,48.00,0.37,14.47,14.48,93.46
268.793,1537.50,95.75,48.00,0.37,14.47,14.60,93.46
268.943,1537.50,95.75,48.00,0.37,14.47,14.60,93.46
269.093,1532.50,95.75,48.00,0.37,14.47,14.60,93.46
269.243,1532.50,95.74,48.00,0.37,14.47,14.60,93.46
269.393,1532.50,95.74,48.00,0.37,14.47,14.60,93.46
269.543,1532.50,95.74,48.00,0.38,14.47,14.60,93.46
269.693,1532.50,95.74,48.00,0.38,14.47,14.60,93.46
269.843,1532.50,95.74,48.00,0.38,14.47,14.82,93.46
269.993,1532.50,95.74,48.00,0.38,14.47,14.82,93.46
270.143,1534.50,95.74,48.00,0.38,14.47,14.82,93.46
270.293,1534.50,95.63,48.00,0.38,14.47,14.82,93.46
270.443,1534.50,95.63,48.00,0.38,14.47,14.82,93.46
270.593,1534.50,95.63,48.00,0.39,14.47,14.82,93.46
270.743,1534.50,95.63,48.00,0.39,14.47,14.82,93.46
270.893,1534.50,95.63,48.00,0.39,14.47,14.79,93.46
271.043,1534.50,95.63,48.00,0.39,14.47,14.79,93.56
271.193,1531.50,95.63,48.00,0.39,14.47,14.79,93.56
271.343,1531.50,95.79,48.00,0.39,14.47,14.79,93.56
271.493,1531.50,95.79,48.00,0.39,14.47,14.79,93.56
271.643,1531.50,95.79,48.00,0.40,14.47,14.79,93.56
271.793,1531.50,95.79,48.00,0.40,14.47,14.79,93.56
271.943,1531.50,95.79,48.00,0.40,14.47,14.74,93.56
272.093,1531.50,95.79,48.00,0.40,14.47,14.74,93.56
272.243,1536.50,95.79,48.00,0.40,14.47,14.74,93.56
272.393,1536.50,95.77,48.00,0.40,14.47,14.74,93.56
272.543,1536.50,95.77,48.00,0.40,14.47,14.74,93.56
272.693,1536.50,95.77,48.00,0.40,14.47,14.74,93.56
272.843,1536.50,95.77,48.00,0.40,14.47,14.74,93.56
272.993,1536.50,95.77,48.00,0.40,14.47,14.70,93.56
273.143,1536.50,95.77,48.00,0.40,14.47,14.70,93.56
273.293,1535.00,95.77,48.00,0.40,14.47,14.70,93.56
273.443,1535.00,95.79,48.00,0.40,14.47,14.70,93.56
273.593,1535.00,95.79,48.00,0.40,14.47,14.70,93.56
273.743,1535.00,95.79,48.00,0.40,14.47,14.70,93.56
273.893,1535.00,95.79,48.00,0.40,14.47,14.70,93.56
274.043,1535.00,95.79,48.00,0.40,14.47,14.57,93.56
274.193,1535.00,95.79,48.00,0.40,14.47,14.57,93.66
274.343,1536.00,95.79,48.00,0.40,14.47,14.57,93.66
274.493,1536.00,95.80,48.00,0.40,14.47,14.57,93.66
274.643,1536.00,95.80,48.00,0.40,14.47,14.57,93.66
274.793,1536.00,95.80,48.00,0.40,14.47,14.57,93.66
274.943,1536.00,95.80,48.00,0.40,14.47,14.57,93.66
275.093,1536.00,95.80,48.00,0.40,14.47,14.70,93.66
275.244,1536.00,95.80,48.00,0.40,14.47,14.70,93.66
275.393,1537.50,95.80,48.00,0.40,14.47,14.70,93.66
275.573,1537.50,95.67,48.00,0.40,14.47,14.70,93.66
275.723,1537.50,95.67,48.00,0.40,14.47,14.70,93.66
275.873,1537.50,95.67,48.00,0.39,14.47,14.70,93.66
276.023,1537.50,95.67,48.00,0.39,14.47,14.70,93.66
276.173,1537.50,95.67,48.00,0.39,14.47,14.65,93.66
276.323,1537.50,95.67,48.00,0.39,14.47,14.65,93.66
276.473,1537.00,95.67,48.00,0.39,14.47,14.65,93.66
276.623,1537.00,95.92,48.00,0.39,14.47,14.65,93.66
276.773,1537.00,95.92,48.00,0.39,14.47,14.65,93.66
276.923,1537.00,95.92,48.00,0.40,14.47,14.65,93.66
277.073,1537.00,95.92,48.00,0.40,14.47,14.65,93.66
277.223,1537.00,95.92,48.00,0.40,14.47,14.52,93.66
277.373,1537.00,95.92,48.00,0.40,14.47,14.52,93.66
277.523,1537.50,95.92,48.00,0.40,14.47,14.52,93.66
277.673,1537.50,96.03,48.00,0.40,14.47,14.52,93.66
277.823,1537.50,96.03,44.00,0.40,14.47,14.52,93.66
277.973,1537.50,96.03,44.00,0.39,14.47,14.52,93.66
278.123,1537.50,96.03,44.00,0.39,14.47,14.52,93.66
278.273,1537.50,96.03,44.00,0.39,14.47,13.89,93.66
278.423,1537.50,96.03,44.00,0.39,14.47,13.89,93.66
278.573,1542.00,96.03,44.00,0.39,14.47,13.89,93.66
278.723,1542.00,96.04,44.00,0.39,14.47,13.89,93.66
278.873,1542.00,96.04,44.00,0.39,14.47,13.89,93.66
279.023,1542.00,96.04,44.00,0.37,14.47,13.89,93.66
279.173,1542.00,96.04,44.00,0.37,14.47,13.89,93.66
279.323,1542.00,96.04,44.00,0.37,14.47,13.50,93.66
279.473,1542.00,96.04,44.00,0.37,14.47,13.50,93.66
279.623,1536.50,96.04,44.00,0.37,14.47,13.50,93.66
279.773,1536.50,96.10,44.00,0.37,14.47,13.50,93.66
279.923,1536.50,96.10,40.00,0.37,14.47,13.50,93.66
280.073,1536.50,96.10,40.00,0.33,14.47,13.50,93.66
280.223,1536.50,96.10,40.00,0.33,14.47,13.50,93.66
280.373,1536.50,96.10,40.00,0.33,14.47,13.40,93.66
280.523,1536.50,96.10,40.00,0.33,14.47,13.40,93.66
280.673,1538.50,96.10,40.00,0.33,14.47,13.40,93.66
280.823,1538.50,95.84,40.00,0.33,14.47,13.40,93.66
280.973,1538.50,95.84,40.00,0.33,14.47,13.40,93.66
281.123,1538.50,95.84,40.00,0.30,14.47,13.40,93.66
281.273,1538.50,95.84,40.00,0.30,14.47,13.40,93.66
281.423,1538.50,95.84,40.00,0.30,14.47,13.57,93.66
281.573,1538.50,95.84,40.00,0.30,14.47,13.57,93.66
281.723,1537.50,95.84,40.00,0.30,14.47,13.57,93.66
281.873,1537.50,96.00,40.00,0.30,14.47,13.57,93.66
282.023,1537.50,96.00,40.00,0.30,14.47,13.57,93.66
282.173,1537.50,96.00,40.00,0.25,14.47,13.57,93.66
282.323,1537.50,96.00,40.00,0.25,14.47,13.57,93.66
282.473,1537.50,96.00,40.00,0.25,14.47,24.34,93.66
282.623,1537.50,96.00,40.00,0.25,14.47,24.34,93.76
282.773,1539.50,96.00,40.00,0.25,14.47,24.34,93.76
282.923,1539.50,96.75,40.00,0.25,14.47,24.34,93.76
283.073,1539.50,96.75,60.00,0.25,14.47,24.34,93.76
283.253,1539.50,96.75,60.00,0.98,14.47,24.34,93.76
283.403,1539.50,96.75,60.00,0.98,14.47,24.34,93.76
283.553,1539.50,96.75,60.00,0.98,14.47,13.79,93.76
283.703,1539.50,96.75,60.00,0.98,14.47,13.79,93.76
283.853,1554.50,96.75,60.00,0.98,14.47,13.79,93.76
284.003,1554.50,97.14,60.00,0.98,14.47,13.79,93.76
284.153,1554.50,97.14,56.00,0.98,14.47,13.79,93.76
284.303,1554.50,97.14,56.00,0.78,14.47,13.79,93.76
284.453,1554.50,97.14,56.00,0.78,14.47,13.79,93.76
284.603,1554.50,97.14,56.00,0.78,14.47,12.84,93.76
284.753,1554.50,97.14,56.00,0.78,14.47,12.84,93.86
284.903,1560.00,97.14,56.00,0.78,14.47,12.84,93.86
285.053,1560.00,97.15,56.00,0.78,14.47,12.84,93.86
285.203,1560.00,97.15,40.00,0.78,14.47,12.84,93.86
285.353,1560.00,97.15,40.00,0.50,14.47,12.84,93.86
285.503,1560.00,97.15,40.00,0.50,14.47,12.84,93.86
285.653,1560.00,97.15,40.00,0.50,14.47,10.79,93.86
285.803,1560.00,97.15,40.00,0.50,14.47,10.79,93.86
285.953,1559.50,97.15,40.00,0.50,14.47,10.79,93.86
286.103,1559.50,97.07,40.00,0.50,14.47,10.79,93.86
286.253,1559.50,97.07,36.00,0.50,14.47,10.79,93.86
286.403,1559.50,97.07,36.00,0.34,14.47,10.79,93.86
286.553,1559.50,97.07,36.00,0.34,14.47,10.79,93.86
286.703,1559.50,97.07,36.00,0.34,14.47,11.52,93.86
286.853,1559.50,97.07,36.00,0.34,14.47,11.52,93.86
287.003,1551.50,97.07,36.00,0.34,14.47,11.52,93.86
287.153,1551.50,96.79,36.00,0.34,14.47,11.52,93.86
287.303,1551.50,96.79,36.00,0.34,14.47,11.52,93.86
287.453,1551.50,96.79,36.00,0.25,14.47,11.52,93.86
287.603,1551.50,96.79,36.00,0.25,14.47,11.52,93.86
287.753,1551.50,96.79,36.00,0.25,14.47,12.23,93.86
287.903,1551.50,96.79,36.00,0.25,14.47,12.23,93.86
288.053,1545.50,96.79,36.00,0.25,14.47,12.23,93.86
288.203,1545.50,96.33,36.00,0.25,14.47,12.23,93.86
288.353,1545.50,96.33,40.00,0.25,14.47,12.23,93.86
288.503,1545.50,96.33,40.00,0.22,14.47,12.23,93.86
288.653,1545.50,96.33,40.00,0.22,14.47,12.23,93.86
288.803,1545.50,96.33,40.00,0.22,14.47,13.33,93.86
288.953,1545.50,96.33,40.00,0.22,14.47,13.33,93.96
289.103,1540.50,96.33,40.00,0.22,14.47,13.33,93.96
289.253,1540.50,96.39,40.00,0.22,14.47,13.33,93.96
289.403,1540.50,96.39,40.00,0.22,14.47,13.33,93.96
289.553,1540.50,96.39,40.00,0.21,14.47,13.33,93.96
289.703,1540.50,96.39,40.00,0.21,14.47,13.33,93.96
289.853,1540.50,96.39,40.00,0.21,14.47,13.35,93.96
290.003,1540.50,96.39,40.00,0.21,14.47,13.35,93.96
290.153,1538.50,96.39,40.00,0.21,14.47,13.35,93.96
290.303,1538.50,95.94,40.00,0.21,14.47,13.35,93.96
290.453,1538.50,95.94,40.00,0.21,14.47,13.35,93.96
290.603,1538.50,95.94,40.00,0.22,14.47,13.35,93.96
290.753,1538.50,95.94,40.00,0.22,14.47,13.35,93.96
290.933,1538.50,95.94,40.00,0.22,14.47,13.62,93.96
291.083,1538.50,95.94,40.00,0.22,14.47,13.62,93.96
291.233,1540.50,95.94,40.00,0.22,14.47,13.62,93.96
291.383,1540.50,95.85,40.00,0.22,14.47,13.62,93.96
291.533,1540.50,95.85,40.00,0.22,14.47,13.62,93.96
291.683,1540.50,95.85,40.00,0.24,14.47,13.62,93.96
291.833,1540.50,95.85,40.00,0.24,14.47,13.62,93.96
291.983,1540.50,95.85,40.00,0.24,14.47,13.60,93.96
292.133,1540.50,95.85,40.00,0.24,14.47,13.60,93.96
292.283,1537.00,95.85,40.00,0.24,14.47,13.60,93.96
292.433,1537.00,95.92,40.00,0.24,14.47,13.60,93.96
292.583,1537.00,95.92,40.00,0.24,14.47,13.60,93.96
292.733,1537.00,95.92,40.00,0.24,14.47,13.60,93.96
292.883,1537.00,95.92,40.00,0.24,14.47,13.60,93.96
293.033,1537.00,95.92,40.00,0.24,14.47,13.89,93.96
293.183,1537.00,95.92,40.00,0.24,14.47,13.89,93.96
293.333,1536.00,95.92,40.00,0.24,14.47,13.89,93.96
293.483,1536.00,95.84,40.00,0.24,14.47,13.89,93.96
293.633,1536.00,95.84,44.00,0.24,14.47,13.89,93.96
293.783,1536.00,95.84,44.00,0.27,14.47,13.89,93.96
293.933,1536.00,95.84,44.00,0.27,14.47,13.89,93.96
294.083,1536.00,95.84,44.00,0.27,14.47,13.79,93.96
294.233,1536.00,95.84,44.00,0.27,14.47,13.79,93.96
294.383,1532.50,95.84,44.00,0.27,14.47,13.79,93.96
294.533,1532.50,96.05,44.00,0.27,14.47,13.79,93.96
294.683,1532.50,96.05,44.00,0.27,14.47,13.79,93.96
294.833,1532.50,96.05,44.00,0.29,14.47,13.79,93.96
294.983,1532.50,96.05,44.00,0.29,14.47,13.79,93.96
295.133,1532.50,96.05,44.00,0.29,14.47,13.77,93.96
295.283,1532.50,96.05,44.00,0.29,14.47,13.77,93.96
295.433,1536.50,96.05,44.00,0.29,14.47,13.77,93.96
295.583,1536.50,96.06,44.00,0.29,14.47,13.77,93.96
295.732,1536.50,96.06,44.00,0.29,14.47,13.77,93.96
295.883,1536.50,96.06,44.00,0.29,14.47,13.77,93.96
296.033,1536.50,96.06,44.00,0.29,14.47,13.77,93.96
296.183,1536.50,96.06,44.00,0.29,14.47,13.94,93.96
296.333,1536.50,96.06,44.00,0.29,14.47,13.94,93.96
296.483,1536.50,96.06,44.00,0.29,14.47,13.94,93.96
296.633,1536.50,95.79,44.00,0.29,14.47,13.94,93.96
296.782,1536.50,95.79,44.00,0.29,14.47,13.94,93.96
296.934,1536.50,95.79,44.00,0.31,14.47,13.94,93.96
297.083,1536.50,95.79,44.00,0.31,14.47,13.94,93.96
297.233,1536.50,95.79,44.00,0.31,14.47,13.94,93.96
297.383,1536.50,95.79,44.00,0.31,14.47,13.94,93.96
297.533,1536.00,95.79,44.00,0.31,14.47,13.94,93.96
297.683,1536.00,95.75,44.00,0.31,14.47,13.94,93.96
297.833,1536.00,95.75,44.00,0.31,14.47,13.94,93.96
297.983,1536.00,95.75,44.00,0.31,14.47,13.94,93.96
298.133,1536.00,95.75,44.00,0.31,14.47,13.94,93.96
298.313,1536.00,95.75,44.00,0.31,14.47,14.06,93.96
298.463,1536.00,95.75,44.00,0.31,14.47,14.06,93.96
298.613,1534.00,95.75,44.00,0.31,14.47,14.06,93.96
298.763,1534.00,95.60,44.00,0.31,14.47,14.06,93.96
298.913,1534.00,95.60,44.00,0.31,14.47,14.06,93.96
299.062,1534.00,95.60,44.00,0.32,14.47,14.06,93.96
299.213,1534.00,95.60,44.00,0.32,14.47,14.06,93.96
299.362,1534.00,95.60,44.00,0.32,14.47,7.18,93.96
299.512,1534.00,95.60,44.00,0.32,14.47,7.18,93.96
299.663,1464.00,95.60,44.00,0.32,14.47,7.18,93.96
299.813,1464.00,95.16,44.00,0.32,14.47,7.18,93.96
299.963,1464.00,95.16,24.00,0.32,14.47,7.18,93.96
300.113,1464.00,95.16,24.00,0.25,14.47,7.18,93.96
300.263,1464.00,95.16,24.00,0.25,14.47,7.18,93.96
300.413,1464.00,95.16,24.00,0.25,14.47,9.86,93.96
300.563,1464.00,95.16,24.00,0.25,14.47,9.86,93.96
300.713,2197.00,95.16,24.00,0.25,14.47,9.86,93.96
300.863,2197.00,92.97,24.00,0.25,14.47,9.86,93.96
301.013,2197.00,92.97,40.00,0.25,14.47,9.86,93.96
301.163,2197.00,92.97,40.00,0.30,14.47,9.86,93.96
301.313,2197.00,92.97,40.00,0.30,14.47,9.86,93.96
301.463,2197.00,92.97,40.00,0.30,14.47,18.09,93.96
301.613,2197.00,92.97,40.00,0.30,14.47,18.09,93.96
301.763,2969.00,92.97,40.00,0.30,14.47,18.09,93.96
301.913,2969.00,90.77,40.00,0.30,14.47,18.09,93.96
302.063,2969.00,90.77,172.00,0.30,14.47,18.09,93.96
302.213,2969.00,90.77,172.00,0.98,14.47,18.09,93.96
302.363,2969.00,90.77,172.00,0.98,14.47,18.09,93.96
302.513,2969.00,90.77,172.00,0.98,14.47,17.14,93.96
302.663,2969.00,90.77,172.00,0.98,14.47,17.14,93.96
302.813,3752.00,90.77,172.00,0.98,14.47,17.14,93.96
302.963,3752.00,87.92,172.00,0.98,14.47,17.14,93.96
303.113,3752.00,87.92,80.00,0.98,14.47,17.14,93.96
303.263,3752.00,87.92,80.00,1.18,14.47,17.14,93.96
303.413,3752.00,87.92,80.00,1.18,14.47,17.14,93.96
303.563,3752.00,87.92,80.00,1.18,14.47,18.68,93.96
303.713,3752.00,87.92,80.00,1.18,14.47,18.68,93.86
303.862,3746.50,87.92,80.00,1.18,14.47,18.68,93.86
304.013,3746.50,87.22,80.00,1.18,14.47,18.68,93.86
304.163,3746.50,87.22,148.00,1.18,14.47,18.68,93.86
304.313,3746.50,87.22,148.00,1.50,14.47,18.68,93.86
304.463,3746.50,87.22,148.00,1.50,14.47,18.68,93.86
304.613,3746.50,87.22,148.00,1.50,14.47,23.05,93.86
304.762,3746.50,87.22,148.00,1.50,14.47,23.05,93.66
304.913,3825.00,87.22,148.00,1.50,14.47,23.05,93.66
305.063,3825.00,88.75,148.00,1.50,14.47,23.05,93.66
305.213,3825.00,88.75,180.00,1.50,14.47,23.05,93.66
305.363,3825.00,88.75,180.00,3.21,14.47,23.05,93.66
305.513,3825.00,88.75,180.00,3.21,14.47,23.05,93.66
305.663,3825.00,88.75,180.00,3.21,14.47,20.16,93.66
305.813,3825.00,88.75,180.00,3.21,14.47,20.16,93.36
305.963,3123.00,88.75,180.00,3.21,14.47,20.16,93.36
306.113,3123.00,91.28,180.00,3.21,14.47,20.16,93.36
306.293,3123.00,91.28,152.00,3.21,14.47,20.16,93.36
306.443,3123.00,91.28,152.00,3.26,14.47,20.16,93.36
306.593,3123.00,91.28,152.00,3.26,14.47,20.16,93.36
306.742,3123.00,91.28,152.00,3.26,14.47,17.60,93.36
306.893,3123.00,91.28,152.00,3.26,14.47,17.60,93.06
307.043,3050.50,91.28,152.00,3.26,14.47,17.60,93.06
307.193,3050.50,92.84,152.00,3.26,14.47,17.60,93.06
307.343,3050.50,92.84,124.00,3.26,14.47,17.60,93.06
307.493,3050.50,92.84,124.00,2.34,14.47,17.60,93.06
307.643,3050.50,92.84,124.00,2.34,14.47,17.60,93.06
307.793,3050.50,92.84,124.00,2.34,14.47,18.16,93.06
307.943,3050.50,92.84,124.00,2.34,14.47,18.16,92.86
308.093,3088.00,92.84,124.00,2.34,14.47,18.16,92.86
308.243,3088.00,94.11,124.00,2.34,14.47,18.16,92.86
308.394,3088.00,94.11,112.00,2.34,14.47,18.16,92.86
308.543,3088.00,94.11,112.00,1.95,14.47,18.16,92.86
308.693,3088.00,94.11,112.00,1.95,14.47,18.16,92.86
308.843,3088.00,94.11,112.00,1.95,14.47,17.67,92.86
308.993,3088.00,94.11,112.00,1.95,14.47,17.67,92.66
309.143,3115.00,94.11,112.00,1.95,14.47,17.67,92.66
309.293,3115.00,94.87,112.00,1.95,14.47,17.67,92.66
309.443,3115.00,94.87,96.00,1.95,14.47,17.67,92.66
309.593,3115.00,94.87,96.00,1.50,14.47,17.67,92.66
309.743,3115.00,94.87,96.00,1.50,14.47,17.67,92.66
309.893,3115.00,94.87,96.00,1.50,14.47,17.92,92.66
310.043,3115.00,94.87,96.00,1.50,14.47,17.92,92.56
310.193,3004.50,94.87,96.00,1.50,14.47,17.92,92.56
310.343,3004.50,95.23,96.00,1.50,14.47,17.92,92.56
310.493,3004.50,95.23,84.00,1.50,14.47,17.92,92.56
310.643,3004.50,95.23,84.00,1.18,14.47,17.92,92.56
310.793,3004.50,95.23,84.00,1.18,14.47,17.92,92.56
310.943,3004.50,95.23,84.00,1.18,14.47,14.82,92.56
311.093,3004.50,95.23,84.00,1.18,14.47,14.82,92.56
311.243,2386.00,95.23,84.00,1.18,14.47,14.82,92.56
311.393,2386.00,95.61,84.00,1.18,14.47,14.82,92.56
311.544,2386.00,95.61,72.00,1.18,14.47,14.82,92.56
311.693,2386.00,95.61,72.00,0.84,14.47,14.82,92.56
311.843,2386.00,95.61,72.00,0.84,14.47,14.82,92.56
311.993,2386.00,95.61,72.00,0.84,14.47,15.82,92.56
312.143,2386.00,95.61,72.00,0.84,14.47,15.82,92.56
312.293,2383.50,95.61,72.00,0.84,14.47,15.82,92.56
312.443,2383.50,95.57,72.00,0.84,14.47,15.82,92.56
312.593,2383.50,95.57,68.00,0.84,14.47,15.82,92.56
312.742,2383.50,95.57,68.00,0.69,14.47,15.82,92.56
312.893,2383.50,95.57,68.00,0.69,14.47,15.82,92.56
313.043,2383.50,95.57,68.00,0.69,14.47,16.43,92.56
313.193,2383.50,95.57,68.00,0.69,14.47,16.43,92.46
313.343,2385.50,95.57,68.00,0.69,14.47,16.43,92.46
313.493,2385.50,95.70,68.00,0.69,14.47,16.43,92.46
313.643,2385.50,95.70,68.00,0.69,14.47,16.43,92.46
313.793,2385.50,95.70,68.00,0.67,14.47,16.43,92.46
313.973,2385.50,95.70,68.00,0.67,14.47,16.43,92.46
314.123,2385.50,95.70,68.00,0.67,14.47,17.26,92.46
314.273,2385.50,95.70,68.00,0.67,14.47,17.26,92.56
314.423,2304.50,95.70,68.00,0.67,14.47,17.26,92.56
314.573,2304.50,95.82,68.00,0.67,14.47,17.26,92.56
314.723,2304.50,95.82,68.00,0.67,14.47,17.26,92.56
314.873,2304.50,95.82,68.00,0.70,14.47,17.26,92.56
315.023,2304.50,95.82,68.00,0.70,14.47,17.26,92.56
315.173,2304.50,95.82,68.00,0.70,14.47,15.01,92.56
315.323,2304.50,95.82,68.00,0.70,14.47,15.01,92.66
315.473,1996.00,95.82,68.00,0.70,14.47,15.01,92.66
315.623,1996.00,95.94,68.00,0.70,14.47,15.01,92.66
315.773,1996.00,95.94,60.00,0.70,14.47,15.01,92.66
315.923,1996.00,95.94,60.00,0.62,14.47,15.01,92.66
316.073,1996.00,95.94,60.00,0.62,14.47,15.01,92.66
316.223,1996.00,95.94,60.00,0.62,14.47,14.77,92.66
316.373,1996.00,95.94,60.00,0.62,14.47,14.77,92.66
316.523,1973.00,95.94,60.00,0.62,14.47,14.77,92.66
316.673,1973.00,95.77,60.00,0.62,14.47,14.77,92.66
316.823,1973.00,95.77,28.00,0.62,14.47,14.77,92.66
316.973,1973.00,95.77,28.00,0.51,14.47,14.77,92.66
317.123,1973.00,95.77,28.00,0.51,14.47,14.77,92.66
317.273,1973.00,95.77,28.00,0.51,14.47,8.67,92.66
317.423,1973.00,95.77,28.00,0.51,14.47,8.67,92.76
317.573,1906.50,95.77,28.00,0.51,14.47,8.67,92.76
317.723,1906.50,92.86,28.00,0.51,14.47,8.67,92.76
317.873,1906.50,92.86,24.00,0.51,14.47,8.67,92.76
318.023,1906.50,92.86,24.00,0.34,14.47,8.67,92.76
318.173,1906.50,92.86,24.00,0.34,14.47,8.67,92.76
318.323,1906.50,92.86,24.00,0.34,14.47,8.96,92.76
318.473,1906.50,92.86,24.00,0.34,14.47,8.96,92.86
318.623,1842.00,92.86,24.00,0.34,14.47,8.96,92.86
318.773,1842.00,91.07,24.00,0.34,14.47,8.96,92.86
318.922,1842.00,91.07,44.00,0.34,14.47,8.96,92.86
319.073,1842.00,91.07,44.00,0.20,14.47,8.96,92.86
319.223,1842.00,91.07,44.00,0.20,14.47,8.96,92.86
319.373,1842.00,91.07,44.00,0.20,14.47,12.72,92.86
319.523,1842.00,91.07,44.00,0.20,14.47,12.72,92.96
319.673,1863.50,91.07,44.00,0.20,14.47,12.72,92.96
319.823,1863.50,90.96,44.00,0.20,14.47,12.72,92.96
319.973,1863.50,90.96,48.00,0.20,14.47,12.72,92.96
320.123,1863.50,90.96,48.00,0.31,14.47,12.72,92.96
320.273,1863.50,90.96,48.00,0.31,14.47,12.72,92.96
320.423,1863.50,90.96,48.00,0.31,14.47,21.21,92.96
320.573,1863.50,90.96,48.00,0.31,14.47,21.21,93.06
320.723,1882.50,90.96,48.00,0.31,14.47,21.21,93.06
320.873,1882.50,91.35,48.00,0.31,14.47,21.21,93.06
321.023,1882.50,91.35,120.00,0.31,14.47,21.21,93.06
321.173,1882.50,91.35,120.00,1.09,14.47,21.21,93.06
321.323,1882.50,91.35,120.00,1.09,14.47,21.21,93.06
321.473,1882.50,91.35,120.00,1.09,14.47,21.70,93.06
321.653,1882.50,91.35,120.00,1.09,14.47,21.70,93.06
321.803,1910.50,91.35,120.00,1.09,14.47,21.70,93.06
321.953,1910.50,93.13,120.00,1.09,14.47,21.70,93.06
322.103,1910.50,93.13,112.00,1.09,14.47,21.70,93.06
322.253,1910.50,93.13,112.00,2.12,14.47,21.70,93.06
322.403,1910.50,93.13,112.00,2.12,14.47,21.70,93.06
322.553,1910.50,93.13,112.00,2.12,14.47,16.16,93.06
322.703,1910.50,93.13,112.00,2.12,14.47,16.16,93.16
322.853,1945.00,93.13,112.00,2.12,14.47,16.16,93.16
323.003,1945.00,94.86,112.00,2.12,14.47,16.16,93.16
323.152,1945.00,94.86,72.00,2.12,14.47,16.16,93.16
323.303,1945.00,94.86,72.00,1.73,14.47,16.16,93.16
323.453,1945.00,94.86,72.00,1.73,14.47,16.16,93.16
323.603,1945.00,94.86,72.00,1.73,14.47,13.62,93.16
323.753,1945.00,94.86,72.00,1.73,14.47,13.62,93.26
323.903,1960.50,94.86,72.00,1.73,14.47,13.62,93.26
324.053,1960.50,94.90,72.00,1.73,14.47,13.62,93.26
324.203,1960.50,94.90,72.00,1.73,14.47,13.62,93.26
324.353,1960.50,94.90,72.00,1.02,14.47,13.62,93.26
324.503,1960.50,94.90,72.00,1.02,14.47,13.62,93.26
324.653,1960.50,94.90,72.00,1.02,14.47,14.92,93.26
324.803,1960.50,94.90,72.00,1.02,14.47,14.92,93.36
324.953,1544.50,94.90,72.00,1.02,14.47,14.92,93.36
325.103,1544.50,95.53,72.00,1.02,14.47,14.92,93.36
325.253,1544.50,95.53,56.00,1.02,14.47,14.92,93.36
325.403,1544.50,95.53,56.00,0.81,14.47,14.92,93.36
325.553,1544.50,95.53,56.00,0.81,14.47,14.92,93.36
325.703,1544.50,95.53,56.00,0.81,14.47,14.33,93.36
325.853,1544.50,95.53,56.00,0.81,14.47,14.33,93.46
326.003,1534.00,95.53,56.00,0.81,14.47,14.33,93.46
326.153,1534.00,95.50,56.00,0.81,14.47,14.33,93.46
326.303,1534.00,95.50,56.00,0.81,14.47,14.33,93.46
326.453,1534.00,95.50,56.00,0.67,14.47,14.33,93.46
326.603,1534.00,95.50,56.00,0.67,14.47,14.33,93.46
326.753,1534.00,95.50,56.00,0.67,14.47,14.87,93.46
326.903,1534.00,95.50,56.00,0.67,14.47,14.87,93.66
327.053,1532.00,95.50,56.00,0.67,14.47,14.87,93.66
327.203,1532.00,95.43,56.00,0.67,14.47,14.87,93.66
327.353,1532.00,95.43,56.00,0.67,14.47,14.87,93.66
327.503,1532.00,95.43,56.00,0.61,14.47,14.87,93.66
327.653,1532.00,95.43,56.00,0.61,14.47,14.87,93.66
327.803,1532.00,95.43,56.00,0.61,14.47,15.06,93.66
327.953,1532.00,95.43,56.00,0.61,14.47,15.06,93.76
328.103,1530.00,95.43,56.00,0.61,14.47,15.06,93.76
328.253,1530.00,95.78,56.00,0.61,14.47,15.06,93.76
328.403,1530.00,95.78,56.00,0.61,14.47,15.06,93.76
328.553,1530.00,95.78,56.00,0.58,14.47,15.06,93.76
328.703,1530.00,95.78,56.00,0.58,14.47,15.06,93.76
328.853,1530.00,95.78,56.00,0.58,14.47,15.01,93.76
329.003,1530.00,95.78,56.00,0.58,14.47,15.01,93.96
329.153,1530.50,95.78,56.00,0.58,14.47,15.01,93.96
329.333,1530.50,95.42,56.00,0.58,14.47,15.01,93.96
329.483,1530.50,95.42,56.00,0.58,14.47,15.01,93.96
329.633,1530.50,95.42,56.00,0.56,14.47,15.01,93.96
329.783,1530.50,95.42,56.00,0.56,14.47,15.01,93.96
329.933,1530.50,95.42,56.00,0.56,14.47,15.26,93.96
330.083,1530.50,95.42,56.00,0.56,14.47,15.26,94.06
330.233,1533.50,95.42,56.00,0.56,14.47,15.26,94.06
330.383,1533.50,95.50,56.00,0.56,14.47,15.26,94.06
330.533,1533.50,95.50,56.00,0.56,14.47,15.26,94.06
330.683,1533.50,95.50,56.00,0.56,14.47,15.26,94.06
330.833,1533.50,95.50,56.00,0.56,14.47,15.26,94.06
330.983,1533.50,95.50,56.00,0.56,14.47,15.43,94.06
331.133,1533.50,95.50,56.00,0.56,14.47,15.43,94.26
331.283,1531.50,95.50,56.00,0.56,14.47,15.43,94.26
331.433,1531.50,95.37,56.00,0.56,14.47,15.43,94.26
331.583,1531.50,95.37,60.00,0.56,14.47,15.43,94.26
331.733,1531.50,95.37,60.00,0.59,14.47,15.43,94.26
331.883,1531.50,95.37,60.00,0.59,14.47,15.43,94.26
332.033,1531.50,95.37,60.00,0.59,14.47,15.77,94.26
332.183,1531.50,95.37,60.00,0.59,14.47,15.77,94.46
332.333,1526.00,95.37,60.00,0.59,14.47,15.77,94.46
332.483,1526.00,95.24,60.00,0.59,14.47,15.77,94.46
332.633,1526.00,95.24,56.00,0.59,14.47,15.77,94.46
332.783,1526.00,95.24,56.00,0.62,14.47,15.77,94.46
332.933,1526.00,95.24,56.00,0.62,14.47,15.77,94.46
333.083,1526.00,95.24,56.00,0.62,14.47,15.60,94.46
333.232,1526.00,95.24,56.00,0.62,14.47,15.60,94.56
333.383,1526.50,95.24,56.00,0.62,14.47,15.60,94.56
333.533,1526.50,95.25,56.00,0.62,14.47,15.60,94.56
333.683,1526.50,95.25,60.00,0.62,14.47,15.60,94.56
333.833,1526.50,95.25,60.00,0.67,14.47,15.60,94.56
333.983,1526.50,95.25,60.00,0.67,14.47,15.60,94.56
334.133,1526.50,95.25,60.00,0.67,14.47,16.23,94.56
334.283,1526.50,95.25,60.00,0.67,14.47,16.23,94.76
334.433,1527.00,95.25,60.00,0.67,14.47,16.23,94.76
334.583,1527.00,95.00,60.00,0.67,14.47,16.23,94.76
334.732,1527.00,95.00,68.00,0.67,14.47,16.23,94.76
334.883,1527.00,95.00,68.00,0.76,14.47,16.23,94.76
335.033,1527.00,95.00,68.00,0.76,14.47,16.23,94.76
335.183,1527.00,95.00,68.00,0.76,14.47,16.50,94.76
335.333,1527.00,95.00,68.00,0.76,14.47,16.50,94.86
335.483,1528.50,95.00,68.00,0.76,14.47,16.50,94.86
335.633,1528.50,95.01,68.00,0.76,14.47,16.50,94.86
335.783,1528.50,95.01,72.00,0.76,14.47,16.50,94.86
335.933,1528.50,95.01,72.00,0.93,14.47,16.50,94.86
336.083,1528.50,95.01,72.00,0.93,14.46,16.50,94.86
336.233,1528.50,95.01,72.00,0.93,14.46,16.09,94.86
336.383,1528.50,95.01,72.00,0.93,14.46,16.09,94.96
336.533,1525.00,95.01,72.00,0.93,14.46,16.09,94.96
336.683,1525.00,95.15,72.00,0.93,14.46,16.09,94.96
336.833,1525.00,95.15,72.00,0.93,14.46,16.09,94.96
337.013,1525.00,95.15,72.00,1.01,14.46,16.09,94.96
337.163,1525.00,95.15,72.00,1.01,14.46,16.09,94.96
337.313,1525.00,95.15,72.00,1.01,14.46,15.94,94.96
337.463,1525.00,95.15,72.00,1.01,14.46,15.94,95.06
337.613,1532.00,95.15,72.00,1.01,14.46,15.94,95.06
337.763,1532.00,95.42,72.00,1.01,14.46,15.94,95.06
337.913,1532.00,95.42,68.00,1.01,14.46,15.94,95.06
338.063,1532.00,95.42,68.00,1.04,14.46,15.94,95.06
338.213,1532.00,95.42,68.00,1.04,14.46,15.94,95.06
338.363,1532.00,95.42,68.00,1.04,14.46,15.99,95.06
338.513,1532.00,95.42,68.00,1.04,14.46,15.99,95.16
338.662,1533.50,95.42,68.00,1.04,14.46,15.99,95.16
338.813,1533.50,95.39,68.00,1.04,14.46,15.99,95.16
338.963,1533.50,95.39,72.00,1.04,14.46,15.99,95.16
339.113,1533.50,95.39,72.00,1.07,14.46,15.99,95.16
339.263,1533.50,95.39,72.00,1.07,14.46,15.99,95.16
339.413,1533.50,95.39,72.00,1.07,14.46,15.84,95.16
339.563,1533.50,95.39,72.00,1.07,14.46,15.84,95.26
339.713,1529.50,95.39,72.00,1.07,14.46,15.84,95.26
339.863,1529.50,95.69,72.00,1.07,14.46,15.84,95.26
340.013,1529.50,95.69,72.00,1.07,14.46,15.84,95.26
340.163,1529.50,95.69,72.00,1.06,14.46,15.84,95.26
340.313,1529.50,95.69,72.00,1.06,14.46,15.84,95.26
340.463,1529.50,95.69,72.00,1.06,14.46,15.89,95.26
340.613,1529.50,95.69,72.00,1.06,14.46,15.89,95.26
340.763,1534.00,95.69,72.00,1.06,14.46,15.89,95.26
340.913,1534.00,95.65,72.00,1.06,14.46,15.89,95.26
341.063,1534.00,95.65,68.00,1.06,14.46,15.89,95.26
341.213,1534.00,95.65,68.00,1.04,14.46,15.89,95.26
341.362,1534.00,95.65,68.00,1.04,14.46,15.89,95.26
341.513,1534.00,95.65,68.00,1.04,14.46,15.79,95.26
341.663,1534.00,95.65,68.00,1.04,14.46,15.79,95.16
341.813,1536.50,95.65,68.00,1.04,14.46,15.79,95.16
341.963,1536.50,95.95,68.00,1.04,14.46,15.79,95.16
342.113,1536.50,95.95,68.00,1.04,14.46,15.79,95.16
342.263,1536.50,95.95,68.00,1.00,14.46,15.79,95.16
342.413,1536.50,95.95,68.00,1.00,14.46,15.79,95.16
342.563,1536.50,95.95,68.00,1.00,14.46,15.38,95.16
342.713,1536.50,95.95,68.00,1.00,14.46,15.38,95.16
342.862,1542.50,95.95,68.00,1.00,14.46,15.38,95.16
343.013,1542.50,96.21,68.00,1.00,14.46,15.38,95.16
343.162,1542.50,96.21,60.00,1.00,14.46,15.38,95.16
343.312,1542.50,96.21,60.00,0.90,14.46,15.38,95.16
343.463,1542.50,96.21,60.00,0.90,14.46,15.38,95.16
343.613,1542.50,96.21,60.00,0.90,14.46,14.40,95.16
343.763,1542.50,96.21,60.00,0.90,14.46,14.40,95.06
343.913,1543.00,96.21,60.00,0.90,14.46,14.40,95.06
344.063,1543.00,96.39,60.00,0.90,14.46,14.40,95.06
344.213,1543.00,96.39,52.00,0.90,14.46,14.40,95.06
344.363,1543.00,96.39,52.00,0.69,14.46,14.40,95.06
344.513,1543.00,96.39,52.00,0.69,14.46,14.40,95.06
344.693,1543.00,96.39,52.00,0.69,14.46,14.21,95.06
344.843,1543.00,96.39,52.00,0.69,14.46,14.21,94.96
344.993,1548.50,96.39,52.00,0.69,14.46,14.21,94.96
345.143,1548.50,96.71,52.00,0.69,14.46,14.21,94.96
345.293,1548.50,96.71,48.00,0.69,14.46,14.21,94.96
345.443,1548.50,96.71,48.00,0.55,14.46,14.21,94.96
345.594,1548.50,96.71,48.00,0.55,14.46,14.21,94.96
345.743,1548.50,96.71,48.00,0.55,14.46,13.18,94.96
345.893,1548.50,96.71,48.00,0.55,14.46,13.18,94.76
346.043,1544.50,96.71,48.00,0.55,14.46,13.18,94.76
346.193,1544.50,96.62,48.00,0.55,14.46,13.18,94.76
346.343,1544.50,96.62,40.00,0.55,14.46,13.18,94.76
346.493,1544.50,96.62,40.00,0.42,14.46,13.18,94.76
346.643,1544.50,96.62,40.00,0.42,14.46,13.18,94.76
346.793,1544.50,96.62,40.00,0.42,14.46,12.86,94.76
346.944,1544.50,96.62,40.00,0.42,14.46,12.86,94.66
347.093,1544.00,96.62,40.00,0.42,14.46,12.86,94.66
347.243,1544.00,96.61,40.00,0.42,14.46,12.86,94.66
347.393,1544.00,96.61,36.00,0.42,14.46,12.86,94.66
347.663,1544.00,96.61,36.00,0.30,14.46,12.86,94.66
347.813,1544.00,96.61,36.00,0.30,14.46,12.86,94.66
347.963,1544.00,96.61,36.00,0.30,14.46,12.06,94.66
348.113,1544.00,96.61,36.00,0.30,14.46,12.06,94.46
348.263,1543.00,96.61,36.00,0.30,14.46,12.06,94.46
348.413,1543.00,96.58,36.00,0.30,14.46,12.06,94.46
348.563,1543.00,96.58,36.00,0.30,14.46,12.06,94.46
348.713,1543.00,96.58,36.00,0.24,14.46,12.06,94.46
348.893,1543.00,96.58,36.00,0.24,14.46,12.06,94.46
349.043,1543.00,96.58,36.00,0.24,14.46,11.08,94.46
349.193,1543.00,96.58,36.00,0.24,14.46,11.08,94.26
349.343,1544.50,96.58,36.00,0.24,14.46,11.08,94.26
349.493,1544.50,96.77,36.00,0.24,14.46,11.08,94.26
349.643,1544.50,96.77,24.00,0.24,14.46,11.08,94.26
349.823,1544.50,96.77,24.00,0.19,14.46,11.08,94.26
349.973,1544.50,96.77,24.00,0.19,14.46,11.08,94.26
350.123,1544.50,96.77,24.00,0.19,14.46,7.49,94.26
350.273,1544.50,96.77,24.00,0.19,14.46,7.49,94.06
350.423,1536.50,96.77,24.00,0.19,14.46,7.49,94.06
350.573,1536.50,96.46,24.00,0.19,14.46,7.49,94.06
350.723,1536.50,96.46,20.00,0.19,14.46,7.49,94.06
350.873,1536.50,96.46,20.00,0.14,14.46,7.49,94.06
351.023,1536.50,96.46,20.00,0.14,14.46,7.49,94.06
351.203,1536.50,96.46,20.00,0.14,14.46,7.66,94.06
351.353,1536.50,96.46,20.00,0.14,14.46,7.66,93.96
351.503,1540.50,96.46,20.00,0.14,14.46,7.66,93.96
351.652,1540.50,96.53,20.00,0.14,14.46,7.66,93.96
351.803,1540.50,96.53,20.00,0.14,14.46,7.66,93.96
351.953,1540.50,96.53,20.00,0.11,14.46,7.66,93.96
352.103,1540.50,96.53,20.00,0.11,14.46,7.66,93.96
352.253,1540.50,96.53,20.00,0.11,14.46,7.62,93.96
352.403,1540.50,96.53,20.00,0.11,14.46,7.62,93.76
352.553,1515.00,96.53,20.00,0.11,14.46,7.62,93.76
352.702,1515.00,96.64,20.00,0.11,14.46,7.62,93.76
352.853,1515.00,96.64,20.00,0.11,14.46,7.62,93.76
353.003,1515.00,96.64,20.00,0.09,14.46,7.62,93.76
353.153,1515.00,96.64,20.00,0.09,14.46,7.62,93.76
353.303,1515.00,96.64,20.00,0.09,14.46,7.59,93.76
353.453,1515.00,96.64,20.00,0.09,14.46,7.59,93.66
353.603,1525.50,96.64,20.00,0.09,14.46,7.59,93.66
353.753,1525.50,96.64,20.00,0.09,14.46,7.59,93.66
353.903,1525.50,96.64,20.00,0.09,14.46,7.59,93.66
354.053,1525.50,96.64,20.00,0.06,14.46,7.59,93.66
354.203,1525.50,96.64,20.00,0.06,14.46,7.59,93.66
354.353,1525.50,96.64,20.00,0.06,14.46,7.62,93.66
354.503,1525.50,96.64,20.00,0.06,14.46,7.62,93.56
354.653,1529.00,96.64,20.00,0.06,14.46,7.62,93.56
354.803,1529.00,96.64,20.00,0.06,14.46,7.62,93.56
354.953,1529.00,96.64,20.00,0.06,14.46,7.62,93.56
355.103,1529.00,96.64,20.00,0.06,14.46,7.62,93.56
355.252,1529.00,96.64,20.00,0.06,14.46,7.62,93.56
355.403,1529.00,96.64,20.00,0.06,14.46,7.62,93.56
355.553,1529.00,96.64,20.00,0.06,14.46,7.62,93.46
355.703,1534.00,96.64,20.00,0.06,14.46,7.62,93.46
355.853,1534.00,96.65,20.00,0.06,14.46,7.62,93.46
356.003,1534.00,96.65,20.00,0.06,14.46,7.62,93.46
356.152,1534.00,96.65,20.00,0.06,14.46,7.62,93.46
356.333,1534.00,96.65,20.00,0.06,14.46,7.62,93.46
356.483,1534.00,96.65,20.00,0.06,14.46,7.62,93.46
356.633,1534.00,96.65,20.00,0.06,14.46,7.62,93.36
356.783,1525.00,96.65,20.00,0.06,14.46,7.62,93.36
356.933,1525.00,96.65,20.00,0.06,14.46,7.62,93.36
357.083,1525.00,96.65,20.00,0.06,14.46,7.62,93.36
357.233,1525.00,96.65,20.00,0.07,14.46,7.62,93.36
357.383,1525.00,96.65,20.00,0.07,14.46,7.62,93.36
357.532,1525.00,96.65,20.00,0.07,14.46,7.62,93.36
357.683,1525.00,96.65,20.00,0.07,14.46,7.62,93.36
357.833,1522.00,96.65,20.00,0.07,14.46,7.62,93.36
357.983,1522.00,96.39,20.00,0.07,14.46,7.62,93.36
358.133,1522.00,96.39,20.00,0.07,14.46,7.62,93.36
358.283,1522.00,96.39,20.00,0.08,14.46,7.62,93.36
358.433,1522.00,96.39,20.00,0.08,14.46,7.62,93.36
358.583,1522.00,96.39,20.00,0.08,14.46,7.54,93.36
358.763,1522.00,96.39,20.00,0.08,14.46,7.54,93.26
358.913,1522.00,96.39,20.00,0.08,14.46,7.54,93.26
359.063,1522.00,96.39,20.00,0.08,14.46,7.54,93.26
359.212,1522.00,96.39,20.00,0.08,14.46,7.54,93.26
359.363,1522.00,96.39,20.00,0.08,14.46,7.54,93.26
359.513,1522.00,96.39,20.00,0.08,14.46,7.54,93.26
359.663,1522.00,96.39,20.00,0.08,14.46,7.54,93.26
359.813,1522.00,96.39,20.00,0.08,14.46,7.54,93.16
359.963,1524.00,96.39,20.00,0.08,14.46,7.54,93.16
360.113,1524.00,96.19,20.00,0.08,14.46,7.54,93.16
360.263,1524.00,96.19,20.00,0.08,14.46,7.54,93.16
360.412,1524.00,96.19,20.00,0.09,14.46,7.54,93.16
360.563,1524.00,96.19,20.00,0.09,14.46,7.54,93.16
360.713,1524.00,96.19,20.00,0.09,14.46,7.54,93.16
360.863,1524.00,96.19,20.00,0.09,14.46,7.54,92.96
361.013,1526.00,96.19,20.00,0.09,14.46,7.54,92.96
361.163,1526.00,96.06,20.00,0.09,14.46,7.54,92.96
361.313,1526.00,96.06,20.00,0.09,14.46,7.54,92.96
361.463,1526.00,96.06,20.00,0.07,14.46,7.54,92.96
361.613,1526.00,96.06,20.00,0.07,14.46,7.54,92.96
361.763,1526.00,96.06,20.00,0.07,14.46,7.54,92.96
361.913,1526.00,96.06,20.00,0.07,14.46,7.54,92.86
362.063,1522.00,96.06,20.00,0.07,14.46,7.54,92.86
362.213,1522.00,95.79,20.00,0.07,14.46,7.54,92.86
362.362,1522.00,95.79,20.00,0.07,14.46,7.54,92.86
362.513,1522.00,95.79,20.00,0.07,14.46,7.54,92.86
362.663,1522.00,95.79,20.00,0.07,14.46,7.54,92.86
362.813,1522.00,95.79,20.00,0.07,14.46,7.62,92.86
362.963,1522.00,95.79,20.00,0.07,14.46,7.62,92.76
363.113,1517.50,95.79,20.00,0.07,14.46,7.62,92.76
363.263,1517.50,95.76,20.00,0.07,14.46,7.62,92.76
363.413,1517.50,95.76,20.00,0.07,14.46,7.62,92.76
363.563,1517.50,95.76,20.00,0.06,14.46,7.62,92.76
363.713,1517.50,95.76,20.00,0.06,14.47,7.62,92.76
363.893,1517.50,95.76,20.00,0.06,14.47,7.64,92.76
364.043,1517.50,95.76,20.00,0.06,14.47,7.64,92.66
364.193,1519.00,95.76,20.00,0.06,14.47,7.64,92.66
364.343,1519.00,95.64,20.00,0.06,14.47,7.64,92.66
364.493,1519.00,95.64,20.00,0.06,14.47,7.64,92.66
364.643,1519.00,95.64,20.00,0.06,14.47,7.64,92.66
364.793,1519.00,95.64,20.00,0.06,14.47,7.64,92.66
364.943,1519.00,95.64,20.00,0.06,14.47,7.64,92.66
365.093,1519.00,95.64,20.00,0.06,14.47,7.64,92.56
365.243,1519.00,95.64,20.00,0.06,14.47,7.64,92.56
365.393,1519.00,95.34,20.00,0.06,14.47,7.64,92.56
365.543,1519.00,95.34,20.00,0.06,14.47,7.64,92.56
365.693,1519.00,95.34,20.00,0.06,14.47,7.64,92.56
365.843,1519.00,95.34,20.00,0.06,14.47,7.64,92.56
365.993,1519.00,95.34,20.00,0.06,14.47,9.32,92.56
366.143,1519.00,95.34,20.00,0.06,14.47,9.32,92.56
366.293,1526.00,95.34,20.00,0.06,14.47,9.32,92.56
366.443,1526.00,95.00,20.00,0.06,14.47,9.32,92.56
366.593,1526.00,95.00,28.00,0.06,14.47,9.32,92.56
366.743,1526.00,95.00,28.00,0.07,14.47,9.32,92.56
366.893,1526.00,95.00,28.00,0.07,14.47,9.32,92.56
367.043,1526.00,95.00,28.00,0.07,14.47,11.16,92.56
367.193,1526.00,95.00,28.00,0.07,14.47,11.16,92.46
367.342,1517.50,95.00,28.00,0.07,14.47,11.16,92.46
367.493,1517.50,94.87,28.00,0.07,14.47,11.16,92.46
367.643,1517.50,94.87,32.00,0.07,14.47,11.16,92.46
367.793,1517.50,94.87,32.00,0.07,14.47,11.16,92.46
367.943,1517.50,94.87,32.00,0.07,14.47,11.16,92.46
368.093,1517.50,94.87,32.00,0.07,14.47,15.40,92.46
368.243,1517.50,94.87,32.00,0.07,14.47,15.40,92.36
368.393,1521.50,94.87,32.00,0.07,14.47,15.40,92.36
368.543,1521.50,94.85,32.00,0.07,14.47,15.40,92.36
368.693,1521.50,94.85,44.00,0.07,14.47,15.40,92.36
368.842,1521.50,94.85,44.00,0.15,14.47,15.40,92.36
368.993,1521.50,94.85,44.00,0.15,14.47,15.40,92.36
369.143,1521.50,94.85,44.00,0.15,14.47,14.96,92.36
369.293,1521.50,94.85,44.00,0.15,14.47,14.96,92.16
369.443,1527.00,94.85,44.00,0.15,14.47,14.96,92.16
369.593,1527.00,95.14,44.00,0.15,14.47,14.96,92.16
369.743,1527.00,95.14,44.00,0.15,14.47,14.96,92.16
369.892,1527.00,95.14,44.00,0.24,14.47,14.96,92.16
370.043,1527.00,95.14,44.00,0.24,14.47,14.96,92.16
370.193,1527.00,95.14,44.00,0.24,14.47,14.31,92.16
370.343,1527.00,95.14,44.00,0.24,14.47,14.31,92.16
370.493,1525.50,95.14,44.00,0.24,14.47,14.31,92.16
370.643,1525.50,95.53,44.00,0.24,14.47,14.31,92.16
370.793,1525.50,95.53,44.00,0.24,14.47,14.31,92.16
370.943,1525.50,95.53,44.00,0.30,14.47,14.31,92.16
371.093,1525.50,95.53,44.00,0.30,14.47,14.31,92.16
371.243,1525.50,95.53,44.00,0.30,14.47,13.94,92.16
371.393,1525.50,95.53,44.00,0.30,14.47,13.94,92.06
371.573,1529.50,95.53,44.00,0.30,14.47,13.94,92.06
371.723,1529.50,95.50,44.00,0.30,14.47,13.94,92.06
371.873,1529.50,95.50,44.00,0.30,14.47,13.94,92.06
372.023,1529.50,95.50,44.00,0.31,14.47,13.94,92.06
372.172,1529.50,95.50,44.00,0.31,14.47,13.94,92.06
372.323,1529.50,95.50,44.00,0.31,14.47,13.84,92.06
372.473,1529.50,95.50,44.00,0.31,14.47,13.84,91.96
372.623,1531.00,95.50,44.00,0.31,14.47,13.84,91.96
372.773,1531.00,95.54,44.00,0.31,14.47,13.84,91.96
372.923,1531.00,95.54,44.00,0.31,14.47,13.84,91.96
373.073,1531.00,95.54,44.00,0.32,14.47,13.84,91.96
373.223,1531.00,95.54,44.00,0.32,14.47,13.84,91.96
373.373,1531.00,95.54,44.00,0.32,14.47,13.16,91.96
373.523,1531.00,95.54,44.00,0.32,14.47,13.16,91.86
373.673,1530.00,95.54,44.00,0.32,14.47,13.16,91.86
373.823,1530.00,95.64,44.00,0.32,14.47,13.16,91.86
373.973,1530.00,95.64,40.00,0.32,14.47,13.16,91.86
374.123,1530.00,95.64,40.00,0.30,14.47,13.16,91.86
374.273,1530.00,95.64,40.00,0.30,14.47,13.16,91.86
374.423,1530.00,95.64,40.00,0.30,14.47,13.67,91.86
374.573,1530.00,95.64,40.00,0.30,14.47,13.67,91.86
374.723,1528.00,95.64,40.00,0.30,14.47,13.67,91.86
374.873,1528.00,95.42,40.00,0.30,14.47,13.67,91.86
375.023,1528.00,95.42,40.00,0.30,14.47,13.67,91.86
375.173,1528.00,95.42,40.00,0.28,14.47,13.67,91.86
375.323,1528.00,95.42,40.00,0.28,14.47,13.67,91.86
375.473,1528.00,95.42,40.00,0.28,14.47,13.96,91.86
375.623,1528.00,95.42,40.00,0.28,14.47,13.96,91.76
375.773,1528.50,95.42,40.00,0.28,14.47,13.96,91.76
375.923,1528.50,95.50,40.00,0.28,14.47,13.96,91.76
376.073,1528.50,95.50,44.00,0.28,14.47,13.96,91.76
376.223,1528.50,95.50,44.00,0.30,14.47,13.96,91.76
376.373,1528.50,95.50,44.00,0.30,14.47,13.96,91.76
376.523,1528.50,95.50,44.00,0.30,14.47,14.31,91.76
376.673,1528.50,95.50,44.00,0.30,14.47,14.31,91.76
376.823,1527.50,95.50,44.00,0.30,14.47,14.31,91.76
376.973,1527.50,95.00,44.00,0.30,14.47,14.31,91.76
377.123,1527.50,95.00,56.00,0.30,14.47,14.31,91.76
377.273,1527.50,95.00,56.00,0.35,14.47,14.31,91.76
377.423,1527.50,95.00,56.00,0.35,14.47,14.31,91.76
377.573,1527.50,95.00,56.00,0.35,14.47,16.87,91.76
377.723,1527.50,95.00,56.00,0.35,14.47,16.87,91.76
377.873,1522.00,95.00,56.00,0.35,14.47,16.87,91.76
378.023,1522.00,95.01,56.00,0.35,14.47,16.87,91.76
378.173,1522.00,95.01,60.00,0.35,14.47,16.87,91.76
378.323,1522.00,95.01,60.00,0.51,14.47,16.87,91.76
378.473,1522.00,95.01,60.00,0.51,14.47,16.87,91.76
378.623,1522.00,95.01,60.00,0.51,14.47,15.99,91.76
378.773,1522.00,95.01,60.00,0.51,14.47,15.99,91.76
378.923,1527.00,95.01,60.00,0.51,14.47,15.99,91.76
379.073,1527.00,95.31,60.00,0.51,14.47,15.99,91.76
379.252,1527.00,95.31,60.00,0.51,14.47,15.99,91.76
379.402,1527.00,95.31,60.00,0.60,14.47,15.99,91.76
379.552,1527.00,95.31,60.00,0.60,14.47,15.99,91.76
379.703,1527.00,95.31,60.00,0.60,14.47,15.04,91.76
379.883,1527.00,95.31,60.00,0.60,14.47,15.04,91.76
380.033,1526.00,95.31,60.00,0.60,14.47,15.04,91.76
380.183,1526.00,95.29,60.00,0.60,14.47,15.04,91.76
380.333,1526.00,95.29,56.00,0.60,14.47,15.04,91.76
380.483,1526.00,95.29,56.00,0.61,14.47,15.04,91.76
380.633,1526.00,95.29,56.00,0.61,14.47,15.04,91.76
380.783,1526.00,95.29,56.00,0.61,14.47,15.79,91.76
380.933,1526.00,95.29,56.00,0.61,14.47,15.79,91.76
381.082,1523.00,95.29,56.00,0.61,14.47,15.79,91.76
381.233,1523.00,95.08,56.00,0.61,14.47,15.79,91.76
381.383,1523.00,95.08,64.00,0.61,14.47,15.79,91.76
381.533,1523.00,95.08,64.00,0.67,14.47,15.79,91.76
381.683,1523.00,95.08,64.00,0.67,14.47,15.79,91.76
381.833,1523.00,95.08,64.00,0.67,14.47,16.62,91.76
381.983,1523.00,95.08,64.00,0.67,14.47,16.62,91.76
382.133,1531.50,95.08,64.00,0.67,14.47,16.62,91.76
382.283,1531.50,95.20,64.00,0.67,14.47,16.62,91.76
382.432,1531.50,95.20,64.00,0.67,14.47,16.62,91.76
382.583,1531.50,95.20,64.00,0.80,14.47,16.62,91.76
382.733,1531.50,95.20,64.00,0.80,14.47,16.62,91.76
382.883,1531.50,95.20,64.00,0.80,14.47,15.67,91.76
383.033,1531.50,95.20,64.00,0.80,14.47,15.67,91.76
383.213,1528.50,95.20,64.00,0.80,14.47,15.67,91.76
383.363,1528.50,95.55,64.00,0.80,14.47,15.67,91.76
383.513,1528.50,95.55,64.00,0.80,14.47,15.67,91.76
383.663,1528.50,95.55,64.00,0.85,14.47,15.67,91.76
383.813,1528.50,95.55,64.00,0.85,14.48,15.67,91.76
383.963,1528.50,95.55,64.00,0.85,14.48,15.45,91.76
384.113,1528.50,95.55,64.00,0.85,14.48,15.45,91.86
384.263,1532.50,95.55,64.00,0.85,14.48,15.45,91.86
384.413,1532.50,95.67,64.00,0.85,14.48,15.45,91.86
384.563,1532.50,95.67,64.00,0.85,14.48,15.45,91.86
384.713,1532.50,95.67,64.00,0.84,14.48,15.45,91.86
384.863,1532.50,95.67,64.00,0.84,14.48,15.45,91.86
385.013,1532.50,95.67,64.00,0.84,14.48,15.45,91.86
385.163,1532.50,95.67,64.00,0.84,14.48,15.45,91.86
385.313,1535.50,95.67,64.00,0.84,14.48,15.45,91.86
385.463,1535.50,95.67,64.00,0.84,14.48,15.45,91.86
385.643,1535.50,95.67,64.00,0.84,14.48,15.45,91.86
385.793,1535.50,95.67,64.00,0.83,14.48,15.45,91.86
385.943,1535.50,95.67,64.00,0.83,14.47,15.45,91.86
386.093,1535.50,95.67,64.00,0.83,14.47,15.45,91.86
386.243,1535.50,95.67,64.00,0.83,14.47,15.45,91.96
386.393,1536.00,95.67,64.00,0.83,14.47,15.45,91.96
386.543,1536.00,95.75,64.00,0.83,14.47,15.45,91.96
386.693,1536.00,95.75,64.00,0.83,14.47,15.45,91.96
386.843,1536.00,95.75,64.00,0.81,14.47,15.45,91.96
386.993,1536.00,95.75,64.00,0.81,14.47,15.45,91.96
387.143,1536.00,95.75,64.00,0.81,14.47,15.55,91.96
387.293,1536.00,95.75,64.00,0.81,14.47,15.55,91.96
387.443,1536.00,95.75,64.00,0.81,14.47,15.55,91.96
387.593,1536.00,95.81,64.00,0.81,14.47,15.55,91.96
387.743,1536.00,95.81,64.00,0.81,14.47,15.55,91.96
387.893,1536.00,95.81,64.00,0.81,14.47,15.55,91.96
388.042,1536.00,95.81,64.00,0.81,14.48,15.55,91.96
388.193,1536.00,95.81,64.00,0.81,14.48,15.50,91.96
388.343,1536.00,95.81,64.00,0.81,14.48,15.50,91.96
388.493,1537.50,95.81,64.00,0.81,14.48,15.50,91.96
388.643,1537.50,95.67,64.00,0.81,14.48,15.50,91.96
388.793,1537.50,95.67,60.00,0.81,14.48,15.50,91.96
388.943,1537.50,95.67,60.00,0.76,14.48,15.50,91.96
389.093,1537.50,95.67,60.00,0.76,14.48,15.50,91.96
389.243,1537.50,95.67,60.00,0.76,14.48,15.50,91.96
389.393,1537.50,95.67,60.00,0.76,14.48,15.50,92.06
389.543,1536.00,95.67,60.00,0.76,14.48,15.50,92.06
389.693,1536.00,95.92,60.00,0.76,14.48,15.50,92.06
389.843,1536.00,95.92,60.00,0.76,14.48,15.50,92.06
389.993,1536.00,95.92,60.00,0.75,14.48,15.50,92.06
390.143,1536.00,95.92,60.00,0.75,14.48,15.50,92.06
390.293,1536.00,95.92,60.00,0.75,14.48,15.38,92.06
390.443,1536.00,95.92,60.00,0.75,14.48,15.38,92.16
390.593,1539.00,95.92,60.00,0.75,14.48,15.38,92.16
390.773,1539.00,95.78,60.00,0.75,14.48,15.38,92.16
390.923,1539.00,95.78,60.00,0.75,14.48,15.38,92.16
391.073,1539.00,95.78,60.00,0.73,14.48,15.38,92.16
391.223,1539.00,95.78,60.00,0.73,14.48,15.38,92.16
391.373,1539.00,95.78,60.00,0.73,14.48,15.21,92.16
391.523,1539.00,95.78,60.00,0.73,14.48,15.21,92.16
391.673,1539.50,95.78,60.00,0.73,14.48,15.21,92.16
391.823,1539.50,95.78,60.00,0.73,14.48,15.21,92.16
391.973,1539.50,95.78,60.00,0.73,14.48,15.21,92.16
392.123,1539.50,95.78,60.00,0.72,14.48,15.21,92.16
392.273,1539.50,95.78,60.00,0.72,14.47,15.21,92.16
392.423,1539.50,95.78,60.00,0.72,14.47,15.70,92.16
392.573,1539.50,95.78,60.00,0.72,14.47,15.70,92.16
392.723,1539.50,95.78,60.00,0.72,14.47,15.70,92.16
392.873,1539.50,95.95,60.00,0.72,14.47,15.70,92.16
393.023,1539.50,95.95,64.00,0.72,14.47,15.70,92.16
393.173,1539.50,95.95,64.00,0.73,14.47,15.70,92.16
393.323,1539.50,95.95,64.00,0.73,14.47,15.70,92.16
393.473,1539.50,95.95,64.00,0.73,14.47,15.67,92.16
393.623,1539.50,95.95,64.00,0.73,14.47,15.67,92.26
393.773,1538.50,95.95,64.00,0.73,14.47,15.67,92.26
393.923,1538.50,95.83,64.00,0.73,14.47,15.67,92.26
394.073,1538.50,95.83,64.00,0.73,14.47,15.67,92.26
394.223,1538.50,95.83,64.00,0.75,14.47,15.67,92.26
394.373,1538.50,95.83,64.00,0.75,14.47,15.67,92.26
394.523,1538.50,95.83,64.00,0.75,14.47,15.38,92.26
394.673,1538.50,95.83,64.00,0.75,14.47,15.38,92.26
394.823,1539.50,95.83,64.00,0.75,14.47,15.38,92.26
394.973,1539.50,95.94,64.00,0.75,14.47,15.38,92.26
395.123,1539.50,95.94,60.00,0.75,14.47,15.38,92.26
395.273,1539.50,95.94,60.00,0.74,14.47,15.38,92.26
395.423,1539.50,95.94,60.00,0.74,14.47,15.38,92.26
395.573,1539.50,95.94,60.00,0.74,14.47,15.33,92.26
395.723,1539.50,95.94,60.00,0.74,14.47,15.33,92.36
395.873,1537.50,95.94,60.00,0.74,14.47,15.33,92.36
396.022,1537.50,95.89,60.00,0.74,14.47,15.33,92.36
396.173,1537.50,95.89,60.00,0.74,14.47,15.33,92.36
396.322,1537.50,95.89,60.00,0.71,14.47,15.33,92.36
396.473,1537.50,95.89,60.00,0.71,14.47,15.33,92.36
396.623,1537.50,95.89,60.00,0.71,14.47,15.40,92.36
396.773,1537.50,95.89,60.00,0.71,14.47,15.40,92.36
396.923,1539.50,95.89,60.00,0.71,14.47,15.40,92.36
397.073,1539.50,96.09,60.00,0.71,14.47,15.40,92.36
397.223,1539.50,96.09,60.00,0.71,14.47,15.40,92.36
397.373,1539.50,96.09,60.00,0.68,14.47,15.40,92.36
397.523,1539.50,96.09,60.00,0.68,14.47,15.40,92.36
397.673,1539.50,96.09,60.00,0.68,14.47,15.18,92.36
397.823,1539.50,96.09,60.00,0.68,14.47,15.18,92.46
397.973,1537.50,96.09,60.00,0.68,14.47,15.18,92.46
398.123,1537.50,95.78,60.00,0.68,14.47,15.18,92.46
398.273,1537.50,95.78,60.00,0.68,14.47,15.18,92.46
398.453,1537.50,95.78,60.00,0.65,14.47,15.18,92.46
398.603,1537.50,95.78,60.00,0.65,14.47,15.18,92.46
398.753,1537.50,95.78,60.00,0.65,14.47,15.11,92.46
398.903,1537.50,95.78,60.00,0.65,14.47,15.11,92.46
399.053,1536.00,95.78,60.00,0.65,14.47,15.11,92.46
399.203,1536.00,95.80,60.00,0.65,14.47,15.11,92.46
399.353,1536.00,95.80,60.00,0.65,14.47,15.11,92.46
399.503,1536.00,95.80,60.00,0.63,14.47,15.11,92.46
399.653,1536.00,95.80,60.00,0.63,14.47,15.11,92.46
399.803,1536.00,95.80,60.00,0.63,14.47,15.23,92.46
399.953,1536.00,95.80,60.00,0.63,14.47,15.23,92.46
400.103,1529.00,95.80,60.00,0.63,14.47,15.23,92.46
400.253,1529.00,95.64,60.00,0.63,14.47,15.23,92.46
400.403,1529.00,95.64,24.00,0.63,14.47,15.23,92.46
400.553,1529.00,95.64,24.00,0.47,14.47,15.23,92.46
400.703,1529.00,95.64,24.00,0.47,14.47,15.23,92.46
400.853,1529.00,95.64,24.00,0.47,14.47,8.47,92.46
401.003,1529.00,95.64,24.00,0.47,14.47,8.47,92.46
401.153,1919.00,95.64,24.00,0.47,14.47,8.47,92.46
401.303,1919.00,93.76,24.00,0.47,14.47,8.47,92.46
401.453,1919.00,93.76,24.00,0.47,14.47,8.47,92.46
401.603,1919.00,93.76,24.00,0.31,14.47,8.47,92.46
401.753,1919.00,93.76,24.00,0.31,14.47,8.47,92.46
401.903,1919.00,93.76,24.00,0.31,14.47,13.01,92.46
402.053,1919.00,93.76,24.00,0.31,14.47,13.01,92.46
402.203,2271.00,93.76,24.00,0.31,14.47,13.01,92.46
402.352,2271.00,91.38,24.00,0.31,14.47,13.01,92.46
402.503,2271.00,91.38,56.00,0.31,14.47,13.01,92.46
402.653,2271.00,91.38,56.00,0.50,14.47,13.01,92.46
402.803,2271.00,91.38,56.00,0.50,14.47,13.01,92.46
402.953,2271.00,91.38,56.00,0.50,14.47,16.62,92.46
403.103,2271.00,91.38,56.00,0.50,14.47,16.62,92.46
403.253,3794.50,91.38,56.00,0.50,14.47,16.62,92.46
403.403,3794.50,88.21,56.00,0.50,14.47,16.62,92.46
403.553,3794.50,88.21,80.00,0.50,14.47,16.62,92.46
403.703,3794.50,88.21,80.00,1.01,14.47,16.62,92.46
403.853,3794.50,88.21,80.00,1.01,14.47,16.62,92.46
404.003,3794.50,88.21,80.00,1.01,14.47,16.92,92.46
404.153,3794.50,88.21,80.00,1.01,14.47,16.92,92.36
404.303,3666.50,88.21,80.00,1.01,14.47,16.92,92.36
404.453,3666.50,85.35,80.00,1.01,14.47,16.92,92.36
404.603,3666.50,85.35,100.00,1.01,14.47,16.92,92.36
404.753,3666.50,85.35,100.00,1.09,14.47,16.92,92.36
404.903,3666.50,85.35,100.00,1.09,14.47,16.92,92.36
405.053,3666.50,85.35,100.00,1.09,14.47,18.75,92.36
405.203,3666.50,85.35,100.00,1.09,14.47,18.75,92.06
405.353,3534.00,85.35,100.00,1.09,14.47,18.75,92.06
405.503,3534.00,82.35,100.00,1.09,14.47,18.75,92.06
405.653,3534.00,82.35,96.00,1.09,14.47,18.75,92.06
405.803,3534.00,82.35,96.00,1.16,14.47,18.75,92.06
405.953,3534.00,82.35,96.00,1.16,14.47,18.75,92.06
406.133,3534.00,82.35,96.00,1.16,14.47,17.94,92.06
406.283,3534.00,82.35,96.00,1.16,14.47,17.94,91.66
406.433,3374.00,82.35,96.00,1.16,14.47,17.94,91.66
406.583,3374.00,78.71,96.00,1.16,14.47,17.94,91.66
406.733,3374.00,78.71,92.00,1.16,14.47,17.94,91.66
406.883,3374.00,78.71,92.00,1.12,14.47,17.94,91.66
407.033,3374.00,78.71,92.00,1.12,14.47,17.94,91.66
407.183,3374.00,78.71,92.00,1.12,14.47,17.45,91.66
407.333,3374.00,78.71,92.00,1.12,14.47,17.45,91.16
407.483,3179.00,78.71,92.00,1.12,14.47,17.45,91.16
407.633,3179.00,74.37,92.00,1.12,14.47,17.45,91.16
407.783,3179.00,74.37,88.00,1.12,14.47,17.45,91.16
407.933,3179.00,74.37,88.00,1.03,14.47,17.45,91.16
408.083,3179.00,74.37,88.00,1.03,14.47,17.45,91.16
408.233,3179.00,74.37,88.00,1.03,14.47,17.04,91.16
408.383,3179.00,74.37,88.00,1.03,14.47,17.04,90.56
408.533,3004.00,74.37,88.00,1.03,14.47,17.04,90.56
408.683,3004.00,70.10,88.00,1.03,14.47,17.04,90.56
408.832,3004.00,70.10,80.00,1.03,14.47,17.04,90.56
408.983,3004.00,70.10,80.00,0.97,14.47,17.04,90.56
409.133,3004.00,70.10,80.00,0.97,14.47,17.04,90.56
409.283,3004.00,70.10,80.00,0.97,14.47,15.79,90.56
409.433,3004.00,70.10,80.00,0.97,14.47,15.79,89.96
409.583,2795.00,70.10,80.00,0.97,14.47,15.79,89.96
409.733,2795.00,64.60,80.00,0.97,14.47,15.79,89.96
409.883,2795.00,64.60,68.00,0.97,14.47,15.79,89.96
410.033,2795.00,64.60,68.00,0.83,14.47,15.79,89.96
410.183,2795.00,64.60,68.00,0.83,14.47,15.79,89.96
410.333,2795.00,64.60,68.00,0.83,14.47,14.77,89.96
410.483,2795.00,64.60,68.00,0.83,14.47,14.77,89.56
410.633,2567.00,64.60,68.00,0.83,14.47,14.77,89.56
410.783,2567.00,59.64,68.00,0.83,14.47,14.77,89.56
410.933,2567.00,59.64,60.00,0.83,14.47,14.77,89.56
411.083,2567.00,59.64,60.00,0.72,14.47,14.77,89.56
411.233,2567.00,59.64,60.00,0.72,14.47,14.77,89.56
411.383,2567.00,59.64,60.00,0.72,14.47,13.69,89.56
411.532,2567.00,59.64,60.00,0.72,14.47,13.69,89.36
411.683,2347.50,59.64,60.00,0.72,14.47,13.69,89.36
411.833,2347.50,54.31,60.00,0.72,14.47,13.69,89.36
411.983,2347.50,54.31,56.00,0.72,14.47,13.69,89.36
412.133,2347.50,54.31,56.00,0.74,14.47,13.69,89.36
412.283,2347.50,54.31,56.00,0.74,14.47,13.69,89.36
412.433,2347.50,54.31,56.00,0.74,14.47,13.96,89.36
412.583,2347.50,54.31,56.00,0.74,14.47,13.96,89.36
412.733,2701.50,54.31,56.00,0.74,14.47,13.96,89.36
412.883,2701.50,49.31,56.00,0.74,14.47,13.96,89.36
413.033,2701.50,49.31,64.00,0.74,14.47,13.96,89.36
413.183,2701.50,49.31,64.00,0.61,14.47,13.96,89.36
413.333,2701.50,49.31,64.00,0.61,14.47,13.96,89.36
413.482,2701.50,49.31,64.00,0.61,14.47,31.49,89.36
413.633,2701.50,49.31,64.00,0.61,14.47,31.49,89.56
413.813,3559.00,49.31,64.00,0.61,14.47,31.49,89.56
413.963,3559.00,41.53,64.00,0.61,14.47,31.49,89.56
414.113,3559.00,41.53,72.00,0.61,14.47,31.49,89.56
414.263,3559.00,41.53,72.00,1.25,14.47,31.49,89.56
414.413,3559.00,41.53,72.00,1.25,14.47,31.49,89.56
414.563,3559.00,41.53,72.00,1.25,14.47,16.94,89.56
414.713,3559.00,41.53,72.00,1.25,14.47,16.94,89.86
414.862,3028.50,41.53,72.00,1.25,14.47,16.94,89.86
415.013,3028.50,35.46,72.00,1.25,14.47,16.94,89.86
415.162,3028.50,35.46,76.00,1.25,14.47,16.94,89.86
415.313,3028.50,35.46,76.00,0.97,14.47,16.94,89.86
415.462,3028.50,35.46,76.00,0.97,14.47,16.94,89.86
415.613,3028.50,35.46,76.00,0.97,14.47,14.48,89.86
415.762,3028.50,35.46,76.00,0.97,14.47,14.48,90.26
415.913,2494.50,35.46,76.00,0.97,14.47,14.48,90.26
416.063,2494.50,29.19,76.00,0.97,14.47,14.48,90.26
416.213,2494.50,29.19,52.00,0.97,14.47,14.48,90.26
416.363,2494.50,29.19,52.00,0.76,14.47,14.48,90.26
416.513,2494.50,29.19,52.00,0.76,14.47,14.48,90.26
416.662,2494.50,29.19,52.00,0.76,14.47,21.58,90.26
416.813,2494.50,29.19,52.00,0.76,14.47,21.58,90.86
416.963,2942.00,29.19,52.00,0.76,14.47,21.58,90.86
417.113,2942.00,22.00,52.00,0.76,14.47,21.58,90.86
417.263,2942.00,22.00,56.00,0.76,14.47,21.58,90.86
417.413,2942.00,22.00,56.00,0.87,14.47,21.58,90.86
417.563,2942.00,22.00,56.00,0.87,14.47,21.58,90.86
417.713,2942.00,22.00,56.00,0.87,14.47,12.28,90.86
417.862,2942.00,22.00,56.00,0.87,14.47,12.28,91.36
418.013,1938.50,22.00,56.00,0.87,14.47,12.28,91.36
418.163,1938.50,13.61,56.00,0.87,14.47,12.28,91.36
418.313,1938.50,13.61,20.00,0.87,14.47,12.28,91.36
418.463,1938.50,13.61,20.00,0.51,14.47,12.28,91.36
418.613,1938.50,13.61,20.00,0.51,14.47,12.28,91.36
418.762,1938.50,13.61,20.00,0.51,14.47,5.00,91.36
418.913,1938.50,13.61,20.00,0.51,14.47,5.00,91.86
419.063,931.50,13.61,20.00,0.51,14.47,5.00,91.86
419.213,931.50,6.45,20.00,0.51,14.47,5.00,91.86
419.362,931.50,6.45,16.00,0.51,14.47,5.00,91.86
419.513,931.50,6.45,16.00,0.28,14.47,5.00,91.86
419.663,931.50,6.45,16.00,0.28,14.47,5.00,91.86
419.813,931.50,6.45,16.00,0.28,14.47,6.13,91.86
419.963,931.50,6.45,16.00,0.28,14.47,6.13,92.36
420.113,741.00,6.45,16.00,0.28,14.47,6.13,92.36
420.263,741.00,4.55,16.00,0.28,14.47,6.13,92.36
420.413,741.00,4.55,16.00,0.28,14.47,6.13,92.36
420.563,741.00,4.55,16.00,0.15,14.47,6.13,92.36
420.713,741.00,4.55,16.00,0.15,14.47,6.13,92.36
420.862,741.00,4.55,16.00,0.15,14.47,7.23,92.36
421.013,741.00,4.55,16.00,0.15,14.47,7.23,92.66
421.163,730.50,4.55,16.00,0.15,14.47,7.23,92.66
421.313,730.50,3.19,16.00,0.15,14.47,7.23,92.66
421.493,730.50,3.19,16.00,0.15,14.47,7.23,92.66
421.643,730.50,3.19,16.00,0.09,14.47,7.23,92.66
421.793,730.50,3.19,16.00,0.09,14.47,7.23,92.66
421.973,730.50,3.19,16.00,0.09,14.47,8.64,92.66
422.123,730.50,3.19,16.00,0.09,14.47,8.64,92.96
422.273,826.00,3.19,16.00,0.09,14.47,8.64,92.96
422.423,826.00,4.10,16.00,0.09,14.47,8.64,92.96
422.573,826.00,4.10,16.00,0.09,14.47,8.64,92.96
422.723,826.00,4.10,16.00,0.06,14.47,8.64,92.96
422.873,826.00,4.10,16.00,0.06,14.47,8.64,92.96
423.023,826.00,4.10,16.00,0.06,14.47,13.87,92.96
423.173,826.00,4.10,16.00,0.06,14.47,13.87,93.26
423.323,1264.00,4.10,16.00,0.06,14.47,13.87,93.26
423.473,1264.00,7.53,16.00,0.06,14.47,13.87,93.26
423.623,1264.00,7.53,56.00,0.06,14.47,13.87,93.26
423.773,1264.00,7.53,56.00,0.11,14.47,13.87,93.26
423.923,1264.00,7.53,56.00,0.11,14.47,13.87,93.26
424.073,1264.00,7.53,56.00,0.11,14.47,19.36,93.26
424.223,1264.00,7.53,56.00,0.11,14.47,19.36,93.46
424.373,1859.00,7.53,56.00,0.11,14.47,19.36,93.46
424.523,1859.00,14.30,56.00,0.11,14.47,19.36,93.46
424.673,1859.00,14.30,88.00,0.11,14.47,19.36,93.46
424.823,1859.00,14.30,88.00,0.55,14.47,19.36,93.46
424.973,1859.00,14.30,88.00,0.55,14.47,19.36,93.46
425.123,1859.00,14.30,88.00,0.55,14.47,21.87,93.46
425.273,1859.00,14.30,88.00,0.55,14.47,21.87,93.66
425.453,2390.50,14.30,88.00,0.55,14.47,21.87,93.66
425.603,2390.50,20.38,88.00,0.55,14.47,21.87,93.66
425.752,2390.50,20.38,76.00,0.55,14.47,21.87,93.66
425.903,2390.50,20.38,76.00,1.10,14.47,21.87,93.66
426.053,2390.50,20.38,76.00,1.10,14.47,21.87,93.66
426.203,2390.50,20.38,76.00,1.10,14.47,14.72,93.66
426.353,2390.50,20.38,76.00,1.10,14.47,14.72,93.86
426.503,2031.50,20.38,76.00,1.10,14.47,14.72,93.86
426.653,2031.50,24.39,76.00,1.10,14.47,14.72,93.86
426.803,2031.50,24.39,60.00,1.10,14.47,14.72,93.86
426.953,2031.50,24.39,60.00,0.88,14.47,14.72,93.86
427.103,2031.50,24.39,60.00,0.88,14.47,14.72,93.86
427.253,2031.50,24.39,60.00,0.88,14.47,7.84,93.86
427.403,2031.50,24.39,60.00,0.88,14.47,7.84,93.96
427.553,2035.50,24.39,60.00,0.88,14.47,7.84,93.96
427.703,2035.50,23.74,60.00,0.88,14.47,7.84,93.96
427.882,2035.50,23.74,24.00,0.88,14.47,7.84,93.96
428.033,2035.50,23.74,24.00,0.47,14.47,7.84,93.96
428.183,2035.50,23.74,24.00,0.47,14.47,7.84,93.96
428.333,2035.50,23.74,24.00,0.47,14.47,8.10,93.96
428.482,2035.50,23.74,24.00,0.47,14.47,8.10,94.06
428.633,1698.50,23.74,24.00,0.47,14.47,8.10,94.06
428.783,1698.50,20.47,24.00,0.47,14.47,8.10,94.06
428.932,1698.50,20.47,20.00,0.47,14.47,8.10,94.06
429.083,1698.50,20.47,20.00,0.32,14.47,8.10,94.06
429.233,1698.50,20.47,20.00,0.32,14.47,8.10,94.06
429.383,1698.50,20.47,20.00,0.32,14.47,7.40,94.06
429.533,1698.50,20.47,20.00,0.32,14.47,7.40,94.06
429.683,1444.50,20.47,20.00,0.32,14.47,7.40,94.06
429.833,1444.50,17.14,20.00,0.32,14.47,7.40,94.06
429.983,1444.50,17.14,48.00,0.32,14.47,7.40,94.06
430.133,1444.50,17.14,48.00,0.21,14.47,7.40,94.06
430.283,1444.50,17.14,48.00,0.21,14.47,7.40,94.06
430.433,1444.50,17.14,48.00,0.21,14.47,9.37,94.06
430.583,1444.50,17.14,48.00,0.21,14.47,9.37,94.16
430.733,1514.50,17.14,48.00,0.21,14.47,9.37,94.16
430.883,1514.50,11.85,48.00,0.21,14.47,9.37,94.16
431.033,1514.50,11.85,16.00,0.21,14.47,9.37,94.16
431.183,1514.50,11.85,16.00,0.23,14.47,9.37,94.16
431.333,1514.50,11.85,16.00,0.23,14.47,9.37,94.16
431.483,1514.50,11.85,16.00,0.23,14.47,5.42,94.16
431.633,1514.50,11.85,16.00,0.23,14.47,5.42,94.26
431.783,906.50,11.85,16.00,0.23,14.47,5.42,94.26
431.933,906.50,6.96,16.00,0.23,14.47,5.42,94.26
432.083,906.50,6.96,12.00,0.23,14.47,5.42,94.26
432.233,906.50,6.96,12.00,0.12,14.47,5.42,94.26
432.383,906.50,6.96,12.00,0.12,14.47,5.42,94.26
432.533,906.50,6.96,12.00,0.12,14.47,6.96,94.26
432.683,906.50,6.96,12.00,0.12,14.47,6.96,94.26
432.832,781.50,6.96,12.00,0.12,14.47,6.96,94.26
433.013,781.50,5.42,12.00,0.12,14.47,6.96,94.26
433.163,781.50,5.42,12.00,0.12,14.47,6.96,94.26
433.313,781.50,5.42,12.00,0.07,14.47,6.96,94.26
433.463,781.50,5.42,12.00,0.07,14.47,6.96,94.26
433.613,781.50,5.42,12.00,0.07,14.47,6.37,94.26
433.763,781.50,5.42,12.00,0.07,14.47,6.37,94.36
433.913,709.00,5.42,12.00,0.07,14.47,6.37,94.36
434.063,709.00,4.61,12.00,0.07,14.47,6.37,94.36
434.213,709.00,4.61,16.00,0.07,14.47,6.37,94.36
434.362,709.00,4.61,16.00,0.05,14.47,6.37,94.36
434.513,709.00,4.61,16.00,0.05,14.47,6.37,94.36
434.663,709.00,4.61,16.00,0.05,14.47,7.23,94.36
434.813,709.00,4.61,16.00,0.05,14.47,7.23,94.36
434.963,719.00,4.61,16.00,0.05,14.47,7.23,94.36
435.113,719.00,4.96,16.00,0.05,14.47,7.23,94.36
435.263,719.00,4.96,16.00,0.05,14.47,7.23,94.36
435.413,719.00,4.96,16.00,0.03,14.47,7.23,94.36
435.563,719.00,4.96,16.00,0.03,14.47,7.23,94.36
435.713,719.00,4.96,16.00,0.03,14.47,8.57,94.36
435.862,719.00,4.96,16.00,0.03,14.47,8.57,94.46
436.013,837.00,4.96,16.00,0.03,14.47,8.57,94.46
436.163,837.00,5.37,16.00,0.03,14.47,8.57,94.46
436.313,837.00,5.37,24.00,0.03,14.47,8.57,94.46
436.462,837.00,5.37,24.00,0.01,14.47,8.57,94.46
436.613,837.00,5.37,24.00,0.01,14.47,8.57,94.46
436.763,837.00,5.37,24.00,0.01,14.47,13.82,94.46
436.913,837.00,5.37,24.00,0.01,14.47,13.82,94.56
437.062,1220.00,5.37,24.00,0.01,14.47,13.82,94.56
437.213,1220.00,8.58,24.00,0.01,14.47,13.82,94.56
437.363,1220.00,8.58,44.00,0.01,14.47,13.82,94.56
437.513,1220.00,8.58,44.00,0.05,14.47,13.82,94.56
437.663,1220.00,8.58,44.00,0.05,14.47,13.82,94.56
437.813,1220.00,8.58,44.00,0.05,14.47,17.36,94.56
437.963,1220.00,8.58,44.00,0.05,14.47,17.36,94.56
438.113,1714.50,8.58,44.00,0.05,14.47,17.36,94.56
438.263,1714.50,13.33,44.00,0.05,14.47,17.36,94.56
438.412,1714.50,13.33,20.00,0.05,14.47,17.36,94.56
438.563,1714.50,13.33,20.00,0.20,14.47,17.36,94.56
438.713,1714.50,13.33,20.00,0.20,14.47,17.36,94.56
438.863,1714.50,13.33,20.00,0.20,14.47,6.15,94.56
439.013,1714.50,13.33,20.00,0.20,14.47,6.15,94.66
439.163,1107.00,13.33,20.00,0.20,14.47,6.15,94.66
439.312,1107.00,10.98,20.00,0.20,14.47,6.15,94.66
439.462,1107.00,10.98,12.00,0.20,14.47,6.15,94.66
439.613,1107.00,10.98,12.00,0.13,14.47,6.15,94.66
439.763,1107.00,10.98,12.00,0.13,14.47,6.15,94.66
439.913,1107.00,10.98,12.00,0.13,14.47,5.10,94.66
440.063,1107.00,10.98,12.00,0.13,14.47,5.10,94.76
440.213,925.00,10.98,12.00,0.13,14.47,5.10,94.76
440.363,925.00,7.87,12.00,0.13,14.47,5.10,94.76
440.513,925.00,7.87,12.00,0.13,14.47,5.10,94.76
440.692,925.00,7.87,12.00,0.08,14.47,5.10,94.76
440.842,925.00,7.87,12.00,0.08,14.47,5.10,94.76
440.993,925.00,7.87,12.00,0.08,14.47,6.15,94.76
441.143,925.00,7.87,12.00,0.08,14.47,6.15,94.86
441.292,819.50,7.87,12.00,0.08,14.47,6.15,94.86
441.443,819.50,5.71,12.00,0.08,14.47,6.15,94.86
441.593,819.50,5.71,16.00,0.08,14.47,6.15,94.86
441.742,819.50,5.71,16.00,0.06,14.47,6.15,94.86
441.893,819.50,5.71,16.00,0.06,14.47,6.15,94.86
442.043,819.50,5.71,16.00,0.06,14.47,6.32,94.86
442.193,819.50,5.71,16.00,0.06,14.47,6.32,94.86
442.343,719.50,5.71,16.00,0.06,14.47,6.32,94.86
442.493,719.50,4.68,16.00,0.06,14.47,6.32,94.86
442.643,719.50,4.68,16.00,0.06,14.47,6.32,94.86
442.793,719.50,4.68,16.00,0.04,14.47,6.32,94.86
442.943,719.50,4.68,16.00,0.04,14.47,6.32,94.86
443.093,719.50,4.68,16.00,0.04,14.47,7.64,94.86
443.242,719.50,4.68,16.00,0.04,14.47,7.64,94.86
443.393,758.00,4.68,16.00,0.04,14.47,7.64,94.86
443.543,758.00,4.64,16.00,0.04,14.47,7.64,94.86
443.693,758.00,4.64,20.00,0.04,14.47,7.64,94.86
443.843,758.00,4.64,20.00,0.00,14.47,7.64,94.86
443.993,758.00,4.64,20.00,0.00,14.47,7.64,94.86
444.143,758.00,4.64,20.00,0.00,14.47,15.45,94.86
444.293,758.00,4.64,20.00,0.00,14.47,15.45,94.86
444.443,1360.00,4.64,20.00,0.00,14.47,15.45,94.86
444.593,1360.00,8.44,20.00,0.00,14.47,15.45,94.86
444.743,1360.00,8.44,68.00,0.00,14.47,15.45,94.86
444.893,1360.00,8.44,68.00,0.12,14.47,15.45,94.86
445.043,1360.00,8.44,68.00,0.12,14.47,15.45,94.86
445.193,1360.00,8.44,68.00,0.12,14.47,21.48,94.86
445.343,1360.00,8.44,68.00,0.12,14.47,21.48,94.86
445.493,1980.00,8.44,68.00,0.12,14.47,21.48,94.86
445.643,1980.00,15.07,68.00,0.12,14.47,21.48,94.86
445.793,1980.00,15.07,60.00,0.12,14.47,21.48,94.86
445.943,1980.00,15.07,60.00,0.65,14.47,21.48,94.86
446.093,1980.00,15.07,60.00,0.65,14.47,21.48,94.86
446.243,1980.00,15.07,60.00,0.65,14.47,18.19,94.86
446.393,1980.00,15.07,60.00,0.65,14.47,18.19,94.86
446.543,1757.00,15.07,60.00,0.65,14.47,18.19,94.86
446.693,1757.00,21.23,60.00,0.65,14.47,18.19,94.86
446.842,1757.00,21.23,84.00,0.65,14.47,18.19,94.86
446.993,1757.00,21.23,84.00,0.99,14.47,18.19,94.86
447.143,1757.00,21.23,84.00,0.99,14.47,18.19,94.86
447.293,1757.00,21.23,84.00,0.99,14.47,21.02,94.86
447.443,1757.00,21.23,84.00,0.99,14.47,21.02,94.76
447.593,1984.00,21.23,84.00,0.99,14.47,21.02,94.76
447.743,1984.00,26.33,84.00,0.99,14.47,21.02,94.76
447.893,1984.00,26.33,88.00,0.99,14.47,21.02,94.76
448.042,1984.00,26.33,88.00,1.43,14.47,21.02,94.76
448.194,1984.00,26.33,88.00,1.43,14.47,21.02,94.76
448.372,1984.00,26.33,88.00,1.43,14.47,17.87,94.76
448.523,1984.00,26.33,88.00,1.43,14.47,17.87,94.66
448.673,1733.00,26.33,88.00,1.43,14.47,17.87,94.66
448.823,1733.00,32.10,88.00,1.43,14.47,17.87,94.66
448.973,1733.00,32.10,100.00,1.43,14.47,17.87,94.66
449.123,1733.00,32.10,100.00,1.65,14.47,17.87,94.66
449.273,1733.00,32.10,100.00,1.65,14.47,17.87,94.66
449.423,1733.00,32.10,100.00,1.65,14.47,16.99,94.66
449.573,1733.00,32.10,100.00,1.65,14.47,16.99,94.46
449.722,1632.50,32.10,100.00,1.65,14.47,16.99,94.46
449.873,1632.50,37.10,100.00,1.65,14.47,16.99,94.46
450.023,1632.50,37.10,108.00,1.65,14.47,16.99,94.46
450.203,1632.50,37.10,108.00,2.23,14.47,16.99,94.46
450.352,1632.50,37.10,108.00,2.23,14.47,16.99,94.46
450.503,1632.50,37.10,108.00,2.23,14.47,18.58,94.46
450.652,1632.50,37.10,108.00,2.23,14.47,18.58,94.36
450.803,1834.00,37.10,108.00,2.23,14.47,18.58,94.36
450.953,1834.00,42.57,108.00,2.23,14.47,18.58,94.36
451.103,1834.00,42.57,120.00,2.23,14.47,18.58,94.36
451.253,1834.00,42.57,120.00,2.41,14.47,18.58,94.36
451.403,1834.00,42.57,120.00,2.41,14.47,18.58,94.36
451.553,1834.00,42.57,120.00,2.41,14.47,17.70,94.36
451.702,1834.00,42.57,120.00,2.41,14.47,17.70,94.26
451.853,1539.50,42.57,120.00,2.41,14.47,17.70,94.26
452.003,1539.50,46.67,120.00,2.41,14.47,17.70,94.26
452.153,1539.50,46.67,104.00,2.41,14.47,17.70,94.26
452.333,1539.50,46.67,104.00,2.44,14.47,17.70,94.26
452.483,1539.50,46.67,104.00,2.44,14.47,17.70,94.26
452.632,1539.50,46.67,104.00,2.44,14.47,17.89,94.26
452.783,1539.50,46.67,104.00,2.44,14.47,17.89,94.26
452.933,1667.00,46.67,104.00,2.44,14.47,17.89,94.26
453.083,1667.00,50.26,104.00,2.44,14.47,17.89,94.26
453.233,1667.00,50.26,120.00,2.44,14.47,17.89,94.26
453.383,1667.00,50.26,120.00,2.65,14.47,17.89,94.26
453.533,1667.00,50.26,120.00,2.65,14.47,17.89,94.26
453.683,1667.00,50.26,120.00,2.65,14.47,16.21,94.26
453.832,1667.00,50.26,120.00,2.65,14.47,16.21,94.26
453.983,1365.00,50.26,120.00,2.65,14.47,16.21,94.26
454.133,1365.00,53.41,120.00,2.65,14.47,16.21,94.26
454.283,1365.00,53.41,88.00,2.65,14.47,16.21,94.26
454.433,1365.00,53.41,88.00,2.08,14.47,16.21,94.26
454.583,1365.00,53.41,88.00,2.08,14.47,16.21,94.26
454.763,1365.00,53.41,88.00,2.08,14.47,15.77,94.26
454.913,1365.00,53.41,88.00,2.08,14.47,15.77,94.36
455.063,1399.00,53.41,88.00,2.08,14.47,15.77,94.36
455.213,1399.00,55.88,88.00,2.08,14.47,15.77,94.36
455.363,1399.00,55.88,84.00,2.08,14.47,15.77,94.36
455.513,1399.00,55.88,84.00,1.64,14.47,15.77,94.36
455.663,1399.00,55.88,84.00,1.64,14.47,15.77,94.36
455.813,1399.00,55.88,84.00,1.64,14.47,16.99,94.36
455.963,1399.00,55.88,84.00,1.64,14.47,16.99,94.56
456.113,1457.50,55.88,84.00,1.64,14.47,16.99,94.56
456.263,1457.50,58.07,84.00,1.64,14.47,16.99,94.56
456.412,1457.50,58.07,84.00,1.64,14.47,16.99,94.56
456.562,1457.50,58.07,84.00,1.56,14.47,16.99,94.56
456.713,1457.50,58.07,84.00,1.56,14.47,16.99,94.56
456.863,1457.50,58.07,84.00,1.56,14.47,16.92,94.56
457.013,1457.50,58.07,84.00,1.56,14.47,16.92,94.86
457.163,1511.00,58.07,84.00,1.56,14.47,16.92,94.86
457.313,1511.00,60.24,84.00,1.56,14.47,16.92,94.86
457.462,1511.00,60.24,84.00,1.56,14.47,16.92,94.86
457.613,1511.00,60.24,84.00,1.50,14.47,16.92,94.86
457.763,1511.00,60.24,84.00,1.50,14.47,16.92,94.86
457.913,1511.00,60.24,84.00,1.50,14.47,16.99,94.86
458.063,1511.00,60.24,84.00,1.50,14.47,16.99,95.16
458.213,1564.00,60.24,84.00,1.50,14.47,16.99,95.16
458.363,1564.00,62.23,84.00,1.50,14.47,16.99,95.16
458.513,1564.00,62.23,84.00,1.50,14.47,16.99,95.16
458.663,1564.00,62.23,84.00,1.54,14.47,16.99,95.16
458.813,1564.00,62.23,84.00,1.54,14.47,16.99,95.16
458.963,1564.00,62.23,84.00,1.54,14.47,16.43,95.16
459.113,1564.00,62.23,84.00,1.54,14.47,16.43,95.66
459.262,1616.50,62.23,84.00,1.54,14.47,16.43,95.66
459.413,1616.50,64.26,84.00,1.54,14.47,16.43,95.66
459.563,1616.50,64.26,84.00,1.54,14.47,16.43,95.66
459.713,1616.50,64.26,84.00,1.48,14.47,16.43,95.66
459.893,1616.50,64.26,84.00,1.48,14.47,16.43,95.66
460.043,1616.50,64.26,84.00,1.48,14.47,33.49,95.66
460.193,1616.50,64.26,84.00,1.48,14.47,33.49,95.96
460.343,1690.50,64.26,84.00,1.48,14.47,33.49,95.96
460.493,1690.50,67.54,84.00,1.48,14.47,33.49,95.96
460.643,1690.50,67.54,180.00,1.48,14.47,33.49,95.96
460.793,1690.50,67.54,180.00,3.42,14.47,33.49,95.96
460.943,1690.50,67.54,180.00,3.42,14.47,33.49,95.96
461.093,1690.50,67.54,180.00,3.42,14.47,98.00,95.96
461.243,1690.50,67.54,180.00,3.42,14.47,98.00,96.16
461.393,1819.00,67.54,180.00,3.42,14.47,98.00,96.16
461.542,1819.00,72.75,180.00,3.42,14.47,98.00,96.16
461.693,1819.00,72.75,236.00,3.42,14.47,98.00,96.16
461.843,1819.00,72.75,236.00,5.91,14.47,98.00,96.16
461.993,1819.00,72.75,236.00,5.91,14.47,98.00,96.16
462.143,1819.00,72.75,236.00,5.91,14.47,98.00,96.16
462.293,1819.00,72.75,236.00,5.91,14.47,98.00,96.26
462.443,1978.50,72.75,236.00,5.91,14.47,98.00,96.26
462.593,1978.50,78.96,236.00,5.91,14.47,98.00,96.26
462.743,1978.50,78.96,288.00,5.91,14.47,98.00,96.26
462.893,1978.50,78.96,288.00,8.67,14.47,98.00,96.26
463.043,1978.50,78.96,288.00,8.67,14.47,98.00,96.26
463.193,1978.50,78.96,288.00,8.67,14.47,98.00,96.26
463.342,1978.50,78.96,288.00,8.67,14.47,98.00,96.16
463.493,2168.50,78.96,288.00,8.67,14.47,98.00,96.16
463.643,2168.50,86.23,288.00,8.67,14.47,98.00,96.16
463.793,2168.50,86.23,392.00,8.67,14.47,98.00,96.16
463.943,2168.50,86.23,392.00,14.96,14.47,98.00,96.16
464.093,2168.50,86.23,392.00,14.96,14.47,98.00,96.16
464.242,2168.50,86.23,392.00,14.96,14.47,55.10,96.16
464.393,2168.50,86.23,392.00,14.96,14.47,55.10,95.96
464.543,2387.50,86.23,392.00,14.96,14.47,55.10,95.96
464.693,2387.50,94.94,392.00,14.96,14.47,55.10,95.96
464.843,2387.50,94.94,492.00,14.96,14.47,55.10,95.96
464.993,2387.50,94.94,492.00,17.79,14.47,55.10,95.96
465.143,2387.50,94.94,492.00,17.79,14.47,55.10,95.96
465.293,2387.50,94.94,492.00,17.79,14.47,75.83,95.96
465.443,2387.50,94.94,492.00,17.79,14.47,75.83,95.66
465.593,2592.00,94.94,492.00,17.79,14.47,75.83,95.66
465.743,2592.00,103.51,492.00,17.79,14.47,75.83,95.66
465.893,2592.00,103.51,512.00,17.79,14.47,75.83,95.66
466.043,2592.00,103.51,512.00,16.17,14.47,75.83,95.66
466.193,2592.00,103.51,512.00,16.17,14.47,75.83,95.66
466.343,2592.00,103.51,512.00,16.17,14.47,96.26,95.66
466.493,2592.00,103.51,512.00,16.17,14.47,96.26,95.26
466.642,2845.50,103.51,512.00,16.17,14.47,96.26,95.26
466.793,2845.50,112.62,512.00,16.17,14.47,96.26,95.26
466.943,2845.50,112.62,588.00,16.17,14.47,96.26,95.26
467.092,2845.50,112.62,588.00,17.36,14.47,96.26,95.26
467.243,2845.50,112.62,588.00,17.36,14.47,96.26,95.26
467.392,2845.50,112.62,588.00,17.36,14.47,86.33,95.26
467.573,2845.50,112.62,588.00,17.36,14.47,86.33,94.86
467.722,3044.00,112.62,588.00,17.36,14.47,86.33,94.86
467.872,3044.00,121.15,588.00,17.36,14.47,86.33,94.86
468.023,3044.00,121.15,640.00,17.36,14.47,86.33,94.86
468.173,3044.00,121.15,640.00,17.24,14.47,86.33,94.86
468.323,3044.00,121.15,640.00,17.24,14.47,86.33,94.86
468.473,3044.00,121.15,640.00,17.24,14.47,90.62,94.86
468.623,3044.00,121.15,640.00,17.24,14.47,90.62,94.66
468.772,3265.50,121.15,640.00,17.24,14.47,90.62,94.66
468.923,3265.50,129.89,640.00,17.24,14.47,90.62,94.66
469.073,3265.50,129.89,696.00,17.24,14.47,90.62,94.66
469.223,3265.50,129.89,696.00,18.35,14.47,90.62,94.66
469.372,3265.50,129.89,696.00,18.35,14.46,90.62,94.66
469.522,3265.50,129.89,696.00,18.35,14.46,7.81,94.66
469.673,3265.50,129.89,696.00,18.35,14.46,7.81,94.66
469.823,3238.00,129.89,696.00,18.35,14.46,7.81,94.66
469.973,3238.00,130.56,696.00,18.35,14.46,7.81,94.66
470.122,3238.00,130.56,72.00,18.35,14.46,7.81,94.66
470.273,3238.00,130.56,72.00,2.75,14.46,7.81,94.66
470.423,3238.00,130.56,72.00,2.75,14.46,7.81,94.66
470.572,3238.00,130.56,72.00,2.75,14.46,16.33,94.66
470.722,3238.00,130.56,72.00,2.75,14.46,16.33,94.76
470.873,3187.00,130.56,72.00,2.75,14.46,16.33,94.76
471.022,3187.00,127.97,72.00,2.75,14.46,16.33,94.76
471.173,3187.00,127.97,88.00,2.75,14.46,16.33,94.76
471.322,3187.00,127.97,88.00,1.45,14.46,16.33,94.76
471.473,3187.00,127.97,88.00,1.45,14.47,16.33,94.76
471.623,3187.00,127.97,88.00,1.45,14.47,17.55,94.76
471.773,3187.00,127.97,88.00,1.45,14.47,17.55,93.96
471.923,3117.50,127.97,88.00,1.45,14.47,17.55,93.96
472.073,3117.50,124.99,88.00,1.45,14.47,17.55,93.96
472.222,3117.50,124.99,84.00,1.45,14.47,17.55,93.96
472.373,3117.50,124.99,84.00,1.17,14.47,17.55,93.96
472.523,3117.50,124.99,84.00,1.17,14.46,17.55,93.96
472.673,3117.50,124.99,84.00,1.17,14.46,17.72,93.96
472.823,3117.50,124.99,84.00,1.17,14.46,17.72,92.56
473.002,3039.50,124.99,84.00,1.17,14.46,17.72,92.56
473.153,3039.50,121.83,84.00,1.17,14.46,17.72,92.56
473.302,3039.50,121.83,84.00,1.17,14.46,17.72,92.56
473.453,3039.50,121.83,84.00,1.04,14.46,17.72,92.56
473.603,3039.50,121.83,84.00,1.04,14.46,17.72,92.56
473.752,3039.50,121.83,84.00,1.04,14.46,17.63,92.56
473.903,3039.50,121.83,84.00,1.04,14.46,17.63,91.36
474.083,2958.50,121.83,84.00,1.04,14.46,17.63,91.36
474.233,2958.50,118.76,84.00,1.04,14.46,17.63,91.36
474.383,2958.50,118.76,80.00,1.04,14.46,17.63,91.36
474.533,2958.50,118.76,80.00,0.97,14.46,17.63,91.36
474.683,2958.50,118.76,80.00,0.97,14.46,17.63,91.36
474.833,2958.50,118.76,80.00,0.97,14.46,17.38,91.36
474.983,2958.50,118.76,80.00,0.97,14.46,17.38,90.56
475.133,2883.50,118.76,80.00,0.97,14.46,17.38,90.56
475.283,2883.50,115.45,80.00,0.97,14.46,17.38,90.56
475.433,2883.50,115.45,76.00,0.97,14.46,17.38,90.56
475.583,2883.50,115.45,76.00,0.91,14.46,17.38,90.56
475.733,2883.50,115.45,76.00,0.91,14.46,17.38,90.56
475.883,2883.50,115.45,76.00,0.91,14.46,16.99,90.56
476.033,2883.50,115.45,76.00,0.91,14.46,16.99,90.06
476.183,2801.50,115.45,76.00,0.91,14.46,16.99,90.06
476.333,2801.50,112.42,76.00,0.91,14.46,16.99,90.06
476.483,2801.50,112.42,72.00,0.91,14.46,16.99,90.06
476.633,2801.50,112.42,72.00,0.82,14.46,16.99,90.06
476.783,2801.50,112.42,72.00,0.82,14.46,16.99,90.06
476.933,2801.50,112.42,72.00,0.82,14.46,16.82,90.06
477.083,2801.50,112.42,72.00,0.82,14.46,16.82,89.46
477.233,2729.50,112.42,72.00,0.82,14.46,16.82,89.46
477.384,2729.50,109.51,72.00,0.82,14.46,16.82,89.46
477.533,2729.50,109.51,68.00,0.82,14.46,16.82,89.46
477.683,2729.50,109.51,68.00,0.78,14.46,16.82,89.46
477.833,2729.50,109.51,68.00,0.78,14.46,16.82,89.46
477.983,2729.50,109.51,68.00,0.78,14.46,12.82,89.46
478.133,2729.50,109.51,68.00,0.78,14.46,12.82,88.96
478.283,2669.50,109.51,68.00,0.78,14.46,12.82,88.96
478.433,2669.50,106.91,68.00,0.78,14.46,12.82,88.96
478.583,2669.50,106.91,52.00,0.78,14.46,12.82,88.96
478.733,2669.50,106.91,52.00,0.69,14.46,12.82,88.96
478.883,2669.50,106.91,52.00,0.69,14.46,12.82,88.96
479.032,2669.50,106.91,52.00,0.69,14.46,13.40,88.96
479.212,2669.50,106.91,52.00,0.69,14.46,13.40,88.46
479.363,2609.50,106.91,52.00,0.69,14.46,13.40,88.46
479.512,2609.50,104.46,52.00,0.69,14.46,13.40,88.46
479.693,2609.50,104.46,52.00,0.69,14.46,13.40,88.46
479.842,2609.50,104.46,52.00,0.50,14.46,13.40,88.46
479.992,2609.50,104.46,52.00,0.50,14.46,13.40,88.46
480.142,2609.50,104.46,52.00,0.50,14.46,13.57,88.46
480.293,2609.50,104.46,52.00,0.50,14.46,13.57,88.06
480.442,2549.00,104.46,52.00,0.50,14.46,13.57,88.06
480.593,2549.00,102.35,52.00,0.50,14.46,13.57,88.06
480.742,2549.00,102.35,60.00,0.50,14.46,13.57,88.06
480.893,2549.00,102.35,60.00,0.46,14.46,13.57,88.06
481.043,2549.00,102.35,60.00,0.46,14.46,13.57,88.06
481.193,2549.00,102.35,60.00,0.46,14.46,15.40,88.06
481.343,2549.00,102.35,60.00,0.46,14.46,15.40,87.76
481.493,2483.50,102.35,60.00,0.46,14.46,15.40,87.76
481.642,2483.50,99.29,60.00,0.46,14.46,15.40,87.76
481.793,2483.50,99.29,56.00,0.46,14.46,15.40,87.76
481.943,2483.50,99.29,56.00,0.52,14.46,15.40,87.76
482.093,2483.50,99.29,56.00,0.52,14.46,15.40,87.76
482.242,2483.50,99.29,56.00,0.52,14.46,14.57,87.76
482.392,2483.50,99.29,56.00,0.52,14.46,14.57,87.56
482.542,2408.50,99.29,56.00,0.52,14.46,14.57,87.56
482.692,2408.50,96.86,56.00,0.52,14.46,14.57,87.56
482.872,2408.50,96.86,56.00,0.52,14.46,14.57,87.56
483.053,2408.50,96.86,56.00,0.53,14.46,14.57,87.56
483.203,2408.50,96.86,56.00,0.53,14.45,14.57,87.56
483.352,2408.50,96.86,56.00,0.53,14.45,13.87,87.56
483.502,2408.50,96.86,56.00,0.53,14.45,13.87,87.76
483.653,2344.50,96.86,56.00,0.53,14.45,13.87,87.76
483.802,2344.50,93.92,56.00,0.53,14.45,13.87,87.76
483.952,2344.50,93.92,48.00,0.53,14.45,13.87,87.76
484.103,2344.50,93.92,48.00,0.51,14.45,13.87,87.76
484.252,2344.50,93.92,48.00,0.51,14.45,13.87,87.76
484.402,2344.50,93.92,48.00,0.51,14.45,11.52,87.76
484.552,2344.50,93.92,48.00,0.51,14.45,11.52,88.16
484.702,2298.00,93.92,48.00,0.51,14.45,11.52,88.16
484.853,2298.00,91.89,48.00,0.51,14.45,11.52,88.16
485.003,2298.00,91.89,68.00,0.51,14.45,11.52,88.16
485.152,2298.00,91.89,68.00,0.44,14.45,11.52,88.16
485.303,2298.00,91.89,68.00,0.44,14.45,11.52,88.16
485.483,2298.00,91.89,68.00,0.44,14.45,18.85,88.16
485.632,2298.00,91.89,68.00,0.44,14.45,18.85,88.76
485.783,2293.00,91.89,68.00,0.44,14.45,18.85,88.76
485.933,2293.00,91.69,68.00,0.44,14.45,18.85,88.76
486.083,2293.00,91.69,92.00,0.44,14.45,18.85,88.76
486.233,2293.00,91.69,92.00,0.86,14.45,18.85,88.76
486.383,2293.00,91.69,92.00,0.86,14.45,18.85,88.76
486.532,2293.00,91.69,92.00,0.86,14.45,18.26,88.76
486.683,2293.00,91.69,92.00,0.86,14.45,18.26,89.46
486.832,2300.50,91.69,92.00,0.86,14.45,18.26,89.46
486.983,2300.50,91.63,92.00,0.86,14.45,18.26,89.46
487.132,2300.50,91.63,96.00,0.86,14.45,18.26,89.46
487.283,2300.50,91.63,96.00,1.32,14.45,18.26,89.46
487.432,2300.50,91.63,96.00,1.32,14.45,18.26,89.46
487.582,2300.50,91.63,96.00,1.32,14.45,17.19,89.46
487.732,2300.50,91.63,96.00,1.32,14.45,17.19,90.06
487.883,2307.50,91.63,96.00,1.32,14.45,17.19,90.06
488.032,2307.50,92.16,96.00,1.32,14.45,17.19,90.06
488.183,2307.50,92.16,92.00,1.32,14.45,17.19,90.06
488.333,2307.50,92.16,92.00,1.37,14.45,17.19,90.06
488.483,2307.50,92.16,92.00,1.37,14.45,17.19,90.06
488.632,2307.50,92.16,92.00,1.37,14.45,17.11,90.06
488.783,2307.50,92.16,92.00,1.37,14.45,17.11,90.86
488.933,2316.00,92.16,92.00,1.37,14.45,17.11,90.86
489.083,2316.00,92.18,92.00,1.37,14.45,17.11,90.86
489.232,2316.00,92.18,40.00,1.37,14.45,17.11,90.86
489.383,2316.00,92.18,40.00,1.09,14.45,17.11,90.86
489.532,2316.00,92.18,40.00,1.09,14.45,17.11,90.86
489.682,2316.00,92.18,40.00,1.09,14.45,10.15,90.86
489.832,2316.00,92.18,40.00,1.09,14.45,10.15,91.56
489.983,2261.50,92.18,40.00,1.09,14.45,10.15,91.56
490.132,2261.50,90.67,40.00,1.09,14.45,10.15,91.56
490.283,2261.50,90.67,36.00,1.09,14.45,10.15,91.56
490.433,2261.50,90.67,36.00,0.63,14.45,10.15,91.56
490.612,2261.50,90.67,36.00,0.63,14.45,10.15,91.56
490.762,2261.50,90.67,36.00,0.63,14.45,11.60,91.56
490.912,2261.50,90.67,36.00,0.63,14.45,11.60,92.26
491.062,2240.50,90.67,36.00,0.63,14.45,11.60,92.26
491.212,2240.50,89.42,36.00,0.63,14.45,11.60,92.26
491.362,2240.50,89.42,40.00,0.63,14.45,11.60,92.26
491.512,2240.50,89.42,40.00,0.42,14.45,11.60,92.26
491.663,2240.50,89.42,40.00,0.42,14.44,11.60,92.26
491.812,2240.50,89.42,40.00,0.42,14.44,13.87,92.26
491.963,2240.50,89.42,40.00,0.42,14.44,13.87,92.86
492.113,2242.50,89.42,40.00,0.42,14.44,13.87,92.86
492.263,2242.50,89.10,40.00,0.42,14.44,13.87,92.86
492.413,2242.50,89.10,60.00,0.42,14.44,13.87,92.86
492.562,2242.50,89.10,60.00,0.40,14.44,13.87,92.86
492.713,2242.50,89.10,60.00,0.40,14.44,13.87,92.86
492.863,2242.50,89.10,60.00,0.40,14.44,17.21,92.86
493.013,2242.50,89.10,60.00,0.40,14.44,17.21,93.46
493.163,2238.00,89.10,60.00,0.40,14.44,17.21,93.46
493.313,2238.00,89.39,60.00,0.40,14.44,17.21,93.46
493.463,2238.00,89.39,60.00,0.40,14.44,17.21,93.46
493.643,2238.00,89.39,60.00,0.51,14.44,17.21,93.46
493.793,2238.00,89.39,60.00,0.51,14.44,17.21,93.46
493.943,2238.00,89.39,60.00,0.51,14.44,10.96,93.46
494.093,2238.00,89.39,60.00,0.51,14.44,10.96,93.86
494.243,2203.50,89.39,60.00,0.51,14.44,10.96,93.86
494.393,2203.50,89.03,60.00,0.51,14.44,10.96,93.86
494.572,2203.50,89.03,36.00,0.51,14.44,10.96,93.86
494.723,2203.50,89.03,36.00,0.43,14.44,10.96,93.86
494.873,2203.50,89.03,36.00,0.43,14.44,10.96,93.86
495.023,2203.50,89.03,36.00,0.43,14.44,11.79,93.86
495.172,2203.50,89.03,36.00,0.43,14.44,11.79,94.16
495.322,2198.50,89.03,36.00,0.43,14.44,11.79,94.16
495.473,2198.50,87.88,36.00,0.43,14.44,11.79,94.16
495.623,2198.50,87.88,36.00,0.43,14.44,11.79,94.16
495.772,2198.50,87.88,36.00,0.33,14.44,11.79,94.16
495.923,2198.50,87.88,36.00,0.33,14.44,11.79,94.16
496.073,2198.50,87.88,36.00,0.33,14.44,12.28,94.16
496.222,2198.50,87.88,36.00,0.33,14.44,12.28,94.36
496.372,2183.00,87.88,36.00,0.33,14.44,12.28,94.36
496.523,2183.00,87.75,36.00,0.33,14.44,12.28,94.36
496.672,2183.00,87.75,36.00,0.33,14.44,12.28,94.36
496.822,2183.00,87.75,36.00,0.28,14.44,12.28,94.36
497.003,2183.00,87.75,36.00,0.28,14.44,12.28,94.36
497.153,2183.00,87.75,36.00,0.28,14.44,12.28,94.36
497.303,2183.00,87.75,36.00,0.28,14.44,12.28,94.56
497.453,2177.50,87.75,36.00,0.28,14.44,12.28,94.56
497.603,2177.50,87.64,36.00,0.28,14.44,12.28,94.56
497.752,2177.50,87.64,36.00,0.28,14.44,12.28,94.56
497.903,2177.50,87.64,36.00,0.25,14.44,12.28,94.56
498.053,2177.50,87.64,36.00,0.25,14.44,12.28,94.56
498.203,2177.50,87.64,36.00,0.25,14.44,11.99,94.56
498.353,2177.50,87.64,36.00,0.25,14.44,11.99,94.56
498.502,2185.50,87.64,36.00,0.25,14.44,11.99,94.56
498.652,2185.50,87.79,36.00,0.25,14.44,11.99,94.56
498.802,2185.50,87.79,36.00,0.25,14.44,11.99,94.56
498.952,2185.50,87.79,36.00,0.25,14.44,11.99,94.56
499.102,2185.50,87.79,36.00,0.25,14.44,11.99,94.56
499.282,2185.50,87.79,36.00,0.25,14.44,11.96,94.56
499.433,2185.50,87.79,36.00,0.25,14.44,11.96,94.56
499.583,2195.00,87.79,36.00,0.25,14.44,11.96,94.56
499.732,2195.00,88.02,36.00,0.25,14.44,11.96,94.56
499.882,2195.00,88.02,36.00,0.25,14.44,11.96,94.56
500.033,2195.00,88.02,36.00,0.25,14.44,11.96,94.56
500.182,2195.00,88.02,36.00,0.25,14.44,11.96,94.56
500.333,2195.00,88.02,36.00,0.25,14.44,12.03,94.56
500.483,2195.00,88.02,36.00,0.25,14.44,12.03,94.46
500.633,2202.50,88.02,36.00,0.25,14.44,12.03,94.46
500.783,2202.50,88.39,36.00,0.25,14.44,12.03,94.46
500.963,2202.50,88.39,36.00,0.25,14.44,12.03,94.46
501.113,2202.50,88.39,36.00,0.25,14.44,12.03,94.46
501.263,2202.50,88.39,36.00,0.25,14.44,12.03,94.46
501.413,2202.50,88.39,36.00,0.25,14.44,12.45,94.46
501.563,2202.50,88.39,36.00,0.25,14.44,12.45,94.26
501.713,2212.50,88.39,36.00,0.25,14.44,12.45,94.26
501.863,2212.50,89.18,36.00,0.25,14.44,12.45,94.26
502.013,2212.50,89.18,36.00,0.25,14.44,12.45,94.26
502.163,2212.50,89.18,36.00,0.25,14.44,12.45,94.26
502.312,2212.50,89.18,36.00,0.25,14.44,12.45,94.26
502.462,2212.50,89.18,36.00,0.25,14.44,12.57,94.26
502.613,2212.50,89.18,36.00,0.25,14.44,12.57,93.96
502.762,2238.50,89.18,36.00,0.25,14.44,12.57,93.96
502.913,2238.50,89.68,36.00,0.25,14.44,12.57,93.96
503.063,2238.50,89.68,36.00,0.25,14.44,12.57,93.96
503.212,2238.50,89.68,36.00,0.25,14.44,12.57,93.96
503.363,2238.50,89.68,36.00,0.25,14.44,12.57,93.96
503.512,2238.50,89.68,36.00,0.25,14.44,18.16,93.96
503.662,2238.50,89.68,36.00,0.25,14.44,18.16,93.56
503.812,2278.00,89.68,36.00,0.25,14.44,18.16,93.56
503.963,2278.00,91.07,36.00,0.25,14.44,18.16,93.56
504.112,2278.00,91.07,68.00,0.25,14.44,18.16,93.56
504.263,2278.00,91.07,68.00,0.41,14.44,18.16,93.56
504.443,2278.00,91.07,68.00,0.41,14.44,18.16,93.56
504.593,2278.00,91.07,68.00,0.41,14.44,17.55,93.56
504.742,2278.00,91.07,68.00,0.41,14.44,17.55,93.06
504.893,2321.00,91.07,68.00,0.41,14.44,17.55,93.06
505.042,2321.00,93.03,68.00,0.41,14.44,17.55,93.06
505.193,2321.00,93.03,68.00,0.41,14.44,17.55,93.06
505.342,2321.00,93.03,68.00,0.57,14.44,17.55,93.06
505.523,2321.00,93.03,68.00,0.57,14.44,17.55,93.06
505.673,2321.00,93.03,68.00,0.57,14.44,17.09,93.06
505.822,2321.00,93.03,68.00,0.57,14.44,17.09,92.66
505.973,2365.00,93.03,68.00,0.57,14.44,17.09,92.66
506.122,2365.00,94.92,68.00,0.57,14.44,17.09,92.66
506.272,2365.00,94.92,68.00,0.57,14.44,17.09,92.66
506.423,2365.00,94.92,68.00,0.61,14.44,17.09,92.66
506.573,2365.00,94.92,68.00,0.61,14.45,17.09,92.66
506.723,2365.00,94.92,68.00,0.61,14.45,12.21,92.66
506.873,2365.00,94.92,68.00,0.61,14.45,12.21,92.26
507.023,2383.50,94.92,68.00,0.61,14.45,12.21,92.26
507.172,2383.50,95.83,68.00,0.61,14.45,12.21,92.26
507.322,2383.50,95.83,52.00,0.61,14.45,12.21,92.26
507.473,2383.50,95.83,52.00,0.42,14.45,12.21,92.26
507.623,2383.50,95.83,52.00,0.42,14.45,12.21,92.26
507.773,2383.50,95.83,52.00,0.42,14.45,15.33,92.26
507.922,2383.50,95.83,52.00,0.42,14.45,15.33,91.86
508.072,2369.00,95.83,52.00,0.42,14.45,15.33,91.86
508.223,2369.00,95.38,52.00,0.42,14.45,15.33,91.86
508.373,2369.00,95.38,52.00,0.42,14.45,15.33,91.86
508.523,2369.00,95.38,52.00,0.48,14.45,15.33,91.86
508.673,2369.00,95.38,52.00,0.48,14.45,15.33,91.86
508.822,2369.00,95.38,52.00,0.48,14.45,14.74,91.86
508.973,2369.00,95.38,52.00,0.48,14.45,14.74,91.56
509.122,2360.00,95.38,52.00,0.48,14.45,14.74,91.56
509.273,2360.00,95.25,52.00,0.48,14.45,14.74,91.56
509.423,2360.00,95.25,52.00,0.48,14.45,14.74,91.56
509.573,2360.00,95.25,52.00,0.49,14.45,14.74,91.56
509.723,2360.00,95.25,52.00,0.49,14.45,14.74,91.56
509.873,2360.00,95.25,52.00,0.49,14.45,14.40,91.56
510.022,2360.00,95.25,52.00,0.49,14.45,14.40,91.26
510.173,2343.50,95.25,52.00,0.49,14.45,14.40,91.26
510.323,2343.50,94.71,52.00,0.49,14.45,14.40,91.26
510.472,2343.50,94.71,52.00,0.49,14.45,14.40,91.26
510.623,2343.50,94.71,52.00,0.49,14.45,14.40,91.26
510.773,2343.50,94.71,52.00,0.49,14.45,14.40,91.26
510.923,2343.50,94.71,52.00,0.49,14.45,14.18,91.26
511.073,2343.50,94.71,52.00,0.49,14.45,14.18,90.86
511.222,2341.00,94.71,52.00,0.49,14.45,14.18,90.86
511.372,2341.00,94.30,52.00,0.49,14.45,14.18,90.86
511.522,2341.00,94.30,52.00,0.49,14.45,14.18,90.86
511.672,2341.00,94.30,52.00,0.49,14.45,14.18,90.86
511.822,2341.00,94.30,52.00,0.49,14.45,14.18,90.86
511.973,2341.00,94.30,52.00,0.49,14.45,13.94,90.86
512.122,2341.00,94.30,52.00,0.49,14.45,13.94,90.56
512.273,2329.50,94.30,52.00,0.49,14.45,13.94,90.56
512.422,2329.50,94.00,52.00,0.49,14.45,13.94,90.56
512.572,2329.50,94.00,48.00,0.49,14.45,13.94,90.56
512.723,2329.50,94.00,48.00,0.49,14.45,13.94,90.56
512.873,2329.50,94.00,48.00,0.49,14.45,13.94,90.56
513.022,2329.50,94.00,48.00,0.49,14.45,13.82,90.56
513.173,2329.50,94.00,48.00,0.49,14.45,13.82,90.26
513.323,2310.00,94.00,48.00,0.49,14.45,13.82,90.26
513.473,2310.00,93.15,48.00,0.49,14.45,13.82,90.26
513.652,2310.00,93.15,48.00,0.49,14.45,13.82,90.26
513.802,2310.00,93.15,48.00,0.47,14.45,13.82,90.26
513.953,2310.00,93.15,48.00,0.47,14.45,13.82,90.26
514.103,2310.00,93.15,48.00,0.47,14.45,13.52,90.26
514.252,2310.00,93.15,48.00,0.47,14.45,13.52,90.06
514.402,2289.00,93.15,48.00,0.47,14.45,13.52,90.06
514.552,2289.00,92.32,48.00,0.47,14.45,13.52,90.06
514.702,2289.00,92.32,48.00,0.47,14.45,13.52,90.06
514.852,2289.00,92.32,48.00,0.46,14.45,13.52,90.06
515.002,2289.00,92.32,48.00,0.46,14.46,13.52,90.06
515.152,2289.00,92.32,48.00,0.46,14.46,13.38,90.06
515.302,2289.00,92.32,48.00,0.46,14.46,13.38,90.06
515.452,2269.00,92.32,48.00,0.46,14.46,13.38,90.06
515.602,2269.00,91.44,48.00,0.46,14.46,13.38,90.06
515.752,2269.00,91.44,44.00,0.46,14.46,13.38,90.06
515.903,2269.00,91.44,44.00,0.46,14.46,13.38,90.06
516.052,2269.00,91.44,44.00,0.46,14.46,13.38,90.06
516.202,2269.00,91.44,44.00,0.46,14.46,13.11,90.06
516.352,2269.00,91.44,44.00,0.46,14.46,13.11,90.06
516.502,2236.50,91.44,44.00,0.46,14.46,13.11,90.06
516.652,2236.50,90.35,44.00,0.46,14.46,13.11,90.06
516.802,2236.50,90.35,44.00,0.46,14.46,13.11,90.06
516.953,2236.50,90.35,44.00,0.44,14.46,13.11,90.06
517.102,2236.50,90.35,44.00,0.44,14.46,13.11,90.06
517.252,2236.50,90.35,44.00,0.44,14.46,12.89,90.06
517.403,2236.50,90.35,44.00,0.44,14.46,12.89,90.06
517.552,2208.00,90.35,44.00,0.44,14.46,12.89,90.06
517.702,2208.00,89.00,44.00,0.44,14.46,12.89,90.06
517.852,2208.00,89.00,44.00,0.44,14.46,12.89,90.06
518.002,2208.00,89.00,44.00,0.43,14.46,12.89,90.06
518.152,2208.00,89.00,44.00,0.43,14.46,12.89,90.06
518.302,2208.00,89.00,44.00,0.43,14.46,12.38,90.06
518.452,2208.00,89.00,44.00,0.43,14.46,12.38,90.16
518.602,2182.50,89.00,44.00,0.43,14.46,12.38,90.16
518.752,2182.50,87.91,44.00,0.43,14.46,12.38,90.16
518.902,2182.50,87.91,40.00,0.43,14.46,12.38,90.16
519.053,2182.50,87.91,40.00,0.42,14.46,12.38,90.16
519.202,2182.50,87.91,40.00,0.42,14.46,12.38,90.16
519.353,2182.50,87.91,40.00,0.42,14.46,12.33,90.16
519.502,2182.50,87.91,40.00,0.42,14.46,12.33,90.26
519.652,2157.00,87.91,40.00,0.42,14.46,12.33,90.26
519.802,2157.00,86.85,40.00,0.42,14.46,12.33,90.26
519.952,2157.00,86.85,40.00,0.42,14.46,12.33,90.26
520.102,2157.00,86.85,40.00,0.39,14.46,12.33,90.26
520.252,2157.00,86.85,40.00,0.39,14.46,12.33,90.26
520.402,2157.00,86.85,40.00,0.39,14.46,12.03,90.26
520.552,2157.00,86.85,40.00,0.39,14.46,12.03,90.46
520.702,2123.50,86.85,40.00,0.39,14.46,12.03,90.46
520.852,2123.50,85.82,40.00,0.39,14.46,12.03,90.46
521.002,2123.50,85.82,36.00,0.39,14.46,12.03,90.46
521.152,2123.50,85.82,36.00,0.37,14.46,12.03,90.46
521.333,2123.50,85.82,36.00,0.37,14.46,12.03,90.46
521.482,2123.50,85.82,36.00,0.37,14.46,11.35,90.46
521.632,2123.50,85.82,36.00,0.37,14.46,11.35,90.56
521.782,2068.00,85.82,36.00,0.37,14.46,11.35,90.56
521.933,2068.00,83.42,36.00,0.37,14.46,11.35,90.56
522.082,2068.00,83.42,32.00,0.37,14.46,11.35,90.56
522.232,2068.00,83.42,32.00,0.35,14.46,11.35,90.56
522.383,2068.00,83.42,32.00,0.35,14.46,11.35,90.56
522.532,2068.00,83.42,32.00,0.35,14.46,10.79,90.56
522.682,2068.00,83.42,32.00,0.35,14.46,10.79,90.66
522.833,2003.00,83.42,32.00,0.35,14.46,10.79,90.66
522.983,2003.00,80.51,32.00,0.35,14.46,10.79,90.66
523.132,2003.00,80.51,32.00,0.35,14.46,10.79,90.66
523.283,2003.00,80.51,32.00,0.31,14.46,10.79,90.66
523.432,2003.00,80.51,32.00,0.31,14.46,10.79,90.66
523.583,2003.00,80.51,32.00,0.31,14.46,9.86,90.66
523.732,2003.00,80.51,32.00,0.31,14.46,9.86,90.76
523.883,1923.50,80.51,32.00,0.31,14.46,9.86,90.76
524.032,1923.50,77.28,32.00,0.31,14.46,9.86,90.76
524.182,1923.50,77.28,24.00,0.31,14.46,9.86,90.76
524.332,1923.50,77.28,24.00,0.28,14.46,9.86,90.76
524.483,1923.50,77.28,24.00,0.28,14.46,9.86,90.76
524.632,1923.50,77.28,24.00,0.28,14.46,11.86,90.76
524.782,1923.50,77.28,24.00,0.28,14.46,11.86,90.86
524.932,1863.00,77.28,24.00,0.28,14.46,11.86,90.86
525.083,1863.00,74.69,24.00,0.28,14.46,11.86,90.86
525.232,1863.00,74.69,92.00,0.28,14.46,11.86,90.86
525.383,1863.00,74.69,92.00,0.60,14.46,11.86,90.86
525.533,1863.00,74.69,92.00,0.60,14.46,11.86,90.86
525.682,1863.00,74.69,92.00,0.60,14.46,18.92,90.86
525.832,1863.00,74.69,92.00,0.60,14.46,18.92,90.86
525.983,1875.00,74.69,92.00,0.60,14.46,18.92,90.86
526.132,1875.00,74.60,92.00,0.60,14.46,18.92,90.86
526.283,1875.00,74.60,80.00,0.60,14.46,18.92,90.86
526.433,1875.00,74.60,80.00,1.11,14.46,18.92,90.86
526.583,1875.00,74.60,80.00,1.11,14.46,18.92,90.86
526.733,1875.00,74.60,80.00,1.11,14.46,15.48,90.86
526.882,1875.00,74.60,80.00,1.11,14.46,15.48,90.96
527.032,1858.00,74.60,80.00,1.11,14.46,15.48,90.96
527.182,1858.00,74.07,80.00,1.11,14.46,15.48,90.96
527.332,1858.00,74.07,72.00,1.11,14.46,15.48,90.96
527.482,1858.00,74.07,72.00,0.96,14.46,15.48,90.96
527.752,1858.00,74.07,72.00,0.96,14.46,15.48,90.96
527.902,1858.00,74.07,72.00,0.96,14.46,16.43,90.96
528.053,1858.00,74.07,72.00,0.96,14.46,16.43,91.06
528.202,1854.00,74.07,72.00,0.96,14.46,16.43,91.06
528.352,1854.00,73.81,72.00,0.96,14.46,16.43,91.06
528.502,1854.00,73.81,72.00,0.96,14.46,16.43,91.06
528.652,1854.00,73.81,72.00,0.90,14.46,16.43,91.06
528.803,1854.00,73.81,72.00,0.90,14.46,16.43,91.06
528.955,1854.00,73.81,72.00,0.90,14.46,16.80,91.06
529.162,1854.00,73.81,72.00,0.90,14.46,16.80,91.16
529.313,1855.00,73.81,72.00,0.90,14.46,16.80,91.16
529.462,1855.00,74.21,72.00,0.90,14.46,16.80,91.16
529.612,1855.00,74.21,76.00,0.90,14.46,16.80,91.16
529.763,1855.00,74.21,76.00,0.90,14.46,16.80,91.16
529.913,1855.00,74.21,76.00,0.90,14.46,16.80,91.16
530.062,1855.00,74.21,76.00,0.90,14.46,15.89,91.16
530.212,1855.00,74.21,76.00,0.90,14.46,15.89,91.36
530.362,1855.00,74.21,76.00,0.90,14.46,15.89,91.36
530.512,1855.00,73.85,76.00,0.90,14.46,15.89,91.36
530.662,1855.00,73.85,44.00,0.90,14.46,15.89,91.36
530.813,1855.00,73.85,44.00,0.73,14.46,15.89,91.36
530.962,1855.00,73.85,44.00,0.73,14.46,15.89,91.36
531.112,1855.00,73.85,44.00,0.73,14.46,10.23,91.36
531.263,1855.00,73.85,44.00,0.73,14.46,10.23,91.56
531.413,1840.00,73.85,44.00,0.73,14.46,10.23,91.56
531.562,1840.00,73.14,44.00,0.73,14.46,10.23,91.56
531.712,1840.00,73.14,36.00,0.73,14.46,10.23,91.56
531.863,1840.00,73.14,36.00,0.43,14.46,10.23,91.56
532.013,1840.00,73.14,36.00,0.43,14.46,10.23,91.56
532.163,1840.00,73.14,36.00,0.43,14.46,11.16,91.56
532.312,1840.00,73.14,36.00,0.43,14.46,11.16,91.86
532.462,1816.50,73.14,36.00,0.43,14.46,11.16,91.86
532.612,1816.50,72.60,36.00,0.43,14.46,11.16,91.86
532.762,1816.50,72.60,36.00,0.43,14.46,11.16,91.86
532.912,1816.50,72.60,36.00,0.30,14.46,11.16,91.86
533.063,1816.50,72.60,36.00,0.30,14.46,11.16,91.86
533.212,1816.50,72.60,36.00,0.30,14.46,11.99,91.86
533.362,1816.50,72.60,36.00,0.30,14.46,11.99,92.06
533.512,1811.50,72.60,36.00,0.30,14.46,11.99,92.06
533.662,1811.50,71.95,36.00,0.30,14.46,11.99,92.06
533.812,1811.50,71.95,36.00,0.30,14.46,11.99,92.06
533.962,1811.50,71.95,36.00,0.25,14.46,11.99,92.06
534.112,1811.50,71.95,36.00,0.25,14.46,11.99,92.06
534.262,1811.50,71.95,36.00,0.25,14.46,13.60,92.06
534.412,1811.50,71.95,36.00,0.25,14.46,13.60,92.36
534.562,1805.00,71.95,36.00,0.25,14.46,13.60,92.36
534.712,1805.00,72.88,36.00,0.25,14.46,13.60,92.36
534.862,1805.00,72.88,168.00,0.25,14.46,13.60,92.36
535.013,1805.00,72.88,168.00,1.85,14.46,13.60,92.36
535.162,1805.00,72.88,168.00,1.85,14.46,13.60,92.36
535.312,1805.00,72.88,168.00,1.85,14.46,98.00,92.36
535.462,1805.00,72.88,168.00,1.85,14.46,98.00,92.46
535.612,1950.00,72.88,168.00,1.85,14.46,98.00,92.46
535.762,1950.00,77.67,168.00,1.85,14.46,98.00,92.46
535.912,1950.00,77.67,248.00,1.85,14.46,98.00,92.46
536.062,1950.00,77.67,248.00,6.02,14.46,98.00,92.46
536.213,1950.00,77.67,248.00,6.02,14.46,98.00,92.46
536.362,1950.00,77.67,248.00,6.02,14.46,98.00,92.46
536.512,1950.00,77.67,248.00,6.02,14.46,98.00,92.56
536.693,2112.00,77.67,248.00,6.02,14.46,98.00,92.56
536.843,2112.00,84.53,248.00,6.02,14.46,98.00,92.56
536.993,2112.00,84.53,340.00,6.02,14.46,98.00,92.56
537.143,2112.00,84.53,340.00,11.36,14.46,98.00,92.56
537.293,2112.00,84.53,340.00,11.36,14.46,98.00,92.56
537.443,2112.00,84.53,340.00,11.36,14.46,98.00,92.56
537.593,2112.00,84.53,340.00,11.36,14.46,98.00,92.56
537.743,2330.00,84.53,340.00,11.36,14.46,98.00,92.56
537.892,2330.00,92.58,340.00,11.36,14.46,98.00,92.56
538.042,2330.00,92.58,464.00,11.36,14.46,98.00,92.56
538.193,2330.00,92.58,464.00,17.17,14.46,98.00,92.56
538.343,2330.00,92.58,464.00,17.17,14.46,98.00,92.56
538.493,2330.00,92.58,464.00,17.17,14.46,62.64,92.56
538.643,2330.00,92.58,464.00,17.17,14.46,62.64,92.76
538.792,2561.50,92.58,464.00,17.17,14.46,62.64,92.76
538.943,2561.50,101.85,464.00,17.17,14.46,62.64,92.76
539.092,2561.50,101.85,492.00,17.17,14.46,62.64,92.76
539.243,2561.50,101.85,492.00,15.18,14.46,62.64,92.76
539.393,2561.50,101.85,492.00,15.18,14.46,62.64,92.76
539.543,2561.50,101.85,492.00,15.18,14.46,94.48,92.76
539.693,2561.50,101.85,492.00,15.18,14.46,94.48,92.96
539.843,2779.00,101.85,492.00,15.18,14.46,94.48,92.96
539.993,2779.00,110.51,492.00,15.18,14.46,94.48,92.96
540.142,2779.00,110.51,548.00,15.18,14.46,94.48,92.96
540.293,2779.00,110.51,548.00,15.98,14.46,94.48,92.96
540.443,2779.00,110.51,548.00,15.98,14.46,94.48,92.96
540.593,2779.00,110.51,548.00,15.98,14.46,98.00,92.96
540.742,2779.00,110.51,548.00,15.98,14.46,98.00,93.36
540.893,2990.50,110.51,548.00,15.98,14.46,98.00,93.36
541.043,2990.50,118.75,548.00,15.98,14.46,98.00,93.36
541.192,2990.50,118.75,596.00,15.98,14.46,98.00,93.36
541.342,2990.50,118.75,596.00,15.85,14.46,98.00,93.36
541.493,2990.50,118.75,596.00,15.85,14.46,98.00,93.36
541.642,2990.50,118.75,596.00,15.85,14.46,98.00,93.36
541.793,2990.50,118.75,596.00,15.85,14.46,98.00,93.86
541.943,3200.50,118.75,596.00,15.85,14.46,98.00,93.86
542.093,3200.50,127.25,596.00,15.85,14.46,98.00,93.86
542.242,3200.50,127.25,712.00,15.85,14.46,98.00,93.86
542.393,3200.50,127.25,712.00,19.24,14.46,98.00,93.86
542.543,3200.50,127.25,712.00,19.24,14.46,98.00,93.86
542.692,3200.50,127.25,712.00,19.24,14.46,77.61,93.86
542.843,3200.50,127.25,712.00,19.24,14.46,77.61,94.36
542.993,3422.50,127.25,712.00,19.24,14.46,77.61,94.36
543.142,3422.50,136.13,712.00,19.24,14.46,77.61,94.36
543.293,3422.50,136.13,752.00,19.24,14.46,77.61,94.36
543.443,3422.50,136.13,752.00,18.43,14.46,77.61,94.36
543.593,3422.50,136.13,752.00,18.43,14.46,77.61,94.36
543.742,3422.50,136.13,752.00,18.43,14.46,8.86,94.36
543.892,3422.50,136.13,752.00,18.43,14.46,8.86,94.96
544.043,3441.50,136.13,752.00,18.43,14.46,8.86,94.96
544.193,3441.50,138.69,752.00,18.43,14.46,8.86,94.96
544.372,3441.50,138.69,92.00,18.43,14.46,8.86,94.96
544.522,3441.50,138.69,92.00,2.82,14.46,8.86,94.96
544.673,3441.50,138.69,92.00,2.82,14.46,8.86,94.96
544.822,3441.50,138.69,92.00,2.82,14.46,16.18,94.96
544.973,3441.50,138.69,92.00,2.82,14.46,16.18,95.56
545.123,3393.00,138.69,92.00,2.82,14.46,16.18,95.56
545.273,3393.00,136.05,92.00,2.82,14.46,16.18,95.56
545.423,3393.00,136.05,92.00,2.82,14.46,16.18,95.56
545.572,3393.00,136.05,92.00,1.58,14.46,16.18,95.56
545.723,3393.00,136.05,92.00,1.58,14.46,16.18,95.56
545.873,3393.00,136.05,92.00,1.58,14.46,17.65,95.56
546.022,3393.00,136.05,92.00,1.58,14.46,17.65,94.46
546.172,3340.50,136.05,92.00,1.58,14.46,17.65,94.46
546.322,3340.50,134.42,92.00,1.58,14.46,17.65,94.46
546.473,3340.50,134.42,92.00,1.58,14.46,17.65,94.46
546.622,3340.50,134.42,92.00,1.25,14.46,17.65,94.46
546.772,3340.50,134.42,92.00,1.25,14.46,17.65,94.46
546.922,3340.50,134.42,92.00,1.25,14.46,17.87,94.46
547.072,3340.50,134.42,92.00,1.25,14.46,17.87,91.56
547.222,3295.00,134.42,92.00,1.25,14.46,17.87,91.56
547.373,3295.00,132.45,92.00,1.25,14.46,17.87,91.56
547.522,3295.00,132.45,92.00,1.25,14.46,17.87,91.56
547.673,3295.00,132.45,92.00,1.13,14.46,17.87,91.56
547.822,3295.00,132.45,92.00,1.13,14.46,17.87,91.56
547.972,3295.00,132.45,92.00,1.13,14.46,17.72,91.56
548.122,3295.00,132.45,92.00,1.13,14.46,17.72,88.96
548.272,3244.50,132.45,92.00,1.13,14.46,17.72,88.96
548.422,3244.50,130.46,92.00,1.13,14.46,17.72,88.96
548.572,3244.50,130.46,88.00,1.13,14.46,17.72,88.96
548.722,3244.50,130.46,88.00,1.07,14.46,17.72,88.96
548.872,3244.50,130.46,88.00,1.07,14.46,17.72,88.96
549.022,3244.50,130.46,88.00,1.07,14.46,17.58,88.96
549.173,3244.50,130.46,88.00,1.07,14.46,17.58,87.56
549.322,3196.50,130.46,88.00,1.07,14.46,17.58,87.56
549.472,3196.50,128.89,88.00,1.07,14.46,17.58,87.56
549.622,3196.50,128.89,88.00,1.07,14.46,17.58,87.56
549.772,3196.50,128.89,88.00,1.04,14.46,17.58,87.56
549.922,3196.50,128.89,88.00,1.04,14.46,17.58,87.56
550.072,3196.50,128.89,88.00,1.04,14.46,17.65,87.56
550.222,3196.50,128.89,88.00,1.04,14.46,17.65,86.46
550.372,3158.00,128.89,88.00,1.04,14.46,17.65,86.46
550.522,3158.00,127.12,88.00,1.04,14.46,17.65,86.46
550.672,3158.00,127.12,88.00,1.04,14.46,17.65,86.46
550.822,3158.00,127.12,88.00,1.01,14.46,17.65,86.46
550.972,3158.00,127.12,88.00,1.01,14.46,17.65,86.46
551.122,3158.00,127.12,88.00,1.01,14.46,17.55,86.46
551.272,3158.00,127.12,88.00,1.01,14.46,17.55,85.76
551.422,3111.00,127.12,88.00,1.01,14.46,17.55,85.76
551.572,3111.00,125.18,88.00,1.01,14.46,17.55,85.76
551.722,3111.00,125.18,84.00,1.01,14.46,17.55,85.76
551.873,3111.00,125.18,84.00,0.99,14.46,17.55,85.76
552.052,3111.00,125.18,84.00,0.99,14.46,17.55,85.76
552.203,3111.00,125.18,84.00,0.99,14.46,17.58,85.76
552.352,3111.00,125.18,84.00,0.99,14.46,17.58,85.36
552.502,3072.00,125.18,84.00,0.99,14.46,17.58,85.36
552.652,3072.00,123.41,84.00,0.99,14.46,17.58,85.36
552.802,3072.00,123.41,84.00,0.99,14.46,17.58,85.36
552.952,3072.00,123.41,84.00,0.97,14.46,17.58,85.36
553.102,3072.00,123.41,84.00,0.97,14.46,17.58,85.36
553.252,3072.00,123.41,84.00,0.97,14.46,17.63,85.36
553.402,3072.00,123.41,84.00,0.97,14.46,17.63,85.16
553.552,3029.50,123.41,84.00,0.97,14.46,17.63,85.16
553.702,3029.50,121.60,84.00,0.97,14.46,17.63,85.16
553.852,3029.50,121.60,84.00,0.97,14.46,17.63,85.16
554.002,3029.50,121.60,84.00,0.95,14.46,17.63,85.16
554.152,3029.50,121.60,84.00,0.95,14.46,17.63,85.16
554.302,3029.50,121.60,84.00,0.95,14.46,17.58,85.16
554.452,3029.50,121.60,84.00,0.95,14.46,17.58,84.96
554.602,2985.00,121.60,84.00,0.95,14.46,17.58,84.96
554.752,2985.00,119.57,84.00,0.95,14.46,17.58,84.96
554.902,2985.00,119.57,80.00,0.95,14.46,17.58,84.96
555.052,2985.00,119.57,80.00,0.92,14.46,17.58,84.96
555.203,2985.00,119.57,80.00,0.92,14.46,17.58,84.96
555.352,2985.00,119.57,80.00,0.92,14.46,17.38,84.96
555.502,2985.00,119.57,80.00,0.92,14.46,17.38,84.76
555.652,2933.00,119.57,80.00,0.92,14.46,17.38,84.76
555.802,2933.00,117.81,80.00,0.92,14.46,17.38,84.76
555.952,2933.00,117.81,76.00,0.92,14.46,17.38,84.76
556.102,2933.00,117.81,76.00,0.88,14.46,17.38,84.76
556.252,2933.00,117.81,76.00,0.88,14.46,17.38,84.76
556.402,2933.00,117.81,76.00,0.88,14.46,17.23,84.76
556.552,2933.00,117.81,76.00,0.88,14.46,17.23,84.56
556.702,2886.50,117.81,76.00,0.88,14.46,17.23,84.56
556.852,2886.50,115.98,76.00,0.88,14.46,17.23,84.56
557.002,2886.50,115.98,76.00,0.88,14.46,17.23,84.56
557.152,2886.50,115.98,76.00,0.87,14.46,17.23,84.56
557.302,2886.50,115.98,76.00,0.87,14.47,17.23,84.56
557.452,2886.50,115.98,76.00,0.87,14.47,16.94,84.56
557.602,2886.50,115.98,76.00,0.87,14.47,16.94,84.66
557.752,2840.50,115.98,76.00,0.87,14.47,16.94,84.66
557.902,2840.50,113.89,76.00,0.87,14.47,16.94,84.66
558.052,2840.50,113.89,72.00,0.87,14.47,16.94,84.66
558.202,2840.50,113.89,72.00,0.82,14.47,16.94,84.66
558.352,2840.50,113.89,72.00,0.82,14.47,16.94,84.66
558.502,2840.50,113.89,72.00,0.82,14.47,13.11,84.66
558.652,2840.50,113.89,72.00,0.82,14.47,13.11,85.06
558.802,2796.00,113.89,72.00,0.82,14.47,13.11,85.06
558.952,2796.00,112.32,72.00,0.82,14.47,13.11,85.06
559.102,2796.00,112.32,56.00,0.82,14.47,13.11,85.06
559.252,2796.00,112.32,56.00,0.72,14.47,13.11,85.06
559.402,2796.00,112.32,56.00,0.72,14.47,13.11,85.06
559.552,2796.00,112.32,56.00,0.72,14.47,17.09,85.06
559.732,2796.00,112.32,56.00,0.72,14.47,17.09,85.66
559.883,2782.50,112.32,56.00,0.72,14.47,17.09,85.66
560.032,2782.50,111.54,56.00,0.72,14.47,17.09,85.66
560.182,2782.50,111.54,84.00,0.72,14.47,17.09,85.66
560.332,2782.50,111.54,84.00,0.71,14.47,17.09,85.66
560.482,2782.50,111.54,84.00,0.71,14.47,17.09,85.66
560.632,2782.50,111.54,84.00,0.71,14.47,18.14,85.66
560.782,2782.50,111.54,84.00,0.71,14.47,18.14,86.36
560.932,2775.00,111.54,84.00,0.71,14.47,18.14,86.36
561.083,2775.00,111.19,84.00,0.71,14.47,18.14,86.36
561.232,2775.00,111.19,64.00,0.71,14.47,18.14,86.36
561.383,2775.00,111.19,64.00,0.75,14.47,18.14,86.36
561.532,2775.00,111.19,64.00,0.75,14.47,18.14,86.36
561.682,2775.00,111.19,64.00,0.75,14.47,13.35,86.36
561.832,2775.00,111.19,64.00,0.75,14.47,13.35,87.06
561.982,2756.00,111.19,64.00,0.75,14.47,13.35,87.06
562.132,2756.00,110.37,64.00,0.75,14.47,13.35,87.06
562.282,2756.00,110.37,56.00,0.75,14.47,13.35,87.06
562.432,2756.00,110.37,56.00,0.64,14.47,13.35,87.06
562.583,2756.00,110.37,56.00,0.64,14.47,13.35,87.06
562.732,2756.00,110.37,56.00,0.64,14.47,13.62,87.06
562.883,2756.00,110.37,56.00,0.64,14.47,13.62,87.76
563.032,2729.50,110.37,56.00,0.64,14.47,13.62,87.76
563.182,2729.50,109.38,56.00,0.64,14.47,13.62,87.76
563.332,2729.50,109.38,56.00,0.64,14.47,13.62,87.76
563.482,2729.50,109.38,56.00,0.59,14.47,13.62,87.76
563.632,2729.50,109.38,56.00,0.59,14.47,13.62,87.76
563.782,2729.50,109.38,56.00,0.59,14.47,13.79,87.76
563.933,2729.50,109.38,56.00,0.59,14.47,13.79,88.56
564.083,2698.00,109.38,56.00,0.59,14.47,13.79,88.56
564.262,2698.00,108.42,56.00,0.59,14.47,13.79,88.56
564.413,2698.00,108.42,56.00,0.59,14.47,13.79,88.56
564.562,2698.00,108.42,56.00,0.55,14.47,13.79,88.56
564.712,2698.00,108.42,56.00,0.55,14.47,13.79,88.56
564.862,2698.00,108.42,56.00,0.55,14.47,13.79,88.56
565.013,2698.00,108.42,56.00,0.55,14.47,13.79,89.36
565.162,2674.50,108.42,56.00,0.55,14.47,13.79,89.36
565.312,2674.50,107.07,56.00,0.55,14.47,13.79,89.36
565.462,2674.50,107.07,52.00,0.55,14.47,13.79,89.36
565.612,2674.50,107.07,52.00,0.52,14.47,13.79,89.36
565.763,2674.50,107.07,52.00,0.52,14.47,13.79,89.36
565.912,2674.50,107.07,52.00,0.52,14.47,13.74,89.36
566.063,2674.50,107.07,52.00,0.52,14.47,13.74,90.06
566.242,2634.00,107.07,52.00,0.52,14.47,13.74,90.06
566.392,2634.00,105.72,52.00,0.52,14.47,13.74,90.06
566.542,2634.00,105.72,52.00,0.52,14.47,13.74,90.06
566.692,2634.00,105.72,52.00,0.50,14.47,13.74,90.06
566.842,2634.00,105.72,52.00,0.50,14.47,13.74,90.06
566.993,2634.00,105.72,52.00,0.50,14.47,13.67,90.06
567.143,2634.00,105.72,52.00,0.50,14.47,13.67,90.76
567.293,2599.50,105.72,52.00,0.50,14.47,13.67,90.76
567.442,2599.50,104.14,52.00,0.50,14.47,13.67,90.76
567.592,2599.50,104.14,52.00,0.50,14.47,13.67,90.76
567.743,2599.50,104.14,52.00,0.49,14.47,13.67,90.76
567.892,2599.50,104.14,52.00,0.49,14.47,13.67,90.76
568.042,2599.50,104.14,52.00,0.49,14.47,13.52,90.76
568.192,2599.50,104.14,52.00,0.49,14.47,13.52,91.56
568.342,2568.00,104.14,52.00,0.49,14.47,13.52,91.56
568.492,2568.00,102.48,52.00,0.49,14.47,13.52,91.56
568.642,2568.00,102.48,48.00,0.49,14.47,13.52,91.56
568.792,2568.00,102.48,48.00,0.46,14.47,13.52,91.56
568.942,2568.00,102.48,48.00,0.46,14.47,13.52,91.56
569.092,2568.00,102.48,48.00,0.46,14.47,13.50,91.56
569.242,2568.00,102.48,48.00,0.46,14.47,13.50,92.16
569.392,2524.50,102.48,48.00,0.46,14.47,13.50,92.16
569.542,2524.50,101.24,48.00,0.46,14.47,13.50,92.16
569.692,2524.50,101.24,48.00,0.46,14.47,13.50,92.16
569.842,2524.50,101.24,48.00,0.43,14.47,13.50,92.16
569.992,2524.50,101.24,48.00,0.43,14.47,13.50,92.16
570.142,2524.50,101.24,48.00,0.43,14.47,13.40,92.16
570.293,2524.50,101.24,48.00,0.43,14.47,13.40,92.76
570.442,2490.50,101.24,48.00,0.43,14.47,13.40,92.76
570.593,2490.50,99.87,48.00,0.43,14.47,13.40,92.76
570.742,2490.50,99.87,48.00,0.43,14.47,13.40,92.76
570.892,2490.50,99.87,48.00,0.43,14.47,13.40,92.76
571.042,2490.50,99.87,48.00,0.43,14.47,13.40,92.76
571.192,2490.50,99.87,48.00,0.43,14.47,13.28,92.76
571.372,2490.50,99.87,48.00,0.43,14.47,13.28,93.16
571.522,2453.00,99.87,48.00,0.43,14.47,13.28,93.16
571.672,2453.00,98.45,48.00,0.43,14.47,13.28,93.16
571.822,2453.00,98.45,48.00,0.43,14.47,13.28,93.16
571.972,2453.00,98.45,48.00,0.41,14.47,13.28,93.16
572.122,2453.00,98.45,48.00,0.41,14.47,13.28,93.16
572.272,2453.00,98.45,48.00,0.41,14.47,13.21,93.16
572.423,2453.00,98.45,48.00,0.41,14.47,13.21,93.56
572.572,2421.50,98.45,48.00,0.41,14.47,13.21,93.56
572.722,2421.50,97.05,48.00,0.41,14.47,13.21,93.56
572.873,2421.50,97.05,44.00,0.41,14.47,13.21,93.56
573.022,2421.50,97.05,44.00,0.37,14.47,13.21,93.56
573.172,2421.50,97.05,44.00,0.37,14.47,13.21,93.56
573.322,2421.50,97.05,44.00,0.37,14.47,13.06,93.56
573.473,2421.50,97.05,44.00,0.37,14.47,13.06,93.66
573.622,2379.50,97.05,44.00,0.37,14.47,13.06,93.66
573.802,2379.50,95.46,44.00,0.37,14.47,13.06,93.66
573.952,2379.50,95.46,44.00,0.37,14.47,13.06,93.66
574.102,2379.50,95.46,44.00,0.36,14.47,13.06,93.66
574.252,2379.50,95.46,44.00,0.36,14.47,13.06,93.66
574.402,2379.50,95.46,44.00,0.36,14.47,12.64,93.66
574.552,2379.50,95.46,44.00,0.36,14.47,12.64,93.76
574.702,2351.00,95.46,44.00,0.36,14.47,12.64,93.76
574.852,2351.00,93.96,44.00,0.36,14.47,12.64,93.76
575.002,2351.00,93.96,44.00,0.36,14.47,12.64,93.76
575.152,2351.00,93.96,44.00,0.35,14.47,12.64,93.76
575.303,2351.00,93.96,44.00,0.35,14.47,12.64,93.76
575.452,2351.00,93.96,44.00,0.35,14.47,12.43,93.76
575.602,2351.00,93.96,44.00,0.35,14.47,12.43,93.76
575.752,2310.00,93.96,44.00,0.35,14.47,12.43,93.76
575.902,2310.00,92.39,44.00,0.35,14.47,12.43,93.76
576.052,2310.00,92.39,40.00,0.35,14.47,12.43,93.76
576.202,2310.00,92.39,40.00,0.32,14.47,12.43,93.76
576.352,2310.00,92.39,40.00,0.32,14.47,12.43,93.76
576.502,2310.00,92.39,40.00,0.32,14.47,11.89,93.76
576.652,2310.00,92.39,40.00,0.32,14.47,11.89,93.66
576.802,2117.50,92.39,40.00,0.32,14.47,11.89,93.66
576.952,2117.50,91.05,40.00,0.32,14.47,11.89,93.66
577.102,2117.50,91.05,32.00,0.32,14.47,11.89,93.66
577.252,2117.50,91.05,32.00,0.29,14.47,11.89,93.66
577.402,2117.50,91.05,32.00,0.29,14.47,11.89,93.66
577.552,2117.50,91.05,32.00,0.29,14.47,9.64,93.66
577.702,2117.50,91.05,32.00,0.29,14.47,9.64,93.56
577.852,1851.00,91.05,32.00,0.29,14.47,9.64,93.56
578.002,1851.00,90.18,32.00,0.29,14.47,9.64,93.56
578.152,1851.00,90.18,24.00,0.29,14.47,9.64,93.56
578.302,1851.00,90.18,24.00,0.24,14.47,9.64,93.56
578.453,1851.00,90.18,24.00,0.24,14.47,9.64,93.56
578.602,1851.00,90.18,24.00,0.24,14.47,8.42,93.56
578.752,1851.00,90.18,24.00,0.24,14.47,8.42,93.36
578.933,1825.50,90.18,24.00,0.24,14.47,8.42,93.36
579.083,1825.50,88.82,24.00,0.24,14.47,8.42,93.36
579.233,1825.50,88.82,24.00,0.24,14.47,8.42,93.36
579.383,1825.50,88.82,24.00,0.19,14.47,8.42,93.36
579.533,1825.50,88.82,24.00,0.19,14.47,8.42,93.36
579.682,1825.50,88.82,24.00,0.19,14.47,8.52,93.36
579.833,1825.50,88.82,24.00,0.19,14.47,8.52,93.16
579.983,1803.50,88.82,24.00,0.19,14.47,8.52,93.16
580.133,1803.50,87.85,24.00,0.19,14.47,8.52,93.16
580.283,1803.50,87.85,24.00,0.19,14.47,8.52,93.16
580.433,1803.50,87.85,24.00,0.17,14.47,8.52,93.16
580.583,1803.50,87.85,24.00,0.17,14.47,8.52,93.16
580.733,1803.50,87.85,24.00,0.17,14.47,8.59,93.16
580.883,1803.50,87.85,24.00,0.17,14.47,8.59,92.96
581.033,1784.50,87.85,24.00,0.17,14.47,8.59,92.96
581.183,1784.50,87.10,24.00,0.17,14.47,8.59,92.96
581.332,1784.50,87.10,24.00,0.17,14.47,8.59,92.96
581.483,1784.50,87.10,24.00,0.13,14.47,8.59,92.96
581.633,1784.50,87.10,24.00,0.13,14.47,8.59,92.96
581.783,1784.50,87.10,24.00,0.13,14.47,9.57,92.96
581.933,1784.50,87.10,24.00,0.13,14.47,9.57,92.86
582.083,1789.00,87.10,24.00,0.13,14.47,9.57,92.86
582.233,1789.00,86.17,24.00,0.13,14.47,9.57,92.86
582.383,1789.00,86.17,32.00,0.13,14.47,9.57,92.86
582.533,1789.00,86.17,32.00,0.13,14.47,9.57,92.86
582.683,1789.00,86.17,32.00,0.13,14.47,9.57,92.86
582.832,1789.00,86.17,32.00,0.13,14.47,12.16,92.86
582.983,1789.00,86.17,32.00,0.13,14.47,12.16,92.56
583.132,1764.50,86.17,32.00,0.13,14.47,12.16,92.56
583.283,1764.50,85.56,32.00,0.13,14.47,12.16,92.56
583.432,1764.50,85.56,36.00,0.13,14.47,12.16,92.56
583.582,1764.50,85.56,36.00,0.15,14.47,12.16,92.56
583.733,1764.50,85.56,36.00,0.15,14.47,12.16,92.56
583.882,1764.50,85.56,36.00,0.15,14.47,12.89,92.56
584.032,1764.50,85.56,36.00,0.15,14.47,12.89,92.36
584.183,1754.00,85.56,36.00,0.15,14.47,12.89,92.36
584.332,1754.00,85.20,36.00,0.15,14.47,12.89,92.36
584.483,1754.00,85.20,36.00,0.15,14.47,12.89,92.36
584.632,1754.00,85.20,36.00,0.18,14.47,12.89,92.36
584.782,1754.00,85.20,36.00,0.18,14.47,12.89,92.36
584.933,1754.00,85.20,36.00,0.18,14.47,14.16,92.36
585.082,1754.00,85.20,36.00,0.18,14.47,14.16,92.16
585.233,1749.00,85.20,36.00,0.18,14.47,14.16,92.16
585.383,1749.00,84.74,36.00,0.18,14.47,14.16,92.16
585.532,1749.00,84.74,44.00,0.18,14.47,14.16,92.16
585.682,1749.00,84.74,44.00,0.19,14.47,14.16,92.16
585.832,1749.00,84.74,44.00,0.19,14.47,14.16,92.16
585.982,1749.00,84.74,44.00,0.19,14.47,14.45,92.16
586.132,1749.00,84.74,44.00,0.19,14.47,14.45,91.96
586.283,1747.50,84.74,44.00,0.19,14.47,14.45,91.96
586.432,1747.50,84.91,44.00,0.19,14.47,14.45,91.96
586.613,1747.50,84.91,44.00,0.19,14.47,14.45,91.96
586.762,1747.50,84.91,44.00,0.24,14.47,14.45,91.96
586.912,1747.50,84.91,44.00,0.24,14.47,14.45,91.96
587.062,1747.50,84.91,44.00,0.24,14.47,14.23,91.96
587.212,1747.50,84.91,44.00,0.24,14.47,14.23,91.86
587.362,1741.00,84.91,44.00,0.24,14.47,14.23,91.86
587.513,1741.00,84.86,44.00,0.24,14.47,14.23,91.86
587.662,1741.00,84.86,44.00,0.24,14.47,14.23,91.86
587.812,1741.00,84.86,44.00,0.25,14.47,14.23,91.86
587.962,1741.00,84.86,44.00,0.25,14.47,14.23,91.86
588.112,1741.00,84.86,44.00,0.25,14.47,15.77,91.86
588.263,1741.00,84.86,44.00,0.25,14.47,15.77,91.66
588.413,1741.50,84.86,44.00,0.25,14.47,15.77,91.66
588.562,1741.50,84.85,44.00,0.25,14.47,15.77,91.66
588.712,1741.50,84.85,52.00,0.25,14.47,15.77,91.66
588.862,1741.50,84.85,52.00,0.30,14.47,15.77,91.66
589.012,1741.50,84.85,52.00,0.30,14.47,15.77,91.66
589.162,1741.50,84.85,52.00,0.30,14.47,16.43,91.66
589.312,1741.50,84.85,52.00,0.30,14.47,16.43,91.56
589.462,1754.00,84.85,52.00,0.30,14.47,16.43,91.56
589.612,1754.00,84.95,52.00,0.30,14.47,16.43,91.56
589.763,1754.00,84.95,64.00,0.30,14.47,16.43,91.56
589.913,1754.00,84.95,64.00,0.43,14.47,16.43,91.56
590.062,1754.00,84.95,64.00,0.43,14.47,16.43,91.56
590.212,1754.00,84.95,64.00,0.43,14.47,17.28,91.56
590.362,1754.00,84.95,64.00,0.43,14.47,17.28,91.46
590.512,1759.00,84.95,64.00,0.43,14.47,17.28,91.46
590.662,1759.00,85.50,64.00,0.43,14.47,17.28,91.46
590.812,1759.00,85.50,64.00,0.43,14.47,17.28,91.46
590.963,1759.00,85.50,64.00,0.60,14.47,17.28,91.46
591.113,1759.00,85.50,64.00,0.60,14.47,17.28,91.46
591.262,1759.00,85.50,64.00,0.60,14.47,16.53,91.46
591.412,1759.00,85.50,64.00,0.60,14.47,16.53,91.26
591.562,1770.00,85.50,64.00,0.60,14.47,16.53,91.26
591.713,1770.00,86.03,64.00,0.60,14.47,16.53,91.26
591.862,1770.00,86.03,64.00,0.60,14.47,16.53,91.26
592.012,1770.00,86.03,64.00,0.67,14.47,16.53,91.26
592.162,1770.00,86.03,64.00,0.67,14.47,16.53,91.26
592.313,1770.00,86.03,64.00,0.67,14.47,16.16,91.26
592.462,1770.00,86.03,64.00,0.67,14.47,16.16,91.16
592.612,1891.50,86.03,64.00,0.67,14.47,16.16,91.16
592.762,1891.50,87.07,64.00,0.67,14.47,16.16,91.16
592.912,1891.50,87.07,168.00,0.67,14.47,16.16,91.16
593.062,1891.50,87.07,168.00,2.13,14.47,16.16,91.16
593.212,1891.50,87.07,168.00,2.13,14.47,16.16,91.16
593.362,1891.50,87.07,168.00,2.13,14.47,98.00,91.16
593.512,1891.50,87.07,168.00,2.13,14.47,98.00,91.16
593.662,1868.50,87.07,168.00,2.13,14.47,98.00,91.16
593.812,1868.50,90.71,168.00,2.13,14.47,98.00,91.16
593.962,1868.50,90.71,236.00,2.13,14.47,98.00,91.16
594.112,1868.50,90.71,236.00,5.87,14.47,98.00,91.16
594.293,1868.50,90.71,236.00,5.87,14.47,98.00,91.16
594.442,1868.50,90.71,236.00,5.87,14.47,98.00,91.16
594.592,1868.50,90.71,236.00,5.87,14.47,98.00,91.26
594.742,1971.00,90.71,236.00,5.87,14.47,98.00,91.26
594.892,1971.00,95.71,236.00,5.87,14.47,98.00,91.26
595.042,1971.00,95.71,296.00,5.87,14.47,98.00,91.26
595.192,1971.00,95.71,296.00,9.24,14.47,98.00,91.26
595.342,1971.00,95.71,296.00,9.24,14.47,98.00,91.26
595.492,1971.00,95.71,296.00,9.24,14.47,98.00,91.26
595.642,1971.00,95.71,296.00,9.24,14.47,98.00,91.26
595.793,2096.00,95.71,296.00,9.24,14.47,98.00,91.26
595.942,2096.00,101.51,296.00,9.24,14.47,98.00,91.26
596.092,2096.00,101.51,376.00,9.24,14.47,98.00,91.26
596.242,2096.00,101.51,376.00,14.50,14.47,98.00,91.26
596.393,2096.00,101.51,376.00,14.50,14.47,98.00,91.26
596.542,2096.00,101.51,376.00,14.50,14.47,52.61,91.26
596.693,2096.00,101.51,376.00,14.50,14.47,52.61,91.46
596.842,2240.00,101.51,376.00,14.50,14.47,52.61,91.46
596.993,2240.00,107.78,376.00,14.50,14.47,52.61,91.46
597.142,2240.00,107.78,440.00,14.50,14.47,52.61,91.46
597.293,2240.00,107.78,440.00,17.23,14.47,52.61,91.46
597.442,2240.00,107.78,440.00,17.23,14.47,52.61,91.46
597.592,2240.00,107.78,440.00,17.23,14.47,65.84,91.46
597.742,2240.00,107.78,440.00,17.23,14.47,65.84,91.76
597.892,2371.50,107.78,440.00,17.23,14.47,65.84,91.76
598.072,2371.50,114.97,440.00,17.23,14.47,65.84,91.76
598.253,2371.50,114.97,452.00,17.23,14.47,65.84,91.76
598.403,2371.50,114.97,452.00,15.11,14.47,65.84,91.76
598.553,2371.50,114.97,452.00,15.11,14.47,65.84,91.76
598.702,2371.50,114.97,452.00,15.11,14.47,94.94,91.76
598.853,2371.50,114.97,452.00,15.11,14.47,94.94,92.16
599.003,2520.00,114.97,452.00,15.11,14.47,94.94,92.16
599.153,2520.00,121.59,452.00,15.11,14.47,94.94,92.16
599.303,2520.00,121.59,492.00,15.11,14.47,94.94,92.16
599.453,2520.00,121.59,492.00,16.36,14.47,94.94,92.16
599.603,2520.00,121.59,492.00,16.36,14.47,94.94,92.16
599.753,2520.00,121.59,492.00,16.36,14.47,73.22,92.16
599.902,2520.00,121.59,492.00,16.36,14.47,73.22,92.66
600.052,2654.50,121.59,492.00,16.36,14.47,73.22,92.66
600.202,2654.50,127.94,492.00,16.36,14.47,73.22,92.66
600.353,2654.50,127.94,512.00,16.36,14.47,73.22,92.66
600.502,2654.50,127.94,512.00,15.42,14.47,73.22,92.66
600.682,2654.50,127.94,512.00,15.42,14.47,73.22,92.66
600.832,2654.50,127.94,512.00,15.42,14.47,94.55,92.66
600.982,2654.50,127.94,512.00,15.42,14.47,94.55,93.36
601.133,2781.50,127.94,512.00,15.42,14.47,94.55,93.36
601.282,2781.50,134.75,512.00,15.42,14.47,94.55,93.36
601.432,2781.50,134.75,552.00,15.42,14.47,94.55,93.36
601.582,2781.50,134.75,552.00,16.51,14.47,94.55,93.36
601.732,2781.50,134.75,552.00,16.51,14.47,94.55,93.36
601.882,2781.50,134.75,552.00,16.51,14.47,83.47,93.36
602.032,2781.50,134.75,552.00,16.51,14.47,83.47,93.96
602.183,2901.00,134.75,552.00,16.51,14.47,83.47,93.96
602.332,2901.00,141.27,552.00,16.51,14.47,83.47,93.96
602.482,2901.00,141.27,576.00,16.51,14.47,83.47,93.96
602.632,2901.00,141.27,576.00,16.32,14.47,83.47,93.96
602.783,2901.00,141.27,576.00,16.32,14.47,83.47,93.96
602.933,2901.00,141.27,576.00,16.32,14.47,96.17,93.96
603.082,2901.00,141.27,576.00,16.32,14.47,96.17,94.66
603.232,3017.00,141.27,576.00,16.32,14.47,96.17,94.66
603.382,3017.00,146.77,576.00,16.32,14.47,96.17,94.66
603.532,3017.00,146.77,632.00,16.32,14.47,96.17,94.66
603.682,3017.00,146.77,632.00,17.32,14.47,96.17,94.66
603.832,3017.00,146.77,632.00,17.32,14.47,96.17,94.66
604.012,3017.00,146.77,632.00,17.32,14.47,91.72,94.66
604.162,3017.00,146.77,632.00,17.32,14.47,91.72,95.26
604.312,3171.50,146.77,632.00,17.32,14.47,91.72,95.26
604.462,3171.50,153.28,632.00,17.32,14.47,91.72,95.26
604.642,3171.50,153.28,660.00,17.32,14.47,91.72,95.26
604.792,3171.50,153.28,660.00,18.18,14.47,91.72,95.26
604.942,3171.50,153.28,660.00,18.18,14.47,91.72,95.26
605.092,3171.50,153.28,660.00,18.18,14.47,65.21,95.26
605.242,3171.50,153.28,660.00,18.18,14.47,65.21,94.96
605.393,3282.00,153.28,660.00,18.18,14.47,65.21,94.96
605.542,3282.00,158.99,660.00,18.18,14.47,65.21,94.96
605.693,3282.00,158.99,712.00,18.18,14.47,65.21,94.96
605.842,3282.00,158.99,712.00,18.71,14.47,65.21,94.96
605.992,3282.00,158.99,712.00,18.71,14.47,65.21,94.96
606.142,3282.00,158.99,712.00,18.71,14.47,92.99,94.96
606.292,3282.00,158.99,712.00,18.71,14.47,92.99,92.46
606.443,3401.00,158.99,712.00,18.71,14.47,92.99,92.46
606.592,3401.00,164.52,712.00,18.71,14.47,92.99,92.46
606.742,3401.00,164.52,744.00,18.71,14.47,92.99,92.46
606.892,3401.00,164.52,744.00,20.41,14.47,92.99,92.46
607.042,3401.00,164.52,744.00,20.41,14.47,92.99,92.46
607.192,3401.00,164.52,744.00,20.41,14.47,8.18,92.46
607.342,3401.00,164.52,744.00,20.41,14.47,8.18,90.36
607.493,3363.50,164.52,744.00,20.41,14.47,8.18,90.36
607.642,3363.50,164.52,744.00,20.41,14.47,8.18,90.36
607.792,3363.50,164.52,72.00,20.41,14.47,8.18,90.36
607.973,3363.50,164.52,72.00,2.70,14.47,8.18,90.36
608.123,3363.50,164.52,72.00,2.70,14.47,8.18,90.36
608.272,3363.50,164.52,72.00,2.70,14.47,13.77,90.36
608.422,3363.50,164.52,72.00,2.70,14.47,13.77,89.26
608.573,3303.00,164.52,72.00,2.70,14.47,13.77,89.26
608.722,3303.00,161.44,72.00,2.70,14.47,13.77,89.26
608.873,3303.00,161.44,72.00,2.70,14.47,13.77,89.26
609.022,3303.00,161.44,72.00,1.29,14.47,13.77,89.26
609.173,3303.00,161.44,72.00,1.29,14.47,13.77,89.26
609.322,3303.00,161.44,72.00,1.29,14.47,20.87,89.26
609.473,3303.00,161.44,72.00,1.29,14.47,20.87,88.76
609.652,3232.00,161.44,72.00,1.29,14.47,20.87,88.76
609.802,3232.00,158.25,72.00,1.29,14.47,20.87,88.76
609.952,3232.00,158.25,88.00,1.29,14.47,20.87,88.76
610.102,3232.00,158.25,88.00,1.18,14.47,20.87,88.76
610.252,3232.00,158.25,88.00,1.18,14.47,20.87,88.76
610.402,3232.00,158.25,88.00,1.18,14.47,20.87,88.76
610.552,3232.00,158.25,88.00,1.18,14.47,20.87,88.46
610.702,3169.00,158.25,88.00,1.18,14.47,20.87,88.46
610.852,3169.00,155.08,88.00,1.18,14.47,20.87,88.46
611.002,3169.00,155.08,88.00,1.18,14.47,20.87,88.46
611.152,3169.00,155.08,88.00,1.11,14.47,20.87,88.46
611.302,3169.00,155.08,88.00,1.11,14.47,20.87,88.46
611.452,3169.00,155.08,88.00,1.11,14.47,20.75,88.46
611.603,3169.00,155.08,88.00,1.11,14.47,20.75,88.36
611.752,3111.50,155.08,88.00,1.11,14.47,20.75,88.36
611.902,3111.50,151.83,88.00,1.11,14.47,20.75,88.36
612.052,3111.50,151.83,84.00,1.11,14.47,20.75,88.36
612.202,3111.50,151.83,84.00,1.05,14.47,20.75,88.36
612.352,3111.50,151.83,84.00,1.05,14.47,20.75,88.36
612.502,3111.50,151.83,84.00,1.05,14.47,20.36,88.36
612.652,3111.50,151.83,84.00,1.05,14.47,20.36,88.26
612.803,3048.50,151.83,84.00,1.05,14.47,20.36,88.26
612.952,3048.50,148.97,84.00,1.05,14.47,20.36,88.26
613.102,3048.50,148.97,84.00,1.05,14.47,20.36,88.26
613.252,3048.50,148.97,84.00,1.00,14.47,20.36,88.26
613.402,3048.50,148.97,84.00,1.00,14.47,20.36,88.26
613.552,3048.50,148.97,84.00,1.00,14.47,20.16,88.26
613.702,3048.50,148.97,84.00,1.00,14.47,20.16,87.96
613.852,2984.50,148.97,84.00,1.00,14.47,20.16,87.96
614.002,2984.50,145.96,84.00,1.00,14.47,20.16,87.96
614.152,2984.50,145.96,80.00,1.00,14.47,20.16,87.96
614.302,2984.50,145.96,80.00,0.98,14.47,20.16,87.96
614.452,2984.50,145.96,80.00,0.98,14.46,20.16,87.96
614.602,2984.50,145.96,80.00,0.98,14.46,19.46,87.96
614.752,2984.50,145.96,80.00,0.98,14.46,19.46,87.56
614.902,2919.00,145.96,80.00,0.98,14.46,19.46,87.56
615.052,2919.00,142.84,80.00,0.98,14.46,19.46,87.56
615.202,2919.00,142.84,76.00,0.98,14.46,19.46,87.56
615.352,2919.00,142.84,76.00,0.93,14.46,19.46,87.56
615.502,2919.00,142.84,76.00,0.93,14.46,19.46,87.56
615.652,2919.00,142.84,76.00,0.93,14.46,18.92,87.56
615.802,2919.00,142.84,76.00,0.93,14.46,18.92,87.06
615.952,2862.00,142.84,76.00,0.93,14.46,18.92,87.06
616.102,2862.00,139.64,76.00,0.93,14.46,18.92,87.06
616.252,2862.00,139.64,72.00,0.93,14.46,18.92,87.06
616.402,2862.00,139.64,72.00,0.87,14.46,18.92,87.06
616.552,2862.00,139.64,72.00,0.87,14.46,18.92,87.06
616.702,2862.00,139.64,72.00,0.87,14.46,18.41,87.06
616.852,2862.00,139.64,72.00,0.87,14.46,18.41,86.66
617.003,2803.00,139.64,72.00,0.87,14.46,18.41,86.66
617.152,2803.00,136.91,72.00,0.87,14.46,18.41,86.66
617.333,2803.00,136.91,72.00,0.87,14.46,18.41,86.66
617.483,2803.00,136.91,72.00,0.82,14.46,18.41,86.66
617.632,2803.00,136.91,72.00,0.82,14.46,18.41,86.66
617.782,2803.00,136.91,72.00,0.82,14.46,17.89,86.66
617.932,2803.00,136.91,72.00,0.82,14.46,17.89,86.16
618.082,2739.00,136.91,72.00,0.82,14.46,17.89,86.16
618.233,2739.00,133.90,72.00,0.82,14.46,17.89,86.16
618.383,2739.00,133.90,68.00,0.82,14.46,17.89,86.16
618.532,2739.00,133.90,68.00,0.79,14.46,17.89,86.16
618.682,2739.00,133.90,68.00,0.79,14.46,17.89,86.16
618.832,2739.00,133.90,68.00,0.79,14.46,17.45,86.16
618.982,2739.00,133.90,68.00,0.79,14.46,17.45,85.66
619.132,2684.50,133.90,68.00,0.79,14.46,17.45,85.66
619.283,2684.50,130.89,68.00,0.79,14.46,17.45,85.66
619.432,2684.50,130.89,68.00,0.79,14.46,17.45,85.66
619.582,2684.50,130.89,68.00,0.74,14.46,17.45,85.66
619.732,2684.50,130.89,68.00,0.74,14.46,17.45,85.66
619.883,2684.50,130.89,68.00,0.74,14.46,16.58,85.66
620.033,2684.50,130.89,68.00,0.74,14.46,16.58,85.26
620.183,2623.50,130.89,68.00,0.74,14.46,16.58,85.26
620.333,2623.50,128.10,68.00,0.74,14.46,16.58,85.26
620.482,2623.50,128.10,64.00,0.74,14.46,16.58,85.26
620.632,2623.50,128.10,64.00,0.68,14.46,16.58,85.26
620.782,2623.50,128.10,64.00,0.68,14.46,16.58,85.26
620.932,2623.50,128.10,64.00,0.68,14.46,15.65,85.26
621.082,2623.50,128.10,64.00,0.68,14.46,15.65,84.86
621.232,2567.50,128.10,64.00,0.68,14.46,15.65,84.86
621.382,2567.50,125.06,64.00,0.68,14.46,15.65,84.86
621.532,2567.50,125.06,60.00,0.68,14.46,15.65,84.86
621.682,2567.50,125.06,60.00,0.66,14.46,15.65,84.86
621.832,2567.50,125.06,60.00,0.66,14.46,15.65,84.86
621.982,2567.50,125.06,60.00,0.66,14.46,14.82,84.86
622.132,2567.50,125.06,60.00,0.66,14.46,14.82,84.56
622.282,2500.50,125.06,60.00,0.66,14.46,14.82,84.56
622.433,2500.50,122.13,60.00,0.66,14.46,14.82,84.56
622.582,2500.50,122.13,60.00,0.66,14.46,14.82,84.56
622.732,2500.50,122.13,60.00,0.62,14.46,14.82,84.56
622.882,2500.50,122.13,60.00,0.62,14.46,14.82,84.56
623.032,2500.50,122.13,60.00,0.62,14.46,14.33,84.56
623.182,2500.50,122.13,60.00,0.62,14.46,14.33,84.16
623.332,2443.50,122.13,60.00,0.62,14.46,14.33,84.16
623.483,2443.50,118.92,60.00,0.62,14.46,14.33,84.16
623.632,2443.50,118.92,56.00,0.62,14.46,14.33,84.16
623.782,2443.50,118.92,56.00,0.57,14.46,14.33,84.16
623.932,2443.50,118.92,56.00,0.57,14.46,14.33,84.16
624.082,2443.50,118.92,56.00,0.57,14.46,13.99,84.16
624.232,2443.50,118.92,56.00,0.57,14.46,13.99,83.96
624.382,2375.00,118.92,56.00,0.57,14.46,13.99,83.96
624.532,2375.00,115.97,56.00,0.57,14.46,13.99,83.96
624.682,2375.00,115.97,52.00,0.57,14.46,13.99,83.96
624.832,2375.00,115.97,52.00,0.53,14.46,13.99,83.96
625.012,2375.00,115.97,52.00,0.53,14.46,13.99,83.96
625.162,2375.00,115.97,52.00,0.53,14.46,13.52,83.96
625.312,2375.00,115.97,52.00,0.53,14.46,13.52,83.86
625.462,2316.50,115.97,52.00,0.53,14.46,13.52,83.86
625.613,2316.50,112.87,52.00,0.53,14.46,13.52,83.86
625.762,2316.50,112.87,48.00,0.53,14.46,13.52,83.86
625.912,2316.50,112.87,48.00,0.49,14.46,13.52,83.86
626.062,2316.50,112.87,48.00,0.49,14.46,13.52,83.86
626.212,2316.50,112.87,48.00,0.49,14.46,12.94,83.86
626.362,2316.50,112.87,48.00,0.49,14.46,12.94,84.06
626.512,2242.50,112.87,48.00,0.49,14.46,12.94,84.06
626.663,2242.50,110.07,48.00,0.49,14.46,12.94,84.06
626.812,2242.50,110.07,44.00,0.49,14.46,12.94,84.06
626.962,2242.50,110.07,44.00,0.45,14.46,12.94,84.06
627.112,2242.50,110.07,44.00,0.45,14.46,12.94,84.06
627.262,2242.50,110.07,44.00,0.45,14.46,12.35,84.06
627.412,2242.50,110.07,44.00,0.45,14.46,12.35,84.46
627.562,2193.00,110.07,44.00,0.45,14.46,12.35,84.46
627.712,2193.00,107.27,44.00,0.45,14.46,12.35,84.46
627.862,2193.00,107.27,40.00,0.45,14.46,12.35,84.46
628.012,2193.00,107.27,40.00,0.40,14.46,12.35,84.46
628.162,2193.00,107.27,40.00,0.40,14.46,12.35,84.46
628.312,2193.00,107.27,40.00,0.40,14.46,12.01,84.46
628.463,2193.00,107.27,40.00,0.40,14.46,12.01,85.06
628.612,2141.00,107.27,40.00,0.40,14.46,12.01,85.06
628.762,2141.00,105.05,40.00,0.40,14.46,12.01,85.06
628.913,2141.00,105.05,36.00,0.40,14.46,12.01,85.06
629.062,2141.00,105.05,36.00,0.37,14.46,12.01,85.06
629.212,2141.00,105.05,36.00,0.37,14.46,12.01,85.06
629.362,2141.00,105.05,36.00,0.37,14.46,11.52,85.06
629.512,2141.00,105.05,36.00,0.37,14.46,11.52,85.76
629.662,2092.00,105.05,36.00,0.37,14.46,11.52,85.76
629.812,2092.00,102.47,36.00,0.37,14.46,11.52,85.76
629.962,2092.00,102.47,36.00,0.37,14.46,11.52,85.76
630.112,2092.00,102.47,36.00,0.33,14.46,11.52,85.76
630.262,2092.00,102.47,36.00,0.33,14.46,11.52,85.76
630.412,2092.00,102.47,36.00,0.33,14.46,16.33,85.76
630.562,2092.00,102.47,36.00,0.33,14.46,16.33,86.36
630.712,2070.50,102.47,36.00,0.33,14.46,16.33,86.36
630.862,2070.50,101.07,36.00,0.33,14.46,16.33,86.36
631.012,2070.50,101.07,32.00,0.33,14.46,16.33,86.36
631.162,2070.50,101.07,32.00,0.31,14.46,16.33,86.36
631.312,2070.50,101.07,32.00,0.31,14.46,16.33,86.36
631.462,2070.50,101.07,32.00,0.31,14.46,14.99,86.36
631.612,2070.50,101.07,32.00,0.31,14.46,14.99,86.96
631.762,2056.00,101.07,32.00,0.31,14.46,14.99,86.96
631.912,2056.00,99.88,32.00,0.31,14.46,14.99,86.96
632.062,2056.00,99.88,76.00,0.31,14.46,14.99,86.96
632.212,2056.00,99.88,76.00,0.49,14.46,14.99,86.96
632.362,2056.00,99.88,76.00,0.49,14.46,14.99,86.96
632.512,2056.00,99.88,76.00,0.49,14.46,18.85,86.96
632.693,2056.00,99.88,76.00,0.49,14.46,18.85,87.56
632.843,2052.00,99.88,76.00,0.49,14.46,18.85,87.56
632.992,2052.00,99.75,76.00,0.49,14.46,18.85,87.56
633.142,2052.00,99.75,76.00,0.49,14.46,18.85,87.56
633.293,2052.00,99.75,76.00,0.81,14.46,18.85,87.56
633.443,2052.00,99.75,76.00,0.81,14.45,18.85,87.56
633.593,2052.00,99.75,76.00,0.81,14.45,13.60,87.56
633.743,2052.00,99.75,76.00,0.81,14.45,13.60,88.16
633.892,2048.00,99.75,76.00,0.81,14.45,13.60,88.16
634.042,2048.00,99.15,76.00,0.81,14.45,13.60,88.16
634.193,2048.00,99.15,52.00,0.81,14.45,13.60,88.16
634.342,2048.00,99.15,52.00,0.62,14.45,13.60,88.16
634.493,2048.00,99.15,52.00,0.62,14.45,13.60,88.16
634.643,2048.00,99.15,52.00,0.62,14.45,13.91,88.16
634.792,2048.00,99.15,52.00,0.62,14.45,13.91,88.76
634.942,2021.00,99.15,52.00,0.62,14.45,13.91,88.76
635.093,2021.00,98.01,52.00,0.62,14.45,13.91,88.76
635.242,2021.00,98.01,52.00,0.62,14.45,13.91,88.76
635.393,2021.00,98.01,52.00,0.45,14.45,13.91,88.76
635.542,2021.00,98.01,52.00,0.45,14.45,13.91,88.76
635.693,2021.00,98.01,52.00,0.45,14.45,14.67,88.76
635.842,2021.00,98.01,52.00,0.45,14.45,14.67,89.36
635.992,2000.00,98.01,52.00,0.45,14.45,14.67,89.36
636.142,2000.00,97.20,52.00,0.45,14.45,14.67,89.36
636.293,2000.00,97.20,52.00,0.45,14.45,14.67,89.36
636.443,2000.00,97.20,52.00,0.40,14.45,14.67,89.36
636.592,2000.00,97.20,52.00,0.40,14.45,14.67,89.36
636.742,2000.00,97.20,52.00,0.40,14.45,14.70,89.36
636.892,2000.00,97.20,52.00,0.40,14.45,14.70,90.06
637.043,1977.50,97.20,52.00,0.40,14.45,14.70,90.06
637.193,1977.50,96.24,52.00,0.40,14.45,14.70,90.06
637.342,1977.50,96.24,48.00,0.40,14.45,14.70,90.06
637.493,1977.50,96.24,48.00,0.37,14.45,14.70,90.06
637.642,1977.50,96.24,48.00,0.37,14.45,14.70,90.06
637.793,1977.50,96.24,48.00,0.37,14.45,13.99,90.06
637.942,1977.50,96.24,48.00,0.37,14.45,13.99,90.66
638.093,1962.00,96.24,48.00,0.37,14.45,13.99,90.66
638.242,1962.00,95.27,48.00,0.37,14.45,13.99,90.66
638.393,1962.00,95.27,40.00,0.37,14.45,13.99,90.66
638.543,1962.00,95.27,40.00,0.31,14.45,13.99,90.66
638.693,1962.00,95.27,40.00,0.31,14.45,13.99,90.66
638.842,1962.00,95.27,40.00,0.31,14.45,12.30,90.66
638.992,1962.00,95.27,40.00,0.31,14.45,12.30,91.26
639.142,1935.50,95.27,40.00,0.31,14.45,12.30,91.26
639.292,1935.50,93.91,40.00,0.31,14.45,12.30,91.26
639.442,1935.50,93.91,36.00,0.31,14.45,12.30,91.26
639.593,1935.50,93.91,36.00,0.25,14.45,12.30,91.26
639.742,1935.50,93.91,36.00,0.25,14.45,12.30,91.26
639.892,1935.50,93.91,36.00,0.25,14.45,12.99,91.26
640.043,1935.50,93.91,36.00,0.25,14.45,12.99,91.76
640.192,1915.00,93.91,36.00,0.25,14.45,12.99,91.76
640.372,1915.00,92.92,36.00,0.25,14.45,12.99,91.76
640.522,1915.00,92.92,40.00,0.25,14.45,12.99,91.76
640.672,1915.00,92.92,40.00,0.24,14.45,12.99,91.76
640.823,1915.00,92.92,40.00,0.24,14.45,12.99,91.76
640.972,1915.00,92.92,40.00,0.24,14.45,12.77,91.76
641.122,1915.00,92.92,40.00,0.24,14.45,12.77,92.26
641.272,1893.50,92.92,40.00,0.24,14.45,12.77,92.26
641.422,1893.50,92.01,40.00,0.24,14.45,12.77,92.26
641.572,1893.50,92.01,36.00,0.24,14.45,12.77,92.26
641.722,1893.50,92.01,36.00,0.23,14.45,12.77,92.26
641.872,1893.50,92.01,36.00,0.23,14.45,12.77,92.26
642.022,1893.50,92.01,36.00,0.23,14.45,12.79,92.26
642.172,1893.50,92.01,36.00,0.23,14.45,12.79,92.56
642.322,1877.50,92.01,36.00,0.23,14.45,12.79,92.56
642.472,1877.50,91.07,36.00,0.23,14.45,12.79,92.56
642.622,1877.50,91.07,36.00,0.23,14.45,12.79,92.56
642.772,1877.50,91.07,36.00,0.20,14.45,12.79,92.56
642.922,1877.50,91.07,36.00,0.20,14.45,12.79,92.56
643.072,1877.50,91.07,36.00,0.20,14.45,12.84,92.56
643.222,1877.50,91.07,36.00,0.20,14.45,12.84,92.86
643.372,1855.50,91.07,36.00,0.20,14.45,12.84,92.86
643.522,1855.50,90.28,36.00,0.20,14.45,12.84,92.86
643.672,1855.50,90.28,36.00,0.20,14.45,12.84,92.86
643.822,1855.50,90.28,36.00,0.19,14.45,12.84,92.86
643.972,1855.50,90.28,36.00,0.19,14.45,12.84,92.86
644.122,1855.50,90.28,36.00,0.19,14.45,12.82,92.86
644.272,1855.50,90.28,36.00,0.19,14.45,12.82,92.96
644.422,1842.50,90.28,36.00,0.19,14.45,12.82,92.96
644.572,1842.50,89.46,36.00,0.19,14.45,12.82,92.96
644.722,1842.50,89.46,36.00,0.19,14.45,12.82,92.96
644.872,1842.50,89.46,36.00,0.19,14.45,12.82,92.96
645.022,1842.50,89.46,36.00,0.19,14.45,12.82,92.96
645.172,1842.50,89.46,36.00,0.19,14.45,12.86,92.96
645.322,1842.50,89.46,36.00,0.19,14.45,12.86,92.96
645.472,1826.50,89.46,36.00,0.19,14.45,12.86,92.96
645.622,1826.50,88.76,36.00,0.19,14.45,12.86,92.96
645.772,1826.50,88.76,36.00,0.19,14.45,12.86,92.96
645.922,1826.50,88.76,36.00,0.18,14.45,12.86,92.96
646.072,1826.50,88.76,36.00,0.18,14.45,12.86,92.96
646.222,1826.50,88.76,36.00,0.18,14.45,12.77,92.96
646.372,1826.50,88.76,36.00,0.18,14.45,12.77,92.96
646.522,1814.00,88.76,36.00,0.18,14.45,12.77,92.96
646.672,1814.00,88.00,36.00,0.18,14.45,12.77,92.96
646.822,1814.00,88.00,36.00,0.18,14.45,12.77,92.96
646.972,1814.00,88.00,36.00,0.18,14.45,12.77,92.96
647.122,1814.00,88.00,36.00,0.18,14.45,12.77,92.96
647.272,1814.00,88.00,36.00,0.18,14.45,15.04,92.96
647.423,1814.00,88.00,36.00,0.18,14.45,15.04,92.76
647.573,1801.50,88.00,36.00,0.18,14.45,15.04,92.76
647.722,1801.50,87.60,36.00,0.18,14.45,15.04,92.76
647.873,1801.50,87.60,44.00,0.18,14.45,15.04,92.76
648.052,1801.50,87.60,44.00,0.20,14.45,15.04,92.76
648.203,1801.50,87.60,44.00,0.20,14.45,15.04,92.76
648.352,1801.50,87.60,44.00,0.20,14.45,13.52,92.76
648.503,1801.50,87.60,44.00,0.20,14.45,13.52,92.66
648.653,1794.00,87.60,44.00,0.20,14.45,13.52,92.66
648.803,1794.00,87.22,44.00,0.20,14.45,13.52,92.66
648.953,1794.00,87.22,40.00,0.20,14.45,13.52,92.66
649.103,1794.00,87.22,40.00,0.19,14.45,13.52,92.66
649.253,1794.00,87.22,40.00,0.19,14.45,13.52,92.66
649.402,1794.00,87.22,40.00,0.19,14.45,13.30,92.66
649.552,1794.00,87.22,40.00,0.19,14.45,13.30,92.46
649.702,1785.00,87.22,40.00,0.19,14.45,13.30,92.46
649.853,1785.00,86.82,40.00,0.19,14.45,13.30,92.46
650.003,1785.00,86.82,40.00,0.19,14.45,13.30,92.46
650.152,1785.00,86.82,40.00,0.19,14.45,13.30,92.46
650.303,1785.00,86.82,40.00,0.19,14.45,13.30,92.46
650.452,1785.00,86.82,40.00,0.19,14.45,13.30,92.46
650.602,1785.00,86.82,40.00,0.19,14.45,13.30,92.26
650.753,1777.00,86.82,40.00,0.19,14.45,13.30,92.26
650.903,1777.00,86.20,40.00,0.19,14.45,13.30,92.26
651.052,1777.00,86.20,40.00,0.19,14.45,13.30,92.26
651.202,1777.00,86.20,40.00,0.18,14.45,13.30,92.26
651.352,1777.00,86.20,40.00,0.18,14.45,13.30,92.26
651.502,1777.00,86.20,40.00,0.18,14.45,13.33,92.26
651.652,1777.00,86.20,40.00,0.18,14.45,13.33,92.06
651.802,1763.50,86.20,40.00,0.18,14.45,13.33,92.06
651.952,1763.50,85.66,40.00,0.18,14.45,13.33,92.06
652.102,1763.50,85.66,40.00,0.18,14.45,13.33,92.06
652.252,1763.50,85.66,40.00,0.17,14.45,13.33,92.06
652.402,1763.50,85.66,40.00,0.17,14.45,13.33,92.06
652.552,1763.50,85.66,40.00,0.17,14.45,15.70,92.06
652.702,1763.50,85.66,40.00,0.17,14.45,15.70,91.76
652.852,1758.00,85.66,40.00,0.17,14.45,15.70,91.76
653.002,1758.00,85.33,40.00,0.17,14.45,15.70,91.76
653.152,1758.00,85.33,52.00,0.17,14.45,15.70,91.76
653.302,1758.00,85.33,52.00,0.23,14.45,15.70,91.76
653.452,1758.00,85.33,52.00,0.23,14.45,15.70,91.76
653.602,1758.00,85.33,52.00,0.23,14.45,16.58,91.76
653.752,1758.00,85.33,52.00,0.23,14.45,16.58,91.56
653.903,1758.00,85.33,52.00,0.23,14.45,16.58,91.56
654.052,1758.00,85.35,52.00,0.23,14.45,16.58,91.56
654.202,1758.00,85.35,52.00,0.23,14.45,16.58,91.56
654.352,1758.00,85.35,52.00,0.30,14.45,16.58,91.56
654.502,1758.00,85.35,52.00,0.30,14.45,16.58,91.56
654.652,1758.00,85.35,52.00,0.30,14.45,15.77,91.56
654.802,1758.00,85.35,52.00,0.30,14.45,15.77,91.26
654.952,1754.50,85.35,52.00,0.30,14.45,15.77,91.26
655.102,1754.50,85.34,52.00,0.30,14.45,15.77,91.26
655.252,1754.50,85.34,52.00,0.30,14.45,15.77,91.26
655.403,1754.50,85.34,52.00,0.33,14.45,15.77,91.26
655.553,1754.50,85.34,52.00,0.33,14.45,15.77,91.26
655.732,1754.50,85.34,52.00,0.33,14.45,15.57,91.26
655.883,1754.50,85.34,52.00,0.33,14.45,15.57,91.06
656.033,1758.00,85.34,52.00,0.33,14.45,15.57,91.06
656.183,1758.00,85.47,52.00,0.33,14.45,15.57,91.06
656.332,1758.00,85.47,52.00,0.33,14.45,15.57,91.06
656.482,1758.00,85.47,52.00,0.35,14.45,15.57,91.06
656.632,1758.00,85.47,52.00,0.35,14.45,15.57,91.06
656.782,1758.00,85.47,52.00,0.35,14.45,15.40,91.06
656.938,1758.00,85.47,52.00,0.35,14.45,15.40,90.86
657.083,1762.00,85.47,52.00,0.35,14.45,15.40,90.86
657.232,1762.00,85.53,52.00,0.35,14.45,15.40,90.86
657.383,1762.00,85.53,52.00,0.35,14.45,15.40,90.86
657.532,1762.00,85.53,52.00,0.35,14.45,15.40,90.86
657.682,1762.00,85.53,52.00,0.35,14.45,15.40,90.86
657.832,1762.00,85.53,52.00,0.35,14.45,15.35,90.86
657.982,1762.00,85.53,52.00,0.35,14.45,15.35,90.76
658.132,1764.50,85.53,52.00,0.35,14.45,15.35,90.76
658.282,1764.50,85.71,52.00,0.35,14.45,15.35,90.76
658.432,1764.50,85.71,52.00,0.35,14.45,15.35,90.76
658.582,1764.50,85.71,52.00,0.36,14.45,15.35,90.76
658.732,1764.50,85.71,52.00,0.36,14.45,15.35,90.76
658.882,1764.50,85.71,52.00,0.36,14.45,15.40,90.76
659.032,1764.50,85.71,52.00,0.36,14.45,15.40,90.66
659.182,1765.00,85.71,52.00,0.36,14.45,15.40,90.66
659.332,1765.00,85.82,52.00,0.36,14.45,15.40,90.66
659.482,1765.00,85.82,52.00,0.36,14.45,15.40,90.66
659.633,1765.00,85.82,52.00,0.36,14.45,15.40,90.66
659.783,1765.00,85.82,52.00,0.36,14.44,15.40,90.66
659.933,1765.00,85.82,52.00,0.36,14.44,15.33,90.66
660.082,1765.00,85.82,52.00,0.36,14.44,15.33,90.56
660.232,1765.00,85.82,52.00,0.36,14.44,15.33,90.56
660.382,1765.00,85.72,52.00,0.36,14.44,15.33,90.56
660.532,1765.00,85.72,52.00,0.36,14.44,15.33,90.56
660.683,1765.00,85.72,52.00,0.35,14.44,15.33,90.56
660.832,1765.00,85.72,52.00,0.35,14.45,15.33,90.56
660.982,1765.00,85.72,52.00,0.35,14.45,15.06,90.56
661.132,1765.00,85.72,52.00,0.35,14.45,15.06,90.66
661.282,1767.00,85.72,52.00,0.35,14.45,15.06,90.66
661.432,1767.00,85.96,52.00,0.35,14.45,15.06,90.66
661.583,1767.00,85.96,52.00,0.35,14.45,15.06,90.66
661.733,1767.00,85.96,52.00,0.35,14.45,15.06,90.66
661.882,1767.00,85.96,52.00,0.35,14.45,15.06,90.66
662.032,1767.00,85.96,52.00,0.35,14.45,15.09,90.66
662.182,1767.00,85.96,52.00,0.35,14.45,15.09,90.76
662.332,1768.50,85.96,52.00,0.35,14.45,15.09,90.76
662.482,1768.50,85.93,52.00,0.35,14.45,15.09,90.76
662.632,1768.50,85.93,52.00,0.35,14.45,15.09,90.76
662.782,1768.50,85.93,52.00,0.34,14.45,15.09,90.76
662.932,1768.50,85.93,52.00,0.34,14.45,15.09,90.76
663.082,1768.50,85.93,52.00,0.34,14.45,15.18,90.76
663.232,1768.50,85.93,52.00,0.34,14.45,15.18,90.86
663.412,1775.50,85.93,52.00,0.34,14.45,15.18,90.86
663.562,1775.50,86.62,52.00,0.34,14.45,15.18,90.86
663.712,1775.50,86.62,52.00,0.34,14.45,15.18,90.86
663.862,1775.50,86.62,52.00,0.34,14.45,15.18,90.86
664.012,1775.50,86.62,52.00,0.34,14.45,15.18,90.86
664.162,1775.50,86.62,52.00,0.34,14.45,15.14,90.86
664.312,1775.50,86.62,52.00,0.34,14.45,15.14,91.06
664.462,1780.50,86.62,52.00,0.34,14.45,15.14,91.06
664.612,1780.50,86.66,52.00,0.34,14.45,15.14,91.06
664.762,1780.50,86.66,52.00,0.34,14.45,15.14,91.06
664.912,1780.50,86.66,52.00,0.35,14.45,15.14,91.06
665.063,1780.50,86.66,52.00,0.35,14.45,15.14,91.06
665.212,1780.50,86.66,52.00,0.35,14.45,14.87,91.06
665.362,1780.50,86.66,52.00,0.35,14.45,14.87,91.16
665.512,1787.00,86.66,52.00,0.35,14.45,14.87,91.16
665.662,1787.00,86.70,52.00,0.35,14.45,14.87,91.16
665.812,1787.00,86.70,48.00,0.35,14.45,14.87,91.16
665.962,1787.00,86.70,48.00,0.33,14.45,14.87,91.16
666.112,1787.00,86.70,48.00,0.33,14.45,14.87,91.16
666.262,1787.00,86.70,48.00,0.33,14.45,15.06,91.16
666.412,1787.00,86.70,48.00,0.33,14.45,15.06,91.36
666.562,1790.50,86.70,48.00,0.33,14.45,15.06,91.36
666.712,1790.50,86.78,48.00,0.33,14.45,15.06,91.36
666.862,1790.50,86.78,52.00,0.33,14.45,15.06,91.36
667.013,1790.50,86.78,52.00,0.33,14.45,15.06,91.36
667.162,1790.50,86.78,52.00,0.33,14.45,15.06,91.36
667.312,1790.50,86.78,52.00,0.33,14.45,15.09,91.36
667.462,1790.50,86.78,52.00,0.33,14.45,15.09,91.46
667.612,1789.50,86.78,52.00,0.33,14.45,15.09,91.46
667.762,1789.50,86.95,52.00,0.33,14.45,15.09,91.46
667.912,1789.50,86.95,48.00,0.33,14.45,15.09,91.46
668.062,1789.50,86.95,48.00,0.32,14.45,15.09,91.46
668.212,1789.50,86.95,48.00,0.32,14.45,15.09,91.46
668.362,1789.50,86.95,48.00,0.32,14.45,14.31,91.46
668.512,1789.50,86.95,48.00,0.32,14.45,14.31,91.56
668.662,1793.00,86.95,48.00,0.32,14.45,14.31,91.56
668.812,1793.00,86.93,48.00,0.32,14.45,14.31,91.56
668.962,1793.00,86.93,48.00,0.32,14.45,14.31,91.56
669.112,1793.00,86.93,48.00,0.31,14.45,14.31,91.56
669.262,1793.00,86.93,48.00,0.31,14.45,14.31,91.56
669.412,1793.00,86.93,48.00,0.31,14.45,13.28,91.56
669.562,1793.00,86.93,48.00,0.31,14.45,13.28,91.66
669.712,1789.00,86.93,48.00,0.31,14.45,13.28,91.66
669.862,1789.00,87.00,48.00,0.31,14.45,13.28,91.66
670.012,1789.00,87.00,32.00,0.31,14.45,13.28,91.66
670.162,1789.00,87.00,32.00,0.26,14.45,13.28,91.66
670.312,1789.00,87.00,32.00,0.26,14.45,13.28,91.66
670.462,1789.00,87.00,32.00,0.26,14.45,11.57,91.66
670.612,1789.00,87.00,32.00,0.26,14.45,11.57,91.86
670.762,1785.00,87.00,32.00,0.26,14.45,11.57,91.86
670.912,1785.00,86.74,32.00,0.26,14.45,11.57,91.86
671.092,1785.00,86.74,32.00,0.26,14.45,11.57,91.86
671.242,1785.00,86.74,32.00,0.20,14.45,11.57,91.86
671.392,1785.00,86.74,32.00,0.20,14.45,11.57,91.86
671.542,1785.00,86.74,32.00,0.20,14.45,12.03,91.86
671.692,1785.00,86.74,32.00,0.20,14.45,12.03,91.86
671.842,1776.50,86.74,32.00,0.20,14.45,12.03,91.86
671.992,1776.50,86.53,32.00,0.20,14.45,12.03,91.86
672.142,1776.50,86.53,36.00,0.20,14.45,12.03,91.86
672.292,1776.50,86.53,36.00,0.18,14.45,12.03,91.86
672.442,1776.50,86.53,36.00,0.18,14.45,12.03,91.86
672.592,1776.50,86.53,36.00,0.18,14.45,12.69,91.86
672.742,1776.50,86.53,36.00,0.18,14.45,12.69,91.96
672.892,1814.00,86.53,36.00,0.18,14.45,12.69,91.96
673.042,1814.00,86.60,36.00,0.18,14.45,12.69,91.96
673.222,1814.00,86.60,148.00,0.18,14.45,12.69,91.96
673.372,1814.00,86.60,148.00,0.94,14.45,12.69,91.96
673.522,1814.00,86.60,148.00,0.94,14.45,12.69,91.96
673.672,1814.00,86.60,148.00,0.94,14.45,98.00,91.96
673.822,1814.00,86.60,148.00,0.94,14.45,98.00,91.96
673.972,1862.00,86.60,148.00,0.94,14.45,98.00,91.96
674.122,1862.00,90.32,148.00,0.94,14.45,98.00,91.96
674.272,1862.00,90.32,224.00,0.94,14.45,98.00,91.96
674.422,1862.00,90.32,224.00,4.82,14.45,98.00,91.96
674.602,1862.00,90.32,224.00,4.82,14.45,98.00,91.96
674.752,1862.00,90.32,224.00,4.82,14.45,98.00,91.96
674.932,1862.00,90.32,224.00,4.82,14.45,98.00,91.96
675.083,1973.00,90.32,224.00,4.82,14.45,98.00,91.96
675.232,1973.00,95.60,224.00,4.82,14.45,98.00,91.96
675.382,1973.00,95.60,284.00,4.82,14.45,98.00,91.96
675.533,1973.00,95.60,284.00,8.60,14.45,98.00,91.96
675.682,1973.00,95.60,284.00,8.60,14.45,98.00,91.96
675.832,1973.00,95.60,284.00,8.60,14.45,98.00,91.96
675.983,1973.00,95.60,284.00,8.60,14.45,98.00,91.96
676.132,2097.50,95.60,284.00,8.60,14.45,98.00,91.96
676.283,2097.50,101.50,284.00,8.60,14.45,98.00,91.96
676.433,2097.50,101.50,372.00,8.60,14.45,98.00,91.96
676.583,2097.50,101.50,372.00,14.34,14.45,98.00,91.96
676.732,2097.50,101.50,372.00,14.34,14.45,98.00,91.96
676.882,2097.50,101.50,372.00,14.34,14.45,52.42,91.96
677.032,2097.50,101.50,372.00,14.34,14.45,52.42,91.96
677.183,2244.50,101.50,372.00,14.34,14.45,52.42,91.96
677.362,2244.50,108.34,372.00,14.34,14.45,52.42,91.96
677.512,2244.50,108.34,448.00,14.34,14.45,52.42,91.96
677.662,2244.50,108.34,448.00,17.40,14.45,52.42,91.96
677.812,2244.50,108.34,448.00,17.40,14.45,52.42,91.96
677.962,2244.50,108.34,448.00,17.40,14.45,70.12,91.96
678.112,2244.50,108.34,448.00,17.40,14.45,70.12,92.06
678.262,2393.50,108.34,448.00,17.40,14.45,70.12,92.06
678.412,2393.50,115.75,448.00,17.40,14.45,70.12,92.06
678.562,2393.50,115.75,452.00,17.40,14.45,70.12,92.06
678.712,2393.50,115.75,452.00,15.12,14.45,70.12,92.06
678.892,2393.50,115.75,452.00,15.12,14.45,70.12,92.06
679.042,2393.50,115.75,452.00,15.12,14.45,95.58,92.06
679.192,2393.50,115.75,452.00,15.12,14.45,95.58,92.36
679.342,2536.00,115.75,452.00,15.12,14.45,95.58,92.36
679.492,2536.00,122.96,452.00,15.12,14.45,95.58,92.36
679.642,2536.00,122.96,496.00,15.12,14.45,95.58,92.36
679.792,2536.00,122.96,496.00,16.51,14.45,95.58,92.36
679.942,2536.00,122.96,496.00,16.51,14.45,95.58,92.36
680.092,2536.00,122.96,496.00,16.51,14.45,76.37,92.36
680.242,2536.00,122.96,496.00,16.51,14.45,76.37,92.76
680.393,2677.00,122.96,496.00,16.51,14.45,76.37,92.76
680.542,2677.00,129.47,496.00,16.51,14.45,76.37,92.76
680.692,2677.00,129.47,536.00,16.51,14.45,76.37,92.76
680.842,2677.00,129.47,536.00,16.92,14.45,76.37,92.76
680.992,2677.00,129.47,536.00,16.92,14.45,76.37,92.76
681.142,2677.00,129.47,536.00,16.92,14.45,86.11,92.76
681.322,2677.00,129.47,536.00,16.92,14.45,86.11,93.36
681.472,2828.50,129.47,536.00,16.92,14.45,86.11,93.36
681.622,2828.50,136.85,536.00,16.92,14.45,86.11,93.36
681.803,2828.50,136.85,572.00,16.92,14.45,86.11,93.36
681.952,2828.50,136.85,572.00,16.64,14.45,86.11,93.36
682.102,2828.50,136.85,572.00,16.64,14.45,86.11,93.36
682.252,2828.50,136.85,572.00,16.64,14.45,94.19,93.36
682.402,2828.50,136.85,572.00,16.64,14.45,94.19,93.96
682.552,2963.50,136.85,572.00,16.64,14.45,94.19,93.96
682.732,2963.50,144.25,572.00,16.64,14.45,94.19,93.96
682.882,2963.50,144.25,600.00,16.64,14.45,94.19,93.96
683.032,2963.50,144.25,600.00,16.36,14.45,94.19,93.96
683.182,2963.50,144.25,600.00,16.36,14.45,94.19,93.96
683.332,2963.50,144.25,600.00,16.36,14.45,98.00,93.96
683.482,2963.50,144.25,600.00,16.36,14.45,98.00,94.66
683.632,3104.50,144.25,600.00,16.36,14.45,98.00,94.66
683.782,3104.50,150.89,600.00,16.36,14.45,98.00,94.66
683.932,3104.50,150.89,640.00,16.36,14.45,98.00,94.66
684.082,3104.50,150.89,640.00,18.17,14.45,98.00,94.66
684.232,3104.50,150.89,640.00,18.17,14.45,98.00,94.66
684.382,3104.50,150.89,640.00,18.17,14.45,69.85,94.66
684.532,3104.50,150.89,640.00,18.17,14.45,69.85,95.26
684.683,3256.50,150.89,640.00,18.17,14.45,69.85,95.26
684.832,3256.50,157.28,640.00,18.17,14.45,69.85,95.26
684.982,3256.50,157.28,712.00,18.17,14.45,69.85,95.26
685.162,3256.50,157.28,712.00,18.47,14.45,69.85,95.26
685.312,3256.50,157.28,712.00,18.47,14.45,69.85,95.26
685.462,3256.50,157.28,712.00,18.47,14.45,92.87,95.26
685.612,3256.50,157.28,712.00,18.47,14.45,92.87,94.46
685.762,3391.00,157.28,712.00,18.47,14.45,92.87,94.46
685.912,3391.00,164.35,712.00,18.47,14.45,92.87,94.46
686.062,3391.00,164.35,748.00,18.47,14.45,92.87,94.46
686.212,3391.00,164.35,748.00,18.92,14.45,92.87,94.46
686.362,3391.00,164.35,748.00,18.92,14.45,92.87,94.46
686.512,3391.00,164.35,748.00,18.92,14.45,89.99,94.46
686.662,3391.00,164.35,748.00,18.92,14.45,89.99,91.96
686.812,3526.50,164.35,748.00,18.92,14.45,89.99,91.96
686.962,3526.50,170.35,748.00,18.92,14.45,89.99,91.96
687.112,3526.50,170.35,720.00,18.92,14.45,89.99,91.96
687.262,3526.50,170.35,720.00,16.64,14.45,89.99,91.96
687.412,3526.50,170.35,720.00,16.64,14.45,89.99,91.96
687.562,3526.50,170.35,720.00,16.64,14.45,95.95,91.96
687.712,3526.50,170.35,720.00,16.64,14.45,95.95,89.86
687.862,3636.50,170.35,720.00,16.64,14.45,95.95,89.86
688.012,3636.50,176.57,720.00,16.64,14.45,95.95,89.86
688.163,3636.50,176.57,812.00,16.64,14.45,95.95,89.86
688.312,3636.50,176.57,812.00,19.41,14.45,95.95,89.86
688.462,3636.50,176.57,812.00,19.41,14.45,95.95,89.86
688.612,3636.50,176.57,812.00,19.41,14.45,22.24,89.86
688.762,3636.50,176.57,812.00,19.41,14.45,22.24,89.06
688.912,3652.50,176.57,812.00,19.41,14.45,22.24,89.06
689.062,3652.50,179.19,812.00,19.41,14.45,22.24,89.06
689.212,3652.50,179.19,96.00,19.41,14.45,22.24,89.06
689.362,3652.50,179.19,96.00,3.74,14.45,22.24,89.06
689.512,3652.50,179.19,96.00,3.74,14.45,22.24,89.06
689.662,3652.50,179.19,96.00,3.74,14.45,17.31,89.06
689.812,3652.50,179.19,96.00,3.74,14.45,17.31,88.86
689.962,3599.50,179.19,96.00,3.74,14.45,17.31,88.86
690.112,3599.50,176.18,96.00,3.74,14.45,17.31,88.86
690.292,3599.50,176.18,100.00,3.74,14.45,17.31,88.86
690.442,3599.50,176.18,100.00,1.81,14.45,17.31,88.86
690.592,3599.50,176.18,100.00,1.81,14.45,17.31,88.86
690.743,3599.50,176.18,100.00,1.81,14.45,19.92,88.86
690.892,3599.50,176.18,100.00,1.81,14.45,19.92,88.96
691.042,3536.50,176.18,100.00,1.81,14.45,19.92,88.96
691.192,3536.50,173.07,100.00,1.81,14.45,19.92,88.96
691.342,3536.50,173.07,96.00,1.81,14.45,19.92,88.96
691.492,3536.50,173.07,96.00,1.42,14.45,19.92,88.96
691.642,3536.50,173.07,96.00,1.42,14.45,19.92,88.96
691.792,3536.50,173.07,96.00,1.42,14.45,20.53,88.96
691.942,3536.50,173.07,96.00,1.42,14.45,20.53,89.16
692.092,3480.00,173.07,96.00,1.42,14.45,20.53,89.16
692.242,3480.00,170.03,96.00,1.42,14.45,20.53,89.16
692.392,3480.00,170.03,96.00,1.42,14.45,20.53,89.16
692.542,3480.00,170.03,96.00,1.28,14.45,20.53,89.16
692.692,3480.00,170.03,96.00,1.28,14.45,20.53,89.16
692.842,3480.00,170.03,96.00,1.28,14.45,20.70,89.16
692.992,3480.00,170.03,96.00,1.28,14.45,20.70,89.06
693.142,3414.00,170.03,96.00,1.28,14.45,20.70,89.06
693.292,3414.00,167.31,96.00,1.28,14.45,20.70,89.06
693.442,3414.00,167.31,92.00,1.28,14.45,20.70,89.06
693.592,3414.00,167.31,92.00,1.23,14.45,20.70,89.06
693.742,3414.00,167.31,92.00,1.23,14.45,20.70,89.06
693.892,3414.00,167.31,92.00,1.23,14.45,20.53,89.06
694.042,3414.00,167.31,92.00,1.23,14.45,20.53,88.86
694.192,3354.50,167.31,92.00,1.23,14.45,20.53,88.86
694.342,3354.50,164.35,92.00,1.23,14.45,20.53,88.86
694.492,3354.50,164.35,92.00,1.23,14.45,20.53,88.86
694.642,3354.50,164.35,92.00,1.17,14.45,20.53,88.86
694.792,3354.50,164.35,92.00,1.17,14.45,20.53,88.86
694.942,3354.50,164.35,92.00,1.17,14.45,20.26,88.86
695.092,3354.50,164.35,92.00,1.17,14.45,20.26,88.46
695.242,3295.50,164.35,92.00,1.17,14.45,20.26,88.46
695.392,3295.50,161.55,92.00,1.17,14.45,20.26,88.46
695.542,3295.50,161.55,88.00,1.17,14.45,20.26,88.46
695.692,3295.50,161.55,88.00,1.12,14.45,20.26,88.46
695.842,3295.50,161.55,88.00,1.12,14.45,20.26,88.46
695.992,3295.50,161.55,88.00,1.12,14.45,20.09,88.46
696.142,3295.50,161.55,88.00,1.12,14.45,20.09,87.96
696.292,3238.50,161.55,88.00,1.12,14.45,20.09,87.96
696.442,3238.50,158.70,88.00,1.12,14.45,20.09,87.96
696.592,3238.50,158.70,88.00,1.12,14.45,20.09,87.96
696.742,3238.50,158.70,88.00,1.08,14.45,20.09,87.96
696.892,3238.50,158.70,88.00,1.08,14.45,20.09,87.96
697.042,3238.50,158.70,88.00,1.08,14.45,20.02,87.96
697.192,3238.50,158.70,88.00,1.08,14.45,20.02,87.36
697.342,3188.50,158.70,88.00,1.08,14.45,20.02,87.36
697.492,3188.50,155.82,88.00,1.08,14.45,20.02,87.36
697.642,3188.50,155.82,88.00,1.08,14.45,20.02,87.36
697.792,3188.50,155.82,88.00,1.06,14.45,20.02,87.36
697.972,3188.50,155.82,88.00,1.06,14.45,20.02,87.36
698.122,3188.50,155.82,88.00,1.06,14.45,19.80,87.36
698.272,3188.50,155.82,88.00,1.06,14.45,19.80,86.76
698.422,3130.00,155.82,88.00,1.06,14.45,19.80,86.76
698.572,3130.00,153.36,88.00,1.06,14.45,19.80,86.76
698.722,3130.00,153.36,84.00,1.06,14.45,19.80,86.76
698.873,3130.00,153.36,84.00,1.05,14.45,19.80,86.76
699.022,3130.00,153.36,84.00,1.05,14.46,19.80,86.76
699.172,3130.00,153.36,84.00,1.05,14.46,19.63,86.76
699.323,3130.00,153.36,84.00,1.05,14.46,19.63,86.16
699.472,3076.00,153.36,84.00,1.05,14.46,19.63,86.16
699.622,3076.00,150.42,84.00,1.05,14.46,19.63,86.16
699.772,3076.00,150.42,84.00,1.05,14.46,19.63,86.16
699.922,3076.00,150.42,84.00,1.00,14.46,19.63,86.16
700.072,3076.00,150.42,84.00,1.00,14.46,19.63,86.16
700.222,3076.00,150.42,84.00,1.00,14.46,19.53,86.16
700.372,3076.00,150.42,84.00,1.00,14.46,19.53,85.56
700.522,3018.50,150.42,84.00,1.00,14.46,19.53,85.56
700.672,3018.50,147.66,84.00,1.00,14.46,19.53,85.56
700.822,3018.50,147.66,84.00,1.00,14.46,19.53,85.56
700.972,3018.50,147.66,84.00,0.98,14.46,19.53,85.56
701.122,3018.50,147.66,84.00,0.98,14.46,19.53,85.56
701.272,3018.50,147.66,84.00,0.98,14.46,19.36,85.56
701.422,3018.50,147.66,84.00,0.98,14.46,19.36,85.16
701.572,2967.50,147.66,84.00,0.98,14.46,19.36,85.16
701.722,2967.50,145.03,84.00,0.98,14.46,19.36,85.16
701.872,2967.50,145.03,80.00,0.98,14.46,19.36,85.16
702.022,2967.50,145.03,80.00,0.95,14.46,19.36,85.16
702.172,2967.50,145.03,80.00,0.95,14.46,19.36,85.16
702.322,2967.50,145.03,80.00,0.95,14.46,18.99,85.16
702.472,2967.50,145.03,80.00,0.95,14.46,18.99,84.76
702.623,2912.00,145.03,80.00,0.95,14.46,18.99,84.76
702.772,2912.00,142.28,80.00,0.95,14.46,18.99,84.76
702.922,2912.00,142.28,76.00,0.95,14.46,18.99,84.76
703.072,2912.00,142.28,76.00,0.90,14.46,18.99,84.76
703.222,2912.00,142.28,76.00,0.90,14.46,18.99,84.76
703.372,2912.00,142.28,76.00,0.90,14.46,18.60,84.76
703.522,2912.00,142.28,76.00,0.90,14.46,18.60,84.36
703.672,2858.00,142.28,76.00,0.90,14.46,18.60,84.36
703.822,2858.00,139.54,76.00,0.90,14.46,18.60,84.36
703.972,2858.00,139.54,76.00,0.90,14.46,18.60,84.36
704.122,2858.00,139.54,76.00,0.86,14.46,18.60,84.36
704.272,2858.00,139.54,76.00,0.86,14.46,18.60,84.36
704.423,2858.00,139.54,76.00,0.86,14.46,18.28,84.36
704.572,2858.00,139.54,76.00,0.86,14.46,18.28,84.06
704.722,2816.50,139.54,76.00,0.86,14.46,18.28,84.06
704.872,2816.50,137.50,76.00,0.86,14.46,18.28,84.06
705.052,2816.50,137.50,72.00,0.86,14.46,18.28,84.06
705.202,2816.50,137.50,72.00,0.81,14.46,18.28,84.06
705.352,2816.50,137.50,72.00,0.81,14.46,18.28,84.06
705.502,2816.50,137.50,72.00,0.81,14.46,18.06,84.06
705.652,2816.50,137.50,72.00,0.81,14.46,18.06,83.66
705.803,2766.50,137.50,72.00,0.81,14.46,18.06,83.66
705.952,2766.50,135.54,72.00,0.81,14.46,18.06,83.66
706.102,2766.50,135.54,72.00,0.81,14.46,18.06,83.66
706.252,2766.50,135.54,72.00,0.77,14.46,18.06,83.66
706.402,2766.50,135.54,72.00,0.77,14.46,18.06,83.66
706.552,2766.50,135.54,72.00,0.77,14.46,17.70,83.66
706.702,2766.50,135.54,72.00,0.77,14.46,17.70,83.36
706.852,2725.50,135.54,72.00,0.77,14.46,17.70,83.36
707.002,2725.50,133.23,72.00,0.77,14.46,17.70,83.36
707.152,2725.50,133.23,68.00,0.77,14.46,17.70,83.36
707.302,2725.50,133.23,68.00,0.75,14.46,17.70,83.36
707.452,2725.50,133.23,68.00,0.75,14.46,17.70,83.36
707.602,2725.50,133.23,68.00,0.75,14.46,17.21,83.36
707.873,2725.50,133.23,68.00,0.75,14.46,17.21,82.96
708.023,2669.00,133.23,68.00,0.75,14.46,17.21,82.96
708.203,2669.00,130.74,68.00,0.75,14.46,17.21,82.96
708.352,2669.00,130.74,64.00,0.75,14.46,17.21,82.96
708.503,2669.00,130.74,64.00,0.70,14.46,17.21,82.96
708.653,2669.00,130.74,64.00,0.70,14.46,17.21,82.96
708.803,2669.00,130.74,64.00,0.70,14.46,16.60,82.96
708.953,2669.00,130.74,64.00,0.70,14.46,16.60,82.86
709.103,2626.00,130.74,64.00,0.70,14.46,16.60,82.86
709.253,2626.00,128.21,64.00,0.70,14.46,16.60,82.86
709.404,2626.00,128.21,64.00,0.70,14.46,16.60,82.86
709.554,2626.00,128.21,64.00,0.67,14.46,16.60,82.86
709.704,2626.00,128.21,64.00,0.67,14.46,16.60,82.86
709.854,2626.00,128.21,64.00,0.67,14.46,15.92,82.86
710.004,2626.00,128.21,64.00,0.67,14.46,15.92,83.06
710.154,2579.00,128.21,64.00,0.67,14.46,15.92,83.06
710.304,2579.00,125.92,64.00,0.67,14.46,15.92,83.06
710.454,2579.00,125.92,60.00,0.67,14.46,15.92,83.06
710.605,2579.00,125.92,60.00,0.64,14.46,15.92,83.06
710.755,2579.00,125.92,60.00,0.64,14.46,15.92,83.06
710.905,2579.00,125.92,60.00,0.64,14.46,15.14,83.06
711.055,2579.00,125.92,60.00,0.64,14.46,15.14,83.46
711.205,2535.00,125.92,60.00,0.64,14.46,15.14,83.46
711.355,2535.00,123.55,60.00,0.64,14.46,15.14,83.46
711.505,2535.00,123.55,60.00,0.64,14.46,15.14,83.46
711.655,2535.00,123.55,60.00,0.61,14.46,15.14,83.46
711.806,2535.00,123.55,60.00,0.61,14.46,15.14,83.46
711.956,2535.00,123.55,60.00,0.61,14.46,14.50,83.46
712.106,2535.00,123.55,60.00,0.61,14.46,14.50,83.86
712.256,2486.00,123.55,60.00,0.61,14.46,14.50,83.86
712.406,2486.00,121.45,60.00,0.61,14.46,14.50,83.86
712.556,2486.00,121.45,56.00,0.61,14.46,14.50,83.86
712.706,2486.00,121.45,56.00,0.57,14.46,14.50,83.86
712.856,2486.00,121.45,56.00,0.57,14.46,14.50,83.86
713.007,2486.00,121.45,56.00,0.57,14.46,14.50,83.86
713.156,2486.00,121.45,56.00,0.57,14.46,14.50,84.26
713.337,2427.50,121.45,56.00,0.57,14.46,14.50,84.26
713.487,2427.50,119.28,56.00,0.57,14.46,14.50,84.26
713.637,2427.50,119.28,56.00,0.57,14.46,14.50,84.26
713.787,2427.50,119.28,56.00,0.55,14.46,14.50,84.26
713.937,2427.50,119.28,56.00,0.55,14.46,14.50,84.26
714.087,2427.50,119.28,56.00,0.55,14.46,14.23,84.26
714.237,2427.50,119.28,56.00,0.55,14.46,14.23,84.96
714.387,2389.50,119.28,56.00,0.55,14.46,14.23,84.96
714.537,2389.50,116.67,56.00,0.55,14.46,14.23,84.96
714.687,2389.50,116.67,96.00,0.55,14.46,14.23,84.96
714.838,2389.50,116.67,96.00,0.55,14.46,14.23,84.96
714.988,2389.50,116.67,96.00,0.55,14.46,14.23,84.96
715.138,2389.50,116.67,96.00,0.55,14.46,20.70,84.96
715.288,2389.50,116.67,96.00,0.55,14.46,20.70,85.66
715.438,2392.00,116.67,96.00,0.55,14.46,20.70,85.66
715.588,2392.00,116.52,96.00,0.55,14.46,20.70,85.66
715.738,2392.00,116.52,96.00,0.55,14.46,20.70,85.66
715.889,2392.00,116.52,96.00,1.05,14.46,20.70,85.66
716.038,2392.00,116.52,96.00,1.05,14.46,20.70,85.66
716.189,2392.00,116.52,96.00,1.05,14.46,17.72,85.66
716.339,2392.00,116.52,96.00,1.05,14.46,17.72,86.26
716.489,2390.50,116.52,96.00,1.05,14.46,17.72,86.26
716.639,2390.50,116.43,96.00,1.05,14.46,17.72,86.26
716.789,2390.50,116.43,72.00,1.05,14.46,17.72,86.26
716.939,2390.50,116.43,72.00,1.08,14.46,17.72,86.26
717.089,2390.50,116.43,72.00,1.08,14.46,17.72,86.26
717.239,2390.50,116.43,72.00,1.08,14.46,13.79,86.26
717.389,2390.50,116.43,72.00,1.08,14.46,13.79,86.86
717.539,2372.00,116.43,72.00,1.08,14.46,13.79,86.86
717.690,2372.00,115.54,72.00,1.08,14.46,13.79,86.86
717.839,2372.00,115.54,64.00,1.08,14.46,13.79,86.86
717.990,2372.00,115.54,64.00,0.68,14.46,13.79,86.86
718.140,2372.00,115.54,64.00,0.68,14.46,13.79,86.86
718.290,2372.00,115.54,64.00,0.68,14.46,14.94,86.86
718.440,2372.00,115.54,64.00,0.68,14.46,14.94,87.46
718.590,2352.00,115.54,64.00,0.68,14.46,14.94,87.46
718.740,2352.00,114.81,64.00,0.68,14.46,14.94,87.46
718.890,2352.00,114.81,72.00,0.68,14.46,14.94,87.46
719.040,2352.00,114.81,72.00,0.57,14.46,14.94,87.46
719.190,2352.00,114.81,72.00,0.57,14.46,14.94,87.46
719.340,2352.00,114.81,72.00,0.57,14.46,17.14,87.46
719.490,2352.00,114.81,72.00,0.57,14.46,17.14,88.26
719.641,2343.50,114.81,72.00,0.57,14.46,17.14,88.26
719.790,2343.50,113.94,72.00,0.57,14.46,17.14,88.26
719.941,2343.50,113.94,72.00,0.57,14.46,17.14,88.26
720.091,2343.50,113.94,72.00,0.62,14.46,17.14,88.26
720.241,2343.50,113.94,72.00,0.62,14.46,17.14,88.26
720.391,2343.50,113.94,72.00,0.62,14.46,16.77,88.26
720.541,2343.50,113.94,72.00,0.62,14.46,16.77,88.86
720.691,2330.50,113.94,72.00,0.62,14.46,16.77,88.86
720.841,2330.50,113.64,72.00,0.62,14.46,16.77,88.86
721.021,2330.50,113.64,68.00,0.62,14.46,16.77,88.86
721.171,2330.50,113.64,68.00,0.66,14.46,16.77,88.86
721.321,2330.50,113.64,68.00,0.66,14.46,16.77,88.86
721.471,2330.50,113.64,68.00,0.66,14.46,16.45,88.86
721.621,2330.50,113.64,68.00,0.66,14.46,16.45,89.56
721.771,2318.50,113.64,68.00,0.66,14.46,16.45,89.56
721.922,2318.50,113.36,68.00,0.66,14.46,16.45,89.56
722.071,2318.50,113.36,68.00,0.66,14.46,16.45,89.56
722.222,2318.50,113.36,68.00,0.64,14.46,16.45,89.56
722.371,2318.50,113.36,68.00,0.64,14.46,16.45,89.56
722.522,2318.50,113.36,68.00,0.64,14.46,15.94,89.56
722.672,2318.50,113.36,68.00,0.64,14.46,15.94,90.16
722.822,2309.00,113.36,68.00,0.64,14.46,15.94,90.16
722.972,2309.00,112.51,68.00,0.64,14.46,15.94,90.16
723.122,2309.00,112.51,64.00,0.64,14.46,15.94,90.16
723.272,2309.00,112.51,64.00,0.61,14.46,15.94,90.16
723.422,2309.00,112.51,64.00,0.61,14.46,15.94,90.16
723.572,2309.00,112.51,64.00,0.61,14.46,16.11,90.16
723.722,2309.00,112.51,64.00,0.61,14.46,16.11,90.86
723.872,2301.50,112.51,64.00,0.61,14.46,16.11,90.86
724.022,2301.50,112.25,64.00,0.61,14.46,16.11,90.86
724.172,2301.50,112.25,64.00,0.61,14.46,16.11,90.86
724.322,2301.50,112.25,64.00,0.58,14.46,16.11,90.86
724.472,2301.50,112.25,64.00,0.58,14.46,16.11,90.86
724.622,2301.50,112.25,64.00,0.58,14.46,16.31,90.86
724.772,2301.50,112.25,64.00,0.58,14.46,16.31,91.46
724.923,2296.50,112.25,64.00,0.58,14.46,16.31,91.46
725.072,2296.50,111.71,64.00,0.58,14.46,16.31,91.46
725.222,2296.50,111.71,64.00,0.58,14.46,16.31,91.46
725.373,2296.50,111.71,64.00,0.60,14.46,16.31,91.46
725.523,2296.50,111.71,64.00,0.60,14.46,16.31,91.46
725.673,2296.50,111.71,64.00,0.60,14.46,14.16,91.46
725.823,2296.50,111.71,64.00,0.60,14.46,14.16,92.06
725.973,1822.50,111.71,64.00,0.60,14.46,14.16,92.06
726.123,1822.50,111.00,64.00,0.60,14.46,14.16,92.06
726.273,1822.50,111.00,28.00,0.60,14.46,14.16,92.06
726.423,1822.50,111.00,28.00,0.49,14.46,14.16,92.06
726.573,1822.50,111.00,28.00,0.49,14.46,14.16,92.06
726.723,1822.50,111.00,28.00,0.49,14.46,9.52,92.06
726.873,1822.50,111.00,28.00,0.49,14.46,9.52,92.46
727.023,1758.50,111.00,28.00,0.49,14.46,9.52,92.46
727.173,1758.50,109.62,28.00,0.49,14.46,9.52,92.46
727.323,1758.50,109.62,32.00,0.49,14.46,9.52,92.46
727.473,1758.50,109.62,32.00,0.31,14.46,9.52,92.46
727.623,1758.50,109.62,32.00,0.31,14.46,9.52,92.46
727.773,1758.50,109.62,32.00,0.31,14.46,11.69,92.46
727.923,1758.50,109.62,32.00,0.31,14.46,11.69,92.76
728.073,1741.50,109.62,32.00,0.31,14.46,11.69,92.76
728.223,1741.50,108.70,32.00,0.31,14.46,11.69,92.76
728.374,1741.50,108.70,36.00,0.31,14.46,11.69,92.76
728.524,1741.50,108.70,36.00,0.24,14.46,11.69,92.76
728.704,1741.50,108.70,36.00,0.24,14.46,11.69,92.76
728.854,1741.50,108.70,36.00,0.24,14.46,11.91,92.76
729.004,1741.50,108.70,36.00,0.24,14.46,11.91,92.96
729.154,1724.00,108.70,36.00,0.24,14.46,11.91,92.96
729.304,1724.00,107.66,36.00,0.24,14.46,11.91,92.96
729.454,1724.00,107.66,36.00,0.24,14.46,11.91,92.96
729.604,1724.00,107.66,36.00,0.20,14.46,11.91,92.96
729.754,1724.00,107.66,36.00,0.20,14.46,11.91,92.96
729.904,1724.00,107.66,36.00,0.20,14.46,12.13,92.96
730.054,1724.00,107.66,36.00,0.20,14.46,12.13,92.96
730.204,1709.00,107.66,36.00,0.20,14.46,12.13,92.96
730.354,1709.00,106.60,36.00,0.20,14.46,12.13,92.96
730.504,1709.00,106.60,36.00,0.20,14.46,12.13,92.96
730.655,1709.00,106.60,36.00,0.18,14.46,12.13,92.96
730.804,1709.00,106.60,36.00,0.18,14.46,12.13,92.96
730.954,1709.00,106.60,36.00,0.18,14.46,10.84,92.96
731.104,1709.00,106.60,36.00,0.18,14.46,10.84,92.86
731.254,1694.50,106.60,36.00,0.18,14.46,10.84,92.86
731.404,1694.50,105.78,36.00,0.18,14.46,10.84,92.86
731.554,1694.50,105.78,32.00,0.18,14.46,10.84,92.86
731.704,1694.50,105.78,32.00,0.17,14.46,10.84,92.86
731.855,1694.50,105.78,32.00,0.17,14.46,10.84,92.86
732.005,1694.50,105.78,32.00,0.17,14.46,11.38,92.86
732.154,1694.50,105.78,32.00,0.17,14.46,11.38,92.76
732.305,1676.00,105.78,32.00,0.17,14.46,11.38,92.76
732.454,1676.00,104.82,32.00,0.17,14.46,11.38,92.76
732.604,1676.00,104.82,32.00,0.17,14.46,11.38,92.76
732.755,1676.00,104.82,32.00,0.16,14.46,11.38,92.76
732.905,1676.00,104.82,32.00,0.16,14.46,11.38,92.76
733.055,1676.00,104.82,32.00,0.16,14.46,11.45,92.76
733.205,1676.00,104.82,32.00,0.16,14.46,11.45,92.56
733.355,1663.00,104.82,32.00,0.16,14.46,11.45,92.56
733.505,1663.00,103.93,32.00,0.16,14.46,11.45,92.56
733.655,1663.00,103.93,32.00,0.16,14.46,11.45,92.56
733.805,1663.00,103.93,32.00,0.14,14.46,11.45,92.56
733.955,1663.00,103.93,32.00,0.14,14.46,11.45,92.56
734.105,1663.00,103.93,32.00,0.14,14.46,11.77,92.56
734.255,1663.00,103.93,32.00,0.14,14.46,11.77,92.36
734.405,1652.00,103.93,32.00,0.14,14.46,11.77,92.36
734.554,1652.00,103.08,32.00,0.14,14.46,11.77,92.36
734.705,1652.00,103.08,32.00,0.14,14.46,11.77,92.36
734.855,1652.00,103.08,32.00,0.13,14.46,11.77,92.36
735.005,1652.00,103.08,32.00,0.13,14.46,11.77,92.36
735.156,1652.00,103.08,32.00,0.13,14.46,13.30,92.36
735.305,1652.00,103.08,32.00,0.13,14.46,13.30,92.06
735.455,1637.50,103.08,32.00,0.13,14.46,13.30,92.06
735.605,1637.50,102.32,32.00,0.13,14.46,13.30,92.06
735.755,1637.50,102.32,40.00,0.13,14.46,13.30,92.06
735.905,1637.50,102.32,40.00,0.15,14.46,13.30,92.06
736.055,1637.50,102.32,40.00,0.15,14.46,13.30,92.06
736.205,1637.50,102.32,40.00,0.15,14.46,13.33,92.06
736.385,1637.50,102.32,40.00,0.15,14.46,13.33,91.76
736.535,1624.00,102.32,40.00,0.15,14.46,13.33,91.76
736.685,1624.00,101.68,40.00,0.15,14.46,13.33,91.76
736.835,1624.00,101.68,32.00,0.15,14.46,13.33,91.76
736.985,1624.00,101.68,32.00,0.16,14.46,13.33,91.76
737.135,1624.00,101.68,32.00,0.16,14.46,13.33,91.76
737.285,1624.00,101.68,32.00,0.16,14.46,12.84,91.76
737.435,1624.00,101.68,32.00,0.16,14.46,12.84,91.46
737.586,1615.50,101.68,32.00,0.16,14.46,12.84,91.46
737.735,1615.50,100.67,32.00,0.16,14.46,12.84,91.46
737.886,1615.50,100.67,36.00,0.16,14.46,12.84,91.46
738.035,1615.50,100.67,36.00,0.15,14.46,12.84,91.46
738.185,1615.50,100.67,36.00,0.15,14.46,12.84,91.46
738.336,1615.50,100.67,36.00,0.15,14.46,13.16,91.46
738.485,1615.50,100.67,36.00,0.15,14.46,13.16,91.16
738.635,1600.00,100.67,36.00,0.15,14.46,13.16,91.16
738.786,1600.00,99.82,36.00,0.15,14.46,13.16,91.16
738.935,1600.00,99.82,36.00,0.15,14.46,13.16,91.16
739.086,1600.00,99.82,36.00,0.15,14.46,13.16,91.16
739.236,1600.00,99.82,36.00,0.15,14.46,13.16,91.16
739.386,1600.00,99.82,36.00,0.15,14.46,13.35,91.16
739.536,1600.00,99.82,36.00,0.15,14.46,13.35,90.96
739.686,1588.00,99.82,36.00,0.15,14.46,13.35,90.96
739.836,1588.00,99.22,36.00,0.15,14.46,13.35,90.96
739.986,1588.00,99.22,36.00,0.15,14.46,13.35,90.96
740.136,1588.00,99.22,36.00,0.16,14.46,13.35,90.96
740.286,1588.00,99.22,36.00,0.16,14.46,13.35,90.96
740.436,1588.00,99.22,36.00,0.16,14.46,13.16,90.96
740.586,1588.00,99.22,36.00,0.16,14.46,13.16,90.66
740.736,1579.00,99.22,36.00,0.16,14.46,13.16,90.66
740.885,1579.00,98.39,36.00,0.16,14.46,13.16,90.66
741.036,1579.00,98.39,40.00,0.16,14.46,13.16,90.66
741.186,1579.00,98.39,40.00,0.17,14.46,13.16,90.66
741.336,1579.00,98.39,40.00,0.17,14.46,13.16,90.66
741.486,1579.00,98.39,40.00,0.17,14.46,13.40,90.66
741.636,1579.00,98.39,40.00,0.17,14.46,13.40,90.46
741.786,1566.00,98.39,40.00,0.17,14.46,13.40,90.46
741.936,1566.00,97.77,40.00,0.17,14.46,13.40,90.46
742.086,1566.00,97.77,36.00,0.17,14.46,13.40,90.46
742.236,1566.00,97.77,36.00,0.18,14.46,13.40,90.46
742.386,1566.00,97.77,36.00,0.18,14.46,13.40,90.46
742.536,1566.00,97.77,36.00,0.18,14.46,13.38,90.46
742.687,1566.00,97.77,36.00,0.18,14.46,13.38,90.26
742.836,1555.50,97.77,36.00,0.18,14.46,13.38,90.26
742.986,1555.50,97.15,36.00,0.18,14.46,13.38,90.26
743.136,1555.50,97.15,40.00,0.18,14.46,13.38,90.26
743.286,1555.50,97.15,40.00,0.18,14.46,13.38,90.26
743.436,1555.50,97.15,40.00,0.18,14.46,13.38,90.26
743.586,1555.50,97.15,40.00,0.18,14.46,13.89,90.26
743.736,1555.50,97.15,40.00,0.18,14.46,13.89,90.16
743.886,1546.00,97.15,40.00,0.18,14.46,13.89,90.16
744.067,1546.00,96.42,40.00,0.18,14.46,13.89,90.16
744.216,1546.00,96.42,48.00,0.18,14.46,13.89,90.16
744.366,1546.00,96.42,48.00,0.20,14.46,13.89,90.16
744.516,1546.00,96.42,48.00,0.20,14.46,13.89,90.16
744.666,1546.00,96.42,48.00,0.20,14.46,17.11,90.16
744.816,1546.00,96.42,48.00,0.20,14.46,17.11,90.26
744.966,1542.00,96.42,48.00,0.20,14.46,17.11,90.26
745.116,1542.00,96.14,48.00,0.20,14.46,17.11,90.26
745.266,1542.00,96.14,56.00,0.20,14.46,17.11,90.26
745.416,1542.00,96.14,56.00,0.36,14.46,17.11,90.26
745.566,1542.00,96.14,56.00,0.36,14.46,17.11,90.26
745.716,1542.00,96.14,56.00,0.36,14.46,16.14,90.26
745.866,1542.00,96.14,56.00,0.36,14.46,16.14,90.36
746.016,1540.00,96.14,56.00,0.36,14.46,16.14,90.36
746.166,1540.00,95.99,56.00,0.36,14.46,16.14,90.36
746.316,1540.00,95.99,56.00,0.36,14.46,16.14,90.36
746.466,1540.00,95.99,56.00,0.44,14.46,16.14,90.36
746.617,1540.00,95.99,56.00,0.44,14.46,16.14,90.36
746.767,1540.00,95.99,56.00,0.44,14.46,15.65,90.36
746.917,1540.00,95.99,56.00,0.44,14.46,15.65,90.46
747.067,1537.00,95.99,56.00,0.44,14.46,15.65,90.46
747.216,1537.00,95.99,56.00,0.44,14.46,15.65,90.46
747.366,1537.00,95.99,52.00,0.44,14.46,15.65,90.46
747.516,1537.00,95.99,52.00,0.49,14.46,15.65,90.46
747.666,1537.00,95.99,52.00,0.49,14.46,15.65,90.46
747.817,1537.00,95.99,52.00,0.49,14.46,15.18,90.46
747.967,1537.00,95.99,52.00,0.49,14.46,15.18,90.66
748.117,1536.00,95.99,52.00,0.49,14.46,15.18,90.66
748.267,1536.00,95.88,52.00,0.49,14.46,15.18,90.66
748.417,1536.00,95.88,52.00,0.49,14.46,15.18,90.66
748.567,1536.00,95.88,52.00,0.49,14.46,15.18,90.66
748.717,1536.00,95.88,52.00,0.49,14.46,15.18,90.66
748.866,1536.00,95.88,52.00,0.49,14.46,15.16,90.66
749.017,1536.00,95.88,52.00,0.49,14.46,15.16,90.96
749.167,1536.50,95.88,52.00,0.49,14.46,15.16,90.96
749.317,1536.50,95.52,52.00,0.49,14.46,15.16,90.96
749.467,1536.50,95.52,52.00,0.49,14.46,15.16,90.96
749.617,1536.50,95.52,52.00,0.49,14.46,15.16,90.96
749.767,1536.50,95.52,52.00,0.49,14.46,15.16,90.96
749.917,1536.50,95.52,52.00,0.49,14.46,15.11,90.96
750.067,1536.50,95.52,52.00,0.49,14.46,15.11,91.16
750.217,1536.50,95.52,52.00,0.49,14.46,15.11,91.16
750.367,1536.50,95.70,52.00,0.49,14.46,15.11,91.16
750.517,1536.50,95.70,52.00,0.49,14.46,15.11,91.16
750.667,1536.50,95.70,52.00,0.50,14.46,15.11,91.16
750.817,1536.50,95.70,52.00,0.50,14.46,15.11,91.16
750.967,1536.50,95.70,52.00,0.50,14.46,15.14,91.16
751.117,1536.50,95.70,52.00,0.50,14.46,15.14,91.36
751.267,1533.00,95.70,52.00,0.50,14.46,15.14,91.36
751.417,1533.00,95.61,52.00,0.50,14.46,15.14,91.36
751.567,1533.00,95.61,52.00,0.50,14.46,15.14,91.36
751.747,1533.00,95.61,52.00,0.50,14.46,15.14,91.36
751.897,1533.00,95.61,52.00,0.50,14.46,15.14,91.36
752.047,1533.00,95.61,52.00,0.50,14.46,15.14,91.36
752.197,1533.00,95.61,52.00,0.50,14.46,15.14,91.66
752.347,1533.50,95.61,52.00,0.50,14.46,15.14,91.66
752.497,1533.50,95.70,52.00,0.50,14.46,15.14,91.66
752.647,1533.50,95.70,56.00,0.50,14.46,15.14,91.66
752.797,1533.50,95.70,56.00,0.50,14.46,15.14,91.66
752.947,1533.50,95.70,56.00,0.50,14.46,15.14,91.66
753.097,1533.50,95.70,56.00,0.50,14.46,15.65,91.66
753.247,1533.50,95.70,56.00,0.50,14.46,15.65,91.86
753.397,1534.00,95.70,56.00,0.50,14.46,15.65,91.86
753.547,1534.00,95.82,56.00,0.50,14.46,15.65,91.86
753.697,1534.00,95.82,60.00,0.50,14.46,15.65,91.86
753.847,1534.00,95.82,60.00,0.56,14.46,15.65,91.86
753.997,1534.00,95.82,60.00,0.56,14.46,15.65,91.86
754.147,1534.00,95.82,60.00,0.56,14.46,15.84,91.86
754.297,1534.00,95.82,60.00,0.56,14.46,15.84,92.06
754.447,1532.50,95.82,60.00,0.56,14.46,15.84,92.06
754.597,1532.50,95.89,60.00,0.56,14.46,15.84,92.06
754.747,1532.50,95.89,60.00,0.56,14.46,15.84,92.06
754.897,1532.50,95.89,60.00,0.61,14.46,15.84,92.06
755.047,1532.50,95.89,60.00,0.61,14.46,15.84,92.06
755.197,1532.50,95.89,60.00,0.61,14.46,15.67,92.06
755.347,1532.50,95.89,60.00,0.61,14.46,15.67,92.16
755.497,1535.00,95.89,60.00,0.61,14.46,15.67,92.16
755.647,1535.00,95.62,60.00,0.61,14.46,15.67,92.16
755.797,1535.00,95.62,60.00,0.61,14.46,15.67,92.16
755.947,1535.00,95.62,60.00,0.62,14.46,15.67,92.16
756.097,1535.00,95.62,60.00,0.62,14.46,15.67,92.16
756.247,1535.00,95.62,60.00,0.62,14.46,15.45,92.16
756.397,1535.00,95.62,60.00,0.62,14.46,15.45,92.26
756.547,1536.50,95.62,60.00,0.62,14.46,15.45,92.26
756.697,1536.50,95.72,60.00,0.62,14.46,15.45,92.26
756.847,1536.50,95.72,60.00,0.62,14.46,15.45,92.26
756.997,1536.50,95.72,60.00,0.63,14.46,15.45,92.26
757.147,1536.50,95.72,60.00,0.63,14.46,15.45,92.26
757.297,1536.50,95.72,60.00,0.63,14.46,15.94,92.26
757.447,1536.50,95.72,60.00,0.63,14.46,15.94,92.36
757.597,1536.00,95.72,60.00,0.63,14.46,15.94,92.36
757.747,1536.00,95.75,60.00,0.63,14.46,15.94,92.36
757.897,1536.00,95.75,64.00,0.63,14.46,15.94,92.36
758.047,1536.00,95.75,64.00,0.70,14.46,15.94,92.36
758.197,1536.00,95.75,64.00,0.70,14.46,15.94,92.36
758.347,1536.00,95.75,64.00,0.70,14.46,16.11,92.36
758.497,1536.00,95.75,64.00,0.70,14.46,16.11,92.26
758.647,1539.50,95.75,64.00,0.70,14.46,16.11,92.26
758.797,1539.50,95.73,64.00,0.70,14.46,16.11,92.26
758.947,1539.50,95.73,144.00,0.70,14.46,16.11,92.26
759.097,1539.50,95.73,144.00,1.07,14.46,16.11,92.26
759.247,1539.50,95.73,144.00,1.07,14.46,16.11,92.26
759.427,1539.50,95.73,144.00,1.07,14.46,98.00,92.26
759.578,1539.50,95.73,144.00,1.07,14.46,98.00,92.26
759.727,1566.50,95.73,144.00,1.07,14.46,98.00,92.26
759.877,1566.50,97.83,144.00,1.07,14.46,98.00,92.26
760.027,1566.50,97.83,184.00,1.07,14.46,98.00,92.26
760.177,1566.50,97.83,184.00,3.94,14.46,98.00,92.26
760.327,1566.50,97.83,184.00,3.94,14.46,98.00,92.26
760.477,1566.50,97.83,184.00,3.94,14.46,98.00,92.26
760.657,1566.50,97.83,184.00,3.94,14.46,98.00,92.26
760.807,1616.50,97.83,184.00,3.94,14.46,98.00,92.26
760.957,1616.50,100.75,184.00,3.94,14.46,98.00,92.26
761.107,1616.50,100.75,216.00,3.94,14.46,98.00,92.26
761.257,1616.50,100.75,216.00,6.23,14.46,98.00,92.26
761.407,1616.50,100.75,216.00,6.23,14.46,98.00,92.26
761.557,1616.50,100.75,216.00,6.23,14.46,98.00,92.26
761.707,1616.50,100.75,216.00,6.23,14.46,98.00,92.26
761.857,1666.00,100.75,216.00,6.23,14.46,98.00,92.26
762.008,1666.00,103.91,216.00,6.23,14.46,98.00,92.26
762.157,1666.00,103.91,240.00,6.23,14.46,98.00,92.26
762.307,1666.00,103.91,240.00,7.46,14.46,98.00,92.26
762.457,1666.00,103.91,240.00,7.46,14.46,98.00,92.26
762.607,1666.00,103.91,240.00,7.46,14.46,98.00,92.26
762.757,1666.00,103.91,240.00,7.46,14.46,98.00,92.26
762.907,1718.00,103.91,240.00,7.46,14.46,98.00,92.26
763.057,1718.00,107.07,240.00,7.46,14.46,98.00,92.26
763.207,1718.00,107.07,248.00,7.46,14.46,98.00,92.26
763.387,1718.00,107.07,248.00,8.08,14.46,98.00,92.26
763.537,1718.00,107.07,248.00,8.08,14.46,98.00,92.26
763.687,1718.00,107.07,248.00,8.08,14.46,98.00,92.26
763.837,1718.00,107.07,248.00,8.08,14.46,98.00,92.36
763.987,1784.50,107.07,248.00,8.08,14.46,98.00,92.36
764.137,1784.50,110.74,248.00,8.08,14.46,98.00,92.36
764.287,1784.50,110.74,264.00,8.08,14.46,98.00,92.36
764.438,1784.50,110.74,264.00,8.70,14.46,98.00,92.36
764.587,1784.50,110.74,264.00,8.70,14.46,98.00,92.36
764.737,1784.50,110.74,264.00,8.70,14.46,98.00,92.36
764.887,1784.50,110.74,264.00,8.70,14.46,98.00,92.56
765.038,1832.50,110.74,264.00,8.70,14.46,98.00,92.56
765.188,1832.50,113.86,264.00,8.70,14.46,98.00,92.56
765.337,1832.50,113.86,284.00,8.70,14.46,98.00,92.56
765.488,1832.50,113.86,284.00,9.55,14.46,98.00,92.56
765.637,1832.50,113.86,284.00,9.55,14.46,98.00,92.56
765.818,1832.50,113.86,284.00,9.55,14.46,98.00,92.56
765.968,1832.50,113.86,284.00,9.55,14.46,98.00,92.76
766.118,1894.50,113.86,284.00,9.55,14.46,98.00,92.76
766.268,1894.50,117.58,284.00,9.55,14.46,98.00,92.76
766.418,1894.50,117.58,304.00,9.55,14.46,98.00,92.76
766.567,1894.50,117.58,304.00,10.87,14.46,98.00,92.76
766.718,1894.50,117.58,304.00,10.87,14.46,98.00,92.76
766.868,1894.50,117.58,304.00,10.87,14.46,98.00,92.76
767.018,1894.50,117.58,304.00,10.87,14.46,98.00,93.06
767.168,1951.50,117.58,304.00,10.87,14.46,98.00,93.06
767.318,1951.50,121.33,304.00,10.87,14.46,98.00,93.06
767.467,1951.50,121.33,336.00,10.87,14.46,98.00,93.06
767.618,1951.50,121.33,336.00,12.88,14.46,98.00,93.06
767.768,1951.50,121.33,336.00,12.88,14.46,98.00,93.06
767.918,1951.50,121.33,336.00,12.88,14.46,98.00,93.06
768.068,1951.50,121.33,336.00,12.88,14.46,98.00,93.36
768.218,2028.00,121.33,336.00,12.88,14.46,98.00,93.36
768.368,2028.00,125.47,336.00,12.88,14.46,98.00,93.36
768.518,2028.00,125.47,380.00,12.88,14.46,98.00,93.36
768.668,2028.00,125.47,380.00,16.01,14.46,98.00,93.36
768.818,2028.00,125.47,380.00,16.01,14.46,98.00,93.36
768.968,2028.00,125.47,380.00,16.01,14.46,98.00,93.36
769.118,2028.00,125.47,380.00,16.01,14.46,98.00,93.66
769.268,2092.50,125.47,380.00,16.01,14.46,98.00,93.66
769.418,2092.50,129.96,380.00,16.01,14.46,98.00,93.66
769.568,2092.50,129.96,428.00,16.01,14.46,98.00,93.66
769.718,2092.50,129.96,428.00,18.20,14.46,98.00,93.66
769.868,2092.50,129.96,428.00,18.20,14.46,98.00,93.66
770.018,2092.50,129.96,428.00,18.20,14.46,65.21,93.66
770.168,2092.50,129.96,428.00,18.20,14.46,65.21,94.06
770.318,2176.00,129.96,428.00,18.20,14.46,65.21,94.06
770.468,2176.00,134.82,428.00,18.20,14.46,65.21,94.06
770.618,2176.00,134.82,428.00,18.20,14.46,65.21,94.06
770.768,2176.00,134.82,428.00,16.61,14.46,65.21,94.06
770.948,2176.00,134.82,428.00,16.61,14.46,65.21,94.06
771.098,2176.00,134.82,428.00,16.61,14.46,94.09,94.06
771.248,2176.00,134.82,428.00,16.61,14.46,94.09,94.46
771.398,2234.50,134.82,428.00,16.61,14.46,94.09,94.46
771.548,2234.50,139.21,428.00,16.61,14.46,94.09,94.46
771.698,2234.50,139.21,452.00,16.61,14.46,94.09,94.46
771.848,2234.50,139.21,452.00,17.86,14.46,94.09,94.46
771.998,2234.50,139.21,452.00,17.86,14.46,94.09,94.46
772.148,2234.50,139.21,452.00,17.86,14.46,75.22,94.46
772.298,2234.50,139.21,452.00,17.86,14.46,75.22,94.96
772.448,2311.50,139.21,452.00,17.86,14.46,75.22,94.96
772.598,2311.50,143.81,452.00,17.86,14.46,75.22,94.96
772.748,2311.50,143.81,444.00,17.86,14.46,75.22,94.96
772.898,2311.50,143.81,444.00,16.01,14.46,75.22,94.96
773.048,2311.50,143.81,444.00,16.01,14.46,75.22,94.96
773.198,2311.50,143.81,444.00,16.01,14.46,95.75,94.96
773.348,2311.50,143.81,444.00,16.01,14.46,95.75,95.46
773.498,2381.50,143.81,444.00,16.01,14.46,95.75,95.46
773.648,2381.50,148.21,444.00,16.01,14.46,95.75,95.46
773.798,2381.50,148.21,460.00,16.01,14.46,95.75,95.46
773.948,2381.50,148.21,460.00,16.68,14.46,95.75,95.46
774.098,2381.50,148.21,460.00,16.68,14.46,95.75,95.46
774.248,2381.50,148.21,460.00,16.68,14.46,80.96,95.46
774.398,2381.50,148.21,460.00,16.68,14.46,80.96,96.06
774.548,2438.00,148.21,460.00,16.68,14.46,80.96,96.06
774.698,2438.00,152.28,460.00,16.68,14.46,80.96,96.06
774.848,2438.00,152.28,476.00,16.68,14.46,80.96,96.06
774.998,2438.00,152.28,476.00,16.47,14.46,80.96,96.06
775.148,2438.00,152.28,476.00,16.47,14.46,80.96,96.06
775.298,2438.00,152.28,476.00,16.47,14.46,89.74,96.06
775.448,2438.00,152.28,476.00,16.47,14.46,89.74,96.26
775.598,2514.00,152.28,476.00,16.47,14.46,89.74,96.26
775.748,2514.00,156.22,476.00,16.47,14.46,89.74,96.26
775.898,2514.00,156.22,504.00,16.47,14.46,89.74,96.26
776.048,2514.00,156.22,504.00,17.80,14.46,89.74,96.26
776.198,2514.00,156.22,504.00,17.80,14.46,89.74,96.26
776.348,2514.00,156.22,504.00,17.80,14.46,63.16,96.26
776.498,2514.00,156.22,504.00,17.80,14.46,63.16,94.66
776.648,2568.00,156.22,504.00,17.80,14.46,63.16,94.66
776.798,2568.00,160.65,504.00,17.80,14.46,63.16,94.66
776.948,2568.00,160.65,512.00,17.80,14.46,63.16,94.66
777.098,2568.00,160.65,512.00,17.07,14.46,63.16,94.66
777.248,2568.00,160.65,512.00,17.07,14.46,63.16,94.66
777.399,2568.00,160.65,512.00,17.07,14.46,94.11,94.66
777.548,2568.00,160.65,512.00,17.07,14.46,94.11,91.76
777.698,2637.00,160.65,512.00,17.07,14.46,94.11,91.76
777.848,2637.00,164.29,512.00,17.07,14.46,94.11,91.76
777.998,2637.00,164.29,528.00,17.07,14.46,94.11,91.76
778.148,2637.00,164.29,528.00,17.08,14.46,94.11,91.76
778.298,2637.00,164.29,528.00,17.08,14.45,94.11,91.76
778.448,2637.00,164.29,528.00,17.08,14.45,98.00,91.76
778.628,2637.00,164.29,528.00,17.08,14.45,98.00,89.26
778.779,2706.00,164.29,528.00,17.08,14.45,98.00,89.26
778.928,2706.00,168.39,528.00,17.08,14.45,98.00,89.26
779.078,2706.00,168.39,584.00,17.08,14.45,98.00,89.26
779.228,2706.00,168.39,584.00,19.47,14.45,98.00,89.26
779.378,2706.00,168.39,584.00,19.47,14.45,98.00,89.26
779.528,2706.00,168.39,584.00,19.47,14.45,82.01,89.26
779.678,2706.00,168.39,584.00,19.47,14.45,82.01,88.16
779.828,2767.50,168.39,584.00,19.47,14.45,82.01,88.16
779.978,2767.50,172.28,584.00,19.47,14.45,82.01,88.16
780.128,2767.50,172.28,576.00,19.47,14.45,82.01,88.16
780.278,2767.50,172.28,576.00,18.83,14.45,82.01,88.16
780.428,2767.50,172.28,576.00,18.83,14.45,82.01,88.16
780.578,2767.50,172.28,576.00,18.83,14.45,82.52,88.16
780.728,2767.50,172.28,576.00,18.83,14.45,82.52,87.86
780.878,2831.00,172.28,576.00,18.83,14.45,82.52,87.86
781.028,2831.00,176.37,576.00,18.83,14.45,82.52,87.86
781.178,2831.00,176.37,580.00,18.83,14.45,82.52,87.86
781.328,2831.00,176.37,580.00,17.47,14.45,82.52,87.86
781.478,2831.00,176.37,580.00,17.47,14.45,82.52,87.86
781.628,2831.00,176.37,580.00,17.47,14.45,89.04,87.86
781.778,2831.00,176.37,580.00,17.47,14.45,89.04,88.16
781.928,2890.00,176.37,580.00,17.47,14.45,89.04,88.16
782.078,2890.00,179.86,580.00,17.47,14.45,89.04,88.16
782.228,2890.00,179.86,592.00,17.47,14.45,89.04,88.16
782.378,2890.00,179.86,592.00,17.57,14.45,89.04,88.16
782.528,2890.00,179.86,592.00,17.57,14.45,89.04,88.16
782.678,2890.00,179.86,592.00,17.57,14.45,98.00,88.16
782.828,2890.00,179.86,592.00,17.57,14.45,98.00,88.66
782.978,2946.00,179.86,592.00,17.57,14.45,98.00,88.66
783.128,2946.00,183.35,592.00,17.57,14.45,98.00,88.66
783.278,2946.00,183.35,624.00,17.57,14.45,98.00,88.66
783.428,2946.00,183.35,624.00,18.25,14.45,98.00,88.66
783.578,2946.00,183.35,624.00,18.25,14.45,98.00,88.66
783.728,2946.00,183.35,624.00,18.25,14.45,93.70,88.66
783.878,2946.00,183.35,624.00,18.25,14.45,93.70,89.26
784.028,2993.50,183.35,624.00,18.25,14.45,93.70,89.26
784.178,2993.50,186.77,624.00,18.25,14.45,93.70,89.26
784.328,2993.50,186.77,616.00,18.25,14.45,93.70,89.26
784.478,2993.50,186.77,616.00,17.18,14.45,93.70,89.26
784.628,2993.50,186.77,616.00,17.18,14.45,93.70,89.26
784.778,2993.50,186.77,616.00,17.18,14.45,93.75,89.26
784.928,2993.50,186.77,616.00,17.18,14.45,93.75,89.86
785.078,3038.00,186.77,616.00,17.18,14.45,93.75,89.86
785.228,3038.00,189.74,616.00,17.18,14.45,93.75,89.86
785.378,3038.00,189.74,676.00,17.18,14.45,93.75,89.86
785.528,3038.00,189.74,676.00,20.24,14.45,93.75,89.86
785.678,3038.00,189.74,676.00,20.24,14.45,93.75,89.86
785.828,3038.00,189.74,676.00,20.24,14.45,63.01,89.86
785.978,3038.00,189.74,676.00,20.24,14.45,63.01,90.26
786.128,3102.50,189.74,676.00,20.24,14.45,63.01,90.26
786.308,3102.50,192.96,676.00,20.24,14.45,63.01,90.26
786.458,3102.50,192.96,648.00,20.24,14.45,63.01,90.26
786.608,3102.50,192.96,648.00,18.17,14.45,63.01,90.26
786.758,3102.50,192.96,648.00,18.17,14.45,63.01,90.26
786.908,3102.50,192.96,648.00,18.17,14.45,96.53,90.26
787.058,3102.50,192.96,648.00,18.17,14.45,96.53,90.46
787.208,3150.00,192.96,648.00,18.17,14.45,96.53,90.46
787.358,3150.00,196.36,648.00,18.17,14.45,96.53,90.46
787.508,3150.00,196.36,68.00,18.17,14.45,96.53,90.46
787.658,3150.00,196.36,68.00,7.73,14.45,96.53,90.46
787.808,3150.00,196.36,68.00,7.73,14.45,96.53,90.46
787.958,3150.00,196.36,68.00,7.73,14.45,12.64,90.46
788.108,3150.00,196.36,68.00,7.73,14.45,12.64,90.46
788.258,3076.00,196.36,68.00,7.73,14.45,12.64,90.46
788.408,3076.00,193.07,68.00,7.73,14.45,12.64,90.46
788.558,3076.00,193.07,84.00,7.73,14.45,12.64,90.46
788.708,3076.00,193.07,84.00,2.16,14.45,12.64,90.46
788.858,3076.00,193.07,84.00,2.16,14.45,12.64,90.46
789.008,3076.00,193.07,84.00,2.16,14.45,17.89,90.46
789.158,3076.00,193.07,84.00,2.16,14.45,17.89,90.46
789.308,3012.50,193.07,84.00,2.16,14.45,17.89,90.46
789.458,3012.50,189.23,84.00,2.16,14.45,17.89,90.46
789.608,3012.50,189.23,80.00,2.16,14.45,17.89,90.46
789.758,3012.50,189.23,80.00,1.33,14.45,17.89,90.46
789.908,3012.50,189.23,80.00,1.33,14.45,17.89,90.46
790.058,3012.50,189.23,80.00,1.33,14.45,19.48,90.46
790.208,3012.50,189.23,80.00,1.33,14.45,19.48,90.26
790.358,2947.00,189.23,80.00,1.33,14.45,19.48,90.26
790.508,2947.00,185.75,80.00,1.33,14.45,19.48,90.26
790.658,2947.00,185.75,80.00,1.33,14.45,19.48,90.26
790.808,2947.00,185.75,80.00,1.07,14.45,19.48,90.26
790.958,2947.00,185.75,80.00,1.07,14.45,19.48,90.26
791.108,2947.00,185.75,80.00,1.07,14.45,19.58,90.26
791.258,2947.00,185.75,80.00,1.07,14.45,19.58,89.96
791.438,2896.00,185.75,80.00,1.07,14.45,19.58,89.96
791.588,2896.00,181.78,80.00,1.07,14.45,19.58,89.96
791.738,2896.00,181.78,76.00,1.07,14.45,19.58,89.96
791.888,2896.00,181.78,76.00,0.96,14.45,19.58,89.96
792.038,2896.00,181.78,76.00,0.96,14.45,19.58,89.96
792.188,2896.00,181.78,76.00,0.96,14.45,19.07,89.96
792.338,2896.00,181.78,76.00,0.96,14.45,19.07,89.46
792.488,2837.50,181.78,76.00,0.96,14.45,19.07,89.46
792.638,2837.50,178.46,76.00,0.96,14.45,19.07,89.46
792.818,2837.50,178.46,72.00,0.96,14.45,19.07,89.46
792.968,2837.50,178.46,72.00,0.89,14.45,19.07,89.46
793.118,2837.50,178.46,72.00,0.89,14.45,19.07,89.46
793.268,2837.50,178.46,72.00,0.89,14.45,18.77,89.46
793.418,2837.50,178.46,72.00,0.89,14.45,18.77,88.86
793.568,2792.50,178.46,72.00,0.89,14.45,18.77,88.86
793.718,2792.50,175.14,72.00,0.89,14.45,18.77,88.86
793.868,2792.50,175.14,72.00,0.89,14.45,18.77,88.86
794.019,2792.50,175.14,72.00,0.84,14.45,18.77,88.86
794.168,2792.50,175.14,72.00,0.84,14.45,18.77,88.86
794.318,2792.50,175.14,72.00,0.84,14.45,18.26,88.86
794.468,2792.50,175.14,72.00,0.84,14.45,18.26,88.26
794.618,2737.00,175.14,72.00,0.84,14.45,18.26,88.26
794.768,2737.00,172.10,72.00,0.84,14.45,18.26,88.26
794.919,2737.00,172.10,68.00,0.84,14.45,18.26,88.26
795.068,2737.00,172.10,68.00,0.80,14.45,18.26,88.26
795.219,2737.00,172.10,68.00,0.80,14.45,18.26,88.26
795.368,2737.00,172.10,68.00,0.80,14.45,17.63,88.26
795.519,2737.00,172.10,68.00,0.80,14.45,17.63,87.56
795.668,2688.00,172.10,68.00,0.80,14.45,17.63,87.56
795.818,2688.00,169.16,68.00,0.80,14.45,17.63,87.56
795.968,2688.00,169.16,68.00,0.80,14.45,17.63,87.56
796.118,2688.00,169.16,68.00,0.75,14.45,17.63,87.56
796.268,2688.00,169.16,68.00,0.75,14.45,17.63,87.56
796.418,2688.00,169.16,68.00,0.75,14.45,17.38,87.56
796.568,2688.00,169.16,68.00,0.75,14.45,17.38,86.96
796.719,2646.00,169.16,68.00,0.75,14.45,17.38,86.96
796.868,2646.00,166.18,68.00,0.75,14.45,17.38,86.96
797.018,2646.00,166.18,64.00,0.75,14.45,17.38,86.96
797.168,2646.00,166.18,64.00,0.73,14.45,17.38,86.96
797.318,2646.00,166.18,64.00,0.73,14.45,17.38,86.96
797.468,2646.00,166.18,64.00,0.73,14.45,16.45,86.96
797.618,2646.00,166.18,64.00,0.73,14.45,16.45,86.36
797.768,2596.00,166.18,64.00,0.73,14.45,16.45,86.36
797.948,2596.00,163.30,64.00,0.73,14.45,16.45,86.36
798.098,2596.00,163.30,64.00,0.73,14.45,16.45,86.36
798.248,2596.00,163.30,64.00,0.68,14.45,16.45,86.36
798.398,2596.00,163.30,64.00,0.68,14.45,16.45,86.36
798.548,2596.00,163.30,64.00,0.68,14.45,15.82,86.36
798.698,2596.00,163.30,64.00,0.68,14.45,15.82,85.86
798.848,2546.00,163.30,64.00,0.68,14.45,15.82,85.86
798.998,2546.00,160.37,64.00,0.68,14.45,15.82,85.86
799.148,2546.00,160.37,60.00,0.68,14.45,15.82,85.86
799.298,2546.00,160.37,60.00,0.66,14.45,15.82,85.86
799.448,2546.00,160.37,60.00,0.66,14.45,15.82,85.86
799.598,2546.00,160.37,60.00,0.66,14.45,14.99,85.86
799.749,2546.00,160.37,60.00,0.66,14.45,14.99,85.36
799.898,2508.50,160.37,60.00,0.66,14.45,14.99,85.36
800.048,2508.50,157.50,60.00,0.66,14.45,14.99,85.36
800.198,2508.50,157.50,60.00,0.66,14.45,14.99,85.36
800.378,2508.50,157.50,60.00,0.62,14.45,14.99,85.36
800.528,2508.50,157.50,60.00,0.62,14.45,14.99,85.36
800.678,2508.50,157.50,60.00,0.62,14.45,14.48,85.36
800.828,2508.50,157.50,60.00,0.62,14.45,14.48,84.86
800.978,2459.00,157.50,60.00,0.62,14.45,14.48,84.86
801.128,2459.00,154.69,60.00,0.62,14.45,14.48,84.86
801.278,2459.00,154.69,56.00,0.62,14.45,14.48,84.86
801.428,2459.00,154.69,56.00,0.59,14.45,14.48,84.86
801.578,2459.00,154.69,56.00,0.59,14.45,14.48,84.86
801.728,2459.00,154.69,56.00,0.59,14.45,14.35,84.86
801.878,2459.00,154.69,56.00,0.59,14.45,14.35,84.46
802.028,2421.00,154.69,56.00,0.59,14.45,14.35,84.46
802.178,2421.00,152.21,56.00,0.59,14.45,14.35,84.46
802.328,2421.00,152.21,56.00,0.59,14.45,14.35,84.46
802.478,2421.00,152.21,56.00,0.55,14.45,14.35,84.46
802.628,2421.00,152.21,56.00,0.55,14.45,14.35,84.46
802.778,2421.00,152.21,56.00,0.55,14.45,14.21,84.46
802.928,2421.00,152.21,56.00,0.55,14.45,14.21,84.06
803.078,2379.50,152.21,56.00,0.55,14.45,14.21,84.06
803.228,2379.50,149.35,56.00,0.55,14.45,14.21,84.06
803.378,2379.50,149.35,52.00,0.55,14.45,14.21,84.06
803.528,2379.50,149.35,52.00,0.53,14.45,14.21,84.06
803.678,2379.50,149.35,52.00,0.53,14.45,14.21,84.06
803.828,2379.50,149.35,52.00,0.53,14.45,13.72,84.06
803.978,2379.50,149.35,52.00,0.53,14.45,13.72,83.76
804.129,2340.50,149.35,52.00,0.53,14.45,13.72,83.76
804.278,2340.50,145.98,52.00,0.53,14.45,13.72,83.76
804.428,2340.50,145.98,48.00,0.53,14.45,13.72,83.76
804.579,2340.50,145.98,48.00,0.49,14.45,13.72,83.76
804.729,2340.50,145.98,48.00,0.49,14.45,13.72,83.76
804.879,2340.50,145.98,48.00,0.49,14.45,13.35,83.76
805.028,2340.50,145.98,48.00,0.49,14.45,13.35,83.46
805.178,2297.00,145.98,48.00,0.49,14.45,13.35,83.46
805.328,2297.00,144.00,48.00,0.49,14.45,13.35,83.46
805.508,2297.00,144.00,44.00,0.49,14.45,13.35,83.46
805.658,2297.00,144.00,44.00,0.46,14.45,13.35,83.46
805.839,2297.00,144.00,44.00,0.46,14.45,13.35,83.46
805.989,2297.00,144.00,44.00,0.46,14.45,13.01,83.46
806.139,2297.00,144.00,44.00,0.46,14.45,13.01,83.06
806.289,2240.50,144.00,44.00,0.46,14.45,13.01,83.06
806.439,2240.50,141.25,44.00,0.46,14.45,13.01,83.06
806.588,2240.50,141.25,44.00,0.46,14.45,13.01,83.06
806.739,2240.50,141.25,44.00,0.43,14.45,13.01,83.06
806.888,2240.50,141.25,44.00,0.43,14.45,13.01,83.06
807.038,2240.50,141.25,44.00,0.43,14.45,12.69,83.06
807.189,2240.50,141.25,44.00,0.43,14.45,12.69,82.66
807.339,2201.00,141.25,44.00,0.43,14.45,12.69,82.66
807.489,2201.00,138.75,44.00,0.43,14.45,12.69,82.66
807.639,2201.00,138.75,40.00,0.43,14.45,12.69,82.66
807.789,2201.00,138.75,40.00,0.41,14.45,12.69,82.66
807.938,2201.00,138.75,40.00,0.41,14.45,12.69,82.66
808.118,2201.00,138.75,40.00,0.41,14.45,12.35,82.66
808.268,2201.00,138.75,40.00,0.41,14.45,12.35,82.26
808.418,2160.50,138.75,40.00,0.41,14.45,12.35,82.26
808.569,2160.50,136.08,40.00,0.41,14.45,12.35,82.26
808.719,2160.50,136.08,40.00,0.41,14.45,12.35,82.26
808.868,2160.50,136.08,40.00,0.38,14.45,12.35,82.26
809.019,2160.50,136.08,40.00,0.38,14.45,12.35,82.26
809.168,2160.50,136.08,40.00,0.38,14.45,11.86,82.26
809.349,2160.50,136.08,40.00,0.38,14.45,11.86,81.96
809.498,2116.50,136.08,40.00,0.38,14.45,11.86,81.96
809.648,2116.50,133.40,40.00,0.38,14.45,11.86,81.96
809.799,2116.50,133.40,32.00,0.38,14.45,11.86,81.96
809.949,2116.50,133.40,32.00,0.38,14.45,11.86,81.96
810.098,2116.50,133.40,32.00,0.38,14.45,11.86,81.96
810.248,2116.50,133.40,32.00,0.38,14.45,10.03,81.96
810.399,2116.50,133.40,32.00,0.38,14.45,10.03,81.86
810.549,2104.50,133.40,32.00,0.38,14.45,10.03,81.86
810.698,2104.50,131.18,32.00,0.38,14.45,10.03,81.86
810.878,2104.50,131.18,64.00,0.38,14.45,10.03,81.86
811.028,2104.50,131.18,64.00,0.31,14.45,10.03,81.86
811.179,2104.50,131.18,64.00,0.31,14.45,10.03,81.86
811.329,2104.50,131.18,64.00,0.31,14.45,21.92,81.86
811.479,2104.50,131.18,64.00,0.31,14.45,21.92,82.06
811.629,2088.50,131.18,64.00,0.31,14.45,21.92,82.06
811.779,2088.50,130.47,64.00,0.31,14.45,21.92,82.06
811.959,2088.50,130.47,88.00,0.31,14.45,21.92,82.06
812.110,2088.50,130.47,88.00,0.95,14.45,21.92,82.06
812.259,2088.50,130.47,88.00,0.95,14.45,21.92,82.06
812.409,2088.50,130.47,88.00,0.95,14.45,17.70,82.06
812.559,2088.50,130.47,88.00,0.95,14.45,17.70,82.36
812.708,2079.50,130.47,88.00,0.95,14.45,17.70,82.36
812.858,2079.50,129.99,88.00,0.95,14.45,17.70,82.36
813.009,2079.50,129.99,88.00,0.95,14.45,17.70,82.36
813.189,2079.50,129.99,88.00,1.23,14.45,17.70,82.36
813.339,2079.50,129.99,88.00,1.23,14.45,17.70,82.36
813.489,2079.50,129.99,88.00,1.23,14.45,17.19,82.36
813.639,2079.50,129.99,88.00,1.23,14.45,17.19,82.86
813.789,2072.00,129.99,88.00,1.23,14.45,17.19,82.86
813.940,2072.00,129.30,88.00,1.23,14.45,17.19,82.86
814.089,2072.00,129.30,80.00,1.23,14.45,17.19,82.86
814.239,2072.00,129.30,80.00,1.25,14.45,17.19,82.86
814.389,2072.00,129.30,80.00,1.25,14.45,17.19,82.86
814.539,2072.00,129.30,80.00,1.25,14.45,15.87,82.86
814.689,2072.00,129.30,80.00,1.25,14.45,15.87,83.46
814.839,2065.50,129.30,80.00,1.25,14.45,15.87,83.46
814.989,2065.50,129.10,80.00,1.25,14.45,15.87,83.46
815.139,2065.50,129.10,64.00,1.25,14.45,15.87,83.46
815.319,2065.50,129.10,64.00,0.92,14.45,15.87,83.46
815.468,2065.50,129.10,64.00,0.92,14.45,15.87,83.46
815.619,2065.50,129.10,64.00,0.92,14.45,15.33,83.46
815.799,2065.50,129.10,64.00,0.92,14.45,15.33,84.06
815.949,2056.00,129.10,64.00,0.92,14.45,15.33,84.06
816.099,2056.00,128.57,64.00,0.92,14.45,15.33,84.06
816.279,2056.00,128.57,64.00,0.92,14.45,15.33,84.06
816.429,2056.00,128.57,64.00,0.65,14.45,15.33,84.06
816.579,2056.00,128.57,64.00,0.65,14.45,15.33,84.06
816.729,2056.00,128.57,64.00,0.65,14.45,16.06,84.06
816.878,2056.00,128.57,64.00,0.65,14.45,16.06,84.86
817.029,2044.50,128.57,64.00,0.65,14.45,16.06,84.86
817.179,2044.50,127.79,64.00,0.65,14.45,16.06,84.86
817.359,2044.50,127.79,60.00,0.65,14.45,16.06,84.86
817.509,2044.50,127.79,60.00,0.58,14.45,16.06,84.86
817.659,2044.50,127.79,60.00,0.58,14.45,16.06,84.86
817.809,2044.50,127.79,60.00,0.58,14.45,16.50,84.86
817.959,2044.50,127.79,60.00,0.58,14.45,16.50,85.86
818.109,2022.50,127.79,60.00,0.58,14.45,16.50,85.86
818.259,2022.50,126.70,60.00,0.58,14.45,16.50,85.86
818.408,2022.50,126.70,60.00,0.58,14.45,16.50,85.86
818.589,2022.50,126.70,60.00,0.55,14.45,16.50,85.86
818.739,2022.50,126.70,60.00,0.55,14.45,16.50,85.86
818.888,2022.50,126.70,60.00,0.55,14.45,16.21,85.86
819.039,2022.50,126.70,60.00,0.55,14.45,16.21,86.86
819.189,2013.00,126.70,60.00,0.55,14.45,16.21,86.86
819.339,2013.00,125.50,60.00,0.55,14.45,16.21,86.86
819.488,2013.00,125.50,60.00,0.55,14.45,16.21,86.86
819.639,2013.00,125.50,60.00,0.50,14.45,16.21,86.86
819.789,2013.00,125.50,60.00,0.50,14.45,16.21,86.86
819.969,2013.00,125.50,60.00,0.50,14.45,16.33,86.86
820.119,2013.00,125.50,60.00,0.50,14.45,16.33,87.76
820.269,1993.50,125.50,60.00,0.50,14.45,16.33,87.76
820.419,1993.50,124.45,60.00,0.50,14.45,16.33,87.76
820.599,1993.50,124.45,52.00,0.50,14.45,16.33,87.76
820.749,1993.50,124.45,52.00,0.46,14.45,16.33,87.76
820.899,1993.50,124.45,52.00,0.46,14.45,16.33,87.76
821.049,1993.50,124.45,52.00,0.46,14.45,14.79,87.76
821.199,1993.50,124.45,52.00,0.46,14.45,14.79,88.66
821.349,1975.00,124.45,52.00,0.46,14.45,14.79,88.66
821.499,1975.00,123.21,52.00,0.46,14.45,14.79,88.66
821.649,1975.00,123.21,48.00,0.46,14.45,14.79,88.66
821.799,1975.00,123.21,48.00,0.40,14.45,14.79,88.66
821.949,1975.00,123.21,48.00,0.40,14.45,14.79,88.66
822.099,1975.00,123.21,48.00,0.40,14.45,14.65,88.66
822.249,1975.00,123.21,48.00,0.40,14.45,14.65,89.36
822.399,1955.00,123.21,48.00,0.40,14.45,14.65,89.36
822.549,1955.00,122.18,48.00,0.40,14.45,14.65,89.36
822.699,1955.00,122.18,48.00,0.40,14.45,14.65,89.36
822.848,1955.00,122.18,48.00,0.35,14.45,14.65,89.36
822.999,1955.00,122.18,48.00,0.35,14.45,14.65,89.36
823.149,1955.00,122.18,48.00,0.35,14.45,14.89,89.36
823.299,1955.00,122.18,48.00,0.35,14.45,14.89,90.16
823.449,1940.50,122.18,48.00,0.35,14.45,14.89,90.16
823.599,1940.50,121.35,48.00,0.35,14.45,14.89,90.16
823.749,1940.50,121.35,48.00,0.35,14.45,14.89,90.16
823.899,1940.50,121.35,48.00,0.32,14.45,14.89,90.16
824.049,1940.50,121.35,48.00,0.32,14.45,14.89,90.16
824.199,1940.50,121.35,48.00,0.32,14.45,15.01,90.16
824.349,1940.50,121.35,48.00,0.32,14.45,15.01,90.86
824.499,1946.50,121.35,48.00,0.32,14.45,15.01,90.86
824.649,1946.50,120.59,48.00,0.32,14.45,15.01,90.86
824.829,1946.50,120.59,76.00,0.32,14.45,15.01,90.86
824.979,1946.50,120.59,76.00,0.42,14.45,15.01,90.86
825.129,1946.50,120.59,76.00,0.42,14.45,15.01,90.86
825.279,1946.50,120.59,76.00,0.42,14.45,18.02,90.86
825.429,1946.50,120.59,76.00,0.42,14.45,18.02,91.46
825.579,1919.50,120.59,76.00,0.42,14.45,18.02,91.46
825.729,1919.50,119.84,76.00,0.42,14.45,18.02,91.46
825.879,1919.50,119.84,64.00,0.42,14.45,18.02,91.46
826.029,1919.50,119.84,64.00,0.57,14.45,18.02,91.46
826.179,1919.50,119.84,64.00,0.57,14.45,18.02,91.46
826.329,1919.50,119.84,64.00,0.57,14.45,16.77,91.46
826.479,1919.50,119.84,64.00,0.57,14.45,16.77,91.96
826.629,1915.00,119.84,64.00,0.57,14.45,16.77,91.96
826.779,1915.00,119.44,64.00,0.57,14.45,16.77,91.96
826.929,1915.00,119.44,64.00,0.57,14.45,16.77,91.96
827.079,1915.00,119.44,64.00,0.59,14.45,16.77,91.96
827.259,1915.00,119.44,64.00,0.59,14.45,16.77,91.96
827.409,1915.00,119.44,64.00,0.59,14.45,16.26,91.96
827.559,1915.00,119.44,64.00,0.59,14.45,16.26,92.26
827.709,1901.50,119.44,64.00,0.59,14.45,16.26,92.26
827.859,1901.50,118.96,64.00,0.59,14.45,16.26,92.26
828.009,1901.50,118.96,64.00,0.59,14.45,16.26,92.26
828.159,1901.50,118.96,64.00,0.57,14.45,16.26,92.26
828.309,1901.50,118.96,64.00,0.57,14.45,16.26,92.26
828.459,1901.50,118.96,64.00,0.57,14.45,16.38,92.26
828.609,1901.50,118.96,64.00,0.57,14.45,16.38,92.56
828.759,1894.50,118.96,64.00,0.57,14.45,16.38,92.56
828.909,1894.50,118.35,64.00,0.57,14.45,16.38,92.56
829.059,1894.50,118.35,60.00,0.57,14.45,16.38,92.56
829.209,1894.50,118.35,60.00,0.56,14.45,16.38,92.56
829.359,1894.50,118.35,60.00,0.56,14.45,16.38,92.56
829.509,1894.50,118.35,60.00,0.56,14.45,15.72,92.56
829.659,1894.50,118.35,60.00,0.56,14.45,15.72,92.56
829.809,1886.00,118.35,60.00,0.56,14.45,15.72,92.56
829.959,1886.00,117.78,60.00,0.56,14.45,15.72,92.56
830.109,1886.00,117.78,60.00,0.56,14.45,15.72,92.56
830.259,1886.00,117.78,60.00,0.50,14.45,15.72,92.56
830.439,1886.00,117.78,60.00,0.50,14.45,15.72,92.56
830.589,1886.00,117.78,60.00,0.50,14.45,13.28,92.56
830.739,1886.00,117.78,60.00,0.50,14.45,13.28,92.46
830.888,1834.50,117.78,60.00,0.50,14.45,13.28,92.46
831.039,1834.50,116.44,60.00,0.50,14.45,13.28,92.46
831.219,1834.50,116.44,24.00,0.50,14.45,13.28,92.46
831.369,1834.50,116.44,24.00,0.36,14.45,13.28,92.46
831.519,1834.50,116.44,24.00,0.36,14.45,13.28,92.46
831.669,1834.50,116.44,24.00,0.36,14.45,9.03,92.46
831.819,1834.50,116.44,24.00,0.36,14.45,9.03,92.26
831.999,1819.50,116.44,24.00,0.36,14.45,9.03,92.26
832.149,1819.50,114.26,24.00,0.36,14.45,9.03,92.26
832.299,1819.50,114.26,24.00,0.36,14.45,9.03,92.26
832.448,1819.50,114.26,24.00,0.25,14.45,9.03,92.26
832.599,1819.50,114.26,24.00,0.25,14.45,9.03,92.26
832.749,1819.50,114.26,24.00,0.25,14.45,9.08,92.26
832.899,1819.50,114.26,24.00,0.25,14.45,9.08,91.96
833.049,1774.50,114.26,24.00,0.25,14.45,9.08,91.96
833.199,1774.50,112.11,24.00,0.25,14.45,9.08,91.96
833.349,1774.50,112.11,24.00,0.25,14.45,9.08,91.96
833.499,1774.50,112.11,24.00,0.22,14.45,9.08,91.96
833.649,1774.50,112.11,24.00,0.22,14.45,9.08,91.96
833.799,1774.50,112.11,24.00,0.22,14.45,9.13,91.96
833.949,1774.50,112.11,24.00,0.22,14.45,9.13,91.56
834.099,1744.50,112.11,24.00,0.22,14.45,9.13,91.56
834.249,1744.50,110.18,24.00,0.22,14.45,9.13,91.56
834.399,1744.50,110.18,24.00,0.22,14.45,9.13,91.56
834.549,1744.50,110.18,24.00,0.19,14.45,9.13,91.56
834.699,1744.50,110.18,24.00,0.19,14.45,9.13,91.56
834.849,1744.50,110.18,24.00,0.19,14.45,9.08,91.56
834.999,1744.50,110.18,24.00,0.19,14.45,9.08,91.06
835.149,1711.50,110.18,24.00,0.19,14.45,9.08,91.06
835.299,1711.50,108.03,24.00,0.19,14.45,9.08,91.06
835.449,1711.50,108.03,20.00,0.19,14.45,9.08,91.06
835.599,1711.50,108.03,20.00,0.17,14.45,9.08,91.06
835.748,1711.50,108.03,20.00,0.17,14.44,9.08,91.06
835.899,1711.50,108.03,20.00,0.17,14.44,9.06,91.06
836.049,1711.50,108.03,20.00,0.17,14.44,9.06,90.56
836.229,1693.50,108.03,20.00,0.17,14.44,9.06,90.56
836.379,1693.50,106.25,20.00,0.17,14.44,9.06,90.56
836.529,1693.50,106.25,20.00,0.17,14.44,9.06,90.56
836.679,1693.50,106.25,20.00,0.13,14.44,9.06,90.56
836.829,1693.50,106.25,20.00,0.13,14.44,9.06,90.56
836.979,1693.50,106.25,20.00,0.13,14.44,9.15,90.56
837.159,1693.50,106.25,20.00,0.13,14.44,9.15,90.06
837.309,1650.50,106.25,20.00,0.13,14.44,9.15,90.06
837.459,1650.50,104.67,20.00,0.13,14.44,9.15,90.06
837.639,1650.50,104.67,20.00,0.13,14.44,9.15,90.06
837.789,1650.50,104.67,20.00,0.08,14.44,9.15,90.06
837.939,1650.50,104.67,20.00,0.08,14.44,9.15,90.06
838.089,1650.50,104.67,20.00,0.08,14.44,17.70,90.06
838.239,1650.50,104.67,20.00,0.08,14.44,17.70,89.46
838.389,1651.00,104.67,20.00,0.08,14.44,17.70,89.46
838.629,1651.00,103.34,20.00,0.08,14.44,17.70,89.46
838.779,1651.00,103.34,20.00,0.08,14.44,17.70,89.46
838.929,1651.00,103.34,20.00,0.13,14.44,17.70,89.46
839.079,1651.00,103.34,20.00,0.13,14.44,17.70,89.46
839.229,1651.00,103.34,20.00,0.13,14.44,98.00,89.46
839.379,1651.00,103.34,20.00,0.13,14.44,98.00,89.06
839.529,1650.00,103.34,20.00,0.13,14.44,98.00,89.06
839.679,1650.00,103.17,20.00,0.13,14.44,98.00,89.06
839.829,1650.00,103.17,156.00,0.13,14.44,98.00,89.06
839.979,1650.00,103.17,156.00,1.91,14.44,98.00,89.06
840.129,1650.00,103.17,156.00,1.91,14.45,98.00,89.06
840.279,1650.00,103.17,156.00,1.91,14.45,98.00,89.06
840.429,1650.00,103.17,156.00,1.91,14.45,98.00,88.76
840.579,1688.00,103.17,156.00,1.91,14.45,98.00,88.76
840.729,1688.00,105.30,156.00,1.91,14.45,98.00,88.76
840.879,1688.00,105.30,208.00,1.91,14.45,98.00,88.76
841.029,1688.00,105.30,208.00,4.97,14.45,98.00,88.76
841.179,1688.00,105.30,208.00,4.97,14.45,98.00,88.76
841.329,1688.00,105.30,208.00,4.97,14.45,98.00,88.76
841.479,1688.00,105.30,208.00,4.97,14.45,98.00,88.66
841.629,1729.00,105.30,208.00,4.97,14.45,98.00,88.66
841.779,1729.00,108.00,208.00,4.97,14.45,98.00,88.66
841.929,1729.00,108.00,236.00,4.97,14.45,98.00,88.66
842.079,1729.00,108.00,236.00,6.75,14.45,98.00,88.66
842.229,1729.00,108.00,236.00,6.75,14.45,98.00,88.66
842.379,1729.00,108.00,236.00,6.75,14.45,98.00,88.66
842.529,1729.00,108.00,236.00,6.75,14.45,98.00,88.86
842.679,1787.00,108.00,236.00,6.75,14.45,98.00,88.86
842.829,1787.00,110.96,236.00,6.75,14.45,98.00,88.86
842.979,1787.00,110.96,260.00,6.75,14.45,98.00,88.86
843.129,1787.00,110.96,260.00,8.24,14.45,98.00,88.86
843.279,1787.00,110.96,260.00,8.24,14.45,98.00,88.86
843.429,1787.00,110.96,260.00,8.24,14.45,98.00,88.86
843.579,1787.00,110.96,260.00,8.24,14.45,98.00,89.16
843.729,1836.50,110.96,260.00,8.24,14.45,98.00,89.16
843.909,1836.50,114.13,260.00,8.24,14.45,98.00,89.16
844.059,1836.50,114.13,284.00,8.24,14.45,98.00,89.16
844.209,1836.50,114.13,284.00,9.61,14.45,98.00,89.16
844.359,1836.50,114.13,284.00,9.61,14.44,98.00,89.16
844.509,1836.50,114.13,284.00,9.61,14.44,98.00,89.16
844.659,1836.50,114.13,284.00,9.61,14.44,98.00,89.76
844.809,1900.50,114.13,284.00,9.61,14.44,98.00,89.76
844.959,1900.50,117.97,284.00,9.61,14.44,98.00,89.76
845.109,1900.50,117.97,308.00,9.61,14.44,98.00,89.76
845.259,1900.50,117.97,308.00,11.03,14.44,98.00,89.76
845.409,1900.50,117.97,308.00,11.03,14.44,98.00,89.76
845.559,1900.50,117.97,308.00,11.03,14.44,98.00,89.76
845.709,1900.50,117.97,308.00,11.03,14.44,98.00,90.56
845.858,1954.00,117.97,308.00,11.03,14.44,98.00,90.56
846.009,1954.00,121.71,308.00,11.03,14.44,98.00,90.56
846.159,1954.00,121.71,344.00,11.03,14.44,98.00,90.56
846.309,1954.00,121.71,344.00,13.57,14.44,98.00,90.56
846.459,1954.00,121.71,344.00,13.57,14.44,98.00,90.56
846.609,1954.00,121.71,344.00,13.57,14.44,98.00,90.56
846.759,1954.00,121.71,344.00,13.57,14.44,98.00,91.26
846.909,2013.00,121.71,344.00,13.57,14.44,98.00,91.26
847.059,2013.00,125.67,344.00,13.57,14.44,98.00,91.26
847.209,2013.00,125.67,388.00,13.57,14.44,98.00,91.26
847.359,2013.00,125.67,388.00,16.37,14.44,98.00,91.26
847.509,2013.00,125.67,388.00,16.37,14.44,98.00,91.26
847.659,2013.00,125.67,388.00,16.37,14.44,45.85,91.26
847.809,2013.00,125.67,388.00,16.37,14.44,45.85,92.16
847.989,2101.50,125.67,388.00,16.37,14.44,45.85,92.16
848.139,2101.50,130.28,388.00,16.37,14.44,45.85,92.16
848.288,2101.50,130.28,416.00,16.37,14.44,45.85,92.16
848.439,2101.50,130.28,416.00,17.04,14.44,45.85,92.16
848.588,2101.50,130.28,416.00,17.04,14.44,45.85,92.16
848.739,2101.50,130.28,416.00,17.04,14.44,83.01,92.16
848.888,2101.50,130.28,416.00,17.04,14.44,83.01,93.16
849.039,2161.50,130.28,416.00,17.04,14.44,83.01,93.16
849.188,2161.50,134.45,416.00,17.04,14.44,83.01,93.16
849.339,2161.50,134.45,420.00,17.04,14.44,83.01,93.16
849.489,2161.50,134.45,420.00,16.13,14.44,83.01,93.16
849.639,2161.50,134.45,420.00,16.13,14.44,83.01,93.16
849.788,2161.50,134.45,420.00,16.13,14.44,97.00,93.16
849.939,2161.50,134.45,420.00,16.13,14.44,97.00,93.86
850.119,2230.50,134.45,420.00,16.13,14.44,97.00,93.86
850.299,2230.50,139.02,420.00,16.13,14.44,97.00,93.86
850.448,2230.50,139.02,440.00,16.13,14.44,97.00,93.86
850.629,2230.50,139.02,440.00,17.13,14.44,97.00,93.86
850.779,2230.50,139.02,440.00,17.13,14.44,97.00,93.86
850.929,2230.50,139.02,440.00,17.13,14.44,67.45,93.86
851.079,2230.50,139.02,440.00,17.13,14.44,67.45,94.46
851.229,2310.00,139.02,440.00,17.13,14.44,67.45,94.46
851.379,2310.00,143.40,440.00,17.13,14.44,67.45,94.46
851.529,2310.00,143.40,444.00,17.13,14.44,67.45,94.46
851.709,2310.00,143.40,444.00,16.20,14.44,67.45,94.46
851.858,2310.00,143.40,444.00,16.20,14.44,67.45,94.46
852.009,2310.00,143.40,444.00,16.20,14.44,94.63,94.46
852.159,2310.00,143.40,444.00,16.20,14.44,94.63,94.86
852.309,2382.00,143.40,444.00,16.20,14.44,94.63,94.86
852.459,2382.00,147.65,444.00,16.20,14.44,94.63,94.86
852.609,2382.00,147.65,472.00,16.20,14.44,94.63,94.86
852.759,2382.00,147.65,472.00,16.96,14.44,94.63,94.86
852.909,2382.00,147.65,472.00,16.96,14.44,94.63,94.86
853.059,2382.00,147.65,472.00,16.96,14.44,85.20,94.86
853.209,2382.00,147.65,472.00,16.96,14.44,85.20,95.26
853.359,2447.50,147.65,472.00,16.96,14.44,85.20,95.26
853.509,2447.50,151.71,472.00,16.96,14.44,85.20,95.26
853.658,2447.50,151.71,468.00,16.96,14.44,85.20,95.26
853.808,2447.50,151.71,468.00,16.28,14.44,85.20,95.26
853.959,2447.50,151.71,468.00,16.28,14.44,85.20,95.26
854.139,2447.50,151.71,468.00,16.28,14.44,97.41,95.26
854.289,2447.50,151.71,468.00,16.28,14.44,97.41,95.46
854.439,2499.50,151.71,468.00,16.28,14.44,97.41,95.46
854.589,2499.50,155.45,468.00,16.28,14.44,97.41,95.46
854.738,2499.50,155.45,500.00,16.28,14.44,97.41,95.46
854.888,2499.50,155.45,500.00,17.51,14.44,97.41,95.46
855.039,2499.50,155.45,500.00,17.51,14.44,97.41,95.46
855.189,2499.50,155.45,500.00,17.51,14.44,82.44,95.46
855.339,2499.50,155.45,500.00,17.51,14.44,82.44,94.26
855.488,2559.00,155.45,500.00,17.51,14.44,82.44,94.26
855.639,2559.00,159.34,500.00,17.51,14.44,82.44,94.26
855.788,2559.00,159.34,500.00,17.51,14.44,82.44,94.26
855.939,2559.00,159.34,500.00,17.02,14.44,82.44,94.26
856.088,2559.00,159.34,500.00,17.02,14.44,82.44,94.26
856.239,2559.00,159.34,500.00,17.02,14.44,72.56,94.26
856.389,2559.00,159.34,500.00,17.02,14.44,72.56,91.06
856.539,2628.50,159.34,500.00,17.02,14.44,72.56,91.06
856.689,2628.50,163.27,500.00,17.02,14.44,72.56,91.06
856.839,2628.50,163.27,508.00,17.02,14.44,72.56,91.06
856.989,2628.50,163.27,508.00,16.16,14.44,72.56,91.06
857.139,2628.50,163.27,508.00,16.16,14.44,72.56,91.06
857.289,2628.50,163.27,508.00,16.16,14.44,91.43,91.06
857.438,2628.50,163.27,508.00,16.16,14.44,91.43,88.46
857.589,2669.50,163.27,508.00,16.16,14.44,91.43,88.46
857.738,2669.50,166.40,508.00,16.16,14.44,91.43,88.46
857.888,2669.50,166.40,540.00,16.16,14.44,91.43,88.46
858.039,2669.50,166.40,540.00,17.36,14.44,91.43,88.46
858.188,2669.50,166.40,540.00,17.36,14.44,91.43,88.46
858.339,2669.50,166.40,540.00,17.36,14.44,95.95,88.46
858.489,2669.50,166.40,540.00,17.36,14.44,95.95,87.16
858.639,2737.00,166.40,540.00,17.36,14.44,95.95,87.16
858.789,2737.00,170.33,540.00,17.36,14.44,95.95,87.16
858.939,2737.00,170.33,544.00,17.36,14.44,95.95,87.16
859.089,2737.00,170.33,544.00,16.74,14.44,95.95,87.16
859.268,2737.00,170.33,544.00,16.74,14.44,95.95,87.16
859.419,2737.00,170.33,544.00,16.74,14.44,98.00,87.16
859.569,2737.00,170.33,544.00,16.74,14.44,98.00,86.96
859.719,2779.00,170.33,544.00,16.74,14.44,98.00,86.96
859.869,2779.00,173.85,544.00,16.74,14.44,98.00,86.96
860.019,2779.00,173.85,548.00,16.74,14.44,98.00,86.96
860.169,2779.00,173.85,548.00,16.43,14.44,98.00,86.96
860.319,2779.00,173.85,548.00,16.43,14.44,98.00,86.96
860.468,2779.00,173.85,548.00,16.43,14.44,98.00,86.96
860.618,2779.00,173.85,548.00,16.43,14.44,98.00,87.36
860.769,2839.50,173.85,548.00,16.43,14.44,98.00,87.36
860.919,2839.50,177.33,548.00,16.43,14.44,98.00,87.36
861.069,2839.50,177.33,588.00,16.43,14.44,98.00,87.36
861.219,2839.50,177.33,588.00,18.07,14.44,98.00,87.36
861.369,2839.50,177.33,588.00,18.07,14.44,98.00,87.36
861.519,2839.50,177.33,588.00,18.07,14.44,86.50,87.36
861.669,2839.50,177.33,588.00,18.07,14.44,86.50,88.06
861.819,2908.50,177.33,588.00,18.07,14.44,86.50,88.06
861.999,2908.50,180.85,588.00,18.07,14.44,86.50,88.06
862.149,2908.50,180.85,624.00,18.07,14.44,86.50,88.06
862.299,2908.50,180.85,624.00,19.32,14.44,86.50,88.06
862.449,2908.50,180.85,624.00,19.32,14.43,86.50,88.06
862.599,2908.50,180.85,624.00,19.32,14.43,87.35,88.06
862.749,2908.50,180.85,624.00,19.32,14.43,87.35,88.76
862.899,2957.50,180.85,624.00,19.32,14.43,87.35,88.76
863.049,2957.50,184.40,624.00,19.32,14.43,87.35,88.76
863.229,2957.50,184.40,640.00,19.32,14.43,87.35,88.76
863.379,2957.50,184.40,640.00,18.84,14.43,87.35,88.76
863.529,2957.50,184.40,640.00,18.84,14.43,87.35,88.76
863.679,2957.50,184.40,640.00,18.84,14.43,90.50,88.76
863.829,2957.50,184.40,640.00,18.84,14.43,90.50,89.46
863.979,3007.00,184.40,640.00,18.84,14.43,90.50,89.46
864.129,3007.00,187.73,640.00,18.84,14.43,90.50,89.46
864.279,3007.00,187.73,636.00,18.84,14.43,90.50,89.46
864.429,3007.00,187.73,636.00,18.09,14.43,90.50,89.46
864.579,3007.00,187.73,636.00,18.09,14.43,90.50,89.46
864.729,3007.00,187.73,636.00,18.09,14.43,89.74,89.46
864.879,3007.00,187.73,636.00,18.09,14.43,89.74,89.86
865.029,3059.00,187.73,636.00,18.09,14.43,89.74,89.86
865.179,3059.00,191.32,636.00,18.09,14.43,89.74,89.86
865.329,3059.00,191.32,672.00,18.09,14.43,89.74,89.86
865.479,3059.00,191.32,672.00,20.40,14.43,89.74,89.86
865.659,3059.00,191.32,672.00,20.40,14.43,89.74,89.86
865.809,3059.00,191.32,672.00,20.40,14.43,56.32,89.86
865.959,3059.00,191.32,672.00,20.40,14.43,56.32,90.06
866.109,3123.50,191.32,672.00,20.40,14.43,56.32,90.06
866.259,3123.50,194.64,672.00,20.40,14.43,56.32,90.06
866.409,3123.50,194.64,652.00,20.40,14.43,56.32,90.06
866.559,3123.50,194.64,652.00,17.48,14.43,56.32,90.06
866.709,3123.50,194.64,652.00,17.48,14.43,56.32,90.06
866.858,3123.50,194.64,652.00,17.48,14.43,94.87,90.06
867.009,3123.50,194.64,652.00,17.48,14.43,94.87,89.96
867.159,3164.50,194.64,652.00,17.48,14.43,94.87,89.96
867.309,3164.50,197.53,652.00,17.48,14.43,94.87,89.96
867.459,3164.50,197.53,68.00,17.48,14.43,94.87,89.96
867.609,3164.50,197.53,68.00,7.80,14.43,94.87,89.96
867.759,3164.50,197.53,68.00,7.80,14.43,94.87,89.96
867.909,3164.50,197.53,68.00,7.80,14.43,10.08,89.96
868.059,3164.50,197.53,68.00,7.80,14.43,10.08,89.96
868.209,3083.50,197.53,68.00,7.80,14.43,10.08,89.96
868.359,3083.50,193.91,68.00,7.80,14.43,10.08,89.96
868.509,3083.50,193.91,68.00,7.80,14.43,10.08,89.96
868.659,3083.50,193.91,68.00,2.05,14.43,10.08,89.96
868.809,3083.50,193.91,68.00,2.05,14.43,10.08,89.96
868.959,3083.50,193.91,68.00,2.05,14.43,14.09,89.96
869.109,3083.50,193.91,68.00,2.05,14.43,14.09,89.96
869.259,3037.50,193.91,68.00,2.05,14.43,14.09,89.96
869.409,3037.50,190.92,68.00,2.05,14.43,14.09,89.96
869.559,3037.50,190.92,84.00,2.05,14.43,14.09,89.96
869.709,3037.50,190.92,84.00,1.19,14.43,14.09,89.96
869.859,3037.50,190.92,84.00,1.19,14.43,14.09,89.96
870.008,3037.50,190.92,84.00,1.19,14.43,20.56,89.96
870.159,3037.50,190.92,84.00,1.19,14.43,20.56,89.96
870.309,2985.00,190.92,84.00,1.19,14.43,20.56,89.96
870.458,2985.00,187.75,84.00,1.19,14.43,20.56,89.96
870.609,2985.00,187.75,80.00,1.19,14.43,20.56,89.96
870.789,2985.00,187.75,80.00,1.06,14.43,20.56,89.96
870.939,2985.00,187.75,80.00,1.06,14.43,20.56,89.96
871.089,2985.00,187.75,80.00,1.06,14.43,20.24,89.96
871.239,2985.00,187.75,80.00,1.06,14.43,20.24,89.86
871.389,2922.00,187.75,80.00,1.06,14.43,20.24,89.86
871.539,2922.00,184.48,80.00,1.06,14.43,20.24,89.86
871.689,2922.00,184.48,76.00,1.06,14.43,20.24,89.86
871.839,2922.00,184.48,76.00,0.96,14.43,20.24,89.86
871.989,2922.00,184.48,76.00,0.96,14.43,20.24,89.86
872.139,2922.00,184.48,76.00,0.96,14.43,19.82,89.86
872.289,2922.00,184.48,76.00,0.96,14.43,19.82,89.66
872.439,2869.00,184.48,76.00,0.96,14.43,19.82,89.66
872.589,2869.00,181.00,76.00,0.96,14.43,19.82,89.66
872.738,2869.00,181.00,76.00,0.96,14.43,19.82,89.66
872.888,2869.00,181.00,76.00,0.91,14.43,19.82,89.66
873.039,2869.00,181.00,76.00,0.91,14.43,19.82,89.66
873.189,2869.00,181.00,76.00,0.91,14.43,19.24,89.66
873.339,2869.00,181.00,76.00,0.91,14.43,19.24,89.26
873.489,2819.50,181.00,76.00,0.91,14.43,19.24,89.26
873.639,2819.50,177.46,76.00,0.91,14.43,19.24,89.26
873.789,2819.50,177.46,72.00,0.91,14.43,19.24,89.26
873.939,2819.50,177.46,72.00,0.86,14.43,19.24,89.26
874.089,2819.50,177.46,72.00,0.86,14.43,19.24,89.26
874.239,2819.50,177.46,72.00,0.86,14.43,18.58,89.26
874.389,2819.50,177.46,72.00,0.86,14.43,18.58,88.76
874.539,2773.50,177.46,72.00,0.86,14.43,18.58,88.76
874.689,2773.50,174.43,72.00,0.86,14.43,18.58,88.76
874.839,2773.50,174.43,72.00,0.86,14.43,18.58,88.76
874.989,2773.50,174.43,72.00,0.81,14.43,18.58,88.76
875.139,2773.50,174.43,72.00,0.81,14.43,18.58,88.76
875.289,2773.50,174.43,72.00,0.81,14.43,18.11,88.76
875.439,2773.50,174.43,72.00,0.81,14.43,18.11,88.16
875.619,2725.50,174.43,72.00,0.81,14.43,18.11,88.16
875.769,2725.50,171.29,72.00,0.81,14.43,18.11,88.16
875.919,2725.50,171.29,68.00,0.81,14.43,18.11,88.16
876.069,2725.50,171.29,68.00,0.76,14.43,18.11,88.16
876.219,2725.50,171.29,68.00,0.76,14.43,18.11,88.16
876.369,2725.50,171.29,68.00,0.76,14.43,17.67,88.16
876.519,2725.50,171.29,68.00,0.76,14.43,17.67,87.56
876.669,2675.50,171.29,68.00,0.76,14.43,17.67,87.56
876.819,2675.50,168.52,68.00,0.76,14.43,17.67,87.56
876.969,2675.50,168.52,68.00,0.76,14.43,17.67,87.56
877.119,2675.50,168.52,68.00,0.73,14.43,17.67,87.56
877.299,2675.50,168.52,68.00,0.73,14.43,17.67,87.56
877.449,2675.50,168.52,68.00,0.73,14.43,17.21,87.56
877.599,2675.50,168.52,68.00,0.73,14.43,17.21,86.96
877.749,2628.00,168.52,68.00,0.73,14.43,17.21,86.96
877.899,2628.00,165.37,68.00,0.73,14.43,17.21,86.96
878.049,2628.00,165.37,64.00,0.73,14.43,17.21,86.96
878.199,2628.00,165.37,64.00,0.68,14.43,17.21,86.96
878.349,2628.00,165.37,64.00,0.68,14.43,17.21,86.96
878.499,2628.00,165.37,64.00,0.68,14.43,16.18,86.96
878.649,2628.00,165.37,64.00,0.68,14.43,16.18,86.36
878.799,2582.50,165.37,64.00,0.68,14.43,16.18,86.36
878.949,2582.50,162.50,64.00,0.68,14.43,16.18,86.36
879.099,2582.50,162.50,60.00,0.68,14.43,16.18,86.36
879.249,2582.50,162.50,60.00,0.65,14.43,16.18,86.36
879.399,2582.50,162.50,60.00,0.65,14.43,16.18,86.36
879.549,2582.50,162.50,60.00,0.65,14.43,15.55,86.36
879.699,2582.50,162.50,60.00,0.65,14.43,15.55,85.76
879.849,2539.00,162.50,60.00,0.65,14.43,15.55,85.76
879.999,2539.00,159.73,60.00,0.65,14.43,15.55,85.76
880.179,2539.00,159.73,60.00,0.65,14.43,15.55,85.76
880.329,2539.00,159.73,60.00,0.62,14.43,15.55,85.76
880.479,2539.00,159.73,60.00,0.62,14.43,15.55,85.76
880.629,2539.00,159.73,60.00,0.62,14.43,14.79,85.76
880.779,2539.00,159.73,60.00,0.62,14.43,14.79,85.26
880.929,2491.50,159.73,60.00,0.62,14.43,14.79,85.26
881.079,2491.50,156.91,60.00,0.62,14.43,14.79,85.26
881.229,2491.50,156.91,60.00,0.62,14.43,14.79,85.26
881.379,2491.50,156.91,60.00,0.58,14.43,14.79,85.26
881.529,2491.50,156.91,60.00,0.58,14.43,14.79,85.26
881.679,2491.50,156.91,60.00,0.58,14.43,14.50,85.26
881.829,2491.50,156.91,60.00,0.58,14.43,14.50,84.86
881.979,2457.50,156.91,60.00,0.58,14.43,14.50,84.86
882.129,2457.50,154.19,60.00,0.58,14.43,14.50,84.86
882.309,2457.50,154.19,56.00,0.58,14.43,14.50,84.86
882.460,2457.50,154.19,56.00,0.55,14.43,14.50,84.86
882.609,2457.50,154.19,56.00,0.55,14.43,14.50,84.86
882.759,2457.50,154.19,56.00,0.55,14.43,14.40,84.86
882.909,2457.50,154.19,56.00,0.55,14.43,14.40,84.36
883.059,2405.50,154.19,56.00,0.55,14.43,14.40,84.36
883.209,2405.50,151.41,56.00,0.55,14.43,14.40,84.36
883.359,2405.50,151.41,56.00,0.55,14.43,14.40,84.36
883.509,2405.50,151.41,56.00,0.53,14.43,14.40,84.36
883.659,2405.50,151.41,56.00,0.53,14.42,14.40,84.36
883.809,2405.50,151.41,56.00,0.53,14.42,14.11,84.36
883.959,2405.50,151.41,56.00,0.53,14.42,14.11,84.06
884.109,2372.50,151.41,56.00,0.53,14.42,14.11,84.06
884.259,2372.50,148.52,56.00,0.53,14.42,14.11,84.06
884.409,2372.50,148.52,52.00,0.53,14.42,14.11,84.06
884.559,2372.50,148.52,52.00,0.50,14.42,14.11,84.06
884.709,2372.50,148.52,52.00,0.50,14.42,14.11,84.06
884.859,2372.50,148.52,52.00,0.50,14.42,13.79,84.06
885.009,2372.50,148.52,52.00,0.50,14.42,13.79,83.66
885.159,2328.50,148.52,52.00,0.50,14.42,13.79,83.66
885.309,2328.50,146.30,52.00,0.50,14.42,13.79,83.66
885.459,2328.50,146.30,48.00,0.50,14.42,13.79,83.66
885.609,2328.50,146.30,48.00,0.46,14.42,13.79,83.66
885.759,2328.50,146.30,48.00,0.46,14.43,13.79,83.66
885.909,2328.50,146.30,48.00,0.46,14.43,13.43,83.66
886.059,2328.50,146.30,48.00,0.46,14.43,13.43,83.26
886.209,2292.50,146.30,48.00,0.46,14.43,13.43,83.26
886.359,2292.50,143.55,48.00,0.46,14.43,13.43,83.26
886.509,2292.50,143.55,44.00,0.46,14.43,13.43,83.26
886.659,2292.50,143.55,44.00,0.44,14.43,13.43,83.26
886.809,2292.50,143.55,44.00,0.44,14.43,13.43,83.26
886.959,2292.50,143.55,44.00,0.44,14.43,12.94,83.26
887.109,2292.50,143.55,44.00,0.44,14.43,12.94,82.86
887.259,2233.00,143.55,44.00,0.44,14.43,12.94,82.86
887.409,2233.00,141.14,44.00,0.44,14.43,12.94,82.86
887.559,2233.00,141.14,44.00,0.44,14.43,12.94,82.86
887.709,2233.00,141.14,44.00,0.41,14.43,12.94,82.86
887.979,2233.00,141.14,44.00,0.41,14.43,12.94,82.86
888.129,2233.00,141.14,44.00,0.41,14.43,12.74,82.86
888.279,2233.00,141.14,44.00,0.41,14.43,12.74,82.56
888.429,2194.50,141.14,44.00,0.41,14.43,12.74,82.56
888.579,2194.50,138.50,44.00,0.41,14.43,12.74,82.56
888.729,2194.50,138.50,40.00,0.41,14.43,12.74,82.56
888.879,2194.50,138.50,40.00,0.38,14.43,12.74,82.56
889.029,2194.50,138.50,40.00,0.38,14.43,12.74,82.56
889.179,2194.50,138.50,40.00,0.38,14.43,12.40,82.56
889.329,2194.50,138.50,40.00,0.38,14.43,12.40,82.16
889.479,2164.00,138.50,40.00,0.38,14.43,12.40,82.16
889.629,2164.00,136.19,40.00,0.38,14.43,12.40,82.16
889.779,2164.00,136.19,40.00,0.38,14.43,12.40,82.16
889.929,2164.00,136.19,40.00,0.36,14.43,12.40,82.16
890.139,2164.00,136.19,40.00,0.36,14.43,12.40,82.16
890.289,2164.00,136.19,40.00,0.36,14.43,12.03,82.16
890.439,2164.00,136.19,40.00,0.36,14.43,12.03,81.96
890.589,2122.50,136.19,40.00,0.36,14.43,12.03,81.96
890.739,2122.50,134.19,40.00,0.36,14.43,12.03,81.96
890.889,2122.50,134.19,36.00,0.36,14.43,12.03,81.96
891.039,2122.50,134.19,36.00,0.32,14.43,12.03,81.96
891.189,2122.50,134.19,36.00,0.32,14.42,12.03,81.96
891.339,2122.50,134.19,36.00,0.32,14.42,11.84,81.96
891.489,2122.50,134.19,36.00,0.32,14.42,11.84,82.06
891.639,2097.50,134.19,36.00,0.32,14.42,11.84,82.06
891.789,2097.50,131.35,36.00,0.32,14.42,11.84,82.06
891.939,2097.50,131.35,36.00,0.32,14.42,11.84,82.06
892.089,2097.50,131.35,36.00,0.31,14.42,11.84,82.06
892.239,2097.50,131.35,36.00,0.31,14.42,11.84,82.06
892.389,2097.50,131.35,36.00,0.31,14.42,90.21,82.06
892.539,2097.50,131.35,36.00,0.31,14.42,90.21,82.36
892.689,2105.00,131.35,36.00,0.31,14.42,90.21,82.36
892.839,2105.00,131.93,36.00,0.31,14.42,90.21,82.36
892.989,2105.00,131.93,32.00,0.31,14.42,90.21,82.36
893.139,2105.00,131.93,32.00,2.09,14.42,90.21,82.36
893.289,2105.00,131.93,32.00,2.09,14.42,90.21,82.36
893.439,2105.00,131.93,32.00,2.09,14.42,7.32,82.36
893.589,2105.00,131.93,32.00,2.09,14.42,7.32,82.76
893.739,2073.00,131.93,32.00,2.09,14.42,7.32,82.76
893.889,2073.00,129.68,32.00,2.09,14.42,7.32,82.76
894.069,2073.00,129.68,36.00,2.09,14.42,7.32,82.76
894.219,2073.00,129.68,36.00,0.90,14.42,7.32,82.76
894.369,2073.00,129.68,36.00,0.90,14.43,7.32,82.76
894.519,2073.00,129.68,36.00,0.90,14.43,9.57,82.76
894.669,2073.00,129.68,36.00,0.90,14.43,9.57,83.26
894.819,2036.50,129.68,36.00,0.90,14.43,9.57,83.26
894.969,2036.50,128.50,36.00,0.90,14.43,9.57,83.26
895.119,2036.50,128.50,52.00,0.90,14.43,9.57,83.26
895.269,2036.50,128.50,52.00,0.73,14.43,9.57,83.26
895.419,2036.50,128.50,52.00,0.73,14.43,9.57,83.26
895.569,2036.50,128.50,52.00,0.73,14.43,14.04,83.26
895.719,2036.50,128.50,52.00,0.73,14.43,14.04,83.76
895.869,2579.00,128.50,52.00,0.73,14.43,14.04,83.76
896.019,2579.00,126.11,52.00,0.73,14.43,14.04,83.76
896.169,2579.00,126.11,60.00,0.73,14.43,14.04,83.76
896.319,2579.00,126.11,60.00,0.60,14.43,14.04,83.76
896.499,2579.00,126.11,60.00,0.60,14.43,14.04,83.76
896.649,2579.00,126.11,60.00,0.60,14.43,16.75,83.76
896.799,2579.00,126.11,60.00,0.60,14.43,16.75,84.36
896.949,2539.00,126.11,60.00,0.60,14.43,16.75,84.36
897.099,2539.00,124.17,60.00,0.60,14.43,16.75,84.36
897.249,2539.00,124.17,60.00,0.60,14.43,16.75,84.36
897.399,2539.00,124.17,60.00,0.59,14.43,16.75,84.36
897.550,2539.00,124.17,60.00,0.59,14.43,16.75,84.36
897.699,2539.00,124.17,60.00,0.59,14.43,15.65,84.36
897.849,2539.00,124.17,60.00,0.59,14.43,15.65,85.26
897.999,2492.50,124.17,60.00,0.59,14.43,15.65,85.26
898.149,2492.50,121.98,60.00,0.59,14.43,15.65,85.26
898.299,2492.50,121.98,60.00,0.59,14.43,15.65,85.26
898.449,2492.50,121.98,60.00,0.57,14.43,15.65,85.26
898.599,2492.50,121.98,60.00,0.57,14.43,15.65,85.26
898.749,2492.50,121.98,60.00,0.57,14.43,15.26,85.26
898.899,2492.50,121.98,60.00,0.57,14.43,15.26,86.06
899.049,2452.50,121.98,60.00,0.57,14.43,15.26,86.06
899.199,2452.50,119.71,60.00,0.57,14.43,15.26,86.06
899.349,2452.50,119.71,56.00,0.57,14.43,15.26,86.06
899.499,2452.50,119.71,56.00,0.55,14.43,15.26,86.06
899.649,2452.50,119.71,56.00,0.55,14.42,15.26,86.06
899.799,2452.50,119.71,56.00,0.55,14.42,14.89,86.06
899.949,2452.50,119.71,56.00,0.55,14.42,14.89,86.86
900.099,2406.00,119.71,56.00,0.55,14.42,14.89,86.86
900.249,2406.00,117.78,56.00,0.55,14.42,14.89,86.86
900.399,2406.00,117.78,44.00,0.55,14.42,14.89,86.86
900.549,2406.00,117.78,44.00,0.52,14.42,14.89,86.86
900.699,2406.00,117.78,44.00,0.52,14.43,14.89,86.86
900.849,2406.00,117.78,44.00,0.52,14.43,12.91,86.86
900.999,2406.00,117.78,44.00,0.52,14.43,12.91,87.56
901.149,2381.50,117.78,44.00,0.52,14.43,12.91,87.56
901.299,2381.50,116.17,44.00,0.52,14.43,12.91,87.56
901.449,2381.50,116.17,44.00,0.52,14.43,12.91,87.56
901.629,2381.50,116.17,44.00,0.41,14.43,12.91,87.56
901.779,2381.50,116.17,44.00,0.41,14.43,12.91,87.56
901.929,2381.50,116.17,44.00,0.41,14.43,13.18,87.56
902.079,2381.50,116.17,44.00,0.41,14.43,13.18,88.16
902.229,2353.50,116.17,44.00,0.41,14.43,13.18,88.16
902.379,2353.50,114.82,44.00,0.41,14.43,13.18,88.16
902.529,2353.50,114.82,44.00,0.41,14.43,13.18,88.16
902.679,2353.50,114.82,44.00,0.35,14.43,13.18,88.16
902.829,2353.50,114.82,44.00,0.35,14.43,13.18,88.16
902.979,2353.50,114.82,44.00,0.35,14.43,13.35,88.16
903.129,2353.50,114.82,44.00,0.35,14.43,13.35,88.76
903.279,2330.50,114.82,44.00,0.35,14.43,13.35,88.76
903.429,2330.50,113.56,44.00,0.35,14.43,13.35,88.76
903.579,2330.50,113.56,52.00,0.35,14.43,13.35,88.76
903.729,2330.50,113.56,52.00,0.32,14.43,13.35,88.76
903.879,2330.50,113.56,52.00,0.32,14.43,13.35,88.76
904.059,2330.50,113.56,52.00,0.32,14.43,14.79,88.76
904.209,2330.50,113.56,52.00,0.32,14.43,14.79,89.36
904.359,2320.00,113.56,52.00,0.32,14.43,14.79,89.36
904.509,2320.00,112.81,52.00,0.32,14.43,14.79,89.36
904.659,2320.00,112.81,60.00,0.32,14.43,14.79,89.36
904.809,2320.00,112.81,60.00,0.37,14.43,14.79,89.36
904.959,2320.00,112.81,60.00,0.37,14.43,14.79,89.36
905.109,2320.00,112.81,60.00,0.37,14.43,15.84,89.36
905.259,2320.00,112.81,60.00,0.37,14.43,15.84,89.86
905.409,2299.00,112.81,60.00,0.37,14.43,15.84,89.86
905.559,2299.00,112.32,60.00,0.37,14.43,15.84,89.86
905.709,2299.00,112.32,60.00,0.37,14.43,15.84,89.86
905.859,2299.00,112.32,60.00,0.42,14.43,15.84,89.86
906.009,2299.00,112.32,60.00,0.42,14.43,15.84,89.86
906.159,2299.00,112.32,60.00,0.42,14.43,15.89,89.86
906.309,2299.00,112.32,60.00,0.42,14.43,15.89,90.36
906.459,2297.50,112.32,60.00,0.42,14.43,15.89,90.36
906.609,2297.50,111.64,60.00,0.42,14.43,15.89,90.36
906.760,2297.50,111.64,60.00,0.42,14.43,15.89,90.36
906.909,2297.50,111.64,60.00,0.46,14.43,15.89,90.36
907.059,2297.50,111.64,60.00,0.46,14.43,15.89,90.36
907.209,2297.50,111.64,60.00,0.46,14.43,15.70,90.36
907.359,2297.50,111.64,60.00,0.46,14.43,15.70,90.76
907.509,2277.50,111.64,60.00,0.46,14.43,15.70,90.76
907.659,2277.50,111.12,60.00,0.46,14.43,15.70,90.76
907.809,2277.50,111.12,36.00,0.46,14.43,15.70,90.76
907.959,2277.50,111.12,36.00,0.44,14.43,15.70,90.76
908.109,2277.50,111.12,36.00,0.44,14.43,15.70,90.76
908.259,2277.50,111.12,36.00,0.44,14.43,13.57,90.76
908.409,2277.50,111.12,36.00,0.44,14.43,13.57,91.06
908.559,2232.50,111.12,36.00,0.44,14.43,13.57,91.06
908.709,2232.50,109.16,36.00,0.44,14.43,13.57,91.06
908.859,2232.50,109.16,44.00,0.44,14.43,13.57,91.06
909.009,2232.50,109.16,44.00,0.39,14.43,13.57,91.06
909.189,2232.50,109.16,44.00,0.39,14.43,13.57,91.06
909.339,2232.50,109.16,44.00,0.39,14.43,11.45,91.06
909.489,2232.50,109.16,44.00,0.39,14.43,11.45,91.26
909.639,2199.00,109.16,44.00,0.39,14.43,11.45,91.26
909.789,2199.00,107.12,44.00,0.39,14.43,11.45,91.26
909.939,2199.00,107.12,36.00,0.39,14.43,11.45,91.26
910.089,2199.00,107.12,36.00,0.35,14.43,11.45,91.26
910.239,2199.00,107.12,36.00,0.35,14.43,11.45,91.26
910.389,2199.00,107.12,36.00,0.35,14.43,11.52,91.26
910.539,2199.00,107.12,36.00,0.35,14.43,11.52,91.36
910.689,2160.50,107.12,36.00,0.35,14.43,11.52,91.36
910.839,2160.50,105.64,36.00,0.35,14.43,11.52,91.36
910.989,2160.50,105.64,40.00,0.35,14.43,11.52,91.36
911.139,2160.50,105.64,40.00,0.29,14.43,11.52,91.36
911.289,2160.50,105.64,40.00,0.29,14.43,11.52,91.36
911.439,2160.50,105.64,40.00,0.29,14.43,12.84,91.36
911.589,2160.50,105.64,40.00,0.29,14.43,12.84,91.36
911.739,2118.50,105.64,40.00,0.29,14.43,12.84,91.36
911.889,2118.50,103.75,40.00,0.29,14.43,12.84,91.36
912.039,2118.50,103.75,36.00,0.29,14.43,12.84,91.36
912.189,2118.50,103.75,36.00,0.31,14.43,12.84,91.36
912.339,2118.50,103.75,36.00,0.31,14.43,12.84,91.36
912.489,2118.50,103.75,36.00,0.31,14.43,12.35,91.36
912.639,2118.50,103.75,36.00,0.31,14.43,12.35,91.16
912.790,2095.50,103.75,36.00,0.31,14.43,12.35,91.16
912.939,2095.50,102.26,36.00,0.31,14.43,12.35,91.16
913.090,2095.50,102.26,36.00,0.31,14.43,12.35,91.16
913.239,2095.50,102.26,36.00,0.30,14.43,12.35,91.16
913.389,2095.50,102.26,36.00,0.30,14.43,12.35,91.16
913.539,2095.50,102.26,36.00,0.30,14.43,12.57,91.16
913.690,2095.50,102.26,36.00,0.30,14.43,12.57,90.86
913.839,2083.00,102.26,36.00,0.30,14.43,12.57,90.86
913.990,2083.00,101.45,36.00,0.30,14.43,12.57,90.86
914.139,2083.00,101.45,36.00,0.30,14.43,12.57,90.86
914.289,2083.00,101.45,36.00,0.25,14.43,12.57,90.86
914.439,2083.00,101.45,36.00,0.25,14.43,12.57,90.86
914.589,2083.00,101.45,36.00,0.25,14.43,12.40,90.86
914.740,2083.00,101.45,36.00,0.25,14.43,12.40,90.46
914.889,2067.50,101.45,36.00,0.25,14.43,12.40,90.46
915.039,2067.50,100.59,36.00,0.25,14.43,12.40,90.46
915.189,2067.50,100.59,36.00,0.25,14.43,12.40,90.46
915.339,2067.50,100.59,36.00,0.24,14.43,12.40,90.46
915.489,2067.50,100.59,36.00,0.24,14.43,12.40,90.46
915.639,2067.50,100.59,36.00,0.24,14.43,9.89,90.46
915.789,2067.50,100.59,36.00,0.24,14.43,9.89,89.96
915.941,2064.00,100.59,36.00,0.24,14.43,9.89,89.96
916.089,2064.00,99.90,36.00,0.24,14.43,9.89,89.96
916.239,2064.00,99.90,172.00,0.24,14.43,9.89,89.96
916.389,2064.00,99.90,172.00,1.19,14.43,9.89,89.96
916.539,2064.00,99.90,172.00,1.19,14.43,9.89,89.96
916.689,2064.00,99.90,172.00,1.19,14.43,98.00,89.96
916.869,2064.00,99.90,172.00,1.19,14.43,98.00,89.46
917.019,2132.00,99.90,172.00,1.19,14.43,98.00,89.46
917.169,2132.00,103.27,172.00,1.19,14.43,98.00,89.46
917.319,2132.00,103.27,276.00,1.19,14.43,98.00,89.46
917.470,2132.00,103.27,276.00,7.07,14.43,98.00,89.46
917.619,2132.00,103.27,276.00,7.07,14.43,98.00,89.46
917.769,2132.00,103.27,276.00,7.07,14.43,98.00,89.46
917.919,2132.00,103.27,276.00,7.07,14.43,98.00,88.96
918.069,2248.00,103.27,276.00,7.07,14.43,98.00,88.96
918.219,2248.00,108.64,276.00,7.07,14.43,98.00,88.96
918.369,2248.00,108.64,400.00,7.07,14.43,98.00,88.96
918.519,2248.00,108.64,400.00,15.40,14.43,98.00,88.96
918.669,2248.00,108.64,400.00,15.40,14.43,98.00,88.96
918.819,2248.00,108.64,400.00,15.40,14.43,40.57,88.96
918.969,2248.00,108.64,400.00,15.40,14.43,40.57,88.66
919.119,2384.50,108.64,400.00,15.40,14.43,40.57,88.66
919.269,2384.50,115.38,400.00,15.40,14.43,40.57,88.66
919.419,2384.50,115.38,468.00,15.40,14.43,40.57,88.66
919.569,2384.50,115.38,468.00,16.37,14.43,40.57,88.66
919.719,2384.50,115.38,468.00,16.37,14.43,40.57,88.66
919.869,2384.50,115.38,468.00,16.37,14.43,84.76,88.66
920.019,2384.50,115.38,468.00,16.37,14.43,84.76,88.66
920.169,2511.00,115.38,468.00,16.37,14.43,84.76,88.66
920.319,2511.00,122.22,468.00,16.37,14.43,84.76,88.66
920.469,2511.00,122.22,480.00,16.37,14.43,84.76,88.66
920.619,2511.00,122.22,480.00,15.45,14.43,84.76,88.66
920.770,2511.00,122.22,480.00,15.45,14.43,84.76,88.66
920.920,2511.00,122.22,480.00,15.45,14.43,97.46,88.66
921.069,2511.00,122.22,480.00,15.45,14.43,97.46,88.96
921.219,2659.50,122.22,480.00,15.45,14.43,97.46,88.96
921.369,2659.50,129.06,480.00,15.45,14.43,97.46,88.96
921.519,2659.50,129.06,520.00,15.45,14.43,97.46,88.96
921.669,2659.50,129.06,520.00,15.92,14.43,97.46,88.96
921.819,2659.50,129.06,520.00,15.92,14.43,97.46,88.96
921.969,2659.50,129.06,520.00,15.92,14.43,92.06,88.96
922.119,2659.50,129.06,520.00,15.92,14.43,92.06,89.76
922.269,2791.50,129.06,520.00,15.92,14.43,92.06,89.76
922.419,2791.50,135.39,520.00,15.92,14.43,92.06,89.76
922.569,2791.50,135.39,548.00,15.92,14.43,92.06,89.76
922.719,2791.50,135.39,548.00,16.12,14.43,92.06,89.76
922.869,2791.50,135.39,548.00,16.12,14.43,92.06,89.76
923.019,2791.50,135.39,548.00,16.12,14.43,98.00,89.76
923.169,2791.50,135.39,548.00,16.12,14.43,98.00,90.66
923.319,2933.50,135.39,548.00,16.12,14.43,98.00,90.66
923.469,2933.50,141.75,548.00,16.12,14.43,98.00,90.66
923.619,2933.50,141.75,600.00,16.12,14.43,98.00,90.66
923.769,2933.50,141.75,600.00,16.95,14.43,98.00,90.66
923.920,2933.50,141.75,600.00,16.95,14.43,98.00,90.66
924.069,2933.50,141.75,600.00,16.95,14.43,93.48,90.66
924.220,2933.50,141.75,600.00,16.95,14.43,93.48,91.96
924.369,3062.50,141.75,600.00,16.95,14.43,93.48,91.96
924.549,3062.50,148.53,600.00,16.95,14.43,93.48,91.96
924.699,3062.50,148.53,612.00,16.95,14.43,93.48,91.96
924.850,3062.50,148.53,612.00,16.46,14.43,93.48,91.96
924.999,3062.50,148.53,612.00,16.46,14.43,93.48,91.96
925.149,3062.50,148.53,612.00,16.46,14.43,94.80,91.96
925.300,3062.50,148.53,612.00,16.46,14.43,94.80,93.26
925.449,3191.50,148.53,612.00,16.46,14.43,94.80,93.26
925.599,3191.50,154.57,612.00,16.46,14.43,94.80,93.26
925.749,3191.50,154.57,652.00,16.46,14.43,94.80,93.26
925.899,3191.50,154.57,652.00,16.76,14.43,94.80,93.26
926.049,3191.50,154.57,652.00,16.76,14.43,94.80,93.26
926.199,3191.50,154.57,652.00,16.76,14.43,95.87,93.26
926.349,3191.50,154.57,652.00,16.76,14.43,95.87,94.26
926.499,3311.50,154.57,652.00,16.76,14.43,95.87,94.26
926.649,3311.50,160.44,652.00,16.76,14.43,95.87,94.26
926.799,3311.50,160.44,708.00,16.76,14.43,95.87,94.26
926.949,3311.50,160.44,708.00,18.70,14.43,95.87,94.26
927.100,3311.50,160.44,708.00,18.70,14.43,95.87,94.26
927.249,3311.50,160.44,708.00,18.70,14.43,59.52,94.26
927.399,3311.50,160.44,708.00,18.70,14.43,59.52,93.96
927.549,3428.50,160.44,708.00,18.70,14.43,59.52,93.96
927.699,3428.50,166.06,708.00,18.70,14.43,59.52,93.96
927.849,3428.50,166.06,736.00,18.70,14.43,59.52,93.96
928.000,3428.50,166.06,736.00,18.92,14.43,59.52,93.96
928.149,3428.50,166.06,736.00,18.92,14.43,59.52,93.96
928.299,3428.50,166.06,736.00,18.92,14.43,84.52,93.96
928.449,3428.50,166.06,736.00,18.92,14.43,84.52,91.66
928.600,3544.00,166.06,736.00,18.92,14.43,84.52,91.66
928.749,3544.00,171.68,736.00,18.92,14.43,84.52,91.66
928.900,3544.00,171.68,784.00,18.92,14.43,84.52,91.66
929.079,3544.00,171.68,784.00,20.26,14.43,84.52,91.66
929.229,3544.00,171.68,784.00,20.26,14.43,84.52,91.66
929.379,3544.00,171.68,784.00,20.26,14.43,84.69,91.66
929.529,3544.00,171.68,784.00,20.26,14.43,84.69,89.36
929.679,3654.50,171.68,784.00,20.26,14.43,84.69,89.36
929.829,3654.50,176.92,784.00,20.26,14.43,84.69,89.36
929.979,3654.50,176.92,764.00,20.26,14.43,84.69,89.36
930.129,3654.50,176.92,764.00,17.86,14.43,84.69,89.36
930.280,3654.50,176.92,764.00,17.86,14.43,84.69,89.36
930.429,3654.50,176.92,764.00,17.86,14.43,70.65,89.36
930.579,3654.50,176.92,764.00,17.86,14.43,70.65,88.36
930.729,3737.50,176.92,764.00,17.86,14.43,70.65,88.36
930.879,3737.50,181.92,764.00,17.86,14.43,70.65,88.36
931.060,3737.50,181.92,740.00,17.86,14.43,70.65,88.36
931.210,3737.50,181.92,740.00,16.46,14.43,70.65,88.36
931.360,3737.50,181.92,740.00,16.46,14.43,70.65,88.36
931.510,3737.50,181.92,740.00,16.46,14.43,98.00,88.36
931.660,3737.50,181.92,740.00,16.46,14.43,98.00,87.96
931.810,3734.00,181.92,740.00,16.46,14.43,98.00,87.96
931.960,3734.00,184.14,740.00,16.46,14.43,98.00,87.96
932.110,3734.00,184.14,80.00,16.46,14.43,98.00,87.96
932.260,3734.00,184.14,80.00,4.45,14.43,98.00,87.96
932.409,3734.00,184.14,80.00,4.45,14.43,98.00,87.96
932.559,3734.00,184.14,80.00,4.45,14.43,13.23,87.96
932.710,3734.00,184.14,80.00,4.45,14.43,13.23,88.16
932.860,3685.50,184.14,80.00,4.45,14.43,13.23,88.16
933.010,3685.50,180.82,80.00,4.45,14.43,13.23,88.16
933.159,3685.50,180.82,80.00,4.45,14.43,13.23,88.16
933.310,3685.50,180.82,80.00,1.88,14.43,13.23,88.16
933.460,3685.50,180.82,80.00,1.88,14.43,13.23,88.16
933.610,3685.50,180.82,80.00,1.88,14.43,15.62,88.16
933.760,3685.50,180.82,80.00,1.88,14.43,15.62,88.56
933.910,3613.00,180.82,80.00,1.88,14.43,15.62,88.56
934.060,3613.00,177.44,80.00,1.88,14.43,15.62,88.56
934.210,3613.00,177.44,100.00,1.88,14.43,15.62,88.56
934.359,3613.00,177.44,100.00,1.39,14.43,15.62,88.56
934.509,3613.00,177.44,100.00,1.39,14.43,15.62,88.56
934.660,3613.00,177.44,100.00,1.39,14.43,21.09,88.56
934.810,3613.00,177.44,100.00,1.39,14.43,21.09,89.06
934.960,3544.50,177.44,100.00,1.39,14.43,21.09,89.06
935.109,3544.50,173.97,100.00,1.39,14.43,21.09,89.06
935.259,3544.50,173.97,96.00,1.39,14.43,21.09,89.06
935.409,3544.50,173.97,96.00,1.32,14.43,21.09,89.06
935.560,3544.50,173.97,96.00,1.32,14.43,21.09,89.06
935.710,3544.50,173.97,96.00,1.32,14.43,20.92,89.06
935.859,3544.50,173.97,96.00,1.32,14.43,20.92,89.26
936.010,3480.00,173.97,96.00,1.32,14.43,20.92,89.26
936.189,3480.00,170.34,96.00,1.32,14.43,20.92,89.26
936.340,3480.00,170.34,96.00,1.32,14.43,20.92,89.26
936.490,3480.00,170.34,96.00,1.25,14.43,20.92,89.26
936.640,3480.00,170.34,96.00,1.25,14.42,20.92,89.26
936.790,3480.00,170.34,96.00,1.25,14.42,20.53,89.26
936.940,3480.00,170.34,96.00,1.25,14.42,20.53,89.16
937.090,3407.00,170.34,96.00,1.25,14.42,20.53,89.16
937.239,3407.00,166.97,96.00,1.25,14.42,20.53,89.16
937.390,3407.00,166.97,92.00,1.25,14.42,20.53,89.16
937.539,3407.00,166.97,92.00,1.21,14.42,20.53,89.16
937.689,3407.00,166.97,92.00,1.21,14.42,20.53,89.16
937.839,3407.00,166.97,92.00,1.21,14.42,20.38,89.16
937.989,3407.00,166.97,92.00,1.21,14.42,20.38,88.76
938.139,3341.50,166.97,92.00,1.21,14.42,20.38,88.76
938.289,3341.50,163.39,92.00,1.21,14.42,20.38,88.76
938.440,3341.50,163.39,92.00,1.21,14.42,20.38,88.76
938.620,3341.50,163.39,92.00,1.15,14.42,20.38,88.76
938.770,3341.50,163.39,92.00,1.15,14.42,20.38,88.76
938.919,3341.50,163.39,92.00,1.15,14.42,20.09,88.76
939.070,3341.50,163.39,92.00,1.15,14.42,20.09,88.36
939.219,3212.00,163.39,92.00,1.15,14.42,20.09,88.36
939.369,3212.00,156.84,92.00,1.15,14.42,20.09,88.36
939.519,3212.00,156.84,88.00,1.15,14.42,20.09,88.36
939.669,3212.00,156.84,88.00,1.08,14.42,20.09,88.36
939.820,3212.00,156.84,88.00,1.08,14.42,20.09,88.36
939.970,3212.00,156.84,88.00,1.08,14.42,19.65,88.36
940.120,3212.00,156.84,88.00,1.08,14.42,19.65,87.76
940.269,3060.00,156.84,88.00,1.08,14.42,19.65,87.76
940.419,3060.00,149.68,88.00,1.08,14.42,19.65,87.76
940.569,3060.00,149.68,84.00,1.08,14.42,19.65,87.76
940.719,3060.00,149.68,84.00,1.01,14.42,19.65,87.76
940.870,3060.00,149.68,84.00,1.01,14.42,19.65,87.76
941.020,3060.00,149.68,84.00,1.01,14.42,19.38,87.76
941.170,3060.00,149.68,84.00,1.01,14.42,19.38,87.16
941.319,2958.50,149.68,84.00,1.01,14.42,19.38,87.16
941.469,2958.50,144.65,84.00,1.01,14.42,19.38,87.16
941.619,2958.50,144.65,80.00,1.01,14.42,19.38,87.16
941.769,2958.50,144.65,80.00,0.94,14.42,19.38,87.16
941.919,2958.50,144.65,80.00,0.94,14.42,19.38,87.16
942.069,2958.50,144.65,80.00,0.94,14.42,18.89,87.16
942.219,2958.50,144.65,80.00,0.94,14.42,18.89,86.56
942.370,2897.00,144.65,80.00,0.94,14.42,18.89,86.56
942.519,2897.00,141.80,80.00,0.94,14.42,18.89,86.56
942.669,2897.00,141.80,76.00,0.94,14.42,18.89,86.56
942.820,2897.00,141.80,76.00,0.87,14.42,18.89,86.56
942.969,2897.00,141.80,76.00,0.87,14.42,18.89,86.56
943.120,2897.00,141.80,76.00,0.87,14.42,13.60,86.56
943.270,2897.00,141.80,76.00,0.87,14.42,13.60,86.06
943.420,2874.50,141.80,76.00,0.87,14.42,13.60,86.06
943.570,2874.50,139.78,76.00,0.87,14.42,13.60,86.06
943.750,2874.50,139.78,176.00,0.87,14.42,13.60,86.06
943.899,2874.50,139.78,176.00,1.54,14.42,13.60,86.06
944.050,2874.50,139.78,176.00,1.54,14.42,13.60,86.06
944.200,2874.50,139.78,176.00,1.54,14.42,20.82,86.06
944.350,2874.50,139.78,176.00,1.54,14.42,20.82,85.46
944.499,2871.00,139.78,176.00,1.54,14.42,20.82,85.46
944.650,2871.00,139.83,176.00,1.54,14.42,20.82,85.46
944.800,2871.00,139.83,68.00,1.54,14.42,20.82,85.46
944.949,2871.00,139.83,68.00,2.08,14.42,20.82,85.46
945.100,2871.00,139.83,68.00,2.08,14.42,20.82,85.46
945.250,2871.00,139.83,68.00,2.08,14.42,11.45,85.46
945.399,2871.00,139.83,68.00,2.08,14.42,11.45,84.96
945.550,2822.00,139.83,68.00,2.08,14.42,11.45,84.96
945.700,2822.00,137.88,68.00,2.08,14.42,11.45,84.96
945.849,2822.00,137.88,72.00,2.08,14.42,11.45,84.96
945.999,2822.00,137.88,72.00,1.02,14.42,11.45,84.96
946.150,2822.00,137.88,72.00,1.02,14.42,11.45,84.96
946.300,2822.00,137.88,72.00,1.02,14.42,17.67,84.96
946.450,2822.00,137.88,72.00,1.02,14.42,17.67,84.66
946.600,3153.00,137.88,72.00,1.02,14.42,17.67,84.66
946.750,3153.00,135.42,72.00,1.02,14.42,17.67,84.66
946.900,3153.00,135.42,68.00,1.02,14.42,17.67,84.66
947.050,3153.00,135.42,68.00,1.25,14.42,17.67,84.66
947.200,3153.00,135.42,68.00,1.25,14.43,17.67,84.66
947.350,3153.00,135.42,68.00,1.25,14.43,14.74,84.66
947.500,3153.00,135.42,68.00,1.25,14.43,14.74,84.36
947.650,3303.50,135.42,68.00,1.25,14.43,14.74,84.36
947.799,3303.50,132.87,68.00,1.25,14.43,14.74,84.36
947.950,3303.50,132.87,68.00,1.25,14.43,14.74,84.36
948.100,3303.50,132.87,68.00,1.16,14.43,14.74,84.36
948.250,3303.50,132.87,68.00,1.16,14.43,14.74,84.36
948.400,3303.50,132.87,68.00,1.16,14.43,24.46,84.36
948.550,3303.50,132.87,68.00,1.16,14.43,24.46,84.16
948.699,3305.00,132.87,68.00,1.16,14.43,24.46,84.16
948.849,3305.00,132.02,68.00,1.16,14.43,24.46,84.16
949.000,3305.00,132.02,240.00,1.16,14.43,24.46,84.16
949.150,3305.00,132.02,240.00,3.93,14.43,24.46,84.16
949.300,3305.00,132.02,240.00,3.93,14.43,24.46,84.16
949.450,3305.00,132.02,240.00,3.93,14.43,22.22,84.16
949.600,3305.00,132.02,240.00,3.93,14.43,22.22,83.96
949.750,3333.00,132.02,240.00,3.93,14.43,22.22,83.96
949.900,3333.00,133.56,240.00,3.93,14.43,22.22,83.96
950.050,3333.00,133.56,248.00,3.93,14.43,22.22,83.96
950.200,3333.00,133.56,248.00,4.41,14.43,22.22,83.96
950.349,3333.00,133.56,248.00,4.41,14.43,22.22,83.96
950.500,3333.00,133.56,248.00,4.41,14.43,24.29,83.96
950.650,3333.00,133.56,248.00,4.41,14.43,24.29,83.76
950.800,3388.00,133.56,248.00,4.41,14.43,24.29,83.76
950.950,3388.00,135.37,248.00,4.41,14.43,24.29,83.76
951.100,3388.00,135.37,252.00,4.41,14.43,24.29,83.76
951.250,3388.00,135.37,252.00,4.36,14.43,24.29,83.76
951.430,3388.00,135.37,252.00,4.36,14.43,24.29,83.76
951.580,3388.00,135.37,252.00,4.36,14.43,24.90,83.76
951.730,3388.00,135.37,252.00,4.36,14.43,24.90,83.56
951.880,3430.00,135.37,252.00,4.36,14.43,24.90,83.56
952.030,3430.00,137.25,252.00,4.36,14.43,24.90,83.56
952.180,3430.00,137.25,260.00,4.36,14.43,24.90,83.56
952.330,3430.00,137.25,260.00,5.43,14.43,24.90,83.56
952.480,3430.00,137.25,260.00,5.43,14.43,24.90,83.56
952.629,3430.00,137.25,260.00,5.43,14.43,10.77,83.56
952.780,3430.00,137.25,260.00,5.43,14.43,10.77,83.76
952.930,3378.50,137.25,260.00,5.43,14.43,10.77,83.76
953.080,3378.50,136.03,260.00,5.43,14.43,10.77,83.76
953.230,3378.50,136.03,72.00,5.43,14.43,10.77,83.76
953.380,3378.50,136.03,72.00,1.57,14.43,10.77,83.76
953.531,3378.50,136.03,72.00,1.57,14.42,10.77,83.76
953.679,3378.50,136.03,72.00,1.57,14.42,26.39,83.76
953.830,3378.50,136.03,72.00,1.57,14.42,26.39,84.26
953.980,3396.00,136.03,72.00,1.57,14.42,26.39,84.26
954.130,3396.00,136.25,72.00,1.57,14.42,26.39,84.26
954.280,3396.00,136.25,212.00,1.57,14.42,26.39,84.26
954.430,3396.00,136.25,212.00,4.12,14.42,26.39,84.26
954.580,3396.00,136.25,212.00,4.12,14.42,26.39,84.26
954.730,3396.00,136.25,212.00,4.12,14.42,11.11,84.26
954.879,3396.00,136.25,212.00,4.12,14.42,11.11,85.46
955.030,3340.50,136.25,212.00,4.12,14.42,11.11,85.46
955.180,3340.50,134.44,212.00,4.12,14.42,11.11,85.46
955.330,3340.50,134.44,140.00,4.12,14.42,11.11,85.46
955.480,3340.50,134.44,140.00,1.99,14.42,11.11,85.46
955.630,3340.50,134.44,140.00,1.99,14.43,11.11,85.46
955.780,3340.50,134.44,140.00,1.99,14.43,21.56,85.46
955.930,3340.50,134.44,140.00,1.99,14.43,21.56,86.86
956.080,3350.00,134.44,140.00,1.99,14.43,21.56,86.86
956.230,3350.00,134.21,140.00,1.99,14.43,21.56,86.86
956.380,3350.00,134.21,176.00,1.99,14.43,21.56,86.86
956.530,3350.00,134.21,176.00,3.19,14.43,21.56,86.86
956.679,3350.00,134.21,176.00,3.19,14.43,21.56,86.86
956.830,3350.00,134.21,176.00,3.19,14.43,22.04,86.86
956.980,3350.00,134.21,176.00,3.19,14.43,22.04,88.16
957.131,3371.00,134.21,176.00,3.19,14.43,22.04,88.16
957.280,3371.00,134.85,176.00,3.19,14.43,22.04,88.16
957.430,3371.00,134.85,192.00,3.19,14.43,22.04,88.16
957.580,3371.00,134.85,192.00,3.91,14.43,22.04,88.16
957.730,3371.00,134.85,192.00,3.91,14.43,22.04,88.16
957.880,3371.00,134.85,192.00,3.91,14.43,25.05,88.16
958.030,3371.00,134.85,192.00,3.91,14.43,25.05,89.66
958.180,3400.00,134.85,192.00,3.91,14.43,25.05,89.66
958.330,3400.00,136.23,192.00,3.91,14.43,25.05,89.66
958.480,3400.00,136.23,252.00,3.91,14.43,25.05,89.66
958.630,3400.00,136.23,252.00,4.51,14.43,25.05,89.66
958.780,3400.00,136.23,252.00,4.51,14.42,25.05,89.66
958.930,3400.00,136.23,252.00,4.51,14.42,24.12,89.66
959.110,3400.00,136.23,252.00,4.51,14.42,24.12,90.86
959.260,3448.50,136.23,252.00,4.51,14.42,24.12,90.86
959.410,3448.50,138.07,252.00,4.51,14.42,24.12,90.86
959.560,3448.50,138.07,252.00,4.51,14.42,24.12,90.86
959.710,3448.50,138.07,252.00,4.28,14.42,24.12,90.86
959.860,3448.50,138.07,252.00,4.28,14.42,24.12,90.86
960.010,3448.50,138.07,252.00,4.28,14.42,21.82,90.86
960.160,3448.50,138.07,252.00,4.28,14.42,21.82,92.06
960.310,3435.00,138.07,252.00,4.28,14.42,21.82,92.06
960.460,3435.00,138.07,252.00,4.28,14.42,21.82,92.06
960.609,3435.00,138.07,72.00,4.28,14.42,21.82,92.06
960.760,3435.00,138.07,72.00,2.14,14.42,21.82,92.06
960.910,3435.00,138.07,72.00,2.14,14.42,21.82,92.06
961.060,3435.00,138.07,72.00,2.14,14.42,17.36,92.06
961.210,3435.00,138.07,72.00,2.14,14.42,17.36,93.16
961.360,3368.50,138.07,72.00,2.14,14.42,17.36,93.16
961.510,3368.50,135.05,72.00,2.14,14.42,17.36,93.16
961.660,3368.50,135.05,92.00,2.14,14.42,17.36,93.16
961.810,3368.50,135.05,92.00,1.41,14.42,17.36,93.16
961.960,3368.50,135.05,92.00,1.41,14.42,17.36,93.16
962.110,3368.50,135.05,92.00,1.41,14.42,18.72,93.16
962.260,3368.50,135.05,92.00,1.41,14.42,18.72,93.76
962.410,3300.50,135.05,92.00,1.41,14.42,18.72,93.76
962.560,3300.50,132.48,92.00,1.41,14.42,18.72,93.76
962.710,3300.50,132.48,72.00,1.41,14.42,18.72,93.76
962.860,3300.50,132.48,72.00,1.26,14.42,18.72,93.76
963.010,3300.50,132.48,72.00,1.26,14.42,18.72,93.76
963.160,3300.50,132.48,72.00,1.26,14.42,19.65,93.76
963.310,3300.50,132.48,72.00,1.26,14.42,19.65,93.96
963.460,2743.00,132.48,72.00,1.26,14.42,19.65,93.96
963.610,2743.00,131.47,72.00,1.26,14.42,19.65,93.96
963.760,2743.00,131.47,84.00,1.26,14.42,19.65,93.96
963.910,2743.00,131.47,84.00,1.14,14.42,19.65,93.96
964.060,2743.00,131.47,84.00,1.14,14.42,19.65,93.96
964.210,2743.00,131.47,84.00,1.14,14.42,18.46,93.96
964.360,2743.00,131.47,84.00,1.14,14.42,18.46,93.66
964.510,2439.50,131.47,84.00,1.14,14.42,18.46,93.66
964.660,2439.50,130.60,84.00,1.14,14.42,18.46,93.66
964.810,2439.50,130.60,56.00,1.14,14.42,18.46,93.66
964.960,2439.50,130.60,56.00,0.93,14.42,18.46,93.66
965.110,2439.50,130.60,56.00,0.93,14.42,18.46,93.66
965.260,2439.50,130.60,56.00,0.93,14.42,14.21,93.66
965.410,2439.50,130.60,56.00,0.93,14.42,14.21,92.96
965.559,2083.00,130.60,56.00,0.93,14.42,14.21,92.96
965.709,2083.00,129.76,56.00,0.93,14.42,14.21,92.96
965.859,2083.00,129.76,76.00,0.93,14.42,14.21,92.96
966.010,2083.00,129.76,76.00,0.64,14.42,14.21,92.96
966.160,2083.00,129.76,76.00,0.64,14.42,14.21,92.96
966.310,2083.00,129.76,76.00,0.64,14.42,19.02,92.96
966.460,2083.00,129.76,76.00,0.64,14.42,19.02,92.16
966.610,2065.00,129.76,76.00,0.64,14.42,19.02,92.16
966.789,2065.00,129.03,76.00,0.64,14.42,19.02,92.16
966.939,2065.00,129.03,96.00,0.64,14.42,19.02,92.16
967.090,2065.00,129.03,96.00,1.14,14.42,19.02,92.16
967.240,2065.00,129.03,96.00,1.14,14.42,19.02,92.16
967.390,2065.00,129.03,96.00,1.14,14.42,22.56,92.16
967.540,2065.00,129.03,96.00,1.14,14.42,22.56,91.36
967.690,2069.50,129.03,96.00,1.14,14.42,22.56,91.36
967.839,2069.50,129.28,96.00,1.14,14.42,22.56,91.36
967.990,2069.50,129.28,128.00,1.14,14.42,22.56,91.36
968.140,2069.50,129.28,128.00,2.62,14.42,22.56,91.36
968.290,2069.50,129.28,128.00,2.62,14.42,22.56,91.36
968.440,2069.50,129.28,128.00,2.62,14.42,19.46,91.36
968.590,2069.50,129.28,128.00,2.62,14.42,19.46,90.66
968.740,2074.50,129.28,128.00,2.62,14.42,19.46,90.66
968.889,2074.50,129.33,128.00,2.62,14.42,19.46,90.66
969.040,2074.50,129.33,132.00,2.62,14.42,19.46,90.66
969.190,2074.50,129.33,132.00,3.13,14.42,19.46,90.66
969.340,2074.50,129.33,132.00,3.13,14.42,19.46,90.66
969.490,2074.50,129.33,132.00,3.13,14.42,19.58,90.66
969.640,2074.50,129.33,132.00,3.13,14.42,19.58,90.06
969.790,2075.00,129.33,132.00,3.13,14.42,19.58,90.06
969.940,2075.00,129.87,132.00,3.13,14.42,19.58,90.06
970.120,2075.00,129.87,136.00,3.13,14.42,19.58,90.06
970.270,2075.00,129.87,136.00,3.27,14.42,19.58,90.06
970.420,2075.00,129.87,136.00,3.27,14.42,19.58,90.06
970.570,2075.00,129.87,136.00,3.27,14.42,20.21,90.06
970.750,2075.00,129.87,136.00,3.27,14.42,20.21,89.66
970.900,2085.50,129.87,136.00,3.27,14.42,20.21,89.66
971.050,2085.50,130.18,136.00,3.27,14.42,20.21,89.66
971.200,2085.50,130.18,136.00,3.27,14.42,20.21,89.66
971.349,2085.50,130.18,136.00,3.47,14.42,20.21,89.66
971.499,2085.50,130.18,136.00,3.47,14.42,20.21,89.66
971.649,2085.50,130.18,136.00,3.47,14.42,12.08,89.66
971.800,2085.50,130.18,136.00,3.47,14.42,12.08,89.46
971.950,2072.50,130.18,136.00,3.47,14.42,12.08,89.46
972.100,2072.50,129.50,136.00,3.47,14.42,12.08,89.46
972.250,2072.50,129.50,76.00,3.47,14.42,12.08,89.46
972.400,2072.50,129.50,76.00,1.37,14.42,12.08,89.46
972.550,2072.50,129.50,76.00,1.37,14.42,12.08,89.46
972.700,2072.50,129.50,76.00,1.37,14.42,17.26,89.46
972.850,2072.50,129.50,76.00,1.37,14.42,17.26,89.56
973.000,2080.00,129.50,76.00,1.37,14.42,17.26,89.56
973.180,2080.00,128.91,76.00,1.37,14.42,17.26,89.56
973.330,2080.00,128.91,120.00,1.37,14.42,17.26,89.56
973.480,2080.00,128.91,120.00,1.93,14.42,17.26,89.56
973.630,2080.00,128.91,120.00,1.93,14.42,17.26,89.56
973.780,2080.00,128.91,120.00,1.93,14.42,19.55,89.56
973.930,2080.00,128.91,120.00,1.93,14.42,19.55,89.76
974.080,2071.50,128.91,120.00,1.93,14.42,19.55,89.76
974.230,2071.50,129.14,120.00,1.93,14.42,19.55,89.76
974.380,2071.50,129.14,136.00,1.93,14.42,19.55,89.76
974.530,2071.50,129.14,136.00,2.83,14.42,19.55,89.76
974.680,2071.50,129.14,136.00,2.83,14.42,19.55,89.76
974.829,2071.50,129.14,136.00,2.83,14.42,20.02,89.76
974.980,2071.50,129.14,136.00,2.83,14.42,20.02,90.16
975.130,2081.00,129.14,136.00,2.83,14.42,20.02,90.16
975.280,2081.00,130.07,136.00,2.83,14.42,20.02,90.16
975.430,2081.00,130.07,148.00,2.83,14.42,20.02,90.16
975.580,2081.00,130.07,148.00,3.33,14.42,20.02,90.16
975.730,2081.00,130.07,148.00,3.33,14.42,20.02,90.16
975.880,2081.00,130.07,148.00,3.33,14.42,23.85,90.16
976.030,2081.00,130.07,148.00,3.33,14.42,23.85,90.56
976.180,2096.00,130.07,148.00,3.33,14.42,23.85,90.56
976.329,2096.00,130.66,148.00,3.33,14.42,23.85,90.56
976.482,2096.00,130.66,160.00,3.33,14.42,23.85,90.56
976.630,2096.00,130.66,160.00,3.67,14.42,23.85,90.56
976.780,2096.00,130.66,160.00,3.67,14.42,23.85,90.56
976.930,2096.00,130.66,160.00,3.67,14.42,23.14,90.56
977.079,2096.00,130.66,160.00,3.67,14.42,23.14,91.06
977.230,2109.50,130.66,160.00,3.67,14.42,23.14,91.06
977.380,2109.50,131.51,160.00,3.67,14.42,23.14,91.06
977.530,2109.50,131.51,160.00,3.67,14.42,23.14,91.06
977.680,2109.50,131.51,160.00,4.11,14.42,23.14,91.06
977.830,2109.50,131.51,160.00,4.11,14.42,23.14,91.06
977.980,2109.50,131.51,160.00,4.11,14.42,23.66,91.06
978.130,2109.50,131.51,160.00,4.11,14.42,23.66,91.56
978.310,2122.50,131.51,160.00,4.11,14.42,23.66,91.56
978.460,2122.50,132.32,160.00,4.11,14.42,23.66,91.56
978.610,2122.50,132.32,160.00,4.11,14.42,23.66,91.56
978.760,2122.50,132.32,160.00,3.15,14.42,23.66,91.56
978.910,2122.50,132.32,160.00,3.15,14.42,23.66,91.56
979.060,2122.50,132.32,160.00,3.15,14.42,19.82,91.56
979.210,2122.50,132.32,160.00,3.15,14.42,19.82,92.06
979.360,2127.00,132.32,160.00,3.15,14.42,19.82,92.06
979.510,2127.00,132.92,160.00,3.15,14.42,19.82,92.06
979.660,2127.00,132.92,116.00,3.15,14.42,19.82,92.06
979.810,2127.00,132.92,116.00,2.96,14.42,19.82,92.06
979.960,2127.00,132.92,116.00,2.96,14.42,19.82,92.06
980.110,2127.00,132.92,116.00,2.96,14.42,18.55,92.06
980.260,2127.00,132.92,116.00,2.96,14.42,18.55,92.46
980.410,2128.50,132.92,116.00,2.96,14.42,18.55,92.46
980.560,2128.50,132.91,116.00,2.96,14.42,18.55,92.46
980.710,2128.50,132.91,120.00,2.96,14.42,18.55,92.46
980.860,2128.50,132.91,120.00,2.83,14.42,18.55,92.46
981.010,2128.50,132.91,120.00,2.83,14.42,18.55,92.46
981.160,2128.50,132.91,120.00,2.83,14.42,18.50,92.46
981.310,2128.50,132.91,120.00,2.83,14.42,18.50,92.86
981.460,2129.50,132.91,120.00,2.83,14.42,18.50,92.86
981.610,2129.50,132.96,120.00,2.83,14.42,18.50,92.86
981.760,2129.50,132.96,120.00,2.83,14.42,18.50,92.86
981.910,2129.50,132.96,120.00,2.82,14.42,18.50,92.86
982.059,2129.50,132.96,120.00,2.82,14.42,18.50,92.86
982.210,2129.50,132.96,120.00,2.82,14.42,18.53,92.86
982.360,2129.50,132.96,120.00,2.82,14.42,18.53,92.96
982.510,2134.50,132.96,120.00,2.82,14.42,18.53,92.96
982.660,2134.50,133.00,120.00,2.82,14.42,18.53,92.96
982.810,2134.50,133.00,120.00,2.82,14.42,18.53,92.96
982.960,2134.50,133.00,120.00,2.81,14.42,18.53,92.96
983.110,2134.50,133.00,120.00,2.81,14.42,18.53,92.96
983.260,2134.50,133.00,120.00,2.81,14.42,18.60,92.96
983.410,2134.50,133.00,120.00,2.81,14.42,18.60,92.86
983.560,2134.50,133.00,120.00,2.81,14.42,18.60,92.86
983.710,2134.50,133.35,120.00,2.81,14.42,18.60,92.86
983.860,2134.50,133.35,120.00,2.81,14.42,18.60,92.86
984.010,2134.50,133.35,120.00,2.82,14.42,18.60,92.86
984.160,2134.50,133.35,120.00,2.82,14.42,18.60,92.86
984.310,2134.50,133.35,120.00,2.82,14.42,18.55,92.86
984.460,2134.50,133.35,120.00,2.82,14.42,18.55,92.76
984.610,2138.00,133.35,120.00,2.82,14.42,18.55,92.76
984.760,2138.00,133.29,120.00,2.82,14.42,18.55,92.76
984.910,2138.00,133.29,120.00,2.82,14.42,18.55,92.76
985.060,2138.00,133.29,120.00,2.87,14.42,18.55,92.76
985.210,2138.00,133.29,120.00,2.87,14.42,18.55,92.76
985.360,2138.00,133.29,120.00,2.87,14.42,18.28,92.76
985.510,2138.00,133.29,120.00,2.87,14.42,18.28,92.46
985.659,2138.50,133.29,120.00,2.87,14.42,18.28,92.46
985.809,2138.50,133.66,120.00,2.87,14.42,18.28,92.46
985.990,2138.50,133.66,120.00,2.87,14.42,18.28,92.46
986.140,2138.50,133.66,120.00,2.88,14.42,18.28,92.46
986.290,2138.50,133.66,120.00,2.88,14.42,18.28,92.46
986.439,2138.50,133.66,120.00,2.88,14.42,15.84,92.46
986.590,2138.50,133.66,120.00,2.88,14.42,15.84,92.26
986.739,2135.50,133.66,120.00,2.88,14.42,15.84,92.26
986.889,2135.50,133.63,120.00,2.88,14.42,15.84,92.26
987.040,2135.50,133.63,76.00,2.88,14.42,15.84,92.26
987.190,2135.50,133.63,76.00,1.65,14.42,15.84,92.26
987.340,2135.50,133.63,76.00,1.65,14.42,15.84,92.26
987.490,2135.50,133.63,76.00,1.65,14.42,16.92,92.26
987.640,2135.50,133.63,76.00,1.65,14.42,16.92,92.06
987.789,2128.00,133.63,76.00,1.65,14.42,16.92,92.06
987.939,2128.00,133.04,76.00,1.65,14.42,16.92,92.06
988.090,2128.00,133.04,88.00,1.65,14.42,16.92,92.06
988.240,2128.00,133.04,88.00,1.37,14.42,16.92,92.06
988.389,2128.00,133.04,88.00,1.37,14.42,16.92,92.06
988.539,2128.00,133.04,88.00,1.37,14.42,17.43,92.06
988.689,2128.00,133.04,88.00,1.37,14.42,17.43,91.76
988.839,2120.00,133.04,88.00,1.37,14.42,17.43,91.76
988.990,2120.00,132.42,88.00,1.37,14.42,17.43,91.76
989.140,2120.00,132.42,84.00,1.37,14.42,17.43,91.76
989.290,2120.00,132.42,84.00,1.38,14.42,17.43,91.76
989.440,2120.00,132.42,84.00,1.38,14.42,17.43,91.76
989.590,2120.00,132.42,84.00,1.38,14.42,17.14,91.76
989.740,2120.00,132.42,84.00,1.38,14.42,17.14,91.46
989.889,2118.00,132.42,84.00,1.38,14.42,17.14,91.46
990.040,2118.00,132.27,84.00,1.38,14.42,17.14,91.46
990.190,2118.00,132.27,84.00,1.38,14.42,17.14,91.46
990.340,2118.00,132.27,84.00,1.35,14.42,17.14,91.46
990.489,2118.00,132.27,84.00,1.35,14.42,17.14,91.46
990.640,2118.00,132.27,84.00,1.35,14.42,17.21,91.46
990.790,2118.00,132.27,84.00,1.35,14.42,17.21,91.26
990.940,2108.50,132.27,84.00,1.35,14.42,17.21,91.26
991.090,2108.50,132.30,84.00,1.35,14.42,17.21,91.26
991.240,2108.50,132.30,84.00,1.35,14.42,17.21,91.26
991.389,2108.50,132.30,84.00,1.34,14.42,17.21,91.26
991.539,2108.50,132.30,84.00,1.34,14.42,17.21,91.26
991.690,2108.50,132.30,84.00,1.34,14.42,17.19,91.26
991.839,2108.50,132.30,84.00,1.34,14.42,17.19,90.96
991.990,2111.50,132.30,84.00,1.34,14.42,17.19,90.96
992.140,2111.50,131.72,84.00,1.34,14.42,17.19,90.96
992.290,2111.50,131.72,84.00,1.34,14.42,17.19,90.96
992.440,2111.50,131.72,84.00,1.32,14.42,17.19,90.96
992.590,2111.50,131.72,84.00,1.32,14.42,17.19,90.96
992.740,2111.50,131.72,84.00,1.32,14.42,17.19,90.96
992.890,2111.50,131.72,84.00,1.32,14.42,17.19,90.76
993.040,2108.00,131.72,84.00,1.32,14.42,17.19,90.76
993.190,2108.00,131.75,84.00,1.32,14.42,17.19,90.76
993.340,2108.00,131.75,84.00,1.32,14.42,17.19,90.76
993.490,2108.00,131.75,84.00,1.33,14.42,17.19,90.76
993.670,2108.00,131.75,84.00,1.33,14.42,17.19,90.76
993.820,2108.00,131.75,84.00,1.33,14.42,17.26,90.76
993.970,2108.00,131.75,84.00,1.33,14.42,17.26,90.56
994.120,2111.50,131.75,84.00,1.33,14.42,17.26,90.56
994.270,2111.50,131.91,84.00,1.33,14.42,17.26,90.56
994.420,2111.50,131.91,32.00,1.33,14.42,17.26,90.56
994.570,2111.50,131.91,32.00,1.19,14.42,17.26,90.56
994.720,2111.50,131.91,32.00,1.19,14.42,17.26,90.56
994.870,2111.50,131.91,32.00,1.19,14.42,8.74,90.56
995.020,2111.50,131.91,32.00,1.19,14.42,8.74,90.46
995.170,2075.50,131.91,32.00,1.19,14.42,8.74,90.46
995.320,2075.50,129.85,32.00,1.19,14.42,8.74,90.46
995.470,2075.50,129.85,32.00,1.19,14.42,8.74,90.46
995.620,2075.50,129.85,32.00,0.60,14.42,8.74,90.46
995.770,2075.50,129.85,32.00,0.60,14.42,8.74,90.46
995.920,2075.50,129.85,32.00,0.60,14.42,10.50,90.46
996.070,2075.50,129.85,32.00,0.60,14.42,10.50,90.36
996.220,2023.50,129.85,32.00,0.60,14.42,10.50,90.36
996.370,2023.50,127.85,32.00,0.60,14.42,10.50,90.36
996.520,2023.50,127.85,32.00,0.60,14.42,10.50,90.36
996.670,2023.50,127.85,32.00,0.40,14.42,10.50,90.36
996.820,2023.50,127.85,32.00,0.40,14.41,10.50,90.36
996.970,2023.50,127.85,32.00,0.40,14.41,10.45,90.36
997.120,2023.50,127.85,32.00,0.40,14.41,10.45,90.46
997.270,1986.00,127.85,32.00,0.40,14.41,10.45,90.46
997.420,1986.00,125.46,32.00,0.40,14.41,10.45,90.46
997.570,1986.00,125.46,28.00,0.40,14.41,10.45,90.46
997.720,1986.00,125.46,28.00,0.31,14.41,10.45,90.46
997.870,1986.00,125.46,28.00,0.31,14.41,10.45,90.46
998.020,1986.00,125.46,28.00,0.31,14.41,10.18,90.46
998.170,1986.00,125.46,28.00,0.31,14.41,10.18,90.46
998.320,1952.00,125.46,28.00,0.31,14.41,10.18,90.46
998.470,1952.00,123.23,28.00,0.31,14.41,10.18,90.46
998.620,1952.00,123.23,28.00,0.31,14.41,10.18,90.46
998.770,1952.00,123.23,28.00,0.25,14.41,10.18,90.46
998.920,1952.00,123.23,28.00,0.25,14.41,10.18,90.46
999.070,1952.00,123.23,28.00,0.25,14.41,23.46,90.46
999.220,1952.00,123.23,28.00,0.25,14.41,23.46,90.56
999.370,2478.50,123.23,28.00,0.25,14.41,23.46,90.56
999.520,2478.50,120.92,28.00,0.25,14.41,23.46,90.56
999.670,2478.50,120.92,48.00,0.25,14.41,23.46,90.56
999.820,2478.50,120.92,48.00,0.37,14.41,23.46,90.56
999.970,2478.50,120.92,48.00,0.37,14.41,23.46,90.56
1000.120,2478.50,120.92,48.00,0.37,14.41,14.35,90.56
1000.270,2478.50,120.92,48.00,0.37,14.41,14.35,90.66
1000.420,2414.00,120.92,48.00,0.37,14.41,14.35,90.66
1000.570,2414.00,119.43,48.00,0.37,14.41,14.35,90.66
1000.720,2414.00,119.43,56.00,0.37,14.41,14.35,90.66
1000.870,2414.00,119.43,56.00,0.37,14.41,14.35,90.66
1001.020,2414.00,119.43,56.00,0.37,14.41,14.35,90.66
1001.170,2414.00,119.43,56.00,0.37,14.41,15.84,90.66
1001.350,2414.00,119.43,56.00,0.37,14.41,15.84,90.66
1001.499,2383.50,119.43,56.00,0.37,14.41,15.84,90.66
1001.650,2383.50,116.57,56.00,0.37,14.41,15.84,90.66
1001.800,2383.50,116.57,52.00,0.37,14.41,15.84,90.66
1001.950,2383.50,116.57,52.00,0.44,14.41,15.84,90.66
1002.100,2383.50,116.57,52.00,0.44,14.41,15.84,90.66
1002.250,2383.50,116.57,52.00,0.44,14.41,14.74,90.66
1002.400,2383.50,116.57,52.00,0.44,14.41,14.74,90.66
1002.549,2341.00,116.57,52.00,0.44,14.41,14.74,90.66
1002.699,2341.00,114.92,52.00,0.44,14.41,14.74,90.66
1002.849,2341.00,114.92,48.00,0.44,14.41,14.74,90.66
1002.999,2341.00,114.92,48.00,0.44,14.41,14.74,90.66
1003.150,2341.00,114.92,48.00,0.44,14.41,14.74,90.66
1003.300,2341.00,114.92,48.00,0.44,14.41,14.06,90.66
1003.450,2341.00,114.92,48.00,0.44,14.41,14.06,90.66
1003.600,2302.00,114.92,48.00,0.44,14.41,14.06,90.66
1003.750,2302.00,113.01,48.00,0.44,14.41,14.06,90.66
1003.900,2302.00,113.01,48.00,0.44,14.41,14.06,90.66
1004.050,2302.00,113.01,48.00,0.43,14.41,14.06,90.66
1004.200,2302.00,113.01,48.00,0.43,14.41,14.06,90.66
1004.350,2302.00,113.01,48.00,0.43,14.41,13.52,90.66
1004.500,2302.00,113.01,48.00,0.43,14.41,13.52,90.56
1004.650,2259.00,113.01,48.00,0.43,14.41,13.52,90.56
1004.800,2259.00,110.97,48.00,0.43,14.41,13.52,90.56
1004.950,2259.00,110.97,44.00,0.43,14.41,13.52,90.56
1005.100,2259.00,110.97,44.00,0.42,14.41,13.52,90.56
1005.250,2259.00,110.97,44.00,0.42,14.41,13.52,90.56
1005.400,2259.00,110.97,44.00,0.42,14.41,13.11,90.56
1005.550,2259.00,110.97,44.00,0.42,14.41,13.11,90.46
1005.700,2224.00,110.97,44.00,0.42,14.41,13.11,90.46
1005.850,2224.00,108.91,44.00,0.42,14.41,13.11,90.46
1006.000,2224.00,108.91,44.00,0.42,14.41,13.11,90.46
1006.150,2224.00,108.91,44.00,0.39,14.41,13.11,90.46
1006.300,2224.00,108.91,44.00,0.39,14.41,13.11,90.46
1006.450,2224.00,108.91,44.00,0.39,14.41,12.74,90.46
1006.601,2224.00,108.91,44.00,0.39,14.41,12.74,90.36
1006.750,2182.50,108.91,44.00,0.39,14.41,12.74,90.36
1006.900,2182.50,106.98,44.00,0.39,14.41,12.74,90.36
1007.050,2182.50,106.98,40.00,0.39,14.41,12.74,90.36
1007.200,2182.50,106.98,40.00,0.38,14.41,12.74,90.36
1007.350,2182.50,106.98,40.00,0.38,14.41,12.74,90.36
1007.500,2182.50,106.98,40.00,0.38,14.41,12.21,90.36
1007.650,2182.50,106.98,40.00,0.38,14.41,12.21,90.26
1007.800,2144.50,106.98,40.00,0.38,14.41,12.21,90.26
1007.950,2144.50,105.21,40.00,0.38,14.41,12.21,90.26
1008.100,2144.50,105.21,40.00,0.38,14.41,12.21,90.26
1008.250,2144.50,105.21,40.00,0.36,14.41,12.21,90.26
1008.400,2144.50,105.21,40.00,0.36,14.41,12.21,90.26
1008.550,2144.50,105.21,40.00,0.36,14.41,11.94,90.26
1008.700,2144.50,105.21,40.00,0.36,14.41,11.94,90.06
1008.850,2107.50,105.21,40.00,0.36,14.41,11.94,90.06
1009.030,2107.50,103.16,40.00,0.36,14.41,11.94,90.06
1009.180,2107.50,103.16,36.00,0.36,14.41,11.94,90.06
1009.330,2107.50,103.16,36.00,0.32,14.41,11.94,90.06
1009.480,2107.50,103.16,36.00,0.32,14.41,11.94,90.06
1009.630,2107.50,103.16,36.00,0.32,14.41,11.47,90.06
1009.780,2107.50,103.16,36.00,0.32,14.41,11.47,89.86
1009.930,2069.50,103.16,36.00,0.32,14.41,11.47,89.86
1010.080,2069.50,101.56,36.00,0.32,14.41,11.47,89.86
1010.230,2069.50,101.56,36.00,0.32,14.41,11.47,89.86
1010.380,2069.50,101.56,36.00,0.30,14.41,11.47,89.86
1010.530,2069.50,101.56,36.00,0.30,14.41,11.47,89.86
1010.680,2069.50,101.56,36.00,0.30,14.41,11.60,89.86
1010.830,2069.50,101.56,36.00,0.30,14.41,11.60,89.76
1010.980,2312.50,101.56,36.00,0.30,14.41,11.60,89.76
1011.130,2312.50,100.64,36.00,0.30,14.41,11.60,89.76
1011.280,2312.50,100.64,188.00,0.30,14.41,11.60,89.76
1011.460,2312.50,100.64,188.00,1.87,14.41,11.60,89.76
1011.610,2312.50,100.64,188.00,1.87,14.41,11.60,89.76
1011.760,2312.50,100.64,188.00,1.87,14.41,98.00,89.76
1011.910,2312.50,100.64,188.00,1.87,14.41,98.00,89.66
1012.060,2157.50,100.64,188.00,1.87,14.41,98.00,89.66
1012.210,2157.50,104.26,188.00,1.87,14.41,98.00,89.66
1012.360,2157.50,104.26,296.00,1.87,14.41,98.00,89.66
1012.510,2157.50,104.26,296.00,8.17,14.41,98.00,89.66
1012.660,2157.50,104.26,296.00,8.17,14.41,98.00,89.66
1012.810,2157.50,104.26,296.00,8.17,14.41,98.00,89.66
1012.990,2157.50,104.26,296.00,8.17,14.41,98.00,89.66
1013.140,2276.50,104.26,296.00,8.17,14.41,98.00,89.66
1013.290,2276.50,109.75,296.00,8.17,14.41,98.00,89.66
1013.440,2276.50,109.75,444.00,8.17,14.41,98.00,89.66
1013.590,2276.50,109.75,444.00,17.77,14.41,98.00,89.66
1013.740,2276.50,109.75,444.00,17.77,14.41,98.00,89.66
1013.889,2276.50,109.75,444.00,17.77,14.41,66.01,89.66
1014.040,2276.50,109.75,444.00,17.77,14.41,66.01,89.76
1014.190,2411.50,109.75,444.00,17.77,14.41,66.01,89.76
1014.340,2411.50,116.71,444.00,17.77,14.41,66.01,89.76
1014.490,2411.50,116.71,480.00,17.77,14.41,66.01,89.76
1014.640,2411.50,116.71,480.00,16.55,14.41,66.01,89.76
1014.790,2411.50,116.71,480.00,16.55,14.41,66.01,89.76
1014.940,2411.50,116.71,480.00,16.55,14.41,87.79,89.76
1015.090,2411.50,116.71,480.00,16.55,14.41,87.79,90.06
1015.240,2559.00,116.71,480.00,16.55,14.41,87.79,90.06
1015.420,2559.00,123.56,480.00,16.55,14.41,87.79,90.06
1015.570,2559.00,123.56,492.00,16.55,14.41,87.79,90.06
1015.720,2559.00,123.56,492.00,15.88,14.41,87.79,90.06
1015.870,2559.00,123.56,492.00,15.88,14.41,87.79,90.06
1016.020,2559.00,123.56,492.00,15.88,14.41,98.00,90.06
1016.170,2559.00,123.56,492.00,15.88,14.41,98.00,90.56
1016.320,2691.00,123.56,492.00,15.88,14.41,98.00,90.56
1016.470,2691.00,130.67,492.00,15.88,14.41,98.00,90.56
1016.620,2691.00,130.67,528.00,15.88,14.41,98.00,90.56
1016.770,2691.00,130.67,528.00,16.06,14.41,98.00,90.56
1016.920,2691.00,130.67,528.00,16.06,14.41,98.00,90.56
1017.070,2691.00,130.67,528.00,16.06,14.41,98.00,90.56
1017.220,2691.00,130.67,528.00,16.06,14.41,98.00,91.36
1017.370,2830.00,130.67,528.00,16.06,14.41,98.00,91.36
1017.520,2830.00,137.12,528.00,16.06,14.41,98.00,91.36
1017.671,2830.00,137.12,568.00,16.06,14.41,98.00,91.36
1017.820,2830.00,137.12,568.00,16.37,14.41,98.00,91.36
1017.970,2830.00,137.12,568.00,16.37,14.41,98.00,91.36
1018.120,2830.00,137.12,568.00,16.37,14.41,98.00,91.36
1018.270,2830.00,137.12,568.00,16.37,14.41,98.00,92.36
1018.420,2960.00,137.12,568.00,16.37,14.41,98.00,92.36
1018.570,2960.00,143.60,568.00,16.37,14.41,98.00,92.36
1018.720,2960.00,143.60,612.00,16.37,14.41,98.00,92.36
1018.870,2960.00,143.60,612.00,17.23,14.41,98.00,92.36
1019.020,2960.00,143.60,612.00,17.23,14.41,98.00,92.36
1019.170,2960.00,143.60,612.00,17.23,14.41,87.96,92.36
1019.320,2960.00,143.60,612.00,17.23,14.41,87.96,93.46
1019.470,3084.50,143.60,612.00,17.23,14.41,87.96,93.46
1019.620,3084.50,149.54,612.00,17.23,14.41,87.96,93.46
1019.770,3084.50,149.54,640.00,17.23,14.41,87.96,93.46
1019.920,3084.50,149.54,640.00,17.86,14.41,87.96,93.46
1020.070,3084.50,149.54,640.00,17.86,14.41,87.96,93.46
1020.220,3084.50,149.54,640.00,17.86,14.41,98.00,93.46
1020.370,3084.50,149.54,640.00,17.86,14.41,98.00,94.36
1020.550,3213.00,149.54,640.00,17.86,14.41,98.00,94.36
1020.700,3213.00,156.62,640.00,17.86,14.41,98.00,94.36
1020.850,3213.00,156.62,712.00,17.86,14.41,98.00,94.36
1021.000,3213.00,156.62,712.00,19.48,14.41,98.00,94.36
1021.150,3213.00,156.62,712.00,19.48,14.41,98.00,94.36
1021.300,3213.00,156.62,712.00,19.48,14.41,87.55,94.36
1021.450,3213.00,156.62,712.00,19.48,14.41,87.55,95.06
1021.630,3338.00,156.62,712.00,19.48,14.41,87.55,95.06
1021.780,3338.00,162.45,712.00,19.48,14.41,87.55,95.06
1021.930,3338.00,162.45,732.00,19.48,14.41,87.55,95.06
1022.080,3338.00,162.45,732.00,19.36,14.41,87.55,95.06
1022.230,3338.00,162.45,732.00,19.36,14.41,87.55,95.06
1022.380,3338.00,162.45,732.00,19.36,14.41,81.86,95.06
1022.530,3338.00,162.45,732.00,19.36,14.41,81.86,93.66
1022.680,3461.50,162.45,732.00,19.36,14.41,81.86,93.66
1022.830,3461.50,168.28,732.00,19.36,14.41,81.86,93.66
1022.980,3461.50,168.28,728.00,19.36,14.41,81.86,93.66
1023.130,3461.50,168.28,728.00,17.65,14.41,81.86,93.66
1023.280,3461.50,168.28,728.00,17.65,14.41,81.86,93.66
1023.430,3461.50,168.28,728.00,17.65,14.41,89.28,93.66
1023.580,3461.50,168.28,728.00,17.65,14.41,89.28,91.16
1023.731,3592.50,168.28,728.00,17.65,14.41,89.28,91.16
1023.880,3592.50,173.96,728.00,17.65,14.41,89.28,91.16
1024.030,3592.50,173.96,800.00,17.65,14.41,89.28,91.16
1024.180,3592.50,173.96,800.00,19.97,14.41,89.28,91.16
1024.330,3592.50,173.96,800.00,19.97,14.41,89.28,91.16
1024.510,3592.50,173.96,800.00,19.97,14.41,82.79,91.16
1024.660,3592.50,173.96,800.00,19.97,14.41,82.79,89.46
1024.810,3711.00,173.96,800.00,19.97,14.41,82.79,89.46
1024.960,3711.00,179.93,800.00,19.97,14.41,82.79,89.46
1025.110,3711.00,179.93,792.00,19.97,14.41,82.79,89.46
1025.261,3711.00,179.93,792.00,18.62,14.41,82.79,89.46
1025.410,3711.00,179.93,792.00,18.62,14.41,82.79,89.46
1025.560,3711.00,179.93,792.00,18.62,14.41,86.08,89.46
1025.710,3711.00,179.93,792.00,18.62,14.41,86.08,88.86
1025.860,3812.00,179.93,792.00,18.62,14.41,86.08,88.86
1026.010,3812.00,184.82,792.00,18.62,14.41,86.08,88.86
1026.160,3812.00,184.82,840.00,18.62,14.41,86.08,88.86
1026.310,3812.00,184.82,840.00,20.35,14.41,86.08,88.86
1026.460,3812.00,184.82,840.00,20.35,14.41,86.08,88.86
1026.640,3812.00,184.82,840.00,20.35,14.41,76.15,88.86
1026.790,3812.00,184.82,840.00,20.35,14.41,76.15,88.76
1026.940,3910.50,184.82,840.00,20.35,14.41,76.15,88.76
1027.090,3910.50,189.92,840.00,20.35,14.41,76.15,88.76
1027.240,3910.50,189.92,812.00,20.35,14.41,76.15,88.76
1027.390,3910.50,189.92,812.00,17.91,14.41,76.15,88.76
1027.540,3910.50,189.92,812.00,17.91,14.41,76.15,88.76
1027.690,3910.50,189.92,812.00,17.91,14.41,96.39,88.76
1027.840,3910.50,189.92,812.00,17.91,14.41,96.39,89.16
1027.990,3993.00,189.92,812.00,17.91,14.41,96.39,89.16
1028.140,3993.00,194.37,812.00,17.91,14.41,96.39,89.16
1028.290,3993.00,194.37,824.00,17.91,14.41,96.39,89.16
1028.440,3993.00,194.37,824.00,17.79,14.41,96.39,89.16
1028.590,3993.00,194.37,824.00,17.79,14.41,96.39,89.16
1028.740,3993.00,194.37,824.00,17.79,14.41,94.24,89.16
1028.890,3993.00,194.37,824.00,17.79,14.41,94.24,89.76
1029.040,4094.50,194.37,824.00,17.79,14.41,94.24,89.76
1029.190,4094.50,199.14,824.00,17.79,14.41,94.24,89.76
1029.340,4094.50,199.14,912.00,17.79,14.41,94.24,89.76
1029.490,4094.50,199.14,912.00,20.24,14.41,94.24,89.76
1029.640,4094.50,199.14,912.00,20.24,14.41,94.24,89.76
1029.790,4094.50,199.14,912.00,20.24,14.41,88.79,89.76
1029.940,4094.50,199.14,912.00,20.24,14.41,88.79,90.26
1030.090,4180.00,199.14,912.00,20.24,14.41,88.79,90.26
1030.240,4180.00,202.57,912.00,20.24,14.41,88.79,90.26
1030.390,4180.00,202.57,80.00,20.24,14.41,88.79,90.26
1030.540,4180.00,202.57,80.00,6.63,14.41,88.79,90.26
1030.690,4180.00,202.57,80.00,6.63,14.41,88.79,90.26
1030.840,4180.00,202.57,80.00,6.63,14.41,12.91,90.26
1030.990,4180.00,202.57,80.00,6.63,14.41,12.91,90.86
1031.140,4069.50,202.57,80.00,6.63,14.41,12.91,90.86
1031.290,4069.50,199.62,80.00,6.63,14.41,12.91,90.86
1031.440,4069.50,199.62,88.00,6.63,14.41,12.91,90.86
1031.590,4069.50,199.62,88.00,2.24,14.41,12.91,90.86
1031.740,4069.50,199.62,88.00,2.24,14.41,12.91,90.86
1031.890,4069.50,199.62,88.00,2.24,14.41,16.36,90.86
1032.070,4069.50,199.62,88.00,2.24,14.41,16.36,91.26
1032.220,3986.00,199.62,88.00,2.24,14.41,16.36,91.26
1032.370,3986.00,195.87,88.00,2.24,14.41,16.36,91.26
1032.520,3986.00,195.87,108.00,2.24,14.41,16.36,91.26
1032.670,3986.00,195.87,108.00,1.60,14.41,16.36,91.26
1032.820,3986.00,195.87,108.00,1.60,14.41,16.36,91.26
1032.970,3986.00,195.87,108.00,1.60,14.41,21.75,91.26
1033.120,3986.00,195.87,108.00,1.60,14.41,21.75,91.46
1033.270,3904.50,195.87,108.00,1.60,14.41,21.75,91.46
1033.420,3904.50,192.87,108.00,1.60,14.41,21.75,91.46
1033.570,3904.50,192.87,108.00,1.60,14.41,21.75,91.46
1033.720,3904.50,192.87,108.00,1.56,14.41,21.75,91.46
1033.870,3904.50,192.87,108.00,1.56,14.41,21.75,91.46
1034.020,3904.50,192.87,108.00,1.56,14.41,21.12,91.46
1034.170,3904.50,192.87,108.00,1.56,14.41,21.12,91.56
1034.320,3839.00,192.87,108.00,1.56,14.41,21.12,91.56
1034.470,3839.00,188.97,108.00,1.56,14.41,21.12,91.56
1034.620,3839.00,188.97,108.00,1.56,14.41,21.12,91.56
1034.770,3839.00,188.97,108.00,1.49,14.41,21.12,91.56
1034.920,3839.00,188.97,108.00,1.49,14.41,21.12,91.56
1035.070,3839.00,188.97,108.00,1.49,14.41,20.85,91.56
1035.220,3839.00,188.97,108.00,1.49,14.41,20.85,91.36
1035.370,3784.00,188.97,108.00,1.49,14.41,20.85,91.36
1035.520,3784.00,185.32,108.00,1.49,14.41,20.85,91.36
1035.670,3784.00,185.32,104.00,1.49,14.41,20.85,91.36
1035.820,3784.00,185.32,104.00,1.42,14.41,20.85,91.36
1035.970,3784.00,185.32,104.00,1.42,14.41,20.85,91.36
1036.121,3784.00,185.32,104.00,1.42,14.41,20.58,91.36
1036.270,3784.00,185.32,104.00,1.42,14.41,20.58,91.06
1036.420,3706.00,185.32,104.00,1.42,14.41,20.58,91.06
1036.570,3706.00,181.94,104.00,1.42,14.41,20.58,91.06
1036.720,3706.00,181.94,100.00,1.42,14.41,20.58,91.06
1036.873,3706.00,181.94,100.00,1.37,14.41,20.58,91.06
1037.020,3706.00,181.94,100.00,1.37,14.41,20.58,91.06
1037.170,3706.00,181.94,100.00,1.37,14.41,20.48,91.06
1037.320,3706.00,181.94,100.00,1.37,14.41,20.48,90.56
1037.470,3643.50,181.94,100.00,1.37,14.41,20.48,90.56
1037.620,3643.50,178.52,100.00,1.37,14.41,20.48,90.56
1037.770,3643.50,178.52,100.00,1.37,14.41,20.48,90.56
1037.950,3643.50,178.52,100.00,1.32,14.41,20.48,90.56
1038.100,3643.50,178.52,100.00,1.32,14.41,20.48,90.56
1038.250,3643.50,178.52,100.00,1.32,14.41,20.29,90.56
1038.400,3643.50,178.52,100.00,1.32,14.41,20.29,89.96
1038.580,3576.00,178.52,100.00,1.32,14.41,20.29,89.96
1038.730,3576.00,174.89,100.00,1.32,14.41,20.29,89.96
1038.880,3576.00,174.89,96.00,1.32,14.41,20.29,89.96
1039.030,3576.00,174.89,96.00,1.28,14.41,20.29,89.96
1039.180,3576.00,174.89,96.00,1.28,14.41,20.29,89.96
1039.330,3576.00,174.89,96.00,1.28,14.41,20.14,89.96
1039.480,3576.00,174.89,96.00,1.28,14.41,20.14,89.36
1039.630,3500.00,174.89,96.00,1.28,14.41,20.14,89.36
1039.780,3500.00,171.54,96.00,1.28,14.41,20.14,89.36
1039.930,3500.00,171.54,96.00,1.28,14.41,20.14,89.36
1040.080,3500.00,171.54,96.00,1.23,14.41,20.14,89.36
1040.230,3500.00,171.54,96.00,1.23,14.41,20.14,89.36
1040.380,3500.00,171.54,96.00,1.23,14.41,20.02,89.36
1040.530,3500.00,171.54,96.00,1.23,14.41,20.02,88.66
1040.680,3425.00,171.54,96.00,1.23,14.41,20.02,88.66
1040.830,3425.00,168.01,96.00,1.23,14.41,20.02,88.66
1040.980,3425.00,168.01,92.00,1.23,14.41,20.02,88.66
1041.130,3425.00,168.01,92.00,1.18,14.41,20.02,88.66
1041.281,3425.00,168.01,92.00,1.18,14.41,20.02,88.66
1041.430,3425.00,168.01,92.00,1.18,14.41,19.92,88.66
1041.581,3425.00,168.01,92.00,1.18,14.41,19.92,87.96
1041.730,3345.50,168.01,92.00,1.18,14.41,19.92,87.96
1041.880,3345.50,164.63,92.00,1.18,14.41,19.92,87.96
1042.030,3345.50,164.63,92.00,1.18,14.41,19.92,87.96
1042.180,3345.50,164.63,92.00,1.14,14.41,19.92,87.96
1042.330,3345.50,164.63,92.00,1.14,14.41,19.92,87.96
1042.480,3345.50,164.63,92.00,1.14,14.41,19.75,87.96
1042.630,3345.50,164.63,92.00,1.14,14.41,19.75,87.36
1042.780,3289.50,164.63,92.00,1.14,14.41,19.75,87.36
1042.930,3289.50,161.73,92.00,1.14,14.41,19.75,87.36
1043.080,3289.50,161.73,92.00,1.14,14.41,19.75,87.36
1043.230,3289.50,161.73,92.00,1.10,14.41,19.75,87.36
1043.380,3289.50,161.73,92.00,1.10,14.41,19.75,87.36
1043.530,3289.50,161.73,92.00,1.10,14.41,19.87,87.36
1043.710,3289.50,161.73,92.00,1.10,14.41,19.87,86.66
1043.860,3245.00,161.73,92.00,1.10,14.41,19.87,86.66
1044.010,3245.00,158.85,92.00,1.10,14.41,19.87,86.66
1044.160,3245.00,158.85,88.00,1.10,14.41,19.87,86.66
1044.310,3245.00,158.85,88.00,1.07,14.41,19.87,86.66
1044.460,3245.00,158.85,88.00,1.07,14.41,19.87,86.66
1044.610,3245.00,158.85,88.00,1.07,14.41,19.80,86.66
1044.760,3245.00,158.85,88.00,1.07,14.41,19.80,86.16
1044.910,3186.00,158.85,88.00,1.07,14.41,19.80,86.16
1045.060,3186.00,156.16,88.00,1.07,14.41,19.80,86.16
1045.210,3186.00,156.16,88.00,1.07,14.41,19.80,86.16
1045.360,3186.00,156.16,88.00,1.03,14.41,19.80,86.16
1045.510,3186.00,156.16,88.00,1.03,14.41,19.80,86.16
1045.660,3186.00,156.16,88.00,1.03,14.41,19.60,86.16
1045.810,3186.00,156.16,88.00,1.03,14.41,19.60,85.66
1045.960,3123.50,156.16,88.00,1.03,14.41,19.60,85.66
1046.140,3123.50,153.07,88.00,1.03,14.41,19.60,85.66
1046.290,3123.50,153.07,84.00,1.03,14.41,19.60,85.66
1046.440,3123.50,153.07,84.00,0.99,14.41,19.60,85.66
1046.590,3123.50,153.07,84.00,0.99,14.41,19.60,85.66
1046.740,3123.50,153.07,84.00,0.99,14.41,19.68,85.66
1046.890,3123.50,153.07,84.00,0.99,14.41,19.68,85.16
1047.040,3069.50,153.07,84.00,0.99,14.41,19.68,85.16
1047.191,3069.50,149.94,84.00,0.99,14.41,19.68,85.16
1047.340,3069.50,149.94,84.00,0.99,14.41,19.68,85.16
1047.490,3069.50,149.94,84.00,0.95,14.41,19.68,85.16
1047.640,3069.50,149.94,84.00,0.95,14.41,19.68,85.16
1047.790,3069.50,149.94,84.00,0.95,14.41,19.73,85.16
1047.941,3069.50,149.94,84.00,0.95,14.41,19.73,84.76
1048.090,3007.00,149.94,84.00,0.95,14.41,19.73,84.76
1048.240,3007.00,147.39,84.00,0.95,14.41,19.73,84.76
1048.390,3007.00,147.39,84.00,0.95,14.41,19.73,84.76
1048.540,3007.00,147.39,84.00,0.92,14.41,19.73,84.76
1048.690,3007.00,147.39,84.00,0.92,14.41,19.73,84.76
1048.840,3007.00,147.39,84.00,0.92,14.41,19.38,84.76
1048.990,3007.00,147.39,84.00,0.92,14.41,19.38,84.26
1049.140,2933.00,147.39,84.00,0.92,14.41,19.38,84.26
1049.290,2933.00,144.77,84.00,0.92,14.41,19.38,84.26
1049.440,2933.00,144.77,80.00,0.92,14.41,19.38,84.26
1049.590,2933.00,144.77,80.00,0.87,14.41,19.38,84.26
1049.740,2933.00,144.77,80.00,0.87,14.41,19.38,84.26
1049.890,2933.00,144.77,80.00,0.87,14.41,19.04,84.26
1050.040,2933.00,144.77,80.00,0.87,14.41,19.04,83.96
1050.190,2889.00,144.77,80.00,0.87,14.41,19.04,83.96
1050.340,2889.00,142.22,80.00,0.87,14.41,19.04,83.96
1050.490,2889.00,142.22,76.00,0.87,14.41,19.04,83.96
1050.640,2889.00,142.22,76.00,0.82,14.41,19.04,83.96
1050.790,2889.00,142.22,76.00,0.82,14.41,19.04,83.96
1050.940,2889.00,142.22,76.00,0.82,14.41,18.58,83.96
1051.090,2889.00,142.22,76.00,0.82,14.41,18.58,83.56
1051.270,2851.50,142.22,76.00,0.82,14.41,18.58,83.56
1051.420,2851.50,139.16,76.00,0.82,14.41,18.58,83.56
1051.570,2851.50,139.16,60.00,0.82,14.41,18.58,83.56
1051.720,2851.50,139.16,60.00,0.78,14.41,18.58,83.56
1051.870,2851.50,139.16,60.00,0.78,14.41,18.58,83.56
1052.021,2851.50,139.16,60.00,0.78,14.41,17.58,83.56
1052.170,2851.50,139.16,60.00,0.78,14.41,17.58,83.26
1052.321,2826.00,139.16,60.00,0.78,14.41,17.58,83.26
1052.470,2826.00,137.93,60.00,0.78,14.41,17.58,83.26
1052.620,2826.00,137.93,92.00,0.78,14.41,17.58,83.26
1052.770,2826.00,137.93,92.00,0.80,14.41,17.58,83.26
1052.920,2826.00,137.93,92.00,0.80,14.41,17.58,83.26
1053.070,2826.00,137.93,92.00,0.80,14.41,18.41,83.26
1053.220,2826.00,137.93,92.00,0.80,14.41,18.41,82.86
1053.370,2808.50,137.93,92.00,0.80,14.41,18.41,82.86
1053.520,2808.50,137.16,92.00,0.80,14.41,18.41,82.86
1053.670,2808.50,137.16,132.00,0.80,14.41,18.41,82.86
1053.820,2808.50,137.16,132.00,1.21,14.41,18.41,82.86
1053.970,2808.50,137.16,132.00,1.21,14.41,18.41,82.86
1054.120,2808.50,137.16,132.00,1.21,14.41,19.14,82.86
1054.270,2808.50,137.16,132.00,1.21,14.41,19.14,82.56
1054.420,2195.50,137.16,132.00,1.21,14.41,19.14,82.56
1054.570,2195.50,137.07,132.00,1.21,14.41,19.14,82.56
1054.720,2195.50,137.07,104.00,1.21,14.41,19.14,82.56
1054.870,2195.50,137.07,104.00,1.92,14.41,19.14,82.56
1055.020,2195.50,137.07,104.00,1.92,14.41,19.14,82.56
1055.170,2195.50,137.07,104.00,1.92,14.41,21.07,82.56
1055.320,2195.50,137.07,104.00,1.92,14.41,21.07,82.46
1055.470,2194.50,137.07,104.00,1.92,14.41,21.07,82.46
1055.620,2194.50,137.10,104.00,1.92,14.41,21.07,82.46
1055.770,2194.50,137.10,140.00,1.92,14.41,21.07,82.46
1055.921,2194.50,137.10,140.00,2.74,14.41,21.07,82.46
1056.071,2194.50,137.10,140.00,2.74,14.42,21.07,82.46
1056.220,2194.50,137.10,140.00,2.74,14.42,26.12,82.46
1056.370,2194.50,137.10,140.00,2.74,14.42,26.12,82.76
1056.520,2209.00,137.10,140.00,2.74,14.42,26.12,82.76
1056.670,2209.00,137.50,140.00,2.74,14.42,26.12,82.76
1056.820,2209.00,137.50,172.00,2.74,14.42,26.12,82.76
1056.970,2209.00,137.50,172.00,4.47,14.42,26.12,82.76
1057.120,2209.00,137.50,172.00,4.47,14.42,26.12,82.76
1057.270,2209.00,137.50,172.00,4.47,14.42,22.51,82.76
1057.421,2209.00,137.50,172.00,4.47,14.42,22.51,83.26
1057.570,2216.50,137.50,172.00,4.47,14.42,22.51,83.26
1057.720,2216.50,138.35,172.00,4.47,14.42,22.51,83.26
1057.870,2216.50,138.35,176.00,4.47,14.42,22.51,83.26
1058.020,2216.50,138.35,176.00,4.82,14.42,22.51,83.26
1058.170,2216.50,138.35,176.00,4.82,14.42,22.51,83.26
1058.321,2216.50,138.35,176.00,4.82,14.42,21.92,83.26
1058.470,2216.50,138.35,176.00,4.82,14.42,21.92,83.86
1058.620,2268.50,138.35,176.00,4.82,14.42,21.92,83.86
1058.770,2268.50,138.83,176.00,4.82,14.42,21.92,83.86
1058.951,2268.50,138.83,176.00,4.82,14.42,21.92,83.86
1059.101,2268.50,138.83,176.00,4.48,14.42,21.92,83.86
1059.250,2268.50,138.83,176.00,4.48,14.42,21.92,83.86
1059.401,2268.50,138.83,176.00,4.48,14.42,26.05,83.86
1059.551,2268.50,138.83,176.00,4.48,14.42,26.05,84.76
1059.701,2244.00,138.83,176.00,4.48,14.42,26.05,84.76
1059.850,2244.00,139.67,176.00,4.48,14.42,26.05,84.76
1060.001,2244.00,139.67,184.00,4.48,14.42,26.05,84.76
1060.151,2244.00,139.67,184.00,5.27,14.42,26.05,84.76
1060.301,2244.00,139.67,184.00,5.27,14.42,26.05,84.76
1060.450,2244.00,139.67,184.00,5.27,14.42,23.58,84.76
1060.601,2244.00,139.67,184.00,5.27,14.42,23.58,86.06
1060.750,2257.00,139.67,184.00,5.27,14.42,23.58,86.06
1060.901,2257.00,141.17,184.00,5.27,14.42,23.58,86.06
1061.050,2257.00,141.17,164.00,5.27,14.42,23.58,86.06
1061.201,2257.00,141.17,164.00,3.52,14.42,23.58,86.06
1061.350,2257.00,141.17,164.00,3.52,14.42,23.58,86.06
1061.500,2257.00,141.17,164.00,3.52,14.42,20.24,86.06
1061.650,2257.00,141.17,164.00,3.52,14.42,20.24,87.16
1061.801,2259.50,141.17,164.00,3.52,14.42,20.24,87.16
1061.950,2259.50,141.42,164.00,3.52,14.42,20.24,87.16
1062.100,2259.50,141.42,140.00,3.52,14.42,20.24,87.16
1062.250,2259.50,141.42,140.00,3.64,14.42,20.24,87.16
1062.400,2259.50,141.42,140.00,3.64,14.42,20.24,87.16
1062.551,2259.50,141.42,140.00,3.64,14.42,19.31,87.16
1062.701,2259.50,141.42,140.00,3.64,14.42,19.31,88.56
1062.850,2261.50,141.42,140.00,3.64,14.42,19.31,88.56
1063.001,2261.50,141.39,140.00,3.64,14.42,19.31,88.56
1063.150,2261.50,141.39,132.00,3.64,14.42,19.31,88.56
1063.301,2261.50,141.39,132.00,3.53,14.42,19.31,88.56
1063.450,2261.50,141.39,132.00,3.53,14.42,19.31,88.56
1063.601,2261.50,141.39,132.00,3.53,14.42,18.75,88.56
1063.751,2261.50,141.39,132.00,3.53,14.42,18.75,89.76
1063.901,2260.50,141.39,132.00,3.53,14.42,18.75,89.76
1064.051,2260.50,141.50,132.00,3.53,14.42,18.75,89.76
1064.201,2260.50,141.50,132.00,3.53,14.42,18.75,89.76
1064.350,2260.50,141.50,132.00,3.39,14.42,18.75,89.76
1064.501,2260.50,141.50,132.00,3.39,14.41,18.75,89.76
1064.650,2260.50,141.50,132.00,3.39,14.41,18.82,89.76
1064.801,2260.50,141.50,132.00,3.39,14.41,18.82,90.96
1064.951,2264.00,141.50,132.00,3.39,14.41,18.82,90.96
1065.100,2264.00,141.40,132.00,3.39,14.41,18.82,90.96
1065.250,2264.00,141.40,128.00,3.39,14.41,18.82,90.96
1065.400,2264.00,141.40,128.00,3.34,14.41,18.82,90.96
1065.551,2264.00,141.40,128.00,3.34,14.41,18.82,90.96
1065.701,2264.00,141.40,128.00,3.34,14.41,18.46,90.96
1065.851,2264.00,141.40,128.00,3.34,14.41,18.46,92.06
1066.001,2262.50,141.40,128.00,3.34,14.41,18.46,92.06
1066.151,2262.50,141.46,128.00,3.34,14.41,18.46,92.06
1066.301,2262.50,141.46,124.00,3.34,14.41,18.46,92.06
1066.450,2262.50,141.46,124.00,3.14,14.41,18.46,92.06
1066.631,2262.50,141.46,124.00,3.14,14.41,18.46,92.06
1066.780,2262.50,141.46,124.00,3.14,14.41,18.55,92.06
1066.931,2262.50,141.46,124.00,3.14,14.41,18.55,93.06
1067.080,2261.50,141.46,124.00,3.14,14.41,18.55,93.06
1067.230,2261.50,141.37,124.00,3.14,14.41,18.55,93.06
1067.380,2261.50,141.37,124.00,3.14,14.41,18.55,93.06
1067.530,2261.50,141.37,124.00,3.09,14.41,18.55,93.06
1067.680,2261.50,141.37,124.00,3.09,14.41,18.55,93.06
1067.830,2261.50,141.37,124.00,3.09,14.41,18.85,93.06
1068.101,2261.50,141.37,124.00,3.09,14.41,18.85,93.86
1068.251,2258.50,141.37,124.00,3.09,14.41,18.85,93.86
1068.401,2258.50,141.35,124.00,3.09,14.41,18.85,93.86
1068.551,2258.50,141.35,128.00,3.09,14.41,18.85,93.86
1068.701,2258.50,141.35,128.00,3.20,14.41,18.85,93.86
1068.850,2258.50,141.35,128.00,3.20,14.41,18.85,93.86
1069.001,2258.50,141.35,128.00,3.20,14.41,19.04,93.86
1069.180,2258.50,141.35,128.00,3.20,14.41,19.04,94.26
1069.330,2262.50,141.35,128.00,3.20,14.41,19.04,94.26
1069.480,2262.50,141.35,128.00,3.20,14.41,19.04,94.26
1069.630,2262.50,141.35,132.00,3.20,14.41,19.04,94.26
1069.780,2262.50,141.35,132.00,3.31,14.41,19.04,94.26
1069.931,2262.50,141.35,132.00,3.31,14.41,19.04,94.26
1070.080,2262.50,141.35,132.00,3.31,14.41,18.55,94.26
1070.231,2262.50,141.35,132.00,3.31,14.41,18.55,94.26
1070.380,2261.00,141.35,132.00,3.31,14.41,18.55,94.26
1070.530,2261.00,141.41,132.00,3.31,14.41,18.55,94.26
1070.680,2261.00,141.41,128.00,3.31,14.41,18.55,94.26
1070.830,2261.00,141.41,128.00,3.24,14.41,18.55,94.26
1070.981,2261.00,141.41,128.00,3.24,14.41,18.55,94.26
1071.130,2261.00,141.41,128.00,3.24,14.41,18.38,94.26
1071.281,2261.00,141.41,128.00,3.24,14.41,18.38,94.16
1071.431,2263.50,141.41,128.00,3.24,14.41,18.38,94.16
1071.580,2263.50,141.59,128.00,3.24,14.41,18.38,94.16
1071.730,2263.50,141.59,124.00,3.24,14.41,18.38,94.16
1071.880,2263.50,141.59,124.00,3.07,14.41,18.38,94.16
1072.030,2263.50,141.59,124.00,3.07,14.41,18.38,94.16
1072.180,2263.50,141.59,124.00,3.07,14.41,18.36,94.16
1072.331,2263.50,141.59,124.00,3.07,14.41,18.36,93.86
1072.480,2265.00,141.59,124.00,3.07,14.41,18.36,93.86
1072.630,2265.00,140.98,124.00,3.07,14.41,18.36,93.86
1072.780,2265.00,140.98,124.00,3.07,14.41,18.36,93.86
1072.931,2265.00,140.98,124.00,3.03,14.41,18.36,93.86
1073.081,2265.00,140.98,124.00,3.03,14.41,18.36,93.86
1073.230,2265.00,140.98,124.00,3.03,14.41,18.63,93.86
1073.381,2265.00,140.98,124.00,3.03,14.41,18.63,93.56
1073.531,2261.50,140.98,124.00,3.03,14.41,18.63,93.56
1073.681,2261.50,141.59,124.00,3.03,14.41,18.63,93.56
1073.830,2261.50,141.59,128.00,3.03,14.41,18.63,93.56
1073.981,2261.50,141.59,128.00,3.05,14.41,18.63,93.56
1074.130,2261.50,141.59,128.00,3.05,14.41,18.63,93.56
1074.311,2261.50,141.59,128.00,3.05,14.41,18.63,93.56
1074.461,2261.50,141.59,128.00,3.05,14.41,18.63,93.06
1074.611,2263.50,141.59,128.00,3.05,14.41,18.63,93.06
1074.760,2263.50,141.39,128.00,3.05,14.41,18.63,93.06
1074.910,2263.50,141.39,124.00,3.05,14.41,18.63,93.06
1075.060,2263.50,141.39,124.00,3.10,14.41,18.63,93.06
1075.211,2263.50,141.39,124.00,3.10,14.41,18.63,93.06
1075.361,2263.50,141.39,124.00,3.10,14.41,18.33,93.06
1075.511,2263.50,141.39,124.00,3.10,14.41,18.33,92.46
1075.661,2265.50,141.39,124.00,3.10,14.41,18.33,92.46
1075.811,2265.50,141.66,124.00,3.10,14.41,18.33,92.46
1075.961,2265.50,141.66,120.00,3.10,14.41,18.33,92.46
1076.110,2265.50,141.66,120.00,2.96,14.41,18.33,92.46
1076.260,2265.50,141.66,120.00,2.96,14.41,18.33,92.46
1076.411,2265.50,141.66,120.00,2.96,14.41,18.16,92.46
1076.561,2265.50,141.66,120.00,2.96,14.41,18.16,91.96
1076.711,2259.50,141.66,120.00,2.96,14.41,18.16,91.96
1076.860,2259.50,141.55,120.00,2.96,14.41,18.16,91.96
1077.011,2259.50,141.55,124.00,2.96,14.41,18.16,91.96
1077.161,2259.50,141.55,124.00,2.99,14.41,18.16,91.96
1077.311,2259.50,141.55,124.00,2.99,14.41,18.16,91.96
1077.461,2259.50,141.55,124.00,2.99,14.41,18.16,91.96
1077.611,2259.50,141.55,124.00,2.99,14.41,18.16,91.56
1077.761,2261.50,141.55,124.00,2.99,14.41,18.16,91.56
1077.911,2261.50,141.60,124.00,2.99,14.41,18.16,91.56
1078.061,2261.50,141.60,120.00,2.99,14.41,18.16,91.56
1078.211,2261.50,141.60,120.00,2.94,14.41,18.16,91.56
1078.361,2261.50,141.60,120.00,2.94,14.41,18.16,91.56
1078.510,2261.50,141.60,120.00,2.94,14.41,17.43,91.56
1078.661,2261.50,141.60,120.00,2.94,14.41,17.43,91.16
1078.811,2201.50,141.60,120.00,2.94,14.41,17.43,91.16
1078.961,2201.50,139.87,120.00,2.94,14.41,17.43,91.16
1079.111,2201.50,139.87,36.00,2.94,14.41,17.43,91.16
1079.261,2201.50,139.87,36.00,1.62,14.41,17.43,91.16
1079.411,2201.50,139.87,36.00,1.62,14.41,17.43,91.16
1079.561,2201.50,139.87,36.00,1.62,14.41,8.91,91.16
1079.711,2201.50,139.87,36.00,1.62,14.41,8.91,90.76
1079.861,2141.50,139.87,36.00,1.62,14.41,8.91,90.76
1080.011,2141.50,134.72,36.00,1.62,14.41,8.91,90.76
1080.160,2141.50,134.72,36.00,1.62,14.41,8.91,90.76
1080.311,2141.50,134.72,36.00,0.74,14.41,8.91,90.76
1080.461,2141.50,134.72,36.00,0.74,14.41,8.91,90.76
1080.611,2141.50,134.72,36.00,0.74,14.41,10.35,90.76
1080.760,2141.50,134.72,36.00,0.74,14.41,10.35,90.46
1080.910,2035.00,134.72,36.00,0.74,14.41,10.35,90.46
1081.061,2035.00,128.17,36.00,0.74,14.41,10.35,90.46
1081.211,2035.00,128.17,32.00,0.74,14.41,10.35,90.46
1081.361,2035.00,128.17,32.00,0.49,14.41,10.35,90.46
1081.511,2035.00,128.17,32.00,0.49,14.41,10.35,90.46
1081.661,2035.00,128.17,32.00,0.49,14.41,22.39,90.46
1081.811,2035.00,128.17,32.00,0.49,14.41,22.39,90.16
1081.991,2034.00,128.17,32.00,0.49,14.41,22.39,90.16
1082.141,2034.00,126.96,32.00,0.49,14.41,22.39,90.16
1082.291,2034.00,126.96,200.00,0.49,14.41,22.39,90.16
1082.441,2034.00,126.96,200.00,2.94,14.41,22.39,90.16
1082.591,2034.00,126.96,200.00,2.94,14.41,22.39,90.16
1082.741,2034.00,126.96,200.00,2.94,14.41,98.00,90.16
1082.890,2034.00,126.96,200.00,2.94,14.41,98.00,89.96
1083.041,2073.00,126.96,200.00,2.94,14.41,98.00,89.96
1083.190,2073.00,129.12,200.00,2.94,14.41,98.00,89.96
1083.341,2073.00,129.12,284.00,2.94,14.41,98.00,89.96
1083.491,2073.00,129.12,284.00,8.16,14.41,98.00,89.96
1083.641,2073.00,129.12,284.00,8.16,14.41,98.00,89.96
1083.791,2073.00,129.12,284.00,8.16,14.41,98.00,89.96
1083.941,2073.00,129.12,284.00,8.16,14.41,98.00,89.76
1084.091,2127.00,129.12,284.00,8.16,14.41,98.00,89.76
1084.241,2127.00,132.41,284.00,8.16,14.41,98.00,89.76
1084.391,2127.00,132.41,372.00,8.16,14.41,98.00,89.76
1084.541,2127.00,132.41,372.00,14.32,14.41,98.00,89.76
1084.691,2127.00,132.41,372.00,14.32,14.41,98.00,89.76
1084.841,2127.00,132.41,372.00,14.32,14.41,98.00,89.76
1084.991,2127.00,132.41,372.00,14.32,14.41,98.00,89.76
1085.141,2201.50,132.41,372.00,14.32,14.41,98.00,89.76
1085.291,2201.50,136.26,372.00,14.32,14.41,98.00,89.76
1085.441,2201.50,136.26,448.00,14.32,14.41,98.00,89.76
1085.591,2201.50,136.26,448.00,18.88,14.41,98.00,89.76
1085.741,2201.50,136.26,448.00,18.88,14.41,98.00,89.76
1085.890,2201.50,136.26,448.00,18.88,14.41,10.50,89.76
1086.041,2201.50,136.26,448.00,18.88,14.41,10.50,89.96
1086.191,2210.00,136.26,448.00,18.88,14.41,10.50,89.96
1086.341,2210.00,138.43,448.00,18.88,14.41,10.50,89.96
1086.491,2210.00,138.43,100.00,18.88,14.41,10.50,89.96
1086.641,2210.00,138.43,100.00,4.40,14.41,10.50,89.96
1086.791,2210.00,138.43,100.00,4.40,14.41,10.50,89.96
1086.941,2210.00,138.43,100.00,4.40,14.41,17.82,89.96
1087.091,2210.00,138.43,100.00,4.40,14.41,17.82,90.36
1087.241,2211.50,138.43,100.00,4.40,14.41,17.82,90.36
1087.391,2211.50,138.34,100.00,4.40,14.41,17.82,90.36
1087.541,2211.50,138.34,144.00,4.40,14.41,17.82,90.36
1087.691,2211.50,138.34,144.00,3.29,14.41,17.82,90.36
1087.841,2211.50,138.34,144.00,3.29,14.41,17.82,90.36
1087.991,2211.50,138.34,144.00,3.29,14.41,24.63,90.36
1088.141,2211.50,138.34,144.00,3.29,14.41,24.63,90.96
1088.291,2234.00,138.34,144.00,3.29,14.41,24.63,90.96
1088.441,2234.00,138.76,144.00,3.29,14.41,24.63,90.96
1088.591,2234.00,138.76,172.00,3.29,14.41,24.63,90.96
1088.741,2234.00,138.76,172.00,4.22,14.41,24.63,90.96
1088.890,2234.00,138.76,172.00,4.22,14.41,24.63,90.96
1089.041,2234.00,138.76,172.00,4.22,14.41,22.97,90.96
1089.191,2234.00,138.76,172.00,4.22,14.41,22.97,91.66
1089.341,2236.00,138.76,172.00,4.22,14.41,22.97,91.66
1089.491,2236.00,139.75,172.00,4.22,14.41,22.97,91.66
1089.671,2236.00,139.75,168.00,4.22,14.41,22.97,91.66
1089.821,2236.00,139.75,168.00,3.96,14.41,22.97,91.66
1089.971,2236.00,139.75,168.00,3.96,14.41,22.97,91.66
1090.121,2236.00,139.75,168.00,3.96,14.41,24.56,91.66
1090.271,2236.00,139.75,168.00,3.96,14.41,24.56,92.36
1090.421,2246.50,139.75,168.00,3.96,14.41,24.56,92.36
1090.571,2246.50,140.36,168.00,3.96,14.41,24.56,92.36
1090.721,2246.50,140.36,140.00,3.96,14.41,24.56,92.36
1090.871,2246.50,140.36,140.00,3.57,14.41,24.56,92.36
1091.021,2246.50,140.36,140.00,3.57,14.41,24.56,92.36
1091.171,2246.50,140.36,140.00,3.57,14.41,18.19,92.36
1091.321,2246.50,140.36,140.00,3.57,14.41,18.19,92.86
1091.471,2251.00,140.36,140.00,3.57,14.41,18.19,92.86
1091.621,2251.00,141.08,140.00,3.57,14.41,18.19,92.86
1091.770,2251.00,141.08,124.00,3.57,14.41,18.19,92.86
1091.921,2251.00,141.08,124.00,3.25,14.41,18.19,92.86
1092.071,2251.00,141.08,124.00,3.25,14.41,18.19,92.86
1092.221,2251.00,141.08,124.00,3.25,14.41,18.04,92.86
1092.371,2251.00,141.08,124.00,3.25,14.41,18.04,93.26
1092.521,2249.00,141.08,124.00,3.25,14.41,18.04,93.26
1092.671,2249.00,140.54,124.00,3.25,14.41,18.04,93.26
1092.821,2249.00,140.54,124.00,3.25,14.41,18.04,93.26
1092.971,2249.00,140.54,124.00,3.07,14.41,18.04,93.26
1093.121,2249.00,140.54,124.00,3.07,14.41,18.04,93.26
1093.271,2249.00,140.54,124.00,3.07,14.41,19.53,93.26
1093.421,2249.00,140.54,124.00,3.07,14.41,19.53,93.36
1093.571,2252.00,140.54,124.00,3.07,14.41,19.53,93.36
1093.721,2252.00,140.39,124.00,3.07,14.41,19.53,93.36
1093.871,2252.00,140.39,148.00,3.07,14.41,19.53,93.36
1094.021,2252.00,140.39,148.00,3.62,14.41,19.53,93.36
1094.170,2252.00,140.39,148.00,3.62,14.41,19.53,93.36
1094.321,2252.00,140.39,148.00,3.62,14.41,21.68,93.36
1094.472,2252.00,140.39,148.00,3.62,14.41,21.68,93.46
1094.621,2251.50,140.39,148.00,3.62,14.41,21.68,93.46
1094.771,2251.50,140.53,148.00,3.62,14.41,21.68,93.46
1094.921,2251.50,140.53,164.00,3.62,14.41,21.68,93.46
1095.071,2251.50,140.53,164.00,3.42,14.41,21.68,93.46
1095.221,2251.50,140.53,164.00,3.42,14.41,21.68,93.46
1095.371,2251.50,140.53,164.00,3.42,14.41,24.75,93.46
1095.521,2251.50,140.53,164.00,3.42,14.41,24.75,93.36
1095.671,2256.00,140.53,164.00,3.42,14.41,24.75,93.36
1095.821,2256.00,140.91,164.00,3.42,14.41,24.75,93.36
1095.971,2256.00,140.91,160.00,3.42,14.41,24.75,93.36
1096.121,2256.00,140.91,160.00,2.98,14.41,24.75,93.36
1096.271,2256.00,140.91,160.00,2.98,14.41,24.75,93.36
1096.421,2256.00,140.91,160.00,2.98,14.41,23.34,93.36
1096.571,2256.00,140.91,160.00,2.98,14.41,23.34,93.16
1096.721,2258.50,140.91,160.00,2.98,14.41,23.34,93.16
1096.871,2258.50,141.14,160.00,2.98,14.41,23.34,93.16
1097.021,2258.50,141.14,148.00,2.98,14.41,23.34,93.16
1097.171,2258.50,141.14,148.00,3.72,14.41,23.34,93.16
1097.351,2258.50,141.14,148.00,3.72,14.41,23.34,93.16
1097.531,2258.50,141.14,148.00,3.72,14.41,19.41,93.16
1097.681,2258.50,141.14,148.00,3.72,14.41,19.41,92.96
1097.831,2261.00,141.14,148.00,3.72,14.41,19.41,92.96
1097.981,2261.00,141.45,148.00,3.72,14.41,19.41,92.96
1098.130,2261.00,141.45,144.00,3.72,14.41,19.41,92.96
1098.281,2261.00,141.45,144.00,3.75,14.41,19.41,92.96
1098.431,2261.00,141.45,144.00,3.75,14.41,19.41,92.96
1098.581,2261.00,141.45,144.00,3.75,14.41,19.29,92.96
1098.731,2261.00,141.45,144.00,3.75,14.41,19.29,92.76
1098.880,2260.50,141.45,144.00,3.75,14.41,19.29,92.76
1099.031,2260.50,141.42,144.00,3.75,14.41,19.29,92.76
1099.180,2260.50,141.42,144.00,3.75,14.41,19.29,92.76
1099.331,2260.50,141.42,144.00,3.76,14.41,19.29,92.76
1099.481,2260.50,141.42,144.00,3.76,14.41,19.29,92.76
1099.631,2260.50,141.42,144.00,3.76,14.41,19.19,92.76
1099.781,2260.50,141.42,144.00,3.76,14.41,19.19,92.56
1099.931,2261.50,141.42,144.00,3.76,14.41,19.19,92.56
1100.080,2261.50,141.32,144.00,3.76,14.41,19.19,92.56
1100.231,2261.50,141.32,140.00,3.76,14.41,19.19,92.56
1100.381,2261.50,141.32,140.00,3.69,14.41,19.19,92.56
1100.531,2261.50,141.32,140.00,3.69,14.41,19.19,92.56
1100.711,2261.50,141.32,140.00,3.69,14.41,19.11,92.56
1100.860,2261.50,141.32,140.00,3.69,14.41,19.11,92.46
1101.011,2262.00,141.32,140.00,3.69,14.41,19.11,92.46
1101.191,2262.00,141.08,140.00,3.69,14.41,19.11,92.46
1101.341,2262.00,141.08,144.00,3.69,14.41,19.11,92.46
1101.491,2262.00,141.08,144.00,3.72,14.41,19.11,92.46
1101.641,2262.00,141.08,144.00,3.72,14.41,19.11,92.46
1101.791,2262.00,141.08,144.00,3.72,14.41,19.41,92.46
1101.941,2262.00,141.08,144.00,3.72,14.41,19.41,92.26
1102.091,2260.50,141.08,144.00,3.72,14.41,19.41,92.26
1102.241,2260.50,141.45,144.00,3.72,14.41,19.41,92.26
1102.391,2260.50,141.45,148.00,3.72,14.41,19.41,92.26
1102.541,2260.50,141.45,148.00,3.83,14.41,19.41,92.26
1102.691,2260.50,141.45,148.00,3.83,14.41,19.41,92.26
1102.841,2260.50,141.45,148.00,3.83,14.41,18.80,92.26
1102.991,2260.50,141.45,148.00,3.83,14.41,18.80,92.16
1103.141,2261.50,141.45,148.00,3.83,14.41,18.80,92.16
1103.291,2261.50,141.45,148.00,3.83,14.41,18.80,92.16
1103.441,2261.50,141.45,140.00,3.83,14.41,18.80,92.16
1103.591,2261.50,141.45,140.00,3.71,14.41,18.80,92.16
1103.741,2261.50,141.45,140.00,3.71,14.41,18.80,92.16
1103.890,2261.50,141.45,140.00,3.71,14.41,18.53,92.16
1104.041,2261.50,141.45,140.00,3.71,14.41,18.53,92.06
1104.191,2260.50,141.45,140.00,3.71,14.41,18.53,92.06
1104.341,2260.50,141.36,140.00,3.71,14.41,18.53,92.06
1104.491,2260.50,141.36,132.00,3.71,14.41,18.53,92.06
1104.641,2260.50,141.36,132.00,3.48,14.41,18.53,92.06
1104.791,2260.50,141.36,132.00,3.48,14.41,18.53,92.06
1104.941,2260.50,141.36,132.00,3.48,14.41,18.60,92.06
1105.091,2260.50,141.36,132.00,3.48,14.41,18.60,91.96
1105.241,2261.50,141.36,132.00,3.48,14.41,18.60,91.96
1105.390,2261.50,141.23,132.00,3.48,14.41,18.60,91.96
1105.541,2261.50,141.23,136.00,3.48,14.41,18.60,91.96
1105.691,2261.50,141.23,136.00,3.47,14.41,18.60,91.96
1105.841,2261.50,141.23,136.00,3.47,14.41,18.60,91.96
1105.991,2261.50,141.23,136.00,3.47,14.41,18.75,91.96
1106.141,2261.50,141.23,136.00,3.47,14.41,18.75,91.96
1106.291,2259.00,141.23,136.00,3.47,14.41,18.75,91.96
1106.441,2259.00,141.16,136.00,3.47,14.41,18.75,91.96
1106.591,2259.00,141.16,136.00,3.47,14.41,18.75,91.96
1106.741,2259.00,141.16,136.00,3.46,14.41,18.75,91.96
1106.891,2259.00,141.16,136.00,3.46,14.41,18.75,91.96
1107.041,2259.00,141.16,136.00,3.46,14.41,18.99,91.96
1107.190,2259.00,141.16,136.00,3.46,14.41,18.99,91.86
1107.341,2253.00,141.16,136.00,3.46,14.41,18.99,91.86
1107.491,2253.00,140.86,136.00,3.46,14.41,18.99,91.86
1107.641,2253.00,140.86,140.00,3.46,14.41,18.99,91.86
1107.791,2253.00,140.86,140.00,3.56,14.41,18.99,91.86
1107.941,2253.00,140.86,140.00,3.56,14.41,18.99,91.86
1108.091,2253.00,140.86,140.00,3.56,14.41,19.16,91.86
1108.241,2253.00,140.86,140.00,3.56,14.41,19.16,91.76
1108.391,2258.50,140.86,140.00,3.56,14.41,19.16,91.76
1108.541,2258.50,140.88,140.00,3.56,14.41,19.16,91.76
1108.691,2258.50,140.88,144.00,3.56,14.41,19.16,91.76
1108.871,2258.50,140.88,144.00,3.69,14.41,19.16,91.76
1109.021,2258.50,140.88,144.00,3.69,14.40,19.16,91.76
1109.171,2258.50,140.88,144.00,3.69,14.40,19.38,91.76
1109.320,2258.50,140.88,144.00,3.69,14.40,19.38,91.76
1109.471,2253.00,140.88,144.00,3.69,14.40,19.38,91.76
1109.621,2253.00,140.58,144.00,3.69,14.40,19.38,91.76
1109.770,2253.00,140.58,148.00,3.69,14.40,19.38,91.76
1109.921,2253.00,140.58,148.00,3.77,14.40,19.38,91.76
1110.071,2253.00,140.58,148.00,3.77,14.40,19.38,91.76
1110.221,2253.00,140.58,148.00,3.77,14.40,22.56,91.76
1110.371,2253.00,140.58,148.00,3.77,14.40,22.56,91.66
1110.521,2256.50,140.58,148.00,3.77,14.40,22.56,91.66
1110.671,2256.50,140.98,148.00,3.77,14.40,22.56,91.66
1110.821,2256.50,140.98,164.00,3.77,14.40,22.56,91.66
1110.971,2256.50,140.98,164.00,2.62,14.40,22.56,91.66
1111.121,2256.50,140.98,164.00,2.62,14.40,22.56,91.66
1111.271,2256.50,140.98,164.00,2.62,14.40,26.88,91.66
1111.421,2256.50,140.98,164.00,2.62,14.40,26.88,91.56
1111.571,2254.50,140.98,164.00,2.62,14.40,26.88,91.56
1111.721,2254.50,140.80,164.00,2.62,14.40,26.88,91.56
1111.871,2254.50,140.80,168.00,2.62,14.40,26.88,91.56
1112.021,2254.50,140.80,168.00,2.99,14.40,26.88,91.56
1112.170,2254.50,140.80,168.00,2.99,14.40,26.88,91.56
1112.321,2254.50,140.80,168.00,2.99,14.40,25.24,91.56
1112.471,2254.50,140.80,168.00,2.99,14.40,25.24,91.56
1112.621,2257.00,140.80,168.00,2.99,14.40,25.24,91.56
1112.771,2257.00,140.54,168.00,2.99,14.40,25.24,91.56
1112.921,2257.00,140.54,156.00,2.99,14.40,25.24,91.56
1113.071,2257.00,140.54,156.00,3.20,14.40,25.24,91.56
1113.220,2257.00,140.54,156.00,3.20,14.40,25.24,91.56
1113.371,2257.00,140.54,156.00,3.20,14.40,22.19,91.56
1113.520,2257.00,140.54,156.00,3.20,14.40,22.19,91.56
1113.671,2259.50,140.54,156.00,3.20,14.40,22.19,91.56
1113.821,2259.50,140.92,156.00,3.20,14.40,22.19,91.56
1113.970,2259.50,140.92,144.00,3.20,14.40,22.19,91.56
1114.121,2259.50,140.92,144.00,3.67,14.40,22.19,91.56
1114.270,2259.50,140.92,144.00,3.67,14.40,22.19,91.56
1114.421,2259.50,140.92,144.00,3.67,14.40,19.80,91.56
1114.571,2259.50,140.92,144.00,3.67,14.40,19.80,91.56
1114.721,2255.00,140.92,144.00,3.67,14.40,19.80,91.56
1114.871,2255.00,141.09,144.00,3.67,14.40,19.80,91.56
1115.021,2255.00,141.09,144.00,3.67,14.40,19.80,91.56
1115.170,2255.00,141.09,144.00,3.82,14.40,19.80,91.56
1115.320,2255.00,141.09,144.00,3.82,14.40,19.80,91.56
1115.470,2255.00,141.09,144.00,3.82,14.40,19.70,91.56
1115.620,2255.00,141.09,144.00,3.82,14.40,19.70,91.66
1115.771,2257.00,141.09,144.00,3.82,14.40,19.70,91.66
1115.921,2257.00,140.91,144.00,3.82,14.40,19.70,91.66
1116.070,2257.00,140.91,148.00,3.82,14.40,19.70,91.66
1116.221,2257.00,140.91,148.00,3.94,14.40,19.70,91.66
1116.371,2257.00,140.91,148.00,3.94,14.40,19.70,91.66
1116.551,2257.00,140.91,148.00,3.94,14.40,21.19,91.66
1116.701,2257.00,140.91,148.00,3.94,14.40,21.19,91.66
1116.851,2260.50,140.91,148.00,3.94,14.40,21.19,91.66
1117.001,2260.50,140.57,148.00,3.94,14.40,21.19,91.66
1117.151,2260.50,140.57,160.00,3.94,14.40,21.19,91.66
1117.301,2260.50,140.57,160.00,3.25,14.40,21.19,91.66
1117.451,2260.50,140.57,160.00,3.25,14.40,21.19,91.66
1117.601,2260.50,140.57,160.00,3.25,14.40,26.15,91.66
1117.751,2260.50,140.57,160.00,3.25,14.40,26.15,91.66
1117.901,2255.50,140.57,160.00,3.25,14.40,26.15,91.66
1118.051,2255.50,140.71,160.00,3.25,14.40,26.15,91.66
1118.201,2255.50,140.71,168.00,3.25,14.40,26.15,91.66
1118.351,2255.50,140.71,168.00,2.89,14.40,26.15,91.66
1118.501,2255.50,140.71,168.00,2.89,14.40,26.15,91.66
1118.651,2255.50,140.71,168.00,2.89,14.40,28.15,91.66
1118.801,2255.50,140.71,168.00,2.89,14.40,28.15,91.66
1118.951,2257.50,140.71,168.00,2.89,14.40,28.15,91.66
1119.101,2257.50,140.97,168.00,2.89,14.40,28.15,91.66
1119.251,2257.50,140.97,168.00,2.89,14.40,28.15,91.66
1119.401,2257.50,140.97,168.00,3.22,14.40,28.15,91.66
1119.551,2257.50,140.97,168.00,3.22,14.40,28.15,91.66
1119.701,2257.50,140.97,168.00,3.22,14.40,25.95,91.66
1119.851,2257.50,140.97,168.00,3.22,14.40,25.95,91.66
1120.001,2261.00,140.97,168.00,3.22,14.40,25.95,91.66
1120.151,2261.00,140.85,168.00,3.22,14.40,25.95,91.66
1120.301,2261.00,140.85,164.00,3.22,14.40,25.95,91.66
1120.451,2261.00,140.85,164.00,2.63,14.40,25.95,91.66
1120.601,2261.00,140.85,164.00,2.63,14.40,25.95,91.66
1120.751,2261.00,140.85,164.00,2.63,14.40,26.93,91.66
1120.901,2261.00,140.85,164.00,2.63,14.40,26.93,91.66
1121.051,2256.00,140.85,164.00,2.63,14.40,26.93,91.66
1121.201,2256.00,140.96,164.00,2.63,14.40,26.93,91.66
1121.351,2256.00,140.96,164.00,2.63,14.40,26.93,91.66
1121.501,2256.00,140.96,164.00,2.80,14.40,26.93,91.66
1121.651,2256.00,140.96,164.00,2.80,14.40,26.93,91.66
1121.801,2256.00,140.96,164.00,2.80,14.40,26.07,91.66
1121.951,2256.00,140.96,164.00,2.80,14.40,26.07,91.66
1122.101,2261.00,140.96,164.00,2.80,14.40,26.07,91.66
1122.251,2261.00,141.21,164.00,2.80,14.40,26.07,91.66
1122.401,2261.00,141.21,160.00,2.80,14.40,26.07,91.66
1122.551,2261.00,141.21,160.00,2.81,14.40,26.07,91.66
1122.701,2261.00,141.21,160.00,2.81,14.40,26.07,91.66
1122.851,2261.00,141.21,160.00,2.81,14.40,24.19,91.66
1123.001,2261.00,141.21,160.00,2.81,14.40,24.19,91.76
1123.151,2262.00,141.21,160.00,2.81,14.40,24.19,91.76
1123.301,2262.00,141.14,160.00,2.81,14.40,24.19,91.76
1123.451,2262.00,141.14,164.00,2.81,14.40,24.19,91.76
1123.601,2262.00,141.14,164.00,2.92,14.40,24.19,91.76
1123.751,2262.00,141.14,164.00,2.92,14.40,24.19,91.76
1123.901,2262.00,141.14,164.00,2.92,14.40,26.27,91.76
1124.051,2262.00,141.14,164.00,2.92,14.40,26.27,91.86
1124.231,2259.00,141.14,164.00,2.92,14.40,26.27,91.86
1124.381,2259.00,141.23,164.00,2.92,14.40,26.27,91.86
1124.531,2259.00,141.23,164.00,2.92,14.40,26.27,91.86
1124.681,2259.00,141.23,164.00,2.70,14.40,26.27,91.86
1124.831,2259.00,141.23,164.00,2.70,14.40,26.27,91.86
1124.981,2259.00,141.23,164.00,2.70,14.40,26.71,91.86
1125.131,2259.00,141.23,164.00,2.70,14.40,26.71,91.86
1125.282,2265.00,141.23,164.00,2.70,14.40,26.71,91.86
1125.431,2265.00,141.28,164.00,2.70,14.40,26.71,91.86
1125.581,2265.00,141.28,160.00,2.70,14.40,26.71,91.86
1125.731,2265.00,141.28,160.00,2.67,14.40,26.71,91.86
1125.881,2265.00,141.28,160.00,2.67,14.39,26.71,91.86
1126.031,2265.00,141.28,160.00,2.67,14.39,25.54,91.86
1126.181,2265.00,141.28,160.00,2.67,14.39,25.54,91.86
1126.331,2262.00,141.28,160.00,2.67,14.39,25.54,91.86
1126.481,2262.00,140.96,160.00,2.67,14.39,25.54,91.86
1126.631,2262.00,140.96,160.00,2.67,14.39,25.54,91.86
1126.781,2262.00,140.96,160.00,2.62,14.39,25.54,91.86
1126.931,2262.00,140.96,160.00,2.62,14.39,25.54,91.86
1127.081,2262.00,140.96,160.00,2.62,14.39,25.54,91.86
1127.231,2262.00,140.96,160.00,2.62,14.39,25.54,91.96
1127.381,2260.00,140.96,160.00,2.62,14.39,25.54,91.96
1127.531,2260.00,141.32,160.00,2.62,14.39,25.54,91.96
1127.681,2260.00,141.32,160.00,2.62,14.39,25.54,91.96
1127.831,2260.00,141.32,160.00,2.77,14.39,25.54,91.96
1127.981,2260.00,141.32,160.00,2.77,14.39,25.54,91.96
1128.131,2260.00,141.32,160.00,2.77,14.39,25.78,91.96
1128.281,2260.00,141.32,160.00,2.77,14.39,25.78,91.96
1128.431,2265.50,141.32,160.00,2.77,14.39,25.78,91.96
1128.581,2265.50,141.41,160.00,2.77,14.39,25.78,91.96
1128.731,2265.50,141.41,160.00,2.77,14.39,25.78,91.96
1128.881,2265.50,141.41,160.00,2.90,14.39,25.78,91.96
1129.031,2265.50,141.41,160.00,2.90,14.39,25.78,91.96
1129.181,2265.50,141.41,160.00,2.90,14.39,22.12,91.96
1129.331,2265.50,141.41,160.00,2.90,14.39,22.12,91.96
1129.481,2264.00,141.41,160.00,2.90,14.39,22.12,91.96
1129.631,2264.00,140.93,160.00,2.90,14.39,22.12,91.96
1129.781,2264.00,140.93,156.00,2.90,14.39,22.12,91.96
1129.931,2264.00,140.93,156.00,3.85,14.39,22.12,91.96
1130.081,2264.00,140.93,156.00,3.85,14.39,22.12,91.96
1130.231,2264.00,140.93,156.00,3.85,14.39,23.24,91.96
1130.381,2264.00,140.93,156.00,3.85,14.39,23.24,91.96
1130.531,2261.50,140.93,156.00,3.85,14.39,23.24,91.96
1130.681,2261.50,141.07,156.00,3.85,14.39,23.24,91.96
1130.831,2261.50,141.07,156.00,3.85,14.39,23.24,91.96
1130.981,2261.50,141.07,156.00,3.21,14.39,23.24,91.96
1131.131,2261.50,141.07,156.00,3.21,14.39,23.24,91.96
1131.281,2261.50,141.07,156.00,3.21,14.39,24.02,91.96
1131.431,2261.50,141.07,156.00,3.21,14.39,24.02,91.96
1131.581,2261.50,141.07,156.00,3.21,14.39,24.02,91.96
1131.731,2261.50,141.14,156.00,3.21,14.39,24.02,91.96
1131.911,2261.50,141.14,160.00,3.21,14.39,24.02,91.96
1132.061,2261.50,141.14,160.00,3.01,14.39,24.02,91.96
1132.211,2261.50,141.14,160.00,3.01,14.39,24.02,91.96
1132.361,2261.50,141.14,160.00,3.01,14.39,24.44,91.96
1132.511,2261.50,141.14,160.00,3.01,14.39,24.44,91.96
1132.661,2260.00,141.14,160.00,3.01,14.39,24.44,91.96
1132.811,2260.00,141.05,160.00,3.01,14.39,24.44,91.96
1132.961,2260.00,141.05,160.00,3.01,14.39,24.44,91.96
1133.111,2260.00,141.05,160.00,3.12,14.39,24.44,91.96
1133.261,2260.00,141.05,160.00,3.12,14.39,24.44,91.96
1133.411,2260.00,141.05,160.00,3.12,14.39,23.95,91.96
1133.561,2260.00,141.05,160.00,3.12,14.39,23.95,91.96
1133.711,2260.00,141.05,160.00,3.12,14.39,23.95,91.96
1133.861,2260.00,140.80,160.00,3.12,14.39,23.95,91.96
1134.011,2260.00,140.80,156.00,3.12,14.39,23.95,91.96
1134.161,2260.00,140.80,156.00,3.21,14.39,23.95,91.96
1134.311,2260.00,140.80,156.00,3.21,14.39,23.95,91.96
1134.461,2260.00,140.80,156.00,3.21,14.39,24.07,91.96
1134.611,2260.00,140.80,156.00,3.21,14.39,24.07,91.96
1134.761,2257.00,140.80,156.00,3.21,14.39,24.07,91.96
1134.911,2257.00,140.93,156.00,3.21,14.39,24.07,91.96
1135.061,2257.00,140.93,164.00,3.21,14.39,24.07,91.96
1135.211,2257.00,140.93,164.00,2.60,14.39,24.07,91.96
1135.361,2257.00,140.93,164.00,2.60,14.39,24.07,91.96
1135.511,2257.00,140.93,164.00,2.60,14.39,27.64,91.96
1135.661,2257.00,140.93,164.00,2.60,14.39,27.64,91.96
1135.811,2260.50,140.93,164.00,2.60,14.39,27.64,91.96
1135.961,2260.50,141.21,164.00,2.60,14.39,27.64,91.96
1136.111,2260.50,141.21,168.00,2.60,14.39,27.64,91.96
1136.261,2260.50,141.21,168.00,2.72,14.39,27.64,91.96
1136.411,2260.50,141.21,168.00,2.72,14.39,27.64,91.96
1136.561,2260.50,141.21,168.00,2.72,14.39,26.46,91.96
1136.711,2260.50,141.21,168.00,2.72,14.39,26.46,91.96
1136.861,2262.50,141.21,168.00,2.72,14.39,26.46,91.96
1137.011,2262.50,141.40,168.00,2.72,14.39,26.46,91.96
1137.161,2262.50,141.40,160.00,2.72,14.39,26.46,91.96
1137.311,2262.50,141.40,160.00,2.74,14.39,26.46,91.96
1137.461,2262.50,141.40,160.00,2.74,14.39,26.46,91.96
1137.611,2262.50,141.40,160.00,2.74,14.39,24.78,91.96
1137.761,2262.50,141.40,160.00,2.74,14.39,24.78,91.96
1137.911,2262.50,141.40,160.00,2.74,14.39,24.78,91.96
1138.061,2262.50,141.70,160.00,2.74,14.39,24.78,91.96
1138.211,2262.50,141.70,156.00,2.74,14.39,24.78,91.96
1138.361,2262.50,141.70,156.00,3.66,14.39,24.78,91.96
1138.511,2262.50,141.70,156.00,3.66,14.39,24.78,91.96
1138.661,2262.50,141.70,156.00,3.66,14.39,20.85,91.96
1138.811,2262.50,141.70,156.00,3.66,14.39,20.85,91.96
1138.962,2264.50,141.70,156.00,3.66,14.39,20.85,91.96
1139.111,2264.50,141.49,156.00,3.66,14.39,20.85,91.96
1139.261,2264.50,141.49,148.00,3.66,14.39,20.85,91.96
1139.412,2264.50,141.49,148.00,4.04,14.39,20.85,91.96
1139.591,2264.50,141.49,148.00,4.04,14.39,20.85,91.96
1139.741,2264.50,141.49,148.00,4.04,14.39,19.55,91.96
1139.891,2264.50,141.49,148.00,4.04,14.39,19.55,91.96
1140.041,2263.50,141.49,148.00,4.04,14.39,19.55,91.96
1140.191,2263.50,141.57,148.00,4.04,14.39,19.55,91.96
1140.341,2263.50,141.57,148.00,4.04,14.39,19.55,91.96
1140.491,2263.50,141.57,148.00,3.88,14.39,19.55,91.96
1140.641,2263.50,141.57,148.00,3.88,14.39,19.55,91.96
1140.791,2263.50,141.57,148.00,3.88,14.39,21.02,91.96
1140.941,2263.50,141.57,148.00,3.88,14.39,21.02,91.96
1141.091,2261.00,141.57,148.00,3.88,14.39,21.02,91.96
1141.241,2261.00,141.30,148.00,3.88,14.39,21.02,91.96
1141.391,2261.00,141.30,148.00,3.88,14.39,21.02,91.96
1141.541,2261.00,141.30,148.00,4.03,14.39,21.02,91.96
1141.691,2261.00,141.30,148.00,4.03,14.39,21.02,91.96
1141.841,2261.00,141.30,148.00,4.03,14.39,19.26,91.96
1141.991,2261.00,141.30,148.00,4.03,14.39,19.26,91.96
1142.141,2262.50,141.30,148.00,4.03,14.39,19.26,91.96
1142.291,2262.50,141.39,148.00,4.03,14.39,19.26,91.96
1142.441,2262.50,141.39,152.00,4.03,14.39,19.26,91.96
1142.591,2262.50,141.39,152.00,4.05,14.39,19.26,91.96
1142.741,2262.50,141.39,152.00,4.05,14.39,19.26,91.96
1142.891,2262.50,141.39,152.00,4.05,14.39,19.92,91.96
1143.041,2262.50,141.39,152.00,4.05,14.39,19.92,91.96
1143.191,2258.50,141.39,152.00,4.05,14.39,19.92,91.96
1143.341,2258.50,141.42,152.00,4.05,14.39,19.92,91.96
1143.491,2258.50,141.42,148.00,4.05,14.39,19.92,91.96
1143.641,2258.50,141.42,148.00,4.03,14.39,19.92,91.96
1143.791,2258.50,141.42,148.00,4.03,14.39,19.92,91.96
1143.941,2258.50,141.42,148.00,4.03,14.39,20.04,91.96
1144.091,2258.50,141.42,148.00,4.03,14.39,20.04,91.96
1144.241,2262.00,141.42,148.00,4.03,14.39,20.04,91.96
1144.391,2262.00,141.69,148.00,4.03,14.39,20.04,91.96
1144.541,2262.00,141.69,148.00,4.03,14.39,20.04,91.96
1144.691,2262.00,141.69,148.00,3.93,14.39,20.04,91.96
1144.841,2262.00,141.69,148.00,3.93,14.39,20.04,91.96
1144.991,2262.00,141.69,148.00,3.93,14.39,19.43,91.96
1145.141,2262.00,141.69,148.00,3.93,14.39,19.43,91.96
1145.291,2263.00,141.69,148.00,3.93,14.39,19.43,91.96
1145.441,2263.00,141.27,148.00,3.93,14.39,19.43,91.96
1145.591,2263.00,141.27,144.00,3.93,14.39,19.43,91.96
1145.741,2263.00,141.27,144.00,3.79,14.39,19.43,91.96
1145.891,2263.00,141.27,144.00,3.79,14.39,19.43,91.96
1146.041,2263.00,141.27,144.00,3.79,14.39,18.65,91.96
1146.191,2263.00,141.27,144.00,3.79,14.39,18.65,91.96
1146.341,2260.50,141.27,144.00,3.79,14.39,18.65,91.96
1146.491,2260.50,141.40,144.00,3.79,14.39,18.65,91.96
1146.641,2260.50,141.40,140.00,3.79,14.39,18.65,91.96
1146.791,2260.50,141.40,140.00,3.64,14.39,18.65,91.96
1146.941,2260.50,141.40,140.00,3.64,14.38,18.65,91.96
1147.091,2260.50,141.40,140.00,3.64,14.38,18.48,91.96
1147.271,2260.50,141.40,140.00,3.64,14.38,18.48,91.86
1147.421,2265.00,141.40,140.00,3.64,14.38,18.48,91.86
1147.571,2265.00,141.34,140.00,3.64,14.38,18.48,91.86
1147.721,2265.00,141.34,136.00,3.64,14.38,18.48,91.86
1147.871,2265.00,141.34,136.00,3.52,14.38,18.48,91.86
1148.021,2265.00,141.34,136.00,3.52,14.38,18.48,91.86
1148.171,2265.00,141.34,136.00,3.52,14.38,18.60,91.86
1148.321,2265.00,141.34,136.00,3.52,14.38,18.60,91.86
1148.471,2260.50,141.34,136.00,3.52,14.38,18.60,91.86
1148.621,2260.50,141.31,136.00,3.52,14.38,18.60,91.86
1148.771,2260.50,141.31,136.00,3.52,14.38,18.60,91.86
1148.921,2260.50,141.31,136.00,3.42,14.38,18.60,91.86
1149.071,2260.50,141.31,136.00,3.42,14.38,18.60,91.86
1149.221,2260.50,141.31,136.00,3.42,14.38,18.65,91.86
1149.371,2260.50,141.31,136.00,3.42,14.38,18.65,91.86
1149.521,2262.00,141.31,136.00,3.42,14.38,18.65,91.86
1149.671,2262.00,141.68,136.00,3.42,14.38,18.65,91.86
1149.821,2262.00,141.68,136.00,3.42,14.38,18.65,91.86
1149.971,2262.00,141.68,136.00,3.52,14.38,18.65,91.86
1150.121,2262.00,141.68,136.00,3.52,14.38,18.65,91.86
1150.271,2262.00,141.68,136.00,3.52,14.38,17.94,91.86
1150.421,2262.00,141.68,136.00,3.52,14.38,17.94,91.76
1150.571,2264.00,141.68,136.00,3.52,14.38,17.94,91.76
1150.721,2264.00,141.69,136.00,3.52,14.38,17.94,91.76
1150.871,2264.00,141.69,120.00,3.52,14.38,17.94,91.76
1151.021,2264.00,141.69,120.00,3.06,14.38,17.94,91.76
1151.171,2264.00,141.69,120.00,3.06,14.38,17.94,91.76
1151.321,2264.00,141.69,120.00,3.06,14.38,17.36,91.76
1151.471,2264.00,141.69,120.00,3.06,14.38,17.36,91.76
1151.621,2268.00,141.69,120.00,3.06,14.38,17.36,91.76
1151.771,2268.00,141.79,120.00,3.06,14.38,17.36,91.76
1151.921,2268.00,141.79,112.00,3.06,14.38,17.36,91.76
1152.072,2268.00,141.79,112.00,2.72,14.38,17.36,91.76
1152.221,2268.00,141.79,112.00,2.72,14.38,17.36,91.76
1152.371,2268.00,141.79,112.00,2.72,14.38,17.41,91.76
1152.521,2268.00,141.79,112.00,2.72,14.38,17.41,91.66
1152.671,2268.50,141.79,112.00,2.72,14.38,17.41,91.66
1152.821,2268.50,141.79,112.00,2.72,14.38,17.41,91.66
1152.971,2268.50,141.79,108.00,2.72,14.38,17.41,91.66
1153.121,2268.50,141.79,108.00,2.43,14.38,17.41,91.66
1153.271,2268.50,141.79,108.00,2.43,14.38,17.41,91.66
1153.421,2268.50,141.79,108.00,2.43,14.38,16.70,91.66
1153.571,2268.50,141.79,108.00,2.43,14.38,16.70,91.56
1153.721,2267.00,141.79,108.00,2.43,14.38,16.70,91.56
1153.871,2267.00,141.54,108.00,2.43,14.38,16.70,91.56
1154.021,2267.00,141.54,104.00,2.43,14.38,16.70,91.56
1154.171,2267.00,141.54,104.00,2.14,14.38,16.70,91.56
1154.321,2267.00,141.54,104.00,2.14,14.38,16.70,91.56
1154.471,2267.00,141.54,104.00,2.14,14.38,17.58,91.56
1154.621,2267.00,141.54,104.00,2.14,14.38,17.58,91.46
1154.771,2266.50,141.54,104.00,2.14,14.38,17.58,91.46
1154.951,2266.50,141.57,104.00,2.14,14.38,17.58,91.46
1155.101,2266.50,141.57,104.00,2.14,14.38,17.58,91.46
1155.251,2266.50,141.57,104.00,2.10,14.38,17.58,91.46
1155.401,2266.50,141.57,104.00,2.10,14.39,17.58,91.46
1155.551,2266.50,141.57,104.00,2.10,14.39,17.70,91.46
1155.701,2266.50,141.57,104.00,2.10,14.39,17.70,91.36
1155.851,2263.50,141.57,104.00,2.10,14.39,17.70,91.36
1156.001,2263.50,141.67,104.00,2.10,14.39,17.70,91.36
1156.151,2263.50,141.67,104.00,2.10,14.39,17.70,91.36
1156.301,2263.50,141.67,104.00,2.15,14.39,17.70,91.36
1156.451,2263.50,141.67,104.00,2.15,14.39,17.70,91.36
1156.601,2263.50,141.67,104.00,2.15,14.39,17.80,91.36
1156.751,2263.50,141.67,104.00,2.15,14.39,17.80,91.26
1156.901,2262.00,141.67,104.00,2.15,14.39,17.80,91.26
1157.051,2262.00,141.83,104.00,2.15,14.39,17.80,91.26
1157.201,2262.00,141.83,104.00,2.15,14.39,17.80,91.26
1157.351,2262.00,141.83,104.00,2.16,14.39,17.80,91.26
1157.501,2262.00,141.83,104.00,2.16,14.39,17.80,91.26
1157.651,2262.00,141.83,104.00,2.16,14.39,17.77,91.26
1157.801,2262.00,141.83,104.00,2.16,14.39,17.77,91.16
1157.951,2261.50,141.83,104.00,2.16,14.39,17.77,91.16
1158.101,2261.50,141.60,104.00,2.16,14.39,17.77,91.16
1158.251,2261.50,141.60,96.00,2.16,14.39,17.77,91.16
1158.401,2261.50,141.60,96.00,2.04,14.39,17.77,91.16
1158.551,2261.50,141.60,96.00,2.04,14.39,17.77,91.16
1158.701,2261.50,141.60,96.00,2.04,14.39,16.75,91.16
1158.851,2261.50,141.60,96.00,2.04,14.39,16.75,91.06
1159.001,2266.50,141.60,96.00,2.04,14.39,16.75,91.06
1159.151,2266.50,141.56,96.00,2.04,14.39,16.75,91.06
1159.301,2266.50,141.56,92.00,2.04,14.39,16.75,91.06
1159.451,2266.50,141.56,92.00,1.75,14.39,16.75,91.06
1159.601,2266.50,141.56,92.00,1.75,14.39,16.75,91.06
1159.751,2266.50,141.56,92.00,1.75,14.39,16.99,91.06
1159.901,2266.50,141.56,92.00,1.75,14.39,16.99,91.06
1160.051,2262.00,141.56,92.00,1.75,14.39,16.99,91.06
1160.201,2262.00,141.68,92.00,1.75,14.39,16.99,91.06
1160.351,2262.00,141.68,88.00,1.75,14.39,16.99,91.06
1160.501,2262.00,141.68,88.00,1.47,14.39,16.99,91.06
1160.651,2262.00,141.68,88.00,1.47,14.39,16.99,91.06
1160.801,2262.00,141.68,88.00,1.47,14.39,18.46,91.06
1160.951,2262.00,141.68,88.00,1.47,14.39,18.46,91.06
1161.101,2257.50,141.68,88.00,1.47,14.39,18.46,91.06
1161.251,2257.50,141.08,88.00,1.47,14.39,18.46,91.06
1161.401,2257.50,141.08,104.00,1.47,14.39,18.46,91.06
1161.551,2257.50,141.08,104.00,1.81,14.39,18.46,91.06
1161.701,2257.50,141.08,104.00,1.81,14.39,18.46,91.06
1161.851,2257.50,141.08,104.00,1.81,14.39,18.92,91.06
1162.001,2257.50,141.08,104.00,1.81,14.39,18.92,90.96
1162.151,2251.00,141.08,104.00,1.81,14.39,18.92,90.96
1162.301,2251.00,140.84,104.00,1.81,14.39,18.92,90.96
1162.451,2251.00,140.84,116.00,1.81,14.39,18.92,90.96
1162.631,2251.00,140.84,116.00,2.35,14.39,18.92,90.96
1162.781,2251.00,140.84,116.00,2.35,14.39,18.92,90.96
1162.931,2251.00,140.84,116.00,2.35,14.39,19.29,90.96
1163.081,2251.00,140.84,116.00,2.35,14.39,19.29,90.96
1163.231,2252.00,140.84,116.00,2.35,14.39,19.29,90.96
1163.381,2252.00,140.66,116.00,2.35,14.39,19.29,90.96
1163.531,2252.00,140.66,124.00,2.35,14.39,19.29,90.96
1163.681,2252.00,140.66,124.00,2.95,14.39,19.29,90.96
1163.831,2252.00,140.66,124.00,2.95,14.39,19.29,90.96
1163.981,2252.00,140.66,124.00,2.95,14.39,18.80,90.96
1164.131,2252.00,140.66,124.00,2.95,14.39,18.80,91.06
1164.282,2251.00,140.66,124.00,2.95,14.39,18.80,91.06
1164.431,2251.00,140.69,124.00,2.95,14.39,18.80,91.06
1164.581,2251.00,140.69,128.00,2.95,14.39,18.80,91.06
1164.731,2251.00,140.69,128.00,3.15,14.39,18.80,91.06
1164.881,2251.00,140.69,128.00,3.15,14.39,18.80,91.06
1165.031,2251.00,140.69,128.00,3.15,14.39,19.07,91.06
1165.181,2251.00,140.69,128.00,3.15,14.39,19.07,91.16
1165.331,2247.50,140.69,128.00,3.15,14.39,19.07,91.16
1165.481,2247.50,140.52,128.00,3.15,14.39,19.07,91.16
1165.631,2247.50,140.52,136.00,3.15,14.39,19.07,91.16
1165.781,2247.50,140.52,136.00,3.42,14.39,19.07,91.16
1165.931,2247.50,140.52,136.00,3.42,14.39,19.07,91.16
1166.081,2247.50,140.52,136.00,3.42,14.39,19.21,91.16
1166.231,2247.50,140.52,136.00,3.42,14.39,19.21,91.26
1166.381,2249.50,140.52,136.00,3.42,14.39,19.21,91.26
1166.531,2249.50,140.78,136.00,3.42,14.39,19.21,91.26
1166.681,2249.50,140.78,140.00,3.42,14.39,19.21,91.26
1166.831,2249.50,140.78,140.00,3.69,14.39,19.21,91.26
1166.981,2249.50,140.78,140.00,3.69,14.39,19.21,91.26
1167.131,2249.50,140.78,140.00,3.69,14.39,18.33,91.26
1167.281,2249.50,140.78,140.00,3.69,14.39,18.33,91.36
1167.431,2247.50,140.78,140.00,3.69,14.39,18.33,91.36
1167.581,2247.50,140.53,140.00,3.69,14.39,18.33,91.36
1167.731,2247.50,140.53,136.00,3.69,14.39,18.33,91.36
1167.881,2247.50,140.53,136.00,3.52,14.39,18.33,91.36
1168.031,2247.50,140.53,136.00,3.52,14.39,18.33,91.36
1168.181,2247.50,140.53,136.00,3.52,14.39,19.36,91.36
1168.331,2247.50,140.53,136.00,3.52,14.39,19.36,91.46
1168.481,2249.00,140.53,136.00,3.52,14.39,19.36,91.46
1168.631,2249.00,140.50,136.00,3.52,14.39,19.36,91.46
1168.781,2249.00,140.50,144.00,3.52,14.39,19.36,91.46
1168.931,2249.00,140.50,144.00,3.77,14.39,19.36,91.46
1169.081,2249.00,140.50,144.00,3.77,14.39,19.36,91.46
1169.231,2249.00,140.50,144.00,3.77,14.39,19.31,91.46
1169.381,2249.00,140.50,144.00,3.77,14.39,19.31,91.66
1169.531,2254.00,140.50,144.00,3.77,14.39,19.31,91.66
1169.682,2254.00,140.71,144.00,3.77,14.39,19.31,91.66
1169.831,2254.00,140.71,144.00,3.77,14.39,19.31,91.66
1170.011,2254.00,140.71,144.00,3.86,14.39,19.31,91.66
1170.161,2254.00,140.71,144.00,3.86,14.39,19.31,91.66
1170.311,2254.00,140.71,144.00,3.86,14.39,18.97,91.66
1170.461,2254.00,140.71,144.00,3.86,14.39,18.97,91.76
1170.611,2254.50,140.71,144.00,3.86,14.39,18.97,91.76
1170.761,2254.50,140.97,144.00,3.86,14.39,18.97,91.76
1170.911,2254.50,140.97,140.00,3.86,14.39,18.97,91.76
1171.091,2254.50,140.97,140.00,3.72,14.39,18.97,91.76
1171.241,2254.50,140.97,140.00,3.72,14.39,18.97,91.76
1171.391,2254.50,140.97,140.00,3.72,14.39,18.11,91.76
1171.571,2254.50,140.97,140.00,3.72,14.39,18.11,91.86
1171.721,2258.50,140.97,140.00,3.72,14.39,18.11,91.86
1171.871,2258.50,141.20,140.00,3.72,14.39,18.11,91.86
1172.021,2258.50,141.20,132.00,3.72,14.39,18.11,91.86
1172.171,2258.50,141.20,132.00,3.44,14.39,18.11,91.86
1172.322,2258.50,141.20,132.00,3.44,14.39,18.11,91.86
1172.471,2258.50,141.20,132.00,3.44,14.39,18.41,91.86
1172.621,2258.50,141.20,132.00,3.44,14.39,18.41,91.96
1172.771,2257.50,141.20,132.00,3.44,14.39,18.41,91.96
1172.921,2257.50,141.08,132.00,3.44,14.39,18.41,91.96
1173.071,2257.50,141.08,128.00,3.44,14.39,18.41,91.96
1173.221,2257.50,141.08,128.00,3.22,14.39,18.41,91.96
1173.371,2257.50,141.08,128.00,3.22,14.39,18.41,91.96
1173.521,2257.50,141.08,128.00,3.22,14.39,18.31,91.96
1173.671,2257.50,141.08,128.00,3.22,14.39,18.31,92.06
1173.821,2258.00,141.08,128.00,3.22,14.39,18.31,92.06
1173.972,2258.00,141.14,128.00,3.22,14.39,18.31,92.06
1174.151,2258.00,141.14,124.00,3.22,14.39,18.31,92.06
1174.301,2258.00,141.14,124.00,3.16,14.39,18.31,92.06
1174.451,2258.00,141.14,124.00,3.16,14.39,18.31,92.06
1174.601,2258.00,141.14,124.00,3.16,14.39,18.33,92.06
1174.781,2258.00,141.14,124.00,3.16,14.39,18.33,92.06
1174.931,2261.50,141.14,124.00,3.16,14.39,18.33,92.06
1175.081,2261.50,141.02,124.00,3.16,14.39,18.33,92.06
1175.231,2261.50,141.02,124.00,3.16,14.39,18.33,92.06
1175.381,2261.50,141.02,124.00,3.15,14.39,18.33,92.06
1175.561,2261.50,141.02,124.00,3.15,14.39,18.33,92.06
1175.711,2261.50,141.02,124.00,3.15,14.39,18.43,92.06
1175.891,2261.50,141.02,124.00,3.15,14.39,18.43,92.06
1176.041,2256.00,141.02,124.00,3.15,14.39,18.43,92.06
1176.191,2256.00,140.84,124.00,3.15,14.39,18.43,92.06
1176.341,2256.00,140.84,128.00,3.15,14.39,18.43,92.06
1176.491,2256.00,140.84,128.00,3.14,14.39,18.43,92.06
1176.641,2256.00,140.84,128.00,3.14,14.39,18.43,92.06
1176.822,2256.00,140.84,128.00,3.14,14.39,19.58,92.06
1176.971,2256.00,140.84,128.00,3.14,14.39,19.58,92.06
1177.121,2250.50,140.84,128.00,3.14,14.39,19.58,92.06
1177.271,2250.50,140.53,128.00,3.14,14.39,19.58,92.06
1177.422,2250.50,140.53,144.00,3.14,14.39,19.58,92.06
1177.571,2250.50,140.53,144.00,3.73,14.39,19.58,92.06
1177.721,2250.50,140.53,144.00,3.73,14.39,19.58,92.06
1177.872,2250.50,140.53,144.00,3.73,14.39,19.29,92.06
1178.022,2250.50,140.53,144.00,3.73,14.39,19.29,91.96
1178.171,2254.00,140.53,144.00,3.73,14.39,19.29,91.96
1178.321,2254.00,140.73,144.00,3.73,14.39,19.29,91.96
1178.471,2254.00,140.73,144.00,3.73,14.39,19.29,91.96
1178.621,2254.00,140.73,144.00,3.82,14.39,19.29,91.96
1178.771,2254.00,140.73,144.00,3.82,14.39,19.29,91.96
1178.922,2254.00,140.73,144.00,3.82,14.39,19.16,91.96
1179.071,2254.00,140.73,144.00,3.82,14.39,19.16,91.96
1179.221,2250.00,140.73,144.00,3.82,14.39,19.16,91.96
1179.371,2250.00,140.78,144.00,3.82,14.39,19.16,91.96
1179.521,2250.00,140.78,148.00,3.82,14.39,19.16,91.96
1179.671,2250.00,140.78,148.00,3.88,14.39,19.16,91.96
1179.822,2250.00,140.78,148.00,3.88,14.39,19.16,91.96
1180.001,2250.00,140.78,148.00,3.88,14.39,19.16,91.96
1180.151,2250.00,140.78,148.00,3.88,14.39,19.16,91.86
1180.302,2255.00,140.78,148.00,3.88,14.39,19.16,91.86
1180.451,2255.00,141.21,148.00,3.88,14.39,19.16,91.86
1180.601,2255.00,141.21,144.00,3.88,14.39,19.16,91.86
1180.751,2255.00,141.21,144.00,3.81,14.39,19.16,91.86
1180.902,2255.00,141.21,144.00,3.81,14.39,19.16,91.86
1181.051,2255.00,141.21,144.00,3.81,14.39,19.29,91.86
1181.201,2255.00,141.21,144.00,3.81,14.39,19.29,91.86
1181.351,2256.50,141.21,144.00,3.81,14.39,19.29,91.86
1181.501,2256.50,140.85,144.00,3.81,14.39,19.29,91.86
1181.651,2256.50,140.85,148.00,3.81,14.39,19.29,91.86
1181.831,2256.50,140.85,148.00,3.76,14.39,19.29,91.86
1181.981,2256.50,140.85,148.00,3.76,14.39,19.29,91.86
1182.131,2256.50,140.85,148.00,3.76,14.39,19.19,91.86
1182.282,2256.50,140.85,148.00,3.76,14.39,19.19,91.86
1182.431,2253.50,140.85,148.00,3.76,14.39,19.19,91.86
1182.581,2253.50,140.79,148.00,3.76,14.39,19.19,91.86
1182.731,2253.50,140.79,148.00,3.76,14.39,19.19,91.86
1182.882,2253.50,140.79,148.00,3.86,14.39,19.19,91.86
1183.031,2253.50,140.79,148.00,3.86,14.39,19.19,91.86
1183.181,2253.50,140.79,148.00,3.86,14.39,19.87,91.86
1183.331,2253.50,140.79,148.00,3.86,14.39,19.87,91.86
1183.481,2247.00,140.79,148.00,3.86,14.39,19.87,91.86
1183.661,2247.00,140.89,148.00,3.86,14.39,19.87,91.86
1183.811,2247.00,140.89,148.00,3.86,14.39,19.87,91.86
1183.961,2247.00,140.89,148.00,3.83,14.39,19.87,91.86
1184.111,2247.00,140.89,148.00,3.83,14.39,19.87,91.86
1184.261,2247.00,140.89,148.00,3.83,14.39,20.56,91.86
1184.411,2247.00,140.89,148.00,3.83,14.39,20.56,91.86
1184.561,2254.00,140.89,148.00,3.83,14.39,20.56,91.86
1184.711,2254.00,140.33,148.00,3.83,14.39,20.56,91.86
1184.861,2254.00,140.33,160.00,3.83,14.39,20.56,91.86
1185.012,2254.00,140.33,160.00,3.68,14.39,20.56,91.86
1185.161,2254.00,140.33,160.00,3.68,14.39,20.56,91.86
1185.311,2254.00,140.33,160.00,3.68,14.39,22.48,91.86
1185.461,2254.00,140.33,160.00,3.68,14.39,22.48,91.86
1185.612,2260.00,140.33,160.00,3.68,14.39,22.48,91.86
1185.791,2260.00,141.05,160.00,3.68,14.39,22.48,91.86
1185.941,2260.00,141.05,160.00,3.68,14.39,22.48,91.86
1186.091,2260.00,141.05,160.00,3.76,14.39,22.48,91.86
1186.241,2260.00,141.05,160.00,3.76,14.39,22.48,91.86
1186.391,2260.00,141.05,160.00,3.76,14.39,21.34,91.86
1186.542,2260.00,141.05,160.00,3.76,14.39,21.34,91.96
1186.691,2257.00,141.05,160.00,3.76,14.39,21.34,91.96
1186.841,2257.00,140.84,160.00,3.76,14.39,21.34,91.96
1186.991,2257.00,140.84,144.00,3.76,14.39,21.34,91.96
1187.141,2257.00,140.84,144.00,3.79,14.39,21.34,91.96
1187.292,2257.00,140.84,144.00,3.79,14.39,21.34,91.96
1187.441,2257.00,140.84,144.00,3.79,14.39,19.07,91.96
1187.591,2257.00,140.84,144.00,3.79,14.39,19.07,91.96
1187.741,2258.00,140.84,144.00,3.79,14.39,19.07,91.96
1187.891,2258.00,140.82,144.00,3.79,14.39,19.07,91.96
1188.041,2258.00,140.82,144.00,3.79,14.39,19.07,91.96
1188.221,2258.00,140.82,144.00,3.75,14.39,19.07,91.96
1188.372,2258.00,140.82,144.00,3.75,14.39,19.07,91.96
1188.521,2258.00,140.82,144.00,3.75,14.39,18.68,91.96
1188.671,2258.00,140.82,144.00,3.75,14.39,18.68,91.96
1188.822,2258.00,140.82,144.00,3.75,14.39,18.68,91.96
1188.971,2258.00,141.00,144.00,3.75,14.39,18.68,91.96
1189.121,2258.00,141.00,144.00,3.75,14.39,18.68,91.96
1189.272,2258.00,141.00,144.00,3.71,14.39,18.68,91.96
1189.422,2258.00,141.00,144.00,3.71,14.39,18.68,91.96
1189.571,2258.00,141.00,144.00,3.71,14.39,19.14,91.96
1189.721,2258.00,141.00,144.00,3.71,14.39,19.14,91.96
1189.871,2254.50,141.00,144.00,3.71,14.39,19.14,91.96
1190.022,2254.50,140.96,144.00,3.71,14.39,19.14,91.96
1190.171,2254.50,140.96,144.00,3.71,14.39,19.14,91.96
1190.322,2254.50,140.96,144.00,3.78,14.39,19.14,91.96
1190.472,2254.50,140.96,144.00,3.78,14.39,19.14,91.96
1190.622,2254.50,140.96,144.00,3.78,14.39,19.16,91.96
1190.772,2254.50,140.96,144.00,3.78,14.39,19.16,91.96
1190.922,2258.50,140.96,144.00,3.78,14.39,19.16,91.96
1191.071,2258.50,140.96,144.00,3.78,14.39,19.16,91.96
1191.222,2258.50,140.96,144.00,3.78,14.39,19.16,91.96
1191.371,2258.50,140.96,144.00,3.85,14.39,19.16,91.96
1191.522,2258.50,140.96,144.00,3.85,14.39,19.16,91.96
1191.671,2258.50,140.96,144.00,3.85,14.39,19.11,91.96
1191.821,2258.50,140.96,144.00,3.85,14.39,19.11,91.96
1191.972,2256.50,140.96,144.00,3.85,14.39,19.11,91.96
1192.121,2256.50,140.87,144.00,3.85,14.39,19.11,91.96
1192.271,2256.50,140.87,148.00,3.85,14.39,19.11,91.96
1192.421,2256.50,140.87,148.00,3.84,14.39,19.11,91.96
1192.571,2256.50,140.87,148.00,3.84,14.39,19.11,91.96
1192.722,2256.50,140.87,148.00,3.84,14.39,19.24,91.96
1192.872,2256.50,140.87,148.00,3.84,14.39,19.24,91.96
1193.021,2259.50,140.87,148.00,3.84,14.39,19.24,91.96
1193.171,2259.50,140.99,148.00,3.84,14.39,19.24,91.96
1193.351,2259.50,140.99,148.00,3.84,14.39,19.24,91.96
1193.502,2259.50,140.99,148.00,3.88,14.39,19.24,91.96
1193.651,2259.50,140.99,148.00,3.88,14.39,19.24,91.96
1193.802,2259.50,140.99,148.00,3.88,14.39,19.04,91.96
1193.952,2259.50,140.99,148.00,3.88,14.39,19.04,92.06
1194.101,2258.50,140.99,148.00,3.88,14.39,19.04,92.06
1194.251,2258.50,140.92,148.00,3.88,14.39,19.04,92.06
1194.401,2258.50,140.92,144.00,3.88,14.39,19.04,92.06
1194.551,2258.50,140.92,144.00,3.74,14.39,19.04,92.06
1194.702,2258.50,140.92,144.00,3.74,14.39,19.04,92.06
1194.851,2258.50,140.92,144.00,3.74,14.39,19.07,92.06
1195.001,2258.50,140.92,144.00,3.74,14.39,19.07,92.06
1195.152,2258.00,140.92,144.00,3.74,14.39,19.07,92.06
1195.302,2258.00,141.27,144.00,3.74,14.39,19.07,92.06
1195.451,2258.00,141.27,144.00,3.74,14.39,19.07,92.06
1195.602,2258.00,141.27,144.00,3.76,14.39,19.07,92.06
1195.752,2258.00,141.27,144.00,3.76,14.39,19.07,92.06
1195.902,2258.00,141.27,144.00,3.76,14.39,19.07,92.06
1196.051,2258.00,141.27,144.00,3.76,14.39,19.07,92.06
1196.202,2263.50,141.27,144.00,3.76,14.39,19.07,92.06
1196.352,2263.50,141.03,144.00,3.76,14.39,19.07,92.06
1196.501,2263.50,141.03,148.00,3.76,14.39,19.07,92.06
1196.651,2263.50,141.03,148.00,3.76,14.39,19.07,92.06
1196.802,2263.50,141.03,148.00,3.76,14.39,19.07,92.06
1196.952,2263.50,141.03,148.00,3.76,14.39,19.63,92.06
1197.102,2263.50,141.03,148.00,3.76,14.39,19.63,92.06
1197.251,2262.50,141.03,148.00,3.76,14.39,19.63,92.06
1197.402,2262.50,141.25,148.00,3.76,14.39,19.63,92.06
1197.551,2262.50,141.25,148.00,3.76,14.39,19.63,92.06
1197.702,2262.50,141.25,148.00,3.92,14.39,19.63,92.06
1197.852,2262.50,141.25,148.00,3.92,14.39,19.63,92.06
1198.002,2262.50,141.25,148.00,3.92,14.39,18.94,92.06
1198.152,2262.50,141.25,148.00,3.92,14.39,18.94,92.06
1198.302,2255.50,141.25,148.00,3.92,14.39,18.94,92.06
1198.451,2255.50,141.22,148.00,3.92,14.39,18.94,92.06
1198.601,2255.50,141.22,144.00,3.92,14.39,18.94,92.06
1198.752,2255.50,141.22,144.00,3.81,14.39,18.94,92.06
1198.902,2255.50,141.22,144.00,3.81,14.39,18.94,92.06
1199.052,2255.50,141.22,144.00,3.81,14.39,18.87,92.06
1199.202,2255.50,141.22,144.00,3.81,14.39,18.87,92.06
1199.352,2262.00,141.22,144.00,3.81,14.39,18.87,92.06
1199.502,2262.00,141.47,144.00,3.81,14.39,18.87,92.06
1199.652,2262.00,141.47,140.00,3.81,14.39,18.87,92.06
1199.802,2262.00,141.47,140.00,3.69,14.39,18.87,92.06
1199.952,2262.00,141.47,140.00,3.69,14.39,18.87,92.06
1200.101,2262.00,141.47,140.00,3.69,14.39,18.43,92.06
1200.252,2262.00,141.47,140.00,3.69,14.39,18.43,92.16
1200.402,2267.00,141.47,140.00,3.69,14.39,18.43,92.16
1200.552,2267.00,141.47,140.00,3.69,14.39,18.43,92.16
1200.702,2267.00,141.47,132.00,3.69,14.39,18.43,92.16
1200.851,2267.00,141.47,132.00,3.41,14.39,18.43,92.16
1201.032,2267.00,141.47,132.00,3.41,14.39,18.43,92.16
1201.181,2267.00,141.47,132.00,3.41,14.39,18.43,92.16
1201.331,2267.00,141.47,132.00,3.41,14.39,18.43,92.16
1201.482,2273.50,141.47,132.00,3.41,14.39,18.43,92.16
1201.631,2273.50,141.79,132.00,3.41,14.39,18.43,92.16
1201.781,2273.50,141.79,128.00,3.41,14.39,18.43,92.16
1201.932,2273.50,141.79,128.00,3.28,14.39,18.43,92.16
1202.082,2273.50,141.79,128.00,3.28,14.39,18.43,92.16
1202.232,2273.50,141.79,128.00,3.28,14.39,17.65,92.16
1202.381,2273.50,141.79,128.00,3.28,14.39,17.65,92.16
1202.532,2266.00,141.79,128.00,3.28,14.39,17.65,92.16
1202.682,2266.00,141.77,128.00,3.28,14.39,17.65,92.16
1202.831,2266.00,141.77,116.00,3.28,14.39,17.65,92.16
1202.982,2266.00,141.77,116.00,2.96,14.39,17.65,92.16
1203.131,2266.00,141.77,116.00,2.96,14.39,17.65,92.16
1203.282,2266.00,141.77,116.00,2.96,14.39,17.92,92.16
1203.432,2266.00,141.77,116.00,2.96,14.39,17.92,92.16
1203.581,2265.00,141.77,116.00,2.96,14.39,17.92,92.16
1203.731,2265.00,141.52,116.00,2.96,14.39,17.92,92.16
1203.881,2265.00,141.52,120.00,2.96,14.39,17.92,92.16
1204.031,2265.00,141.52,120.00,2.89,14.39,17.92,92.16
1204.181,2265.00,141.52,120.00,2.89,14.39,17.92,92.16
1204.332,2265.00,141.52,120.00,2.89,14.39,17.99,92.16
1204.482,2265.00,141.52,120.00,2.89,14.39,17.99,92.16
1204.632,2265.50,141.52,120.00,2.89,14.39,17.99,92.16
1204.782,2265.50,141.45,120.00,2.89,14.39,17.99,92.16
1204.931,2265.50,141.45,120.00,2.89,14.39,17.99,92.16
1205.082,2265.50,141.45,120.00,2.86,14.39,17.99,92.16
1205.232,2265.50,141.45,120.00,2.86,14.39,17.99,92.16
1205.381,2265.50,141.45,120.00,2.86,14.39,18.21,92.16
1205.532,2265.50,141.45,120.00,2.86,14.39,18.21,92.16
1205.682,2255.50,141.45,120.00,2.86,14.39,18.21,92.16
1205.832,2255.50,141.11,120.00,2.86,14.39,18.21,92.16
1205.981,2255.50,141.11,120.00,2.86,14.39,18.21,92.16
1206.132,2255.50,141.11,120.00,2.86,14.39,18.21,92.16
1206.282,2255.50,141.11,120.00,2.86,14.39,18.21,92.16
1206.431,2255.50,141.11,120.00,2.86,14.39,19.36,92.16
1206.582,2255.50,141.11,120.00,2.86,14.39,19.36,92.06
1206.732,2253.50,141.11,120.00,2.86,14.39,19.36,92.06
1206.882,2253.50,140.91,120.00,2.86,14.39,19.36,92.06
1207.032,2253.50,140.91,144.00,2.86,14.39,19.36,92.06
1207.182,2253.50,140.91,144.00,3.42,14.39,19.36,92.06
1207.332,2253.50,140.91,144.00,3.42,14.39,19.36,92.06
1207.482,2253.50,140.91,144.00,3.42,14.39,19.53,92.06
1207.632,2253.50,140.91,144.00,3.42,14.39,19.53,92.06
1207.782,2255.00,140.91,144.00,3.42,14.39,19.53,92.06
1207.932,2255.00,141.00,144.00,3.42,14.39,19.53,92.06
1208.082,2255.00,141.00,144.00,3.42,14.39,19.53,92.06
1208.232,2255.00,141.00,144.00,3.77,14.39,19.53,92.06
1208.382,2255.00,141.00,144.00,3.77,14.39,19.53,92.06
1208.532,2255.00,141.00,144.00,3.77,14.39,19.02,92.06
1208.712,2255.00,141.00,144.00,3.77,14.39,19.02,92.06
1208.862,2254.50,141.00,144.00,3.77,14.39,19.02,92.06
1209.012,2254.50,140.96,144.00,3.77,14.39,19.02,92.06
1209.162,2254.50,140.96,144.00,3.77,14.39,19.02,92.06
1209.312,2254.50,140.96,144.00,3.74,14.39,19.02,92.06
1209.462,2254.50,140.96,144.00,3.74,14.39,19.02,92.06
1209.612,2254.50,140.96,144.00,3.74,14.39,19.14,92.06
1209.762,2254.50,140.96,144.00,3.74,14.39,19.14,92.06
1209.912,2258.00,140.96,144.00,3.74,14.39,19.14,92.06
1210.062,2258.00,141.00,144.00,3.74,14.39,19.14,92.06
1210.212,2258.00,141.00,144.00,3.74,14.39,19.14,92.06
1210.362,2258.00,141.00,144.00,3.80,14.39,19.14,92.06
1210.512,2258.00,141.00,144.00,3.80,14.39,19.14,92.06
1210.662,2258.00,141.00,144.00,3.80,14.39,18.75,92.06
1210.812,2258.00,141.00,144.00,3.80,14.39,18.75,91.96
1210.962,2261.00,141.00,144.00,3.80,14.39,18.75,91.96
1211.112,2261.00,141.15,144.00,3.80,14.39,18.75,91.96
1211.261,2261.00,141.15,136.00,3.80,14.39,18.75,91.96
1211.412,2261.00,141.15,136.00,3.57,14.39,18.75,91.96
1211.562,2261.00,141.15,136.00,3.57,14.39,18.75,91.96
1211.712,2261.00,141.15,136.00,3.57,14.39,18.53,91.96
1211.862,2261.00,141.15,136.00,3.57,14.39,18.53,91.96
1212.012,2263.50,141.15,136.00,3.57,14.39,18.53,91.96
1212.162,2263.50,141.26,136.00,3.57,14.39,18.53,91.96
1212.311,2263.50,141.26,140.00,3.57,14.39,18.53,91.96
1212.462,2263.50,141.26,140.00,3.57,14.39,18.53,91.96
1212.612,2263.50,141.26,140.00,3.57,14.39,18.53,91.96
1212.762,2263.50,141.26,140.00,3.57,14.39,19.19,91.96
1212.912,2263.50,141.26,140.00,3.57,14.39,19.19,91.96
1213.062,2263.50,141.26,140.00,3.57,14.39,19.19,91.96
1213.212,2263.50,141.33,140.00,3.57,14.39,19.19,91.96
1213.362,2263.50,141.33,132.00,3.57,14.39,19.19,91.96
1213.512,2263.50,141.33,132.00,3.51,14.39,19.19,91.96
1213.662,2263.50,141.33,132.00,3.51,14.39,19.19,91.96
1213.812,2263.50,141.33,132.00,3.51,14.39,18.19,91.96
1213.962,2263.50,141.33,132.00,3.51,14.39,18.19,91.96
1214.112,2261.50,141.33,132.00,3.51,14.39,18.19,91.96
1214.262,2261.50,141.52,132.00,3.51,14.39,18.19,91.96
1214.412,2261.50,141.52,128.00,3.51,14.39,18.19,91.96
1214.562,2261.50,141.52,128.00,3.24,14.39,18.19,91.96
1214.712,2261.50,141.52,128.00,3.24,14.39,18.19,91.96
1214.862,2261.50,141.52,128.00,3.24,14.39,18.24,91.96
1215.012,2261.50,141.52,128.00,3.24,14.39,18.24,91.96
1215.162,2259.00,141.52,128.00,3.24,14.39,18.24,91.96
1215.311,2259.00,141.64,128.00,3.24,14.39,18.24,91.96
1215.462,2259.00,141.64,128.00,3.24,14.39,18.24,91.96
1215.612,2259.00,141.64,128.00,3.17,14.39,18.24,91.96
1215.762,2259.00,141.64,128.00,3.17,14.39,18.24,91.96
1215.912,2259.00,141.64,128.00,3.17,14.39,18.16,91.96
1216.062,2259.00,141.64,128.00,3.17,14.39,18.16,91.96
1216.212,2269.50,141.64,128.00,3.17,14.39,18.16,91.96
1216.392,2269.50,141.68,128.00,3.17,14.39,18.16,91.96
1216.542,2269.50,141.68,124.00,3.17,14.39,18.16,91.96
1216.692,2269.50,141.68,124.00,3.08,14.39,18.16,91.96
1216.842,2269.50,141.68,124.00,3.08,14.39,18.16,91.96
1216.992,2269.50,141.68,124.00,3.08,14.39,17.55,91.96
1217.142,2269.50,141.68,124.00,3.08,14.39,17.55,91.96
1217.292,2265.00,141.68,124.00,3.08,14.39,17.55,91.96
1217.442,2265.00,141.78,124.00,3.08,14.39,17.55,91.96
1217.591,2265.00,141.78,112.00,3.08,14.39,17.55,91.96
1217.742,2265.00,141.78,112.00,2.73,14.39,17.55,91.96
1217.891,2265.00,141.78,112.00,2.73,14.39,17.55,91.96
1218.042,2265.00,141.78,112.00,2.73,14.39,17.21,91.96
1218.192,2265.00,141.78,112.00,2.73,14.39,17.21,91.96
1218.341,2267.00,141.78,112.00,2.73,14.39,17.21,91.96
1218.492,2267.00,141.71,112.00,2.73,14.39,17.21,91.96
1218.642,2267.00,141.71,108.00,2.73,14.39,17.21,91.96
1218.792,2267.00,141.71,108.00,2.41,14.39,17.21,91.96
1218.942,2267.00,141.71,108.00,2.41,14.39,17.21,91.96
1219.092,2267.00,141.71,108.00,2.41,14.39,17.50,91.96
1219.242,2267.00,141.71,108.00,2.41,14.39,17.50,91.96
1219.391,2268.00,141.71,108.00,2.41,14.39,17.50,91.96
1219.542,2268.00,141.64,108.00,2.41,14.39,17.50,91.96
1219.691,2268.00,141.64,104.00,2.41,14.39,17.50,91.96
1219.842,2268.00,141.64,104.00,2.29,14.39,17.50,91.96
1219.992,2268.00,141.64,104.00,2.29,14.39,17.50,91.96
1220.142,2268.00,141.64,104.00,2.29,14.39,17.45,91.96
1220.322,2268.00,141.64,104.00,2.29,14.39,17.45,91.96
1220.472,2265.50,141.64,104.00,2.29,14.39,17.45,91.96
1220.622,2265.50,141.26,104.00,2.29,14.39,17.45,91.96
1220.771,2265.50,141.26,108.00,2.29,14.39,17.45,91.96
1220.922,2265.50,141.26,108.00,2.29,14.39,17.45,91.96
1221.072,2265.50,141.26,108.00,2.29,14.39,17.45,91.96
1221.222,2265.50,141.26,108.00,2.29,14.39,17.65,91.96
1221.372,2265.50,141.26,108.00,2.29,14.39,17.65,91.86
1221.522,2257.50,141.26,108.00,2.29,14.39,17.65,91.86
1221.671,2257.50,141.49,108.00,2.29,14.39,17.65,91.86
1221.822,2257.50,141.49,108.00,2.29,14.39,17.65,91.86
1221.972,2257.50,141.49,108.00,2.33,14.39,17.65,91.86
1222.122,2257.50,141.49,108.00,2.33,14.39,17.65,91.86
1222.272,2257.50,141.49,108.00,2.33,14.39,17.75,91.86
1222.422,2257.50,141.49,108.00,2.33,14.39,17.75,91.86
1222.572,2259.00,141.49,108.00,2.33,14.39,17.75,91.86
1222.722,2259.00,141.35,108.00,2.33,14.39,17.75,91.86
1222.902,2259.00,141.35,108.00,2.33,14.39,17.75,91.86
1223.052,2259.00,141.35,108.00,2.34,14.39,17.75,91.86
1223.202,2259.00,141.35,108.00,2.34,14.39,17.75,91.86
1223.352,2259.00,141.35,108.00,2.34,14.39,17.80,91.86
1223.502,2259.00,141.35,108.00,2.34,14.39,17.80,91.76
1223.651,2252.50,141.35,108.00,2.34,14.39,17.80,91.76
1223.802,2252.50,140.67,108.00,2.34,14.39,17.80,91.76
1223.952,2252.50,140.67,112.00,2.34,14.39,17.80,91.76
1224.102,2252.50,140.67,112.00,2.42,14.39,17.80,91.76
1224.252,2252.50,140.67,112.00,2.42,14.39,17.80,91.76
1224.402,2252.50,140.67,112.00,2.42,14.39,18.82,91.76
1224.552,2252.50,140.67,112.00,2.42,14.39,18.82,91.66
1224.702,2252.00,140.67,112.00,2.42,14.39,18.82,91.66
1224.851,2252.00,140.72,112.00,2.42,14.39,18.82,91.66
1225.002,2252.00,140.72,124.00,2.42,14.39,18.82,91.66
1225.152,2252.00,140.72,124.00,2.85,14.39,18.82,91.66
1225.302,2252.00,140.72,124.00,2.85,14.39,18.82,91.66
1225.451,2252.00,140.72,124.00,2.85,14.39,18.70,91.66
1225.602,2252.00,140.72,124.00,2.85,14.39,18.70,91.66
1225.752,2253.00,140.72,124.00,2.85,14.39,18.70,91.66
1225.902,2253.00,140.97,124.00,2.85,14.39,18.70,91.66
1226.052,2253.00,140.97,124.00,2.85,14.39,18.70,91.66
1226.202,2253.00,140.97,124.00,3.04,14.39,18.70,91.66
1226.352,2253.00,140.97,124.00,3.04,14.39,18.70,91.66
1226.502,2253.00,140.97,124.00,3.04,14.39,18.24,91.66
1226.651,2253.00,140.97,124.00,3.04,14.39,18.24,91.56
1226.802,2250.50,140.97,124.00,3.04,14.39,18.24,91.56
1226.952,2250.50,140.98,124.00,3.04,14.39,18.24,91.56
1227.102,2250.50,140.98,124.00,3.04,14.39,18.24,91.56
1227.251,2250.50,140.98,124.00,3.03,14.39,18.24,91.56
1227.402,2250.50,140.98,124.00,3.03,14.39,18.24,91.56
1227.552,2250.50,140.98,124.00,3.03,14.39,18.41,91.56
1227.702,2250.50,140.98,124.00,3.03,14.39,18.41,91.46
1227.852,2251.00,140.98,124.00,3.03,14.39,18.41,91.46
1228.032,2251.00,140.91,124.00,3.03,14.39,18.41,91.46
1228.181,2251.00,140.91,124.00,3.03,14.39,18.41,91.46
1228.332,2251.00,140.91,124.00,3.08,14.39,18.41,91.46
1228.481,2251.00,140.91,124.00,3.08,14.39,18.41,91.46
1228.631,2251.00,140.91,124.00,3.08,14.39,18.14,91.46
1228.782,2251.00,140.91,124.00,3.08,14.39,18.14,91.36
1228.932,2256.00,140.91,124.00,3.08,14.39,18.14,91.36
1229.082,2256.00,140.61,124.00,3.08,14.39,18.14,91.36
1229.231,2256.00,140.61,120.00,3.08,14.39,18.14,91.36
1229.382,2256.00,140.61,120.00,2.97,14.39,18.14,91.36
1229.532,2256.00,140.61,120.00,2.97,14.39,18.14,91.36
1229.682,2256.00,140.61,120.00,2.97,14.39,18.28,91.36
1229.831,2256.00,140.61,120.00,2.97,14.39,18.28,91.36
1229.982,2253.00,140.61,120.00,2.97,14.39,18.28,91.36
1230.132,2253.00,140.97,120.00,2.97,14.39,18.28,91.36
1230.282,2253.00,140.97,124.00,2.97,14.39,18.28,91.36
1230.462,2253.00,140.97,124.00,2.98,14.39,18.28,91.36
1230.612,2253.00,140.97,124.00,2.98,14.39,18.28,91.36
1230.762,2253.00,140.97,124.00,2.98,14.39,18.16,91.36
1230.912,2253.00,140.97,124.00,2.98,14.39,18.16,91.36
1231.062,2253.50,140.97,124.00,2.98,14.39,18.16,91.36
1231.212,2253.50,141.00,124.00,2.98,14.39,18.16,91.36
1231.362,2253.50,141.00,120.00,2.98,14.39,18.16,91.36
1231.512,2253.50,141.00,120.00,2.90,14.39,18.16,91.36
1231.662,2253.50,141.00,120.00,2.90,14.39,18.16,91.36
1231.812,2253.50,141.00,120.00,2.90,14.39,18.21,91.36
1231.962,2253.50,141.00,120.00,2.90,14.39,18.21,91.36
1232.112,2252.00,141.00,120.00,2.90,14.39,18.21,91.36
1232.262,2252.00,140.78,120.00,2.90,14.39,18.21,91.36
1232.411,2252.00,140.78,120.00,2.90,14.39,18.21,91.36
1232.562,2252.00,140.78,120.00,2.92,14.39,18.21,91.36
1232.712,2252.00,140.78,120.00,2.92,14.39,18.21,91.36
1232.862,2252.00,140.78,120.00,2.92,14.39,18.82,91.36
1233.012,2252.00,140.78,120.00,2.92,14.39,18.82,91.36
1233.162,2252.50,140.78,120.00,2.92,14.39,18.82,91.36
1233.312,2252.50,140.63,120.00,2.92,14.39,18.82,91.36
1233.461,2252.50,140.63,136.00,2.92,14.39,18.82,91.36
1233.612,2252.50,140.63,136.00,3.25,14.39,18.82,91.36
1233.762,2252.50,140.63,136.00,3.25,14.39,18.82,91.36
1233.912,2252.50,140.63,136.00,3.25,14.39,20.36,91.36
1234.062,2252.50,140.63,136.00,3.25,14.39,20.36,91.46
1234.212,2255.00,140.63,136.00,3.25,14.39,20.36,91.46
1234.362,2255.00,140.40,136.00,3.25,14.39,20.36,91.46
1234.512,2255.00,140.40,152.00,3.25,14.39,20.36,91.46
1234.662,2255.00,140.40,152.00,3.91,14.39,20.36,91.46
1234.812,2255.00,140.40,152.00,3.91,14.39,20.36,91.46
1234.962,2255.00,140.40,152.00,3.91,14.39,20.68,91.46
1235.112,2255.00,140.40,152.00,3.91,14.39,20.68,91.46
1235.262,2252.50,140.40,152.00,3.91,14.39,20.68,91.46
1235.412,2252.50,140.55,152.00,3.91,14.39,20.68,91.46
1235.592,2252.50,140.55,156.00,3.91,14.39,20.68,91.46
1235.742,2252.50,140.55,156.00,3.86,14.39,20.68,91.46
1235.891,2252.50,140.55,156.00,3.86,14.39,20.68,91.46
1236.042,2252.50,140.55,156.00,3.86,14.39,20.82,91.46
1236.192,2252.50,140.55,156.00,3.86,14.39,20.82,91.56
1236.342,2256.50,140.55,156.00,3.86,14.39,20.82,91.56
1236.492,2256.50,141.04,156.00,3.86,14.39,20.82,91.56
1236.641,2256.50,141.04,148.00,3.86,14.39,20.82,91.56
1236.791,2256.50,141.04,148.00,3.81,14.39,20.82,91.56
1236.942,2256.50,141.04,148.00,3.81,14.39,20.82,91.56
1237.092,2256.50,141.04,148.00,3.81,14.39,19.48,91.56
1237.241,2256.50,141.04,148.00,3.81,14.39,19.48,91.56
1237.392,2257.00,141.04,148.00,3.81,14.39,19.48,91.56
1237.542,2257.00,141.39,148.00,3.81,14.39,19.48,91.56
1237.691,2257.00,141.39,144.00,3.81,14.39,19.48,91.56
1237.841,2257.00,141.39,144.00,3.85,14.39,19.48,91.56
1237.992,2257.00,141.39,144.00,3.85,14.39,19.48,91.56
1238.142,2257.00,141.39,144.00,3.85,14.39,18.65,91.56
1238.292,2257.00,141.39,144.00,3.85,14.39,18.65,91.66
1238.442,2256.50,141.39,144.00,3.85,14.39,18.65,91.66
1238.592,2256.50,141.11,144.00,3.85,14.39,18.65,91.66
1238.742,2256.50,141.11,136.00,3.85,14.39,18.65,91.66
1238.891,2256.50,141.11,136.00,3.61,14.39,18.65,91.66
1239.042,2256.50,141.11,136.00,3.61,14.39,18.65,91.66
1239.192,2256.50,141.11,136.00,3.61,14.39,18.75,91.66
1239.342,2256.50,141.11,136.00,3.61,14.39,18.75,91.76
1239.492,2264.00,141.11,136.00,3.61,14.39,18.75,91.76
1239.642,2264.00,141.25,136.00,3.61,14.39,18.75,91.76
1239.791,2264.00,141.25,140.00,3.61,14.39,18.75,91.76
1239.942,2264.00,141.25,140.00,3.63,14.39,18.75,91.76
1240.092,2264.00,141.25,140.00,3.63,14.39,18.75,91.76
1240.241,2264.00,141.25,140.00,3.63,14.39,19.14,91.76
1240.392,2264.00,141.25,140.00,3.63,14.39,19.14,91.76
1240.542,2260.00,141.25,140.00,3.63,14.39,19.14,91.76
1240.691,2260.00,141.11,140.00,3.63,14.39,19.14,91.76
1240.842,2260.00,141.11,140.00,3.63,14.39,19.14,91.76
1240.991,2260.00,141.11,140.00,3.74,14.39,19.14,91.76
1241.142,2260.00,141.11,140.00,3.74,14.39,19.14,91.76
1241.292,2260.00,141.11,140.00,3.74,14.39,18.72,91.76
1241.442,2260.00,141.11,140.00,3.74,14.39,18.72,91.86
1241.592,2264.00,141.11,140.00,3.74,14.39,18.72,91.86
1241.742,2264.00,141.21,140.00,3.74,14.39,18.72,91.86
1241.891,2264.00,141.21,136.00,3.74,14.39,18.72,91.86
1242.041,2264.00,141.21,136.00,3.57,14.39,18.72,91.86
1242.192,2264.00,141.21,136.00,3.57,14.39,18.72,91.86
1242.342,2264.00,141.21,136.00,3.57,14.39,18.33,91.86
1242.492,2264.00,141.21,136.00,3.57,14.39,18.33,91.96
1242.642,2261.00,141.21,136.00,3.57,14.39,18.33,91.96
1242.792,2261.00,141.50,136.00,3.57,14.39,18.33,91.96
1242.942,2261.00,141.50,132.00,3.57,14.39,18.33,91.96
1243.092,2261.00,141.50,132.00,3.37,14.39,18.33,91.96
1243.272,2261.00,141.50,132.00,3.37,14.39,18.33,91.96
1243.421,2261.00,141.50,132.00,3.37,14.39,18.48,91.96
1243.572,2261.00,141.50,132.00,3.37,14.39,18.48,91.96
1243.722,2261.00,141.50,132.00,3.37,14.39,18.48,91.96
1243.872,2261.00,141.12,132.00,3.37,14.39,18.48,91.96
1244.022,2261.00,141.12,132.00,3.37,14.39,18.48,91.96
1244.171,2261.00,141.12,132.00,3.38,14.39,18.48,91.96
1244.322,2261.00,141.12,132.00,3.38,14.39,18.48,91.96
1244.472,2261.00,141.12,132.00,3.38,14.39,18.94,91.96
1244.622,2261.00,141.12,132.00,3.38,14.39,18.94,92.06
1244.772,2261.00,141.12,132.00,3.38,14.39,18.94,92.06
1244.922,2261.00,141.35,132.00,3.38,14.39,18.94,92.06
1245.072,2261.00,141.35,136.00,3.38,14.39,18.94,92.06
1245.222,2261.00,141.35,136.00,3.51,14.39,18.94,92.06
1245.372,2261.00,141.35,136.00,3.51,14.39,18.94,92.06
1245.522,2261.00,141.35,136.00,3.51,14.39,17.63,92.06
1245.672,2261.00,141.35,136.00,3.51,14.39,17.63,92.06
1245.821,2263.00,141.35,136.00,3.51,14.39,17.63,92.06
1245.972,2263.00,141.78,136.00,3.51,14.39,17.63,92.06
1246.122,2263.00,141.78,112.00,3.51,14.39,17.63,92.06
1246.272,2263.00,141.78,112.00,2.97,14.39,17.63,92.06
1246.422,2263.00,141.78,112.00,2.97,14.39,17.63,92.06
1246.572,2263.00,141.78,112.00,2.97,14.39,17.41,92.06
1246.722,2263.00,141.78,112.00,2.97,14.39,17.41,92.16
1246.872,2262.50,141.78,112.00,2.97,14.39,17.41,92.16
1247.022,2262.50,141.51,112.00,2.97,14.39,17.41,92.16
1247.172,2262.50,141.51,112.00,2.97,14.39,17.41,92.16
1247.322,2262.50,141.51,112.00,2.64,14.39,17.41,92.16
1247.472,2262.50,141.51,112.00,2.64,14.39,17.41,92.16
1247.622,2262.50,141.51,112.00,2.64,14.39,18.60,92.16
1247.772,2262.50,141.51,112.00,2.64,14.39,18.60,92.16
1247.922,2256.00,141.51,112.00,2.64,14.39,18.60,92.16
1248.192,2256.00,140.68,112.00,2.64,14.39,18.60,92.16
1248.342,2256.00,140.68,152.00,2.64,14.39,18.60,92.16
1248.491,2256.00,140.68,152.00,3.34,14.39,18.60,92.16
1248.642,2256.00,140.68,152.00,3.34,14.39,18.60,92.16
1248.792,2256.00,140.68,152.00,3.34,14.39,23.02,92.16
1248.942,2256.00,140.68,152.00,3.34,14.39,23.02,92.16
1249.092,2263.50,140.68,152.00,3.34,14.39,23.02,92.16
1249.241,2263.50,140.63,152.00,3.34,14.39,23.02,92.16
1249.392,2263.50,140.63,160.00,3.34,14.39,23.02,92.16
1249.542,2263.50,140.63,160.00,2.95,14.39,23.02,92.16
1249.692,2263.50,140.63,160.00,2.95,14.39,23.02,92.16
1249.842,2263.50,140.63,160.00,2.95,14.39,23.70,92.16
1249.992,2263.50,140.63,160.00,2.95,14.39,23.70,92.16
1250.142,2252.50,140.63,160.00,2.95,14.39,23.70,92.16
1250.292,2252.50,140.92,160.00,2.95,14.39,23.70,92.16
1250.442,2252.50,140.92,148.00,2.95,14.39,23.70,92.16
1250.592,2252.50,140.92,148.00,3.61,14.39,23.70,92.16
1250.742,2252.50,140.92,148.00,3.61,14.39,23.70,92.16
1250.891,2252.50,140.92,148.00,3.61,14.39,20.36,92.16
1251.072,2252.50,140.92,148.00,3.61,14.39,20.36,92.16
1251.222,2251.50,140.92,148.00,3.61,14.39,20.36,92.16
1251.372,2251.50,140.74,148.00,3.61,14.39,20.36,92.16
1251.522,2251.50,140.74,152.00,3.61,14.39,20.36,92.16
1251.672,2251.50,140.74,152.00,3.95,14.39,20.36,92.16
1251.822,2251.50,140.74,152.00,3.95,14.39,20.36,92.16
1251.972,2251.50,140.74,152.00,3.95,14.39,21.85,92.16
1252.122,2251.50,140.74,152.00,3.95,14.39,21.85,92.26
1252.272,2253.50,140.74,152.00,3.95,14.39,21.85,92.26
1252.422,2253.50,140.54,152.00,3.95,14.39,21.85,92.26
1252.571,2253.50,140.54,164.00,3.95,14.39,21.85,92.26
1252.722,2253.50,140.54,164.00,2.83,14.39,21.85,92.26
1252.872,2253.50,140.54,164.00,2.83,14.39,21.85,92.26
1253.022,2253.50,140.54,164.00,2.83,14.39,27.15,92.26
1253.172,2253.50,140.54,164.00,2.83,14.39,27.15,92.26
1253.322,2256.00,140.54,164.00,2.83,14.39,27.15,92.26
1253.502,2256.00,140.90,164.00,2.83,14.39,27.15,92.26
1253.652,2256.00,140.90,164.00,2.83,14.39,27.15,92.26
1253.802,2256.00,140.90,164.00,2.87,14.39,27.15,92.26
1253.952,2256.00,140.90,164.00,2.87,14.39,27.15,92.26
1254.102,2256.00,140.90,164.00,2.87,14.39,24.85,92.26
1254.252,2256.00,140.90,164.00,2.87,14.39,24.85,92.36
1254.402,2261.00,140.90,164.00,2.87,14.39,24.85,92.36
1254.552,2261.00,141.14,164.00,2.87,14.39,24.85,92.36
1254.702,2261.00,141.14,156.00,2.87,14.39,24.85,92.36
1254.852,2261.00,141.14,156.00,3.73,14.39,24.85,92.36
1255.002,2261.00,141.14,156.00,3.73,14.38,24.85,92.36
1255.152,2261.00,141.14,156.00,3.73,14.38,20.48,92.36
1255.302,2261.00,141.14,156.00,3.73,14.38,20.48,92.46
1255.452,2259.50,141.14,156.00,3.73,14.38,20.48,92.46
1255.602,2259.50,141.17,156.00,3.73,14.38,20.48,92.46
1255.752,2259.50,141.17,144.00,3.73,14.38,20.48,92.46
1255.902,2259.50,141.17,144.00,3.87,14.38,20.48,92.46
1256.052,2259.50,141.17,144.00,3.87,14.38,20.48,92.46
1256.202,2259.50,141.17,144.00,3.87,14.38,19.09,92.46
1256.352,2259.50,141.17,144.00,3.87,14.38,19.09,92.46
1256.502,2262.50,141.17,144.00,3.87,14.38,19.09,92.46
1256.652,2262.50,141.28,144.00,3.87,14.38,19.09,92.46
1256.802,2262.50,141.28,144.00,3.87,14.38,19.09,92.46
1256.952,2262.50,141.28,144.00,3.89,14.38,19.09,92.46
1257.102,2262.50,141.28,144.00,3.89,14.38,19.09,92.46
1257.252,2262.50,141.28,144.00,3.89,14.38,19.09,92.46
1257.402,2262.50,141.28,144.00,3.89,14.38,19.09,92.56
1257.552,2261.50,141.28,144.00,3.89,14.38,19.09,92.56
1257.702,2261.50,141.22,144.00,3.89,14.38,19.09,92.56
1257.852,2261.50,141.22,140.00,3.89,14.38,19.09,92.56
1258.002,2261.50,141.22,140.00,3.79,14.38,19.09,92.56
1258.152,2261.50,141.22,140.00,3.79,14.38,19.09,92.56
1258.302,2261.50,141.22,140.00,3.79,14.38,18.33,92.56
1258.482,2261.50,141.22,140.00,3.79,14.38,18.33,92.66
1258.632,2261.00,141.22,140.00,3.79,14.38,18.33,92.66
1258.782,2261.00,141.31,140.00,3.79,14.38,18.33,92.66
1258.932,2261.00,141.31,132.00,3.79,14.38,18.33,92.66
1259.082,2261.00,141.31,132.00,3.49,14.38,18.33,92.66
1259.231,2261.00,141.31,132.00,3.49,14.38,18.33,92.66
1259.382,2261.00,141.31,132.00,3.49,14.38,18.50,92.66
1259.532,2261.00,141.31,132.00,3.49,14.38,18.50,92.76
1259.682,2264.50,141.31,132.00,3.49,14.38,18.50,92.76
1259.832,2264.50,141.24,132.00,3.49,14.38,18.50,92.76
1259.982,2264.50,141.24,132.00,3.49,14.38,18.50,92.76
1260.132,2264.50,141.24,132.00,3.40,14.38,18.50,92.76
1260.282,2264.50,141.24,132.00,3.40,14.38,18.50,92.76
1260.432,2264.50,141.24,132.00,3.40,14.38,18.92,92.76
1260.582,2264.50,141.24,132.00,3.40,14.38,18.92,92.86
1260.732,2263.50,141.24,132.00,3.40,14.38,18.92,92.86
1260.882,2263.50,141.26,132.00,3.40,14.38,18.92,92.86
1261.032,2263.50,141.26,140.00,3.40,14.38,18.92,92.86
1261.182,2263.50,141.26,140.00,3.60,14.38,18.92,92.86
1261.332,2263.50,141.26,140.00,3.60,14.38,18.92,92.86
1261.482,2263.50,141.26,140.00,3.60,14.38,18.77,92.86
1261.632,2263.50,141.26,140.00,3.60,14.38,18.77,92.86
1261.782,2261.50,141.26,140.00,3.60,14.38,18.77,92.86
1261.932,2261.50,141.11,140.00,3.60,14.38,18.77,92.86
1262.082,2261.50,141.11,136.00,3.60,14.38,18.77,92.86
1262.232,2261.50,141.11,136.00,3.57,14.38,18.77,92.86
1262.382,2261.50,141.11,136.00,3.57,14.38,18.77,92.86
1262.532,2261.50,141.11,136.00,3.57,14.38,18.48,92.86
1262.682,2261.50,141.11,136.00,3.57,14.38,18.48,92.86
1262.832,2264.00,141.11,136.00,3.57,14.38,18.48,92.86
1262.982,2264.00,141.48,136.00,3.57,14.38,18.48,92.86
1263.132,2264.00,141.48,128.00,3.57,14.38,18.48,92.86
1263.282,2264.00,141.48,128.00,3.40,14.38,18.48,92.86
1263.432,2264.00,141.48,128.00,3.40,14.38,18.48,92.86
1263.582,2264.00,141.48,128.00,3.40,14.38,18.09,92.86
1263.732,2264.00,141.48,128.00,3.40,14.38,18.09,92.86
1263.882,2261.00,141.48,128.00,3.40,14.38,18.09,92.86
1264.032,2261.00,141.51,128.00,3.40,14.38,18.09,92.86
1264.182,2261.00,141.51,124.00,3.40,14.38,18.09,92.86
1264.332,2261.00,141.51,124.00,3.13,14.38,18.09,92.86
1264.482,2261.00,141.51,124.00,3.13,14.38,18.09,92.86
1264.632,2261.00,141.51,124.00,3.13,14.38,17.99,92.86
1264.782,2261.00,141.51,124.00,3.13,14.38,17.99,92.96
1264.932,2260.50,141.51,124.00,3.13,14.38,17.99,92.96
1265.082,2260.50,141.24,124.00,3.13,14.38,17.99,92.96
1265.232,2260.50,141.24,120.00,3.13,14.38,17.99,92.96
1265.382,2260.50,141.24,120.00,2.95,14.38,17.99,92.96
1265.532,2260.50,141.24,120.00,2.95,14.38,17.99,92.96
1265.682,2260.50,141.24,120.00,2.95,14.38,18.09,92.96
1265.832,2260.50,141.24,120.00,2.95,14.38,18.09,92.96
1265.982,2266.00,141.24,120.00,2.95,14.38,18.09,92.96
1266.132,2266.00,141.33,120.00,2.95,14.38,18.09,92.96
1266.312,2266.00,141.33,120.00,2.95,14.38,18.09,92.96
1266.462,2266.00,141.33,120.00,2.89,14.38,18.09,92.96
1266.612,2266.00,141.33,120.00,2.89,14.38,18.09,92.96
1266.762,2266.00,141.33,120.00,2.89,14.38,17.89,92.96
1266.912,2266.00,141.33,120.00,2.89,14.38,17.89,92.96
1267.062,2265.00,141.33,120.00,2.89,14.38,17.89,92.96
1267.212,2265.00,141.67,120.00,2.89,14.38,17.89,92.96
1267.362,2265.00,141.67,116.00,2.89,14.38,17.89,92.96
1267.512,2265.00,141.67,116.00,2.80,14.38,17.89,92.96
1267.662,2265.00,141.67,116.00,2.80,14.38,17.89,92.96
1267.812,2265.00,141.67,116.00,2.80,14.38,17.53,92.96
1267.962,2265.00,141.67,116.00,2.80,14.38,17.53,92.86
1268.112,2266.00,141.67,116.00,2.80,14.38,17.53,92.86
1268.262,2266.00,141.60,116.00,2.80,14.38,17.53,92.86
1268.412,2266.00,141.60,112.00,2.80,14.38,17.53,92.86
1268.562,2266.00,141.60,112.00,2.58,14.38,17.53,92.86
1268.712,2266.00,141.60,112.00,2.58,14.38,17.53,92.86
1268.862,2266.00,141.60,112.00,2.58,14.38,17.67,92.86
1269.012,2266.00,141.60,112.00,2.58,14.38,17.67,92.76
1269.162,2261.00,141.60,112.00,2.58,14.38,17.67,92.76
1269.312,2261.00,141.75,112.00,2.58,14.38,17.67,92.76
1269.462,2261.00,141.75,112.00,2.58,14.38,17.67,92.76
1269.612,2261.00,141.75,112.00,2.51,14.38,17.67,92.76
1269.762,2261.00,141.75,112.00,2.51,14.38,17.67,92.76
1269.912,2261.00,141.75,112.00,2.51,14.38,17.67,92.76
1270.062,2261.00,141.75,112.00,2.51,14.38,17.67,92.76
1270.212,2263.00,141.75,112.00,2.51,14.38,17.67,92.76
1270.362,2263.00,141.53,112.00,2.51,14.38,17.67,92.76
1270.512,2263.00,141.53,112.00,2.51,14.38,17.67,92.76
1270.662,2263.00,141.53,112.00,2.45,14.38,17.67,92.76
1270.812,2263.00,141.53,112.00,2.45,14.38,17.67,92.76
1270.962,2263.00,141.53,112.00,2.45,14.38,17.63,92.76
1271.112,2263.00,141.53,112.00,2.45,14.38,17.63,92.76
1271.262,2259.50,141.53,112.00,2.45,14.38,17.63,92.76
1271.412,2259.50,141.60,112.00,2.45,14.38,17.63,92.76
1271.562,2259.50,141.60,108.00,2.45,14.38,17.63,92.76
1271.712,2259.50,141.60,108.00,2.43,14.38,17.63,92.76
1271.862,2259.50,141.60,108.00,2.43,14.38,17.63,92.76
1272.012,2259.50,141.60,108.00,2.43,14.38,17.55,92.76
1272.162,2259.50,141.60,108.00,2.43,14.38,17.55,92.66
1272.312,2260.50,141.60,108.00,2.43,14.38,17.55,92.66
1272.462,2260.50,141.48,108.00,2.43,14.38,17.55,92.66
1272.612,2260.50,141.48,108.00,2.43,14.38,17.55,92.66
1272.762,2260.50,141.48,108.00,2.38,14.38,17.55,92.66
1272.912,2260.50,141.48,108.00,2.38,14.38,17.55,92.66
1273.062,2260.50,141.48,108.00,2.38,14.38,17.60,92.66
1273.212,2260.50,141.48,108.00,2.38,14.38,17.60,92.56
1273.362,2263.50,141.48,108.00,2.38,14.38,17.60,92.56
1273.512,2263.50,141.47,108.00,2.38,14.38,17.60,92.56
1273.662,2263.50,141.47,108.00,2.38,14.38,17.60,92.56
1273.812,2263.50,141.47,108.00,2.36,14.38,17.60,92.56
1273.992,2263.50,141.47,108.00,2.36,14.38,17.60,92.56
1274.142,2263.50,141.47,108.00,2.36,14.38,17.67,92.56
1274.292,2263.50,141.47,108.00,2.36,14.38,17.67,92.56
1274.442,2259.50,141.47,108.00,2.36,14.38,17.67,92.56
1274.592,2259.50,141.23,108.00,2.36,14.38,17.67,92.56
1274.742,2259.50,141.23,108.00,2.36,14.38,17.67,92.56
1274.891,2259.50,141.23,108.00,2.37,14.38,17.67,92.56
1275.042,2259.50,141.23,108.00,2.37,14.38,17.67,92.56
1275.192,2259.50,141.23,108.00,2.37,14.38,17.67,92.56
1275.342,2259.50,141.23,108.00,2.37,14.38,17.67,92.46
1275.492,2258.50,141.23,108.00,2.37,14.38,17.67,92.46
1275.642,2258.50,141.18,108.00,2.37,14.38,17.67,92.46
1275.792,2258.50,141.18,108.00,2.37,14.38,17.67,92.46
1275.942,2258.50,141.18,108.00,2.40,14.38,17.67,92.46
1276.092,2258.50,141.18,108.00,2.40,14.38,17.67,92.46
1276.242,2258.50,141.18,108.00,2.40,14.38,17.85,92.46
1276.392,2258.50,141.18,108.00,2.40,14.38,17.85,92.36
1276.542,2256.00,141.18,108.00,2.40,14.38,17.85,92.36
1276.692,2256.00,141.02,108.00,2.40,14.38,17.85,92.36
1276.842,2256.00,141.02,112.00,2.40,14.38,17.85,92.36
1276.992,2256.00,141.02,112.00,2.47,14.38,17.85,92.36
1277.142,2256.00,141.02,112.00,2.47,14.38,17.85,92.36
1277.292,2256.00,141.02,112.00,2.47,14.38,18.02,92.36
1277.442,2256.00,141.02,112.00,2.47,14.38,18.02,92.26
1277.592,2254.00,141.02,112.00,2.47,14.38,18.02,92.26
1277.742,2254.00,140.90,112.00,2.47,14.38,18.02,92.26
1277.892,2254.00,140.90,116.00,2.47,14.38,18.02,92.26
1278.042,2254.00,140.90,116.00,2.61,14.38,18.02,92.26
1278.192,2254.00,140.90,116.00,2.61,14.38,18.02,92.26
1278.342,2254.00,140.90,116.00,2.61,14.38,18.43,92.26
1278.492,2254.00,140.90,116.00,2.61,14.38,18.43,92.16
1278.642,2252.50,140.90,116.00,2.61,14.38,18.43,92.16
1278.792,2252.50,140.72,116.00,2.61,14.38,18.43,92.16
1278.942,2252.50,140.72,124.00,2.61,14.38,18.43,92.16
1279.092,2252.50,140.72,124.00,2.87,14.38,18.43,92.16
1279.242,2252.50,140.72,124.00,2.87,14.38,18.43,92.16
1279.392,2252.50,140.72,124.00,2.87,14.38,18.43,92.16
1279.542,2252.50,140.72,124.00,2.87,14.38,18.43,92.06
1279.692,2254.00,140.72,124.00,2.87,14.38,18.43,92.06
1279.842,2254.00,141.04,124.00,2.87,14.38,18.43,92.06
1279.992,2254.00,141.04,124.00,2.87,14.38,18.43,92.06
1280.142,2254.00,141.04,124.00,3.04,14.38,18.43,92.06
1280.292,2254.00,141.04,124.00,3.04,14.38,18.43,92.06
1280.442,2254.00,141.04,124.00,3.04,14.38,18.38,92.06
1280.592,2254.00,141.04,124.00,3.04,14.38,18.38,92.06
1280.742,2256.50,141.04,124.00,3.04,14.38,18.38,92.06
1280.892,2256.50,141.00,124.00,3.04,14.38,18.38,92.06
1281.042,2256.50,141.00,124.00,3.04,14.38,18.38,92.06
1281.192,2256.50,141.00,124.00,3.05,14.38,18.38,92.06
1281.342,2256.50,141.00,124.00,3.05,14.38,18.38,92.06
1281.492,2256.50,141.00,124.00,3.05,14.38,18.38,92.06
1281.672,2256.50,141.00,124.00,3.05,14.38,18.38,91.96
1281.822,2258.50,141.00,124.00,3.05,14.38,18.38,91.96
1281.972,2258.50,141.01,124.00,3.05,14.38,18.38,91.96
1282.122,2258.50,141.01,120.00,3.05,14.38,18.38,91.96
1282.272,2258.50,141.01,120.00,3.00,14.38,18.38,91.96
1282.422,2258.50,141.01,120.00,3.00,14.38,18.38,91.96
1282.572,2258.50,141.01,120.00,3.00,14.38,17.85,91.96
1282.722,2258.50,141.01,120.00,3.00,14.38,17.85,91.86
1282.872,2263.50,141.01,120.00,3.00,14.38,17.85,91.86
1283.022,2263.50,141.23,120.00,3.00,14.38,17.85,91.86
1283.172,2263.50,141.23,120.00,3.00,14.38,17.85,91.86
1283.322,2263.50,141.23,120.00,2.90,14.38,17.85,91.86
1283.472,2263.50,141.23,120.00,2.90,14.38,17.85,91.86
1283.622,2263.50,141.23,120.00,2.90,14.38,18.16,91.86
1283.772,2263.50,141.23,120.00,2.90,14.38,18.16,91.86
1283.922,2258.00,141.23,120.00,2.90,14.38,18.16,91.86
1284.072,2258.00,141.15,120.00,2.90,14.38,18.16,91.86
1284.222,2258.00,141.15,120.00,2.90,14.38,18.16,91.86
1284.373,2258.00,141.15,120.00,2.90,14.38,18.16,91.86
1284.552,2258.00,141.15,120.00,2.90,14.38,18.16,91.86
1284.702,2258.00,141.15,120.00,2.90,14.38,18.21,91.86
1284.852,2258.00,141.15,120.00,2.90,14.38,18.21,91.76
1285.002,2260.00,141.15,120.00,2.90,14.38,18.21,91.76
1285.152,2260.00,140.91,120.00,2.90,14.38,18.21,91.76
1285.302,2260.00,140.91,120.00,2.90,14.38,18.21,91.76
1285.452,2260.00,140.91,120.00,2.89,14.38,18.21,91.76
1285.632,2260.00,140.91,120.00,2.89,14.38,18.21,91.76
1285.782,2260.00,140.91,120.00,2.89,14.38,18.41,91.76
1285.932,2260.00,140.91,120.00,2.89,14.38,18.41,91.76
1286.082,2252.00,140.91,120.00,2.89,14.38,18.41,91.76
1286.232,2252.00,140.82,120.00,2.89,14.38,18.41,91.76
1286.382,2252.00,140.82,124.00,2.89,14.38,18.41,91.76
1286.532,2252.00,140.82,124.00,3.01,14.38,18.41,91.76
1286.682,2252.00,140.82,124.00,3.01,14.38,18.41,91.76
1286.832,2252.00,140.82,124.00,3.01,14.38,18.94,91.76
1286.982,2252.00,140.82,124.00,3.01,14.38,18.94,91.76
1287.132,2253.50,140.82,124.00,3.01,14.38,18.94,91.76
1287.282,2253.50,140.60,124.00,3.01,14.38,18.94,91.76
1287.432,2253.50,140.60,136.00,3.01,14.38,18.94,91.76
1287.583,2253.50,140.60,136.00,3.40,14.38,18.94,91.76
1287.732,2253.50,140.60,136.00,3.40,14.38,18.94,91.76
1287.882,2253.50,140.60,136.00,3.40,14.38,19.60,91.76
1288.062,2253.50,140.60,136.00,3.40,14.38,19.60,91.76
1288.212,2253.50,140.60,136.00,3.40,14.38,19.60,91.76
1288.362,2253.50,140.75,136.00,3.40,14.38,19.60,91.76
1288.512,2253.50,140.75,144.00,3.40,14.38,19.60,91.76
1288.662,2253.50,140.75,144.00,3.76,14.38,19.60,91.76
1288.812,2253.50,140.75,144.00,3.76,14.38,19.60,91.76
1288.962,2253.50,140.75,144.00,3.76,14.38,18.89,91.76
1289.112,2253.50,140.75,144.00,3.76,14.38,18.89,91.86
1289.262,2252.00,140.75,144.00,3.76,14.38,18.89,91.86
1289.412,2252.00,141.06,144.00,3.76,14.38,18.89,91.86
1289.562,2252.00,141.06,140.00,3.76,14.38,18.89,91.86
1289.712,2252.00,141.06,140.00,3.69,14.38,18.89,91.86
1289.862,2252.00,141.06,140.00,3.69,14.38,18.89,91.86
1290.012,2252.00,141.06,140.00,3.69,14.38,18.89,91.86
1290.162,2252.00,141.06,140.00,3.69,14.38,18.89,91.86
1290.312,2255.50,141.06,140.00,3.69,14.38,18.89,91.86
1290.462,2255.50,140.78,140.00,3.69,14.38,18.89,91.86
1290.612,2255.50,140.78,140.00,3.69,14.38,18.89,91.86
1290.762,2255.50,140.78,140.00,3.68,14.38,18.89,91.86
1290.912,2255.50,140.78,140.00,3.68,14.38,18.89,91.86
1291.062,2255.50,140.78,140.00,3.68,14.38,18.87,91.86
1291.212,2255.50,140.78,140.00,3.68,14.38,18.87,91.86
1291.362,2253.50,140.78,140.00,3.68,14.38,18.87,91.86
1291.512,2253.50,140.99,140.00,3.68,14.38,18.87,91.86
1291.662,2253.50,140.99,140.00,3.68,14.38,18.87,91.86
1291.812,2253.50,140.99,140.00,3.70,14.38,18.87,91.86
1291.962,2253.50,140.99,140.00,3.70,14.39,18.87,91.86
1292.112,2253.50,140.99,140.00,3.70,14.39,18.92,91.86
1292.262,2253.50,140.99,140.00,3.70,14.39,18.92,91.86
1292.412,2261.00,140.99,140.00,3.70,14.39,18.92,91.86
1292.562,2261.00,141.45,140.00,3.70,14.39,18.92,91.86
1292.712,2261.00,141.45,140.00,3.70,14.39,18.92,91.86
1292.862,2261.00,141.45,140.00,3.67,14.39,18.92,91.86
1293.012,2261.00,141.45,140.00,3.67,14.39,18.92,91.86
1293.192,2261.00,141.45,140.00,3.67,14.39,18.63,91.86
1293.342,2261.00,141.45,140.00,3.67,14.39,18.63,91.86
1293.493,2259.50,141.45,140.00,3.67,14.39,18.63,91.86
1293.642,2259.50,141.52,140.00,3.67,14.39,18.63,91.86
1293.792,2259.50,141.52,132.00,3.67,14.39,18.63,91.86
1293.942,2259.50,141.52,132.00,3.47,14.39,18.63,91.86
1294.092,2259.50,141.52,132.00,3.47,14.39,18.63,91.86
1294.242,2259.50,141.52,132.00,3.47,14.39,18.16,91.86
1294.392,2259.50,141.52,132.00,3.47,14.39,18.16,91.96
1294.542,2264.50,141.52,132.00,3.47,14.39,18.16,91.96
1294.722,2264.50,141.46,132.00,3.47,14.39,18.16,91.96
1294.872,2264.50,141.46,124.00,3.47,14.39,18.16,91.96
1295.022,2264.50,141.46,124.00,3.11,14.39,18.16,91.96
1295.172,2264.50,141.46,124.00,3.11,14.39,18.16,91.96
1295.322,2264.50,141.46,124.00,3.11,14.39,18.06,91.96
1295.472,2264.50,141.46,124.00,3.11,14.39,18.06,91.96
1295.622,2267.50,141.46,124.00,3.11,14.39,18.06,91.96
1295.772,2267.50,141.57,124.00,3.11,14.39,18.06,91.96
1295.922,2267.50,141.57,120.00,3.11,14.39,18.06,91.96
1296.072,2267.50,141.57,120.00,2.93,14.39,18.06,91.96
1296.222,2267.50,141.57,120.00,2.93,14.39,18.06,91.96
1296.372,2267.50,141.57,120.00,2.93,14.39,17.82,91.96
1296.522,2267.50,141.57,120.00,2.93,14.39,17.82,91.96
1296.672,2263.50,141.57,120.00,2.93,14.39,17.82,91.96
1296.822,2263.50,141.41,120.00,2.93,14.39,17.82,91.96
1296.972,2263.50,141.41,116.00,2.93,14.39,17.82,91.96
1297.152,2263.50,141.41,116.00,2.75,14.39,17.82,91.96
1297.302,2263.50,141.41,116.00,2.75,14.39,17.82,91.96
1297.452,2263.50,141.41,116.00,2.75,14.39,17.92,91.96
1297.602,2263.50,141.41,116.00,2.75,14.39,17.92,91.96
1297.752,2264.50,141.41,116.00,2.75,14.39,17.92,91.96
1297.902,2264.50,141.53,116.00,2.75,14.39,17.92,91.96
1298.052,2264.50,141.53,116.00,2.75,14.39,17.92,91.96
1298.202,2264.50,141.53,116.00,2.68,14.39,17.92,91.96
1298.352,2264.50,141.53,116.00,2.68,14.39,17.92,91.96
1298.502,2264.50,141.53,116.00,2.68,14.39,17.77,91.96
1298.652,2264.50,141.53,116.00,2.68,14.39,17.77,91.96
1298.802,2266.00,141.53,116.00,2.68,14.39,17.77,91.96
1298.952,2266.00,141.79,116.00,2.68,14.39,17.77,91.96
1299.102,2266.00,141.79,112.00,2.68,14.39,17.77,91.96
1299.252,2266.00,141.79,112.00,2.62,14.39,17.77,91.96
1299.402,2266.00,141.79,112.00,2.62,14.39,17.77,91.96
1299.582,2266.00,141.79,112.00,2.62,14.39,17.65,91.96
1299.732,2266.00,141.79,112.00,2.62,14.39,17.65,91.96
1299.882,2264.00,141.79,112.00,2.62,14.39,17.65,91.96
1300.032,2264.00,141.40,112.00,2.62,14.39,17.65,91.96
1300.182,2264.00,141.40,108.00,2.62,14.39,17.65,91.96
1300.332,2264.00,141.40,108.00,2.48,14.39,17.65,91.96
1300.482,2264.00,141.40,108.00,2.48,14.39,17.65,91.96
1300.632,2264.00,141.40,108.00,2.48,14.39,17.67,91.96
1300.782,2264.00,141.40,108.00,2.48,14.39,17.67,91.96
1300.933,2262.50,141.40,108.00,2.48,14.39,17.67,91.96
1301.082,2262.50,141.44,108.00,2.48,14.39,17.67,91.96
1301.232,2262.50,141.44,108.00,2.48,14.39,17.67,91.96
1301.382,2262.50,141.44,108.00,2.43,14.39,17.67,91.96
1301.532,2262.50,141.44,108.00,2.43,14.39,17.67,91.96
1301.682,2262.50,141.44,108.00,2.43,14.39,17.72,91.96
1301.832,2262.50,141.44,108.00,2.43,14.39,17.72,91.86
1301.982,2261.50,141.44,108.00,2.43,14.39,17.72,91.86
1302.132,2261.50,141.49,108.00,2.43,14.39,17.72,91.86
1302.282,2261.50,141.49,112.00,2.43,14.39,17.72,91.86
1302.432,2261.50,141.49,112.00,2.45,14.39,17.72,91.86
1302.582,2261.50,141.49,112.00,2.45,14.38,17.72,91.86
1302.732,2261.50,141.49,112.00,2.45,14.38,17.80,91.86
1302.912,2261.50,141.49,112.00,2.45,14.38,17.80,91.86
1303.062,2257.50,141.49,112.00,2.45,14.38,17.80,91.86
1303.212,2257.50,141.22,112.00,2.45,14.38,17.80,91.86
1303.362,2257.50,141.22,36.00,2.45,14.38,17.80,91.86
1303.542,2257.50,141.22,36.00,1.52,14.38,17.80,91.86
1303.692,2257.50,141.22,36.00,1.52,14.39,17.80,91.86
1303.842,2257.50,141.22,36.00,1.52,14.39,9.03,91.86
1303.992,2257.50,141.22,36.00,1.52,14.39,9.03,91.76
1304.142,2216.50,141.22,36.00,1.52,14.39,9.03,91.76
1304.292,2216.50,139.22,36.00,1.52,14.39,9.03,91.76
1304.442,2216.50,139.22,44.00,1.52,14.39,9.03,91.76
1304.592,2216.50,139.22,44.00,0.76,14.39,9.03,91.76
1304.742,2216.50,139.22,44.00,0.76,14.39,9.03,91.76
1304.892,2216.50,139.22,44.00,0.76,14.39,11.67,91.76
1305.042,2216.50,139.22,44.00,0.76,14.39,11.67,91.76
1305.192,2167.00,139.22,44.00,0.76,14.39,11.67,91.76
1305.342,2167.00,136.75,44.00,0.76,14.39,11.67,91.76
1305.492,2167.00,136.75,40.00,0.76,14.39,11.67,91.76
1305.642,2167.00,136.75,40.00,0.52,14.39,11.67,91.76
1305.792,2167.00,136.75,40.00,0.52,14.39,11.67,91.76
1305.942,2167.00,136.75,40.00,0.52,14.39,10.47,91.76
1306.092,2167.00,136.75,40.00,0.52,14.39,10.47,91.66
1306.242,2127.00,136.75,40.00,0.52,14.39,10.47,91.66
1306.392,2127.00,134.52,40.00,0.52,14.39,10.47,91.66
1306.542,2127.00,134.52,32.00,0.52,14.39,10.47,91.66
1306.692,2127.00,134.52,32.00,0.37,14.39,10.47,91.66
1306.842,2127.00,134.52,32.00,0.37,14.39,10.47,91.66
1306.992,2127.00,134.52,32.00,0.37,14.39,16.28,91.66
1307.142,2127.00,134.52,32.00,0.37,14.39,16.28,91.46
1307.292,2135.00,134.52,32.00,0.37,14.39,16.28,91.46
1307.442,2135.00,133.07,32.00,0.37,14.39,16.28,91.46
1307.592,2135.00,133.07,64.00,0.37,14.39,16.28,91.46
1307.742,2135.00,133.07,64.00,0.39,14.39,16.28,91.46
1307.892,2135.00,133.07,64.00,0.39,14.39,16.28,91.46
1308.042,2135.00,133.07,64.00,0.39,14.39,17.60,91.46
1308.192,2135.00,133.07,64.00,0.39,14.39,17.60,91.26
1308.342,2116.50,133.07,64.00,0.39,14.39,17.60,91.26
1308.492,2116.50,132.25,64.00,0.39,14.39,17.60,91.26
1308.672,2116.50,132.25,68.00,0.39,14.39,17.60,91.26
1308.822,2116.50,132.25,68.00,0.52,14.39,17.60,91.26
1308.972,2116.50,132.25,68.00,0.52,14.39,17.60,91.26
1309.122,2116.50,132.25,68.00,0.52,14.39,16.94,91.26
1309.272,2116.50,132.25,68.00,0.52,14.39,16.94,91.06
1309.422,2095.50,132.25,68.00,0.52,14.39,16.94,91.06
1309.572,2095.50,131.39,68.00,0.52,14.39,16.94,91.06
1309.722,2095.50,131.39,32.00,0.52,14.39,16.94,91.06
1309.872,2095.50,131.39,32.00,0.49,14.39,16.94,91.06
1310.022,2095.50,131.39,32.00,0.49,14.39,16.94,91.06
1310.172,2095.50,131.39,32.00,0.49,14.39,11.01,91.06
1310.322,2095.50,131.39,32.00,0.49,14.39,11.01,90.76
1310.472,2057.50,131.39,32.00,0.49,14.39,11.01,90.76
1310.622,2057.50,129.28,32.00,0.49,14.39,11.01,90.76
1310.772,2057.50,129.28,32.00,0.49,14.39,11.01,90.76
1310.922,2057.50,129.28,32.00,0.31,14.39,11.01,90.76
1311.102,2057.50,129.28,32.00,0.31,14.39,11.01,90.76
1311.252,2057.50,129.28,32.00,0.31,14.39,9.84,90.76
1311.402,2057.50,129.28,32.00,0.31,14.39,9.84,90.46
1311.552,2029.00,129.28,32.00,0.31,14.39,9.84,90.46
1311.702,2029.00,126.94,32.00,0.31,14.39,9.84,90.46
1311.852,2029.00,126.94,56.00,0.31,14.39,9.84,90.46
1312.002,2029.00,126.94,56.00,0.22,14.39,9.84,90.46
1312.152,2029.00,126.94,56.00,0.22,14.39,9.84,90.46
1312.302,2029.00,126.94,56.00,0.22,14.39,22.14,90.46
1312.452,2029.00,126.94,56.00,0.22,14.39,22.14,90.36
1312.602,2025.50,126.94,56.00,0.22,14.39,22.14,90.36
1312.752,2025.50,126.50,56.00,0.22,14.39,22.14,90.36
1312.902,2025.50,126.50,96.00,0.22,14.39,22.14,90.36
1313.052,2025.50,126.50,96.00,0.99,14.39,22.14,90.36
1313.202,2025.50,126.50,96.00,0.99,14.39,22.14,90.36
1313.352,2025.50,126.50,96.00,0.99,14.39,19.92,90.36
1313.502,2025.50,126.50,96.00,0.99,14.39,19.92,90.26
1313.652,2028.50,126.50,96.00,0.99,14.39,19.92,90.26
1313.802,2028.50,126.80,96.00,0.99,14.39,19.92,90.26
1313.952,2028.50,126.80,108.00,0.99,14.39,19.92,90.26
1314.103,2028.50,126.80,108.00,1.87,14.39,19.92,90.26
1314.252,2028.50,126.80,108.00,1.87,14.39,19.92,90.26
1314.402,2028.50,126.80,108.00,1.87,14.39,17.65,90.26
1314.552,2028.50,126.80,108.00,1.87,14.39,17.65,90.26
1314.702,2028.00,126.80,108.00,1.87,14.39,17.65,90.26
1314.852,2028.00,127.00,108.00,1.87,14.39,17.65,90.26
1315.002,2028.00,127.00,100.00,1.87,14.39,17.65,90.26
1315.152,2028.00,127.00,100.00,1.99,14.39,17.65,90.26
1315.302,2028.00,127.00,100.00,1.99,14.39,17.65,90.26
1315.452,2028.00,127.00,100.00,1.99,14.39,17.28,90.26
1315.602,2028.00,127.00,100.00,1.99,14.39,17.28,90.36
1315.752,2038.00,127.00,100.00,1.99,14.39,17.28,90.36
1315.902,2038.00,127.29,100.00,1.99,14.39,17.28,90.36
1316.052,2038.00,127.29,100.00,1.99,14.39,17.28,90.36
1316.232,2038.00,127.29,100.00,1.94,14.39,17.28,90.36
1316.382,2038.00,127.29,100.00,1.94,14.39,17.28,90.36
1316.532,2038.00,127.29,100.00,1.94,14.39,17.16,90.36
1316.682,2038.00,127.29,100.00,1.94,14.39,17.16,90.56
1316.832,2037.00,127.29,100.00,1.94,14.39,17.16,90.56
1316.982,2037.00,127.29,100.00,1.94,14.39,17.16,90.56
1317.132,2037.00,127.29,96.00,1.94,14.39,17.16,90.56
1317.282,2037.00,127.29,96.00,1.88,14.39,17.16,90.56
1317.432,2037.00,127.29,96.00,1.88,14.39,17.16,90.56
1317.582,2037.00,127.29,96.00,1.88,14.39,17.14,90.56
1317.732,2037.00,127.29,96.00,1.88,14.39,17.14,90.76
1317.882,2037.50,127.29,96.00,1.88,14.39,17.14,90.76
1318.032,2037.50,127.32,96.00,1.88,14.39,17.14,90.76
1318.182,2037.50,127.32,96.00,1.88,14.39,17.14,90.76
1318.332,2037.50,127.32,96.00,1.83,14.39,17.14,90.76
1318.483,2037.50,127.32,96.00,1.83,14.39,17.14,90.76
1318.632,2037.50,127.32,96.00,1.83,14.39,17.31,90.76
1318.782,2037.50,127.32,96.00,1.83,14.39,17.31,91.06
1318.932,2041.00,127.32,96.00,1.83,14.39,17.31,91.06
1319.083,2041.00,127.41,96.00,1.83,14.39,17.31,91.06
1319.232,2041.00,127.41,96.00,1.83,14.39,17.31,91.06
1319.382,2041.00,127.41,96.00,1.81,14.39,17.31,91.06
1319.532,2041.00,127.41,96.00,1.81,14.39,17.31,91.06
1319.682,2041.00,127.41,96.00,1.81,14.39,17.16,91.06
1319.832,2041.00,127.41,96.00,1.81,14.39,17.16,91.36
1319.982,2044.50,127.41,96.00,1.81,14.39,17.16,91.36
1320.132,2044.50,127.67,96.00,1.81,14.39,17.16,91.36
1320.282,2044.50,127.67,92.00,1.81,14.39,17.16,91.36
1320.432,2044.50,127.67,92.00,1.74,14.39,17.16,91.36
1320.582,2044.50,127.67,92.00,1.74,14.39,17.16,91.36
1320.732,2044.50,127.67,92.00,1.74,14.39,16.80,91.36
1320.882,2044.50,127.67,92.00,1.74,14.39,16.80,91.76
1321.032,2047.00,127.67,92.00,1.74,14.39,16.80,91.76
1321.182,2047.00,127.78,92.00,1.74,14.39,16.80,91.76
1321.332,2047.00,127.78,84.00,1.74,14.39,16.80,91.76
1321.482,2047.00,127.78,84.00,1.53,14.39,16.80,91.76
1321.632,2047.00,127.78,84.00,1.53,14.39,16.80,91.76
1321.782,2047.00,127.78,84.00,1.53,14.39,16.38,91.76
1321.932,2047.00,127.78,84.00,1.53,14.39,16.38,92.06
1322.082,2044.50,127.78,84.00,1.53,14.39,16.38,92.06
1322.232,2044.50,127.88,84.00,1.53,14.39,16.38,92.06
1322.382,2044.50,127.88,80.00,1.53,14.39,16.38,92.06
1322.532,2044.50,127.88,80.00,1.32,14.39,16.38,92.06
1322.682,2044.50,127.88,80.00,1.32,14.39,16.38,92.06
1322.832,2044.50,127.88,80.00,1.32,14.39,16.50,92.06
1322.983,2044.50,127.88,80.00,1.32,14.39,16.50,92.36
1323.132,2044.00,127.88,80.00,1.32,14.39,16.50,92.36
1323.282,2044.00,127.94,80.00,1.32,14.39,16.50,92.36
1323.432,2044.00,127.94,80.00,1.32,14.39,16.50,92.36
1323.582,2044.00,127.94,80.00,1.11,14.39,16.50,92.36
1323.732,2044.00,127.94,80.00,1.11,14.39,16.50,92.36
1323.913,2044.00,127.94,80.00,1.11,14.39,16.67,92.36
1324.062,2044.00,127.94,80.00,1.11,14.39,16.67,92.46
1324.212,2044.50,127.94,80.00,1.11,14.39,16.67,92.46
1324.362,2044.50,127.73,80.00,1.11,14.39,16.67,92.46
1324.512,2044.50,127.73,76.00,1.11,14.39,16.67,92.46
1324.662,2044.50,127.73,76.00,0.98,14.39,16.67,92.46
1324.812,2044.50,127.73,76.00,0.98,14.39,16.67,92.46
1324.963,2044.50,127.73,76.00,0.98,14.39,17.16,92.46
1325.112,2044.50,127.73,76.00,0.98,14.39,17.16,92.56
1325.262,2041.00,127.73,76.00,0.98,14.39,17.16,92.56
1325.412,2041.00,127.30,76.00,0.98,14.39,17.16,92.56
1325.562,2041.00,127.30,80.00,0.98,14.39,17.16,92.56
1325.712,2041.00,127.30,80.00,0.98,14.39,17.16,92.56
1325.862,2041.00,127.30,80.00,0.98,14.39,17.16,92.56
1326.013,2041.00,127.30,80.00,0.98,14.39,17.63,92.56
1326.162,2041.00,127.30,80.00,0.98,14.39,17.63,92.46
1326.312,2038.00,127.30,80.00,0.98,14.39,17.63,92.46
1326.462,2038.00,127.21,80.00,0.98,14.39,17.63,92.46
1326.613,2038.00,127.21,84.00,0.98,14.39,17.63,92.46
1326.762,2038.00,127.21,84.00,1.17,14.39,17.63,92.46
1326.912,2038.00,127.21,84.00,1.17,14.39,17.63,92.46
1327.062,2038.00,127.21,84.00,1.17,14.39,17.43,92.46
1327.212,2038.00,127.21,84.00,1.17,14.39,17.43,92.36
1327.362,2038.50,127.21,84.00,1.17,14.39,17.43,92.36
1327.512,2038.50,127.45,84.00,1.17,14.39,17.43,92.36
1327.662,2038.50,127.45,88.00,1.17,14.39,17.43,92.36
1327.812,2038.50,127.45,88.00,1.32,14.39,17.43,92.36
1327.963,2038.50,127.45,88.00,1.32,14.39,17.43,92.36
1328.112,2038.50,127.45,88.00,1.32,14.39,17.06,92.36
1328.262,2038.50,127.45,88.00,1.32,14.39,17.06,92.26
1328.412,2040.00,127.45,88.00,1.32,14.39,17.06,92.26
1328.562,2040.00,127.52,88.00,1.32,14.39,17.06,92.26
1328.712,2040.00,127.52,84.00,1.32,14.39,17.06,92.26
1328.862,2040.00,127.52,84.00,1.37,14.39,17.06,92.26
1329.013,2040.00,127.52,84.00,1.37,14.39,17.06,92.26
1329.162,2040.00,127.52,84.00,1.37,14.39,16.82,92.26
1329.312,2040.00,127.52,84.00,1.37,14.39,16.82,92.16
1329.462,2039.50,127.52,84.00,1.37,14.39,16.82,92.16
1329.612,2039.50,127.59,84.00,1.37,14.39,16.82,92.16
1329.762,2039.50,127.59,84.00,1.37,14.39,16.82,92.16
1329.913,2039.50,127.59,84.00,1.31,14.39,16.82,92.16
1330.062,2039.50,127.59,84.00,1.31,14.39,16.82,92.16
1330.212,2039.50,127.59,84.00,1.31,14.39,16.62,92.16
1330.362,2039.50,127.59,84.00,1.31,14.39,16.62,91.96
1330.512,2043.00,127.59,84.00,1.31,14.39,16.62,91.96
1330.662,2043.00,127.59,84.00,1.31,14.39,16.62,91.96
1330.812,2043.00,127.59,80.00,1.31,14.39,16.62,91.96
1330.962,2043.00,127.59,80.00,1.23,14.39,16.62,91.96
1331.112,2043.00,127.59,80.00,1.23,14.39,16.62,91.96
1331.262,2043.00,127.59,80.00,1.23,14.39,16.70,91.96
1331.413,2043.00,127.59,80.00,1.23,14.39,16.70,91.86
1331.593,2040.00,127.59,80.00,1.23,14.39,16.70,91.86
1331.742,2040.00,127.38,80.00,1.23,14.39,16.70,91.86
1331.892,2040.00,127.38,80.00,1.23,14.39,16.70,91.86
1332.043,2040.00,127.38,80.00,1.12,14.39,16.70,91.86
1332.193,2040.00,127.38,80.00,1.12,14.39,16.70,91.86
1332.343,2040.00,127.38,80.00,1.12,14.39,16.82,91.86
1332.492,2040.00,127.38,80.00,1.12,14.39,16.82,91.76
1332.643,2040.00,127.38,80.00,1.12,14.39,16.82,91.76
1332.792,2040.00,127.39,80.00,1.12,14.39,16.82,91.76
1332.943,2040.00,127.39,80.00,1.12,14.39,16.82,91.76
1333.093,2040.00,127.39,80.00,1.01,14.39,16.82,91.76
1333.242,2040.00,127.39,80.00,1.01,14.39,16.82,91.76
1333.392,2040.00,127.39,80.00,1.01,14.39,16.97,91.76
1333.543,2040.00,127.39,80.00,1.01,14.39,16.97,91.66
1333.692,2033.50,127.39,80.00,1.01,14.39,16.97,91.66
1333.842,2033.50,127.42,80.00,1.01,14.39,16.97,91.66
1333.993,2033.50,127.42,80.00,1.01,14.39,16.97,91.66
1334.143,2033.50,127.42,80.00,0.98,14.39,16.97,91.66
1334.292,2033.50,127.42,80.00,0.98,14.39,16.97,91.66
1334.442,2033.50,127.42,80.00,0.98,14.39,17.26,91.66
1334.592,2033.50,127.42,80.00,0.98,14.39,17.26,91.46
1334.743,2042.50,127.42,80.00,0.98,14.39,17.26,91.46
1334.892,2042.50,127.35,80.00,0.98,14.39,17.26,91.46
1335.042,2042.50,127.35,80.00,0.98,14.39,17.26,91.46
1335.192,2042.50,127.35,80.00,1.05,14.39,17.26,91.46
1335.342,2042.50,127.35,80.00,1.05,14.39,17.26,91.46
1335.492,2042.50,127.35,80.00,1.05,14.39,17.14,91.46
1335.642,2042.50,127.35,80.00,1.05,14.39,17.14,91.36
1335.792,2039.00,127.35,80.00,1.05,14.39,17.14,91.36
1335.943,2039.00,127.35,80.00,1.05,14.39,17.14,91.36
1336.092,2039.00,127.35,80.00,1.05,14.39,17.14,91.36
1336.242,2039.00,127.35,80.00,1.11,14.39,17.14,91.36
1336.393,2039.00,127.35,80.00,1.11,14.39,17.14,91.36
1336.543,2039.00,127.35,80.00,1.11,14.39,16.84,91.36
1336.692,2039.00,127.35,80.00,1.11,14.39,16.84,91.26
1336.842,2041.50,127.35,80.00,1.11,14.39,16.84,91.26
1336.993,2041.50,127.53,80.00,1.11,14.39,16.84,91.26
1337.142,2041.50,127.53,80.00,1.11,14.39,16.84,91.26
1337.292,2041.50,127.53,80.00,1.15,14.39,16.84,91.26
1337.443,2041.50,127.53,80.00,1.15,14.39,16.84,91.26
1337.593,2041.50,127.53,80.00,1.15,14.39,16.55,91.26
1337.742,2041.50,127.53,80.00,1.15,14.39,16.55,91.16
1337.892,2039.50,127.53,80.00,1.15,14.39,16.55,91.16
1338.043,2039.50,127.61,80.00,1.15,14.39,16.55,91.16
1338.192,2039.50,127.61,80.00,1.15,14.39,16.55,91.16
1338.343,2039.50,127.61,80.00,1.10,14.39,16.55,91.16
1338.493,2039.50,127.61,80.00,1.10,14.39,16.55,91.16
1338.642,2039.50,127.61,80.00,1.10,14.39,16.77,91.16
1338.792,2039.50,127.61,80.00,1.10,14.39,16.77,91.16
1338.943,2040.50,127.61,80.00,1.10,14.39,16.77,91.16
1339.092,2040.50,127.52,80.00,1.10,14.39,16.77,91.16
1339.272,2040.50,127.52,76.00,1.10,14.39,16.77,91.16
1339.423,2040.50,127.52,76.00,1.10,14.39,16.77,91.16
1339.573,2040.50,127.52,76.00,1.10,14.39,16.77,91.16
1339.722,2040.50,127.52,76.00,1.10,14.39,16.18,91.16
1339.873,2040.50,127.52,76.00,1.10,14.39,16.18,91.16
1340.023,2034.00,127.52,76.00,1.10,14.39,16.18,91.16
1340.172,2034.00,127.35,76.00,1.10,14.39,16.18,91.16
1340.322,2034.00,127.35,76.00,1.10,14.39,16.18,91.16
1340.472,2034.00,127.35,76.00,0.92,14.39,16.18,91.16
1340.622,2034.00,127.35,76.00,0.92,14.39,16.18,91.16
1340.772,2034.00,127.35,76.00,0.92,14.39,16.60,91.16
1340.923,2034.00,127.35,76.00,0.92,14.39,16.60,91.16
1341.073,2036.50,127.35,76.00,0.92,14.39,16.60,91.16
1341.223,2036.50,127.32,76.00,0.92,14.39,16.60,91.16
1341.372,2036.50,127.32,76.00,0.92,14.39,16.60,91.16
1341.522,2036.50,127.32,76.00,0.86,14.39,16.60,91.16
1341.673,2036.50,127.32,76.00,0.86,14.39,16.60,91.16
1341.822,2036.50,127.32,76.00,0.86,14.39,16.89,91.16
1341.973,2036.50,127.32,76.00,0.86,14.39,16.89,91.26
1342.123,2041.50,127.32,76.00,0.86,14.39,16.89,91.26
1342.272,2041.50,127.39,76.00,0.86,14.39,16.89,91.26
1342.423,2041.50,127.39,76.00,0.86,14.39,16.89,91.26
1342.572,2041.50,127.39,76.00,0.85,14.39,16.89,91.26
1342.723,2041.50,127.39,76.00,0.85,14.39,16.89,91.26
1342.872,2041.50,127.39,76.00,0.85,14.39,16.55,91.26
1343.023,2041.50,127.39,76.00,0.85,14.39,16.55,91.36
1343.173,2033.00,127.39,76.00,0.85,14.39,16.55,91.36
1343.323,2033.00,127.59,76.00,0.85,14.39,16.55,91.36
1343.473,2033.00,127.59,76.00,0.85,14.39,16.55,91.36
1343.623,2033.00,127.59,76.00,0.82,14.39,16.55,91.36
1343.773,2033.00,127.59,76.00,0.82,14.39,16.55,91.36
1343.923,2033.00,127.59,76.00,0.82,14.39,16.28,91.36
1344.073,2033.00,127.59,76.00,0.82,14.39,16.28,91.36
1344.222,2039.00,127.59,76.00,0.82,14.39,16.28,91.36
1344.372,2039.00,127.30,76.00,0.82,14.39,16.28,91.36
1344.523,2039.00,127.30,76.00,0.82,14.39,16.28,91.36
1344.672,2039.00,127.30,76.00,0.80,14.39,16.28,91.36
1344.823,2039.00,127.30,76.00,0.80,14.39,16.28,91.36
1344.972,2039.00,127.30,76.00,0.80,14.39,16.60,91.36
1345.123,2039.00,127.30,76.00,0.80,14.39,16.60,91.46
1345.272,2033.50,127.30,76.00,0.80,14.39,16.60,91.46
1345.422,2033.50,127.32,76.00,0.80,14.39,16.60,91.46
1345.572,2033.50,127.32,76.00,0.80,14.39,16.60,91.46
1345.722,2033.50,127.32,76.00,0.80,14.39,16.60,91.46
1345.873,2033.50,127.32,76.00,0.80,14.39,16.60,91.46
1346.023,2033.50,127.32,76.00,0.80,14.39,16.89,91.46
1346.172,2033.50,127.32,76.00,0.80,14.39,16.89,91.66
1346.322,2034.00,127.32,76.00,0.80,14.39,16.89,91.66
1346.472,2034.00,127.16,76.00,0.80,14.39,16.89,91.66
1346.623,2034.00,127.16,76.00,0.80,14.39,16.89,91.66
1346.772,2034.00,127.16,76.00,0.82,14.39,16.89,91.66
1346.953,2034.00,127.16,76.00,0.82,14.39,16.89,91.66
1347.102,2034.00,127.16,76.00,0.82,14.39,16.67,91.66
1347.252,2034.00,127.16,76.00,0.82,14.39,16.67,91.76
1347.402,2036.50,127.16,76.00,0.82,14.39,16.67,91.76
1347.552,2036.50,127.26,76.00,0.82,14.39,16.67,91.76
1347.702,2036.50,127.26,76.00,0.82,14.39,16.67,91.76
1347.853,2036.50,127.26,76.00,0.86,14.39,16.67,91.76
1348.003,2036.50,127.26,76.00,0.86,14.39,16.67,91.76
1348.153,2036.50,127.26,76.00,0.86,14.39,16.77,91.76
1348.303,2036.50,127.26,76.00,0.86,14.39,16.77,91.96
1348.453,2033.00,127.26,76.00,0.86,14.39,16.77,91.96
1348.603,2033.00,127.40,76.00,0.86,14.39,16.77,91.96
1348.752,2033.00,127.40,80.00,0.86,14.39,16.77,91.96
1348.902,2033.00,127.40,80.00,0.87,14.39,16.77,91.96
1349.052,2033.00,127.40,80.00,0.87,14.39,16.77,91.96
1349.203,2033.00,127.40,80.00,0.87,14.39,16.72,91.96
1349.352,2033.00,127.40,80.00,0.87,14.39,16.72,92.06
1349.503,2035.50,127.40,80.00,0.87,14.39,16.72,92.06
1349.653,2035.50,127.38,80.00,0.87,14.39,16.72,92.06
1349.803,2035.50,127.38,76.00,0.87,14.39,16.72,92.06
1349.953,2035.50,127.38,76.00,0.87,14.39,16.72,92.06
1350.103,2035.50,127.38,76.00,0.87,14.40,16.72,92.06
1350.253,2035.50,127.38,76.00,0.87,14.40,16.43,92.06
1350.403,2035.50,127.38,76.00,0.87,14.40,16.43,92.06
1350.552,2034.00,127.38,76.00,0.87,14.40,16.43,92.06
1350.702,2034.00,127.46,76.00,0.87,14.40,16.43,92.06
1350.852,2034.00,127.46,80.00,0.87,14.40,16.43,92.06
1351.003,2034.00,127.46,80.00,0.82,14.40,16.43,92.06
1351.153,2034.00,127.46,80.00,0.82,14.40,16.43,92.06
1351.303,2034.00,127.46,80.00,0.82,14.40,16.92,92.06
1351.453,2034.00,127.46,80.00,0.82,14.40,16.92,92.16
1351.603,2030.50,127.46,80.00,0.82,14.40,16.92,92.16
1351.752,2030.50,127.07,80.00,0.82,14.40,16.92,92.16
1351.903,2030.50,127.07,80.00,0.82,14.40,16.92,92.16
1352.053,2030.50,127.07,80.00,0.86,14.40,16.92,92.16
1352.203,2030.50,127.07,80.00,0.86,14.40,16.92,92.16
1352.352,2030.50,127.07,80.00,0.86,14.40,17.19,92.16
1352.503,2030.50,127.07,80.00,0.86,14.40,17.19,92.16
1352.652,2037.50,127.07,80.00,0.86,14.40,17.19,92.16
1352.803,2037.50,127.02,80.00,0.86,14.40,17.19,92.16
1352.953,2037.50,127.02,80.00,0.86,14.40,17.19,92.16
1353.102,2037.50,127.02,80.00,1.04,14.40,17.19,92.16
1353.252,2037.50,127.02,80.00,1.04,14.40,17.19,92.16
1353.402,2037.50,127.02,80.00,1.04,14.40,16.80,92.16
1353.552,2037.50,127.02,80.00,1.04,14.40,16.80,92.16
1353.702,2031.50,127.02,80.00,1.04,14.40,16.80,92.16
1353.852,2031.50,126.93,80.00,1.04,14.40,16.80,92.16
1354.002,2031.50,126.93,84.00,1.04,14.40,16.80,92.16
1354.152,2031.50,126.93,84.00,1.12,14.40,16.80,92.16
1354.303,2031.50,126.93,84.00,1.12,14.40,16.80,92.16
1354.452,2031.50,126.93,84.00,1.12,14.40,16.94,92.16
1354.633,2031.50,126.93,84.00,1.12,14.40,16.94,92.16
1354.782,2034.00,126.93,84.00,1.12,14.40,16.94,92.16
1354.932,2034.00,127.12,84.00,1.12,14.40,16.94,92.16
1355.082,2034.00,127.12,84.00,1.12,14.40,16.94,92.16
1355.232,2034.00,127.12,84.00,1.23,14.40,16.94,92.16
1355.382,2034.00,127.12,84.00,1.23,14.40,16.94,92.16
1355.532,2034.00,127.12,84.00,1.23,14.40,16.94,92.16
1355.683,2034.00,127.12,84.00,1.23,14.40,16.94,92.26
1355.832,2035.50,127.12,84.00,1.23,14.40,16.94,92.26
1355.982,2035.50,127.42,84.00,1.23,14.40,16.94,92.26
1356.132,2035.50,127.42,84.00,1.23,14.40,16.94,92.26
1356.283,2035.50,127.42,84.00,1.28,14.40,16.94,92.26
1356.432,2035.50,127.42,84.00,1.28,14.40,16.94,92.26
1356.582,2035.50,127.42,84.00,1.28,14.40,16.75,92.26
1356.732,2035.50,127.42,84.00,1.28,14.40,16.75,92.26
1356.882,2036.50,127.42,84.00,1.28,14.40,16.75,92.26
1357.033,2036.50,127.31,84.00,1.28,14.40,16.75,92.26
1357.182,2036.50,127.31,84.00,1.28,14.40,16.75,92.26
1357.332,2036.50,127.31,84.00,1.27,14.40,16.75,92.26
1357.483,2036.50,127.31,84.00,1.27,14.40,16.75,92.26
1357.632,2036.50,127.31,84.00,1.27,14.40,16.58,92.26
1357.782,2036.50,127.31,84.00,1.27,14.40,16.58,92.26
1357.933,2036.50,127.31,84.00,1.27,14.40,16.58,92.26
1358.082,2036.50,127.44,84.00,1.27,14.40,16.58,92.26
1358.232,2036.50,127.44,80.00,1.27,14.40,16.58,92.26
1358.382,2036.50,127.44,80.00,1.20,14.40,16.58,92.26
1358.532,2036.50,127.44,80.00,1.20,14.40,16.58,92.26
1358.683,2036.50,127.44,80.00,1.20,14.40,16.70,92.26
1358.832,2036.50,127.44,80.00,1.20,14.40,16.70,92.36
1358.982,2036.50,127.44,80.00,1.20,14.40,16.70,92.36
1359.132,2036.50,127.40,80.00,1.20,14.40,16.70,92.36
1359.282,2036.50,127.40,40.00,1.20,14.40,16.70,92.36
1359.432,2036.50,127.40,40.00,1.02,14.40,16.70,92.36
1359.582,2036.50,127.40,40.00,1.02,14.40,16.70,92.36
1359.732,2036.50,127.40,40.00,1.02,14.40,7.66,92.36
1359.882,2036.50,127.40,40.00,1.02,14.40,7.66,92.36
1360.032,2006.00,127.40,40.00,1.02,14.40,7.66,92.36
1360.182,2006.00,125.96,40.00,1.02,14.40,7.66,92.36
1360.332,2006.00,125.96,32.00,1.02,14.40,7.66,92.36
1360.482,2006.00,125.96,32.00,0.51,14.40,7.66,92.36
1360.632,2006.00,125.96,32.00,0.51,14.40,7.66,92.36
1360.782,2006.00,125.96,32.00,0.51,14.40,14.74,92.36
1360.932,2006.00,125.96,32.00,0.51,14.40,14.74,92.36
1361.083,2532.50,125.96,32.00,0.51,14.40,14.74,92.36
1361.262,2532.50,123.89,32.00,0.51,14.40,14.74,92.36
1361.412,2532.50,123.89,48.00,0.51,14.40,14.74,92.36
1361.562,2532.50,123.89,48.00,0.39,14.40,14.74,92.36
1361.712,2532.50,123.89,48.00,0.39,14.40,14.74,92.36
1361.862,2532.50,123.89,48.00,0.39,14.40,15.82,92.36
1362.012,2532.50,123.89,48.00,0.39,14.40,15.82,92.46
1362.162,3025.00,123.89,48.00,0.39,14.40,15.82,92.46
1362.312,3025.00,121.36,48.00,0.39,14.40,15.82,92.46
1362.462,3025.00,121.36,64.00,0.39,14.40,15.82,92.46
1362.612,3025.00,121.36,64.00,0.63,14.40,15.82,92.46
1362.762,3025.00,121.36,64.00,0.63,14.40,15.82,92.46
1362.913,3025.00,121.36,64.00,0.63,14.40,18.55,92.46
1363.062,3025.00,121.36,64.00,0.63,14.40,18.55,92.46
1363.213,2973.50,121.36,64.00,0.63,14.40,18.55,92.46
1363.362,2973.50,119.25,64.00,0.63,14.40,18.55,92.46
1363.512,2973.50,119.25,80.00,0.63,14.40,18.55,92.46
1363.662,2973.50,119.25,80.00,0.76,14.40,18.55,92.46
1363.812,2973.50,119.25,80.00,0.76,14.40,18.55,92.46
1363.963,2973.50,119.25,80.00,0.76,14.40,17.26,92.46
1364.112,2973.50,119.25,80.00,0.76,14.40,17.26,92.36
1364.262,2920.50,119.25,80.00,0.76,14.40,17.26,92.36
1364.412,2920.50,117.33,80.00,0.76,14.40,17.26,92.36
1364.562,2920.50,117.33,76.00,0.76,14.40,17.26,92.36
1364.712,2920.50,117.33,76.00,0.81,14.40,17.26,92.36
1364.862,2920.50,117.33,76.00,0.81,14.40,17.26,92.36
1365.012,2920.50,117.33,76.00,0.81,14.40,16.62,92.36
1365.162,2920.50,117.33,76.00,0.81,14.40,16.62,92.16
1365.312,2864.00,117.33,76.00,0.81,14.40,16.62,92.16
1365.462,2864.00,115.22,76.00,0.81,14.40,16.62,92.16
1365.612,2864.00,115.22,76.00,0.81,14.40,16.62,92.16
1365.762,2864.00,115.22,76.00,0.81,14.40,16.62,92.16
1365.912,2864.00,115.22,76.00,0.81,14.40,16.62,92.16
1366.062,2864.00,115.22,76.00,0.81,14.40,16.16,92.16
1366.213,2864.00,115.22,76.00,0.81,14.40,16.16,91.86
1366.362,2816.00,115.22,76.00,0.81,14.40,16.16,91.86
1366.512,2816.00,113.13,76.00,0.81,14.40,16.16,91.86
1366.662,2816.00,113.13,72.00,0.81,14.40,16.16,91.86
1366.812,2816.00,113.13,72.00,0.80,14.40,16.16,91.86
1366.963,2816.00,113.13,72.00,0.80,14.40,16.16,91.86
1367.112,2816.00,113.13,72.00,0.80,14.40,15.79,91.86
1367.262,2816.00,113.13,72.00,0.80,14.40,15.79,91.56
1367.412,2768.50,113.13,72.00,0.80,14.40,15.79,91.56
1367.562,2768.50,111.14,72.00,0.80,14.40,15.79,91.56
1367.712,2768.50,111.14,72.00,0.80,14.40,15.79,91.56
1367.862,2768.50,111.14,72.00,0.74,14.40,15.79,91.56
1368.012,2768.50,111.14,72.00,0.74,14.40,15.79,91.56
1368.162,2768.50,111.14,72.00,0.74,14.40,15.53,91.56
1368.313,2768.50,111.14,72.00,0.74,14.40,15.53,91.16
1368.462,2719.00,111.14,72.00,0.74,14.40,15.53,91.16
1368.612,2719.00,109.33,72.00,0.74,14.40,15.53,91.16
1368.762,2719.00,109.33,68.00,0.74,14.40,15.53,91.16
1368.913,2719.00,109.33,68.00,0.70,14.40,15.53,91.16
1369.062,2719.00,109.33,68.00,0.70,14.40,15.53,91.16
1369.212,2719.00,109.33,68.00,0.70,14.40,15.31,91.16
1369.363,2719.00,109.33,68.00,0.70,14.40,15.31,90.76
1369.512,2672.50,109.33,68.00,0.70,14.40,15.31,90.76
1369.662,2672.50,107.35,68.00,0.70,14.40,15.31,90.76
1369.812,2672.50,107.35,64.00,0.70,14.40,15.31,90.76
1369.993,2672.50,107.35,64.00,0.68,14.40,15.31,90.76
1370.142,2672.50,107.35,64.00,0.68,14.40,15.31,90.76
1370.293,2672.50,107.35,64.00,0.68,14.40,15.06,90.76
1370.443,2672.50,107.35,64.00,0.68,14.40,15.06,90.36
1370.592,2626.50,107.35,64.00,0.68,14.40,15.06,90.36
1370.742,2626.50,105.40,64.00,0.68,14.40,15.06,90.36
1370.892,2626.50,105.40,64.00,0.68,14.40,15.06,90.36
1371.042,2626.50,105.40,64.00,0.63,14.40,15.06,90.36
1371.192,2626.50,105.40,64.00,0.63,14.40,15.06,90.36
1371.342,2626.50,105.40,64.00,0.63,14.40,14.92,90.36
1371.492,2626.50,105.40,64.00,0.63,14.40,14.92,89.96
1371.642,2582.00,105.40,64.00,0.63,14.40,14.92,89.96
1371.792,2582.00,103.58,64.00,0.63,14.40,14.92,89.96
1371.942,2582.00,103.58,60.00,0.63,14.40,14.92,89.96
1372.093,2582.00,103.58,60.00,0.61,14.40,14.92,89.96
1372.243,2582.00,103.58,60.00,0.61,14.40,14.92,89.96
1372.392,2582.00,103.58,60.00,0.61,14.40,14.62,89.96
1372.543,2582.00,103.58,60.00,0.61,14.40,14.62,89.76
1372.692,2531.00,103.58,60.00,0.61,14.40,14.62,89.76
1372.843,2531.00,101.80,60.00,0.61,14.40,14.62,89.76
1372.993,2531.00,101.80,60.00,0.61,14.40,14.62,89.76
1373.142,2531.00,101.80,60.00,0.57,14.40,14.62,89.76
1373.292,2531.00,101.80,60.00,0.57,14.40,14.62,89.76
1373.443,2531.00,101.80,60.00,0.57,14.40,14.50,89.76
1373.593,2531.00,101.80,60.00,0.57,14.40,14.50,89.56
1373.743,2487.00,101.80,60.00,0.57,14.40,14.50,89.56
1373.892,2487.00,100.09,60.00,0.57,14.40,14.50,89.56
1374.043,2487.00,100.09,60.00,0.57,14.40,14.50,89.56
1374.193,2487.00,100.09,60.00,0.56,14.40,14.50,89.56
1374.343,2487.00,100.09,60.00,0.56,14.40,14.50,89.56
1374.493,2487.00,100.09,60.00,0.56,14.40,12.08,89.56
1374.642,2487.00,100.09,60.00,0.56,14.40,12.08,89.56
1374.793,2465.50,100.09,60.00,0.56,14.40,12.08,89.56
1374.943,2465.50,98.64,60.00,0.56,14.40,12.08,89.56
1375.092,2465.50,98.64,48.00,0.56,14.40,12.08,89.56
1375.242,2465.50,98.64,48.00,0.46,14.40,12.08,89.56
1375.393,2465.50,98.64,48.00,0.46,14.40,12.08,89.56
1375.542,2465.50,98.64,48.00,0.46,14.40,12.86,89.56
1375.692,2465.50,98.64,48.00,0.46,14.40,12.86,89.76
1375.843,2436.00,98.64,48.00,0.46,14.40,12.86,89.76
1375.992,2436.00,97.77,48.00,0.46,14.40,12.86,89.76
1376.142,2436.00,97.77,44.00,0.46,14.40,12.86,89.76
1376.292,2436.00,97.77,44.00,0.38,14.40,12.86,89.76
1376.442,2436.00,97.77,44.00,0.38,14.40,12.86,89.76
1376.592,2436.00,97.77,44.00,0.38,14.40,12.86,89.76
1376.742,2436.00,97.77,44.00,0.38,14.40,12.86,89.86
1376.892,2399.50,97.77,44.00,0.38,14.40,12.86,89.86
1377.042,2399.50,96.25,44.00,0.38,14.40,12.86,89.86
1377.192,2399.50,96.25,56.00,0.38,14.40,12.86,89.86
1377.342,2399.50,96.25,56.00,0.32,14.40,12.86,89.86
1377.493,2399.50,96.25,56.00,0.32,14.40,12.86,89.86
1377.672,2399.50,96.25,56.00,0.32,14.40,14.45,89.86
1377.823,2399.50,96.25,56.00,0.32,14.40,14.45,90.16
1377.973,2354.50,96.25,56.00,0.32,14.40,14.45,90.16
1378.122,2354.50,94.39,56.00,0.32,14.40,14.45,90.16
1378.273,2354.50,94.39,52.00,0.32,14.40,14.45,90.16
1378.422,2354.50,94.39,52.00,0.39,14.40,14.45,90.16
1378.572,2354.50,94.39,52.00,0.39,14.40,14.45,90.16
1378.723,2354.50,94.39,52.00,0.39,14.40,13.67,90.16
1378.873,2354.50,94.39,52.00,0.39,14.40,13.67,90.46
1379.023,2309.00,94.39,52.00,0.39,14.40,13.67,90.46
1379.173,2309.00,92.76,52.00,0.39,14.40,13.67,90.46
1379.323,2309.00,92.76,48.00,0.39,14.40,13.67,90.46
1379.472,2309.00,92.76,48.00,0.41,14.40,13.67,90.46
1379.623,2309.00,92.76,48.00,0.41,14.40,13.67,90.46
1379.772,2309.00,92.76,48.00,0.41,14.40,13.04,90.46
1379.923,2309.00,92.76,48.00,0.41,14.40,13.04,90.86
1380.073,2261.00,92.76,48.00,0.41,14.40,13.04,90.86
1380.222,2261.00,90.89,48.00,0.41,14.40,13.04,90.86
1380.372,2261.00,90.89,44.00,0.41,14.40,13.04,90.86
1380.523,2261.00,90.89,44.00,0.40,14.40,13.04,90.86
1380.673,2261.00,90.89,44.00,0.40,14.40,13.04,90.86
1380.823,2261.00,90.89,44.00,0.40,14.40,12.57,90.86
1380.973,2261.00,90.89,44.00,0.40,14.40,12.57,91.26
1381.123,2221.50,90.89,44.00,0.40,14.40,12.57,91.26
1381.272,2221.50,89.49,44.00,0.40,14.40,12.57,91.26
1381.422,2221.50,89.49,44.00,0.40,14.40,12.57,91.26
1381.572,2221.50,89.49,44.00,0.38,14.40,12.57,91.26
1381.723,2221.50,89.49,44.00,0.38,14.40,12.57,91.26
1381.873,2221.50,89.49,44.00,0.38,14.40,12.25,91.26
1382.022,2221.50,89.49,44.00,0.38,14.40,12.25,91.56
1382.172,2180.00,89.49,44.00,0.38,14.40,12.25,91.56
1382.323,2180.00,88.27,44.00,0.38,14.40,12.25,91.56
1382.473,2180.00,88.27,40.00,0.38,14.40,12.25,91.56
1382.623,2180.00,88.27,40.00,0.37,14.40,12.25,91.56
1382.772,2180.00,88.27,40.00,0.37,14.40,12.25,91.56
1382.923,2180.00,88.27,40.00,0.37,14.40,11.69,91.56
1383.072,2180.00,88.27,40.00,0.37,14.40,11.69,91.86
1383.223,2147.00,88.27,40.00,0.37,14.40,11.69,91.86
1383.372,2147.00,86.50,40.00,0.37,14.40,11.69,91.86
1383.522,2147.00,86.50,40.00,0.37,14.40,11.69,91.86
1383.672,2147.00,86.50,40.00,0.33,14.40,11.69,91.86
1383.823,2147.00,86.50,40.00,0.33,14.40,11.69,91.86
1383.973,2147.00,86.50,40.00,0.33,14.40,11.52,91.86
1384.122,2147.00,86.50,40.00,0.33,14.40,11.52,92.06
1384.272,2114.00,86.50,40.00,0.33,14.40,11.52,92.06
1384.423,2114.00,84.97,40.00,0.33,14.40,11.52,92.06
1384.572,2114.00,84.97,36.00,0.33,14.40,11.52,92.06
1384.723,2114.00,84.97,36.00,0.31,14.40,11.52,92.06
1384.873,2114.00,84.97,36.00,0.31,14.40,11.52,92.06
1385.023,2114.00,84.97,36.00,0.31,14.40,11.16,92.06
1385.172,2114.00,84.97,36.00,0.31,14.40,11.16,92.16
1385.352,2075.50,84.97,36.00,0.31,14.40,11.16,92.16
1385.503,2075.50,83.64,36.00,0.31,14.40,11.16,92.16
1385.652,2075.50,83.64,36.00,0.31,14.40,11.16,92.16
1385.802,2075.50,83.64,36.00,0.31,14.40,11.16,92.16
1385.953,2075.50,83.64,36.00,0.31,14.40,11.16,92.16
1386.103,2075.50,83.64,36.00,0.31,14.40,10.77,92.16
1386.252,2075.50,83.64,36.00,0.31,14.40,10.77,92.16
1386.403,2039.50,83.64,36.00,0.31,14.40,10.77,92.16
1386.552,2039.50,82.10,36.00,0.31,14.40,10.77,92.16
1386.702,2039.50,82.10,32.00,0.31,14.40,10.77,92.16
1386.852,2039.50,82.10,32.00,0.26,14.40,10.77,92.16
1387.003,2039.50,82.10,32.00,0.26,14.40,10.77,92.16
1387.153,2039.50,82.10,32.00,0.26,14.40,10.50,92.16
1387.303,2039.50,82.10,32.00,0.26,14.40,10.50,92.06
1387.452,2000.00,82.10,32.00,0.26,14.40,10.50,92.06
1387.603,2000.00,80.66,32.00,0.26,14.40,10.50,92.06
1387.753,2000.00,80.66,32.00,0.26,14.40,10.50,92.06
1387.903,2000.00,80.66,32.00,0.25,14.40,10.50,92.06
1388.053,2000.00,80.66,32.00,0.25,14.40,10.50,92.06
1388.202,2000.00,80.66,32.00,0.25,14.40,10.06,92.06
1388.352,2000.00,80.66,32.00,0.25,14.40,10.06,91.86
1388.503,1961.00,80.66,32.00,0.25,14.40,10.06,91.86
1388.653,1961.00,79.03,32.00,0.25,14.40,10.06,91.86
1388.803,1961.00,79.03,28.00,0.25,14.40,10.06,91.86
1388.953,1961.00,79.03,28.00,0.24,14.40,10.06,91.86
1389.102,1961.00,79.03,28.00,0.24,14.40,10.06,91.86
1389.252,1961.00,79.03,28.00,0.24,14.40,9.69,91.86
1389.403,1961.00,79.03,28.00,0.24,14.40,9.69,91.76
1389.552,1923.50,79.03,28.00,0.24,14.40,9.69,91.76
1389.703,1923.50,77.53,28.00,0.24,14.40,9.69,91.76
1389.852,1923.50,77.53,28.00,0.24,14.40,9.69,91.76
1390.003,1923.50,77.53,28.00,0.21,14.40,9.69,91.76
1390.153,1923.50,77.53,28.00,0.21,14.40,9.69,91.76
1390.303,1923.50,77.53,28.00,0.21,14.40,9.35,91.76
1390.453,1923.50,77.53,28.00,0.21,14.40,9.35,91.56
1390.603,1886.00,77.53,28.00,0.21,14.40,9.35,91.56
1390.753,1886.00,76.00,28.00,0.21,14.40,9.35,91.56
1390.903,1886.00,76.00,24.00,0.21,14.40,9.35,91.56
1391.053,1886.00,76.00,24.00,0.19,14.40,9.35,91.56
1391.203,1886.00,76.00,24.00,0.19,14.40,9.35,91.56
1391.352,1886.00,76.00,24.00,0.19,14.40,9.18,91.56
1391.503,1886.00,76.00,24.00,0.19,14.40,9.18,91.36
1391.652,1846.50,76.00,24.00,0.19,14.40,9.18,91.36
1391.803,1846.50,74.67,24.00,0.19,14.40,9.18,91.36
1391.953,1846.50,74.67,24.00,0.19,14.40,9.18,91.36
1392.103,1846.50,74.67,24.00,0.18,14.40,9.18,91.36
1392.252,1846.50,74.67,24.00,0.18,14.40,9.18,91.36
1392.402,1846.50,74.67,24.00,0.18,14.40,9.10,91.36
1392.552,1846.50,74.67,24.00,0.18,14.40,9.10,91.26
1392.703,1814.50,74.67,24.00,0.18,14.40,9.10,91.26
1392.853,1814.50,73.11,24.00,0.18,14.40,9.10,91.26
1393.033,1814.50,73.11,24.00,0.18,14.40,9.10,91.26
1393.182,1814.50,73.11,24.00,0.17,14.40,9.10,91.26
1393.332,1814.50,73.11,24.00,0.17,14.40,9.10,91.26
1393.482,1814.50,73.11,24.00,0.17,14.40,9.01,91.26
1393.632,1814.50,73.11,24.00,0.17,14.40,9.01,91.06
1393.783,1781.50,73.11,24.00,0.17,14.40,9.01,91.06
1393.933,1781.50,71.82,24.00,0.17,14.40,9.01,91.06
1394.083,1781.50,71.82,24.00,0.17,14.40,9.01,91.06
1394.233,1781.50,71.82,24.00,0.13,14.40,9.01,91.06
1394.382,1781.50,71.82,24.00,0.13,14.40,9.01,91.06
1394.532,1781.50,71.82,24.00,0.13,14.40,9.03,91.06
1394.683,1781.50,71.82,24.00,0.13,14.40,9.03,90.96
1394.863,1742.50,71.82,24.00,0.13,14.40,9.03,90.96
1395.013,1742.50,70.46,24.00,0.13,14.40,9.03,90.96
1395.163,1742.50,70.46,20.00,0.13,14.40,9.03,90.96
1395.312,1742.50,70.46,20.00,0.12,14.40,9.03,90.96
1395.463,1742.50,70.46,20.00,0.12,14.40,9.03,90.96
1395.612,1742.50,70.46,20.00,0.12,14.40,8.96,90.96
1395.763,1742.50,70.46,20.00,0.12,14.40,8.96,90.86
1395.913,1710.50,70.46,20.00,0.12,14.40,8.96,90.86
1396.062,1710.50,69.00,20.00,0.12,14.40,8.96,90.86
1396.213,1710.50,69.00,20.00,0.12,14.40,8.96,90.86
1396.362,1710.50,69.00,20.00,0.13,14.40,8.96,90.86
1396.513,1710.50,69.00,20.00,0.13,14.40,8.96,90.86
1396.663,1710.50,69.00,20.00,0.13,14.40,18.92,90.86
1396.813,1710.50,69.00,20.00,0.13,14.40,18.92,90.76
1396.992,1738.00,69.00,20.00,0.13,14.40,18.92,90.76
1397.143,1738.00,69.12,20.00,0.13,14.40,18.92,90.76
1397.293,1738.00,69.12,76.00,0.13,14.40,18.92,90.76
1397.443,1738.00,69.12,76.00,0.38,14.40,18.92,90.76
1397.593,1738.00,69.12,76.00,0.38,14.40,18.92,90.76
1397.742,1738.00,69.12,76.00,0.38,14.40,19.87,90.76
1397.892,1738.00,69.12,76.00,0.38,14.40,19.87,90.76
1398.043,1769.50,69.12,76.00,0.38,14.40,19.87,90.76
1398.193,1769.50,71.10,76.00,0.38,14.40,19.87,90.76
1398.342,1769.50,71.10,64.00,0.38,14.40,19.87,90.76
1398.493,1769.50,71.10,64.00,0.75,14.40,19.87,90.76
1398.643,1769.50,71.10,64.00,0.75,14.40,19.87,90.76
1398.793,1769.50,71.10,64.00,0.75,14.40,12.18,90.76
1398.943,1769.50,71.10,64.00,0.75,14.40,12.18,90.76
1399.093,1809.50,71.10,64.00,0.75,14.40,12.18,90.76
1399.243,1809.50,71.93,64.00,0.75,14.40,12.18,90.76
1399.423,1809.50,71.93,36.00,0.75,14.40,12.18,90.76
1399.573,1809.50,71.93,36.00,0.47,14.40,12.18,90.76
1399.722,1809.50,71.93,36.00,0.47,14.40,12.18,90.76
1399.873,1809.50,71.93,36.00,0.47,14.40,11.96,90.76
1400.023,1809.50,71.93,36.00,0.47,14.40,11.96,90.76
1400.173,1958.00,71.93,36.00,0.47,14.40,11.96,90.76
1400.323,1958.00,72.58,36.00,0.47,14.40,11.96,90.76
1400.473,1958.00,72.58,164.00,0.47,14.40,11.96,90.76
1400.623,1958.00,72.58,164.00,1.75,14.40,11.96,90.76
1400.773,1958.00,72.58,164.00,1.75,14.40,11.96,90.76
1400.923,1958.00,72.58,164.00,1.75,14.40,98.00,90.76
1401.073,1958.00,72.58,164.00,1.75,14.40,98.00,90.96
1401.223,1942.50,72.58,164.00,1.75,14.40,98.00,90.96
1401.373,1942.50,77.57,164.00,1.75,14.40,98.00,90.96
1401.523,1942.50,77.57,248.00,1.75,14.40,98.00,90.96
1401.673,1942.50,77.57,248.00,6.04,14.40,98.00,90.96
1401.823,1942.50,77.57,248.00,6.04,14.40,98.00,90.96
1401.973,1942.50,77.57,248.00,6.04,14.40,98.00,90.96
1402.123,1942.50,77.57,248.00,6.04,14.40,98.00,91.16
1402.273,2111.00,77.57,248.00,6.04,14.40,98.00,91.16
1402.423,2111.00,84.09,248.00,6.04,14.40,98.00,91.16
1402.573,2111.00,84.09,332.00,6.04,14.40,98.00,91.16
1402.723,2111.00,84.09,332.00,11.02,14.40,98.00,91.16
1402.873,2111.00,84.09,332.00,11.02,14.40,98.00,91.16
1403.023,2111.00,84.09,332.00,11.02,14.40,98.00,91.16
1403.172,2111.00,84.09,332.00,11.02,14.40,98.00,91.46
1403.323,2327.00,84.09,332.00,11.02,14.40,98.00,91.46
1403.473,2327.00,92.12,332.00,11.02,14.40,98.00,91.46
1403.623,2327.00,92.12,472.00,11.02,14.40,98.00,91.46
1403.773,2327.00,92.12,472.00,17.75,14.40,98.00,91.46
1403.923,2327.00,92.12,472.00,17.75,14.40,98.00,91.46
1404.072,2327.00,92.12,472.00,17.75,14.40,63.62,91.46
1404.223,2327.00,92.12,472.00,17.75,14.40,63.62,91.86
1404.373,2545.50,92.12,472.00,17.75,14.40,63.62,91.86
1404.553,2545.50,101.16,472.00,17.75,14.40,63.62,91.86
1404.703,2545.50,101.16,500.00,17.75,14.40,63.62,91.86
1404.853,2545.50,101.16,500.00,15.98,14.40,63.62,91.86
1405.003,2545.50,101.16,500.00,15.98,14.40,63.62,91.86
1405.153,2545.50,101.16,500.00,15.98,14.40,94.92,91.86
1405.303,2545.50,101.16,500.00,15.98,14.40,94.92,92.56
1405.453,2770.00,101.16,500.00,15.98,14.40,94.92,92.56
1405.603,2770.00,110.47,500.00,15.98,14.40,94.92,92.56
1405.753,2770.00,110.47,564.00,15.98,14.40,94.92,92.56
1405.903,2770.00,110.47,564.00,16.34,14.40,94.92,92.56
1406.053,2770.00,110.47,564.00,16.34,14.40,94.92,92.56
1406.203,2770.00,110.47,564.00,16.34,14.40,97.90,92.56
1406.353,2770.00,110.47,564.00,16.34,14.40,97.90,93.36
1406.503,2995.50,110.47,564.00,16.34,14.40,97.90,93.36
1406.653,2995.50,119.08,564.00,16.34,14.40,97.90,93.36
1406.803,2995.50,119.08,612.00,16.34,14.40,97.90,93.36
1406.953,2995.50,119.08,612.00,16.80,14.40,97.90,93.36
1407.103,2995.50,119.08,612.00,16.80,14.40,97.90,93.36
1407.253,2995.50,119.08,612.00,16.80,14.40,98.00,93.36
1407.403,2995.50,119.08,612.00,16.80,14.40,98.00,94.36
1407.553,3217.50,119.08,612.00,16.80,14.40,98.00,94.36
1407.703,3217.50,127.84,612.00,16.80,14.40,98.00,94.36
1407.853,3217.50,127.84,656.00,16.80,14.40,98.00,94.36
1408.003,3217.50,127.84,656.00,16.62,14.40,98.00,94.36
1408.153,3217.50,127.84,656.00,16.62,14.40,98.00,94.36
1408.303,3217.50,127.84,656.00,16.62,14.40,98.00,94.36
1408.452,3217.50,127.84,656.00,16.62,14.40,98.00,95.26
1408.603,3424.50,127.84,656.00,16.62,14.40,98.00,95.26
1408.753,3424.50,136.25,656.00,16.62,14.40,98.00,95.26
1408.903,3424.50,136.25,728.00,16.62,14.40,98.00,95.26
1409.053,3424.50,136.25,728.00,18.88,14.40,98.00,95.26
1409.203,3424.50,136.25,728.00,18.88,14.40,98.00,95.26
1409.353,3424.50,136.25,728.00,18.88,14.40,82.23,95.26
1409.503,3424.50,136.25,728.00,18.88,14.40,82.23,96.26
1409.653,3639.50,136.25,728.00,18.88,14.40,82.23,96.26
1409.803,3639.50,144.72,728.00,18.88,14.40,82.23,96.26
1409.953,3639.50,144.72,800.00,18.88,14.40,82.23,96.26
1410.103,3639.50,144.72,800.00,18.99,14.40,82.23,96.26
1410.253,3639.50,144.72,800.00,18.99,14.40,82.23,96.26
1410.403,3639.50,144.72,800.00,18.99,14.40,90.70,96.26
1410.553,3639.50,144.72,800.00,18.99,14.40,90.70,97.16
1410.703,3847.50,144.72,800.00,18.99,14.40,90.70,97.16
1410.853,3847.50,153.35,800.00,18.99,14.40,90.70,97.16
1411.003,3847.50,153.35,328.00,18.99,14.40,90.70,97.16
1411.153,3847.50,153.35,328.00,9.98,14.40,90.70,97.16
1411.303,3847.50,153.35,328.00,9.98,14.40,90.70,97.16
1411.453,3847.50,153.35,328.00,9.98,14.40,11.06,97.16
1411.603,3847.50,153.35,328.00,9.98,14.40,11.06,96.86
1411.753,3778.00,153.35,328.00,9.98,14.40,11.06,96.86
1411.903,3778.00,152.44,328.00,9.98,14.40,11.06,96.86
1412.053,3778.00,152.44,80.00,9.98,14.40,11.06,96.86
1412.233,3778.00,152.44,80.00,2.33,14.40,11.06,96.86
1412.383,3778.00,152.44,80.00,2.33,14.40,11.06,96.86
1412.532,3778.00,152.44,80.00,2.33,14.40,15.23,96.86
1412.683,3778.00,152.44,80.00,2.33,14.40,15.23,94.16
1412.833,3737.50,152.44,80.00,2.33,14.40,15.23,94.16
1412.983,3737.50,150.04,80.00,2.33,14.40,15.23,94.16
1413.133,3737.50,150.04,104.00,2.33,14.40,15.23,94.16
1413.283,3737.50,150.04,104.00,1.42,14.40,15.23,94.16
1413.433,3737.50,150.04,104.00,1.42,14.40,15.23,94.16
1413.582,3737.50,150.04,104.00,1.42,14.40,20.16,94.16
1413.733,3737.50,150.04,104.00,1.42,14.40,20.16,92.06
1413.883,3672.00,150.04,104.00,1.42,14.40,20.16,92.06
1414.033,3672.00,147.63,104.00,1.42,14.40,20.16,92.06
1414.183,3672.00,147.63,100.00,1.42,14.40,20.16,92.06
1414.333,3672.00,147.63,100.00,1.33,14.40,20.16,92.06
1414.483,3672.00,147.63,100.00,1.33,14.40,20.16,92.06
1414.633,3672.00,147.63,100.00,1.33,14.40,19.90,92.06
1414.783,3672.00,147.63,100.00,1.33,14.40,19.90,90.86
1414.933,3608.00,147.63,100.00,1.33,14.40,19.90,90.86
1415.083,3608.00,145.07,100.00,1.33,14.40,19.90,90.86
1415.233,3608.00,145.07,100.00,1.33,14.40,19.90,90.86
1415.383,3608.00,145.07,100.00,1.28,14.40,19.90,90.86
1415.533,3608.00,145.07,100.00,1.28,14.40,19.90,90.86
1415.683,3608.00,145.07,100.00,1.28,14.40,19.70,90.86
1415.833,3608.00,145.07,100.00,1.28,14.40,19.70,90.06
1415.983,3544.50,145.07,100.00,1.28,14.40,19.70,90.06
1416.133,3544.50,142.60,100.00,1.28,14.40,19.70,90.06
1416.283,3544.50,142.60,96.00,1.28,14.40,19.70,90.06
1416.433,3544.50,142.60,96.00,1.22,14.40,19.70,90.06
1416.583,3544.50,142.60,96.00,1.22,14.40,19.70,90.06
1416.733,3544.50,142.60,96.00,1.22,14.40,19.75,90.06
1416.883,3544.50,142.60,96.00,1.22,14.40,19.75,89.36
1417.033,3489.50,142.60,96.00,1.22,14.40,19.75,89.36
1417.183,3489.50,140.28,96.00,1.22,14.40,19.75,89.36
1417.333,3489.50,140.28,96.00,1.22,14.40,19.75,89.36
1417.483,3489.50,140.28,96.00,1.16,14.40,19.75,89.36
1417.633,3489.50,140.28,96.00,1.16,14.40,19.75,89.36
1417.783,3489.50,140.28,96.00,1.16,14.40,19.77,89.36
1417.933,3489.50,140.28,96.00,1.16,14.40,19.77,88.86
1418.083,3439.50,140.28,96.00,1.16,14.40,19.77,88.86
1418.233,3439.50,138.09,96.00,1.16,14.40,19.77,88.86
1418.383,3439.50,138.09,92.00,1.16,14.40,19.77,88.86
1418.533,3439.50,138.09,92.00,1.12,14.40,19.77,88.86
1418.683,3439.50,138.09,92.00,1.12,14.40,19.77,88.86
1418.833,3439.50,138.09,92.00,1.12,14.40,19.82,88.86
1418.983,3439.50,138.09,92.00,1.12,14.40,19.82,88.46
1419.133,3373.00,138.09,92.00,1.12,14.40,19.82,88.46
1419.283,3373.00,135.84,92.00,1.12,14.40,19.82,88.46
1419.433,3373.00,135.84,92.00,1.12,14.40,19.82,88.46
1419.583,3373.00,135.84,92.00,1.10,14.40,19.82,88.46
1419.733,3373.00,135.84,92.00,1.10,14.40,19.82,88.46
1419.913,3373.00,135.84,92.00,1.10,14.40,19.94,88.46
1420.063,3373.00,135.84,92.00,1.10,14.40,19.94,88.06
1420.213,3320.50,135.84,92.00,1.10,14.40,19.94,88.06
1420.363,3320.50,133.53,92.00,1.10,14.40,19.94,88.06
1420.513,3320.50,133.53,92.00,1.10,14.40,19.94,88.06
1420.663,3320.50,133.53,92.00,1.06,14.40,19.94,88.06
1420.813,3320.50,133.53,92.00,1.06,14.40,19.94,88.06
1420.963,3320.50,133.53,92.00,1.06,14.40,19.87,88.06
1421.113,3320.50,133.53,92.00,1.06,14.40,19.87,87.76
1421.263,3266.00,133.53,92.00,1.06,14.40,19.87,87.76
1421.413,3266.00,131.23,92.00,1.06,14.40,19.87,87.76
1421.563,3266.00,131.23,88.00,1.06,14.40,19.87,87.76
1421.713,3266.00,131.23,88.00,1.01,14.40,19.87,87.76
1421.863,3266.00,131.23,88.00,1.01,14.40,19.87,87.76
1422.013,3266.00,131.23,88.00,1.01,14.40,19.90,87.76
1422.163,3266.00,131.23,88.00,1.01,14.40,19.90,87.56
1422.313,3210.00,131.23,88.00,1.01,14.40,19.90,87.56
1422.463,3210.00,128.95,88.00,1.01,14.40,19.90,87.56
1422.613,3210.00,128.95,88.00,1.01,14.40,19.90,87.56
1422.763,3210.00,128.95,88.00,1.00,14.40,19.90,87.56
1422.913,3210.00,128.95,88.00,1.00,14.40,19.90,87.56
1423.063,3210.00,128.95,88.00,1.00,14.40,19.70,87.56
1423.213,3210.00,128.95,88.00,1.00,14.40,19.70,87.26
1423.363,3155.00,128.95,88.00,1.00,14.40,19.70,87.26
1423.513,3155.00,126.75,88.00,1.00,14.40,19.70,87.26
1423.663,3155.00,126.75,84.00,1.00,14.40,19.70,87.26
1423.813,3155.00,126.75,84.00,0.98,14.40,19.70,87.26
1423.963,3155.00,126.75,84.00,0.98,14.40,19.70,87.26
1424.113,3155.00,126.75,84.00,0.98,14.40,19.65,87.26
1424.263,3155.00,126.75,84.00,0.98,14.40,19.65,87.06
1424.413,3099.50,126.75,84.00,0.98,14.40,19.65,87.06
1424.563,3099.50,124.54,84.00,0.98,14.40,19.65,87.06
1424.713,3099.50,124.54,84.00,0.98,14.40,19.65,87.06
1424.863,3099.50,124.54,84.00,0.94,14.40,19.65,87.06
1425.013,3099.50,124.54,84.00,0.94,14.40,19.65,87.06
1425.162,3099.50,124.54,84.00,0.94,14.40,19.65,87.06
1425.313,3099.50,124.54,84.00,0.94,14.40,19.65,86.76
1425.463,3049.00,124.54,84.00,0.94,14.40,19.65,86.76
1425.613,3049.00,122.58,84.00,0.94,14.40,19.65,86.76
1425.763,3049.00,122.58,84.00,0.94,14.40,19.65,86.76
1425.913,3049.00,122.58,84.00,0.93,14.40,19.65,86.76
1426.063,3049.00,122.58,84.00,0.93,14.40,19.65,86.76
1426.213,3049.00,122.58,84.00,0.93,14.40,19.53,86.76
1426.363,3049.00,122.58,84.00,0.93,14.40,19.53,86.46
1426.513,2995.50,122.58,84.00,0.93,14.40,19.53,86.46
1426.663,2995.50,120.50,84.00,0.93,14.40,19.53,86.46
1426.813,2995.50,120.50,80.00,0.93,14.40,19.53,86.46
1426.963,2995.50,120.50,80.00,0.89,14.40,19.53,86.46
1427.113,2995.50,120.50,80.00,0.89,14.40,19.53,86.46
1427.263,2995.50,120.50,80.00,0.89,14.40,19.21,86.46
1427.413,2995.50,120.50,80.00,0.89,14.40,19.21,86.36
1427.593,2942.00,120.50,80.00,0.89,14.40,19.21,86.36
1427.743,2942.00,118.25,80.00,0.89,14.40,19.21,86.36
1427.893,2942.00,118.25,80.00,0.89,14.40,19.21,86.36
1428.043,2942.00,118.25,80.00,0.86,14.40,19.21,86.36
1428.313,2942.00,118.25,80.00,0.86,14.40,19.21,86.36
1428.463,2942.00,118.25,80.00,0.86,14.40,18.63,86.36
1428.613,2942.00,118.25,80.00,0.86,14.40,18.63,86.56
1428.763,2890.00,118.25,80.00,0.86,14.40,18.63,86.56
1428.913,2890.00,115.99,80.00,0.86,14.40,18.63,86.56
1429.063,2890.00,115.99,76.00,0.86,14.40,18.63,86.56
1429.213,2890.00,115.99,76.00,0.80,14.40,18.63,86.56
1429.363,2890.00,115.99,76.00,0.80,14.40,18.63,86.56
1429.513,2890.00,115.99,76.00,0.80,14.40,18.09,86.56
1429.663,2890.00,115.99,76.00,0.80,14.40,18.09,87.06
1429.813,2828.00,115.99,76.00,0.80,14.40,18.09,87.06
1429.963,2828.00,114.00,76.00,0.80,14.40,18.09,87.06
1430.143,2828.00,114.00,72.00,0.80,14.40,18.09,87.06
1430.293,2828.00,114.00,72.00,0.76,14.40,18.09,87.06
1430.443,2828.00,114.00,72.00,0.76,14.40,18.09,87.06
1430.593,2828.00,114.00,72.00,0.76,14.40,17.63,87.06
1430.743,2828.00,114.00,72.00,0.76,14.40,17.63,87.66
1430.893,2780.00,114.00,72.00,0.76,14.40,17.63,87.66
1431.043,2780.00,111.50,72.00,0.76,14.40,17.63,87.66
1431.193,2780.00,111.50,72.00,0.76,14.40,17.63,87.66
1431.343,2780.00,111.50,72.00,0.72,14.40,17.63,87.66
1431.493,2780.00,111.50,72.00,0.72,14.40,17.63,87.66
1431.643,2780.00,111.50,72.00,0.72,14.40,17.04,87.66
1431.793,2780.00,111.50,72.00,0.72,14.40,17.04,88.26
1431.943,2721.00,111.50,72.00,0.72,14.40,17.04,88.26
1432.093,2721.00,109.64,72.00,0.72,14.40,17.04,88.26
1432.243,2721.00,109.64,68.00,0.72,14.40,17.04,88.26
1432.393,2721.00,109.64,68.00,0.69,14.40,17.04,88.26
1432.573,2721.00,109.64,68.00,0.69,14.40,17.04,88.26
1432.723,2721.00,109.64,68.00,0.69,14.40,16.55,88.26
1432.873,2721.00,109.64,68.00,0.69,14.40,16.55,88.86
1433.023,2668.00,109.64,68.00,0.69,14.40,16.55,88.86
1433.173,2668.00,107.09,68.00,0.69,14.40,16.55,88.86
1433.323,2668.00,107.09,68.00,0.69,14.40,16.55,88.86
1433.473,2668.00,107.09,68.00,0.65,14.40,16.55,88.86
1433.623,2668.00,107.09,68.00,0.65,14.40,16.55,88.86
1433.773,2668.00,107.09,68.00,0.65,14.40,15.84,88.86
1433.923,2668.00,107.09,68.00,0.65,14.40,15.84,89.46
1434.103,2616.00,107.09,68.00,0.65,14.40,15.84,89.46
1434.253,2616.00,105.11,68.00,0.65,14.40,15.84,89.46
1434.403,2616.00,105.11,64.00,0.65,14.40,15.84,89.46
1434.553,2616.00,105.11,64.00,0.62,14.40,15.84,89.46
1434.703,2616.00,105.11,64.00,0.62,14.40,15.84,89.46
1434.853,2616.00,105.11,64.00,0.62,14.40,15.16,89.46
1435.003,2616.00,105.11,64.00,0.62,14.40,15.16,90.06
1435.153,2551.00,105.11,64.00,0.62,14.40,15.16,90.06
1435.303,2551.00,102.36,64.00,0.62,14.40,15.16,90.06
1435.453,2551.00,102.36,60.00,0.62,14.40,15.16,90.06
1435.603,2551.00,102.36,60.00,0.58,14.40,15.16,90.06
1435.753,2551.00,102.36,60.00,0.58,14.40,15.16,90.06
1435.903,2551.00,102.36,60.00,0.58,14.40,14.28,90.06
1436.053,2551.00,102.36,60.00,0.58,14.40,14.28,90.56
1436.203,2437.50,102.36,60.00,0.58,14.40,14.28,90.56
1436.353,2437.50,97.37,60.00,0.58,14.40,14.28,90.56
1436.503,2437.50,97.37,56.00,0.58,14.40,14.28,90.56
1436.653,2437.50,97.37,56.00,0.51,14.40,14.28,90.56
1436.803,2437.50,97.37,56.00,0.51,14.40,14.28,90.56
1436.953,2437.50,97.37,56.00,0.51,14.40,13.40,90.56
1437.103,2437.50,97.37,56.00,0.51,14.40,13.40,91.06
1437.253,2303.00,97.37,56.00,0.51,14.40,13.40,91.06
1437.403,2303.00,92.30,56.00,0.51,14.40,13.40,91.06
1437.553,2303.00,92.30,44.00,0.51,14.40,13.40,91.06
1437.703,2303.00,92.30,44.00,0.45,14.40,13.40,91.06
1437.853,2303.00,92.30,44.00,0.45,14.40,13.40,91.06
1438.003,2303.00,92.30,44.00,0.45,14.40,11.86,91.06
1438.153,2303.00,92.30,44.00,0.45,14.40,11.86,91.46
1438.303,2157.50,92.30,44.00,0.45,14.40,11.86,91.46
1438.453,2157.50,86.70,44.00,0.45,14.40,11.86,91.46
1438.603,2157.50,86.70,36.00,0.45,14.40,11.86,91.46
1438.753,2157.50,86.70,36.00,0.37,14.40,11.86,91.46
1438.903,2157.50,86.70,36.00,0.37,14.40,11.86,91.46
1439.053,2157.50,86.70,36.00,0.37,14.40,10.62,91.46
1439.233,2157.50,86.70,36.00,0.37,14.40,10.62,91.76
1439.384,2047.50,86.70,36.00,0.37,14.40,10.62,91.76
1439.533,2047.50,82.32,36.00,0.37,14.40,10.62,91.76
1439.683,2047.50,82.32,32.00,0.37,14.40,10.62,91.76
1439.833,2047.50,82.32,32.00,0.31,14.40,10.62,91.76
1439.983,2047.50,82.32,32.00,0.31,14.40,10.62,91.76
1440.133,2047.50,82.32,32.00,0.31,14.40,9.79,91.76
1440.283,2047.50,82.32,32.00,0.31,14.40,9.79,92.06
1440.433,1968.50,82.32,32.00,0.31,14.40,9.79,92.06
1440.583,1968.50,79.10,32.00,0.31,14.40,9.79,92.06
1440.763,1968.50,79.10,28.00,0.31,14.40,9.79,92.06
1440.913,1968.50,79.10,28.00,0.25,14.40,9.79,92.06
1441.063,1968.50,79.10,28.00,0.25,14.40,9.79,92.06
1441.213,1968.50,79.10,28.00,0.25,14.40,9.25,92.06
1441.363,1968.50,79.10,28.00,0.25,14.40,9.25,92.36
1441.513,1895.50,79.10,28.00,0.25,14.40,9.25,92.36
1441.663,1895.50,76.18,28.00,0.25,14.40,9.25,92.36
1441.813,1895.50,76.18,24.00,0.25,14.40,9.25,92.36
1441.963,1895.50,76.18,24.00,0.21,14.40,9.25,92.36
1442.113,1895.50,76.18,24.00,0.21,14.40,9.25,92.36
1442.263,1895.50,76.18,24.00,0.21,14.40,8.93,92.36
1442.413,1895.50,76.18,24.00,0.21,14.40,8.93,92.46
1442.563,1825.50,76.18,24.00,0.21,14.40,8.93,92.46
1442.713,1825.50,73.55,24.00,0.21,14.40,8.93,92.46
1442.863,1825.50,73.55,24.00,0.21,14.40,8.93,92.46
1443.013,1825.50,73.55,24.00,0.18,14.40,8.93,92.46
1443.163,1825.50,73.55,24.00,0.18,14.40,8.93,92.46
1443.313,1825.50,73.55,24.00,0.18,14.40,8.84,92.46
1443.463,1825.50,73.55,24.00,0.18,14.40,8.84,92.56
1443.613,1778.50,73.55,24.00,0.18,14.40,8.84,92.56
1443.763,1778.50,71.62,24.00,0.18,14.40,8.84,92.56
1443.913,1778.50,71.62,24.00,0.18,14.40,8.84,92.56
1444.063,1778.50,71.62,24.00,0.16,14.40,8.84,92.56
1444.213,1778.50,71.62,24.00,0.16,14.40,8.84,92.56
1444.363,1778.50,71.62,24.00,0.16,14.40,98.00,92.56
1444.513,1778.50,71.62,24.00,0.16,14.40,98.00,92.66
1444.663,1819.50,71.62,24.00,0.16,14.40,98.00,92.66
1444.813,1819.50,72.84,24.00,0.16,14.40,98.00,92.66
1444.963,1819.50,72.84,192.00,0.16,14.40,98.00,92.66
1445.113,1819.50,72.84,192.00,3.12,14.40,98.00,92.66
1445.263,1819.50,72.84,192.00,3.12,14.40,98.00,92.66
1445.413,1819.50,72.84,192.00,3.12,14.40,98.00,92.66
1445.563,1819.50,72.84,192.00,3.12,14.40,98.00,92.66
1445.713,1951.50,72.84,192.00,3.12,14.40,98.00,92.66
1445.863,1951.50,77.76,192.00,3.12,14.40,98.00,92.66
1446.013,1951.50,77.76,264.00,3.12,14.40,98.00,92.66
1446.163,1951.50,77.76,264.00,7.03,14.40,98.00,92.66
1446.313,1951.50,77.76,264.00,7.03,14.40,98.00,92.66
1446.463,1951.50,77.76,264.00,7.03,14.40,98.00,92.66
1446.613,1951.50,77.76,264.00,7.03,14.40,98.00,92.66
1446.793,2118.00,77.76,264.00,7.03,14.40,98.00,92.66
1446.943,2118.00,84.64,264.00,7.03,14.40,98.00,92.66
1447.093,2118.00,84.64,348.00,7.03,14.40,98.00,92.66
1447.243,2118.00,84.64,348.00,12.06,14.40,98.00,92.66
1447.393,2118.00,84.64,348.00,12.06,14.40,98.00,92.66
1447.543,2118.00,84.64,348.00,12.06,14.40,98.00,92.66
1447.693,2118.00,84.64,348.00,12.06,14.40,98.00,92.76
1447.843,2339.50,84.64,348.00,12.06,14.40,98.00,92.76
1447.993,2339.50,92.56,348.00,12.06,14.40,98.00,92.76
1448.143,2339.50,92.56,476.00,12.06,14.40,98.00,92.76
1448.293,2339.50,92.56,476.00,18.37,14.40,98.00,92.76
1448.443,2339.50,92.56,476.00,18.37,14.40,98.00,92.76
1448.593,2339.50,92.56,476.00,18.37,14.40,63.60,92.76
1448.743,2339.50,92.56,476.00,18.37,14.40,63.60,92.86
1448.893,2541.00,92.56,476.00,18.37,14.40,63.60,92.86
1449.043,2541.00,101.46,476.00,18.37,14.40,63.60,92.86
1449.193,2541.00,101.46,500.00,18.37,14.40,63.60,92.86
1449.343,2541.00,101.46,500.00,16.06,14.40,63.60,92.86
1449.493,2541.00,101.46,500.00,16.06,14.40,63.60,92.86
1449.643,2541.00,101.46,500.00,16.06,14.40,93.87,92.86
1449.793,2541.00,101.46,500.00,16.06,14.40,93.87,93.16
1449.943,2768.50,101.46,500.00,16.06,14.40,93.87,93.16
1450.093,2768.50,109.89,500.00,16.06,14.40,93.87,93.16
1450.243,2768.50,109.89,564.00,16.06,14.40,93.87,93.16
1450.393,2768.50,109.89,564.00,16.86,14.40,93.87,93.16
1450.543,2768.50,109.89,564.00,16.86,14.40,93.87,93.16
1450.693,2768.50,109.89,564.00,16.86,14.40,92.48,93.16
1450.843,2768.50,109.89,564.00,16.86,14.40,92.48,93.66
1450.993,2966.00,109.89,564.00,16.86,14.40,92.48,93.66
1451.143,2966.00,118.58,564.00,16.86,14.40,92.48,93.66
1451.293,2966.00,118.58,608.00,16.86,14.40,92.48,93.66
1451.443,2966.00,118.58,608.00,16.73,14.40,92.48,93.66
1451.593,2966.00,118.58,608.00,16.73,14.40,92.48,93.66
1451.743,2966.00,118.58,608.00,16.73,14.40,98.00,93.66
1451.893,2966.00,118.58,608.00,16.73,14.40,98.00,94.26
1452.043,3190.50,118.58,608.00,16.73,14.40,98.00,94.26
1452.193,3190.50,126.64,608.00,16.73,14.40,98.00,94.26
1452.343,3190.50,126.64,648.00,16.73,14.40,98.00,94.26
1452.493,3190.50,126.64,648.00,16.75,14.40,98.00,94.26
1452.643,3190.50,126.64,648.00,16.75,14.39,98.00,94.26
1452.793,3190.50,126.64,648.00,16.75,14.39,57.42,94.26
1452.943,3190.50,126.64,648.00,16.75,14.39,57.42,94.86
1453.093,3393.50,126.64,648.00,16.75,14.39,57.42,94.86
1453.243,3393.50,135.10,648.00,16.75,14.39,57.42,94.86
1453.393,3393.50,135.10,756.00,16.75,14.39,57.42,94.86
1453.543,3393.50,135.10,756.00,20.00,14.39,57.42,94.86
1453.693,3393.50,135.10,756.00,20.00,14.39,57.42,94.86
1453.843,3393.50,135.10,756.00,20.00,14.39,86.16,94.86
1453.993,3393.50,135.10,756.00,20.00,14.39,86.16,95.66
1454.143,3595.50,135.10,756.00,20.00,14.39,86.16,95.66
1454.293,3595.50,143.07,756.00,20.00,14.39,86.16,95.66
1454.473,3595.50,143.07,768.00,20.00,14.39,86.16,95.66
1454.623,3595.50,143.07,768.00,19.25,14.39,86.16,95.66
1454.773,3595.50,143.07,768.00,19.25,14.39,86.16,95.66
1454.923,3595.50,143.07,768.00,19.25,14.39,75.73,95.66
1455.073,3595.50,143.07,768.00,19.25,14.39,75.73,96.16
1455.223,3790.50,143.07,768.00,19.25,14.39,75.73,96.16
1455.373,3790.50,151.36,768.00,19.25,14.39,75.73,96.16
1455.523,3790.50,151.36,840.00,19.25,14.39,75.73,96.16
1455.673,3790.50,151.36,840.00,19.16,14.39,75.73,96.16
1455.823,3790.50,151.36,840.00,19.16,14.39,75.73,96.16
1455.973,3790.50,151.36,840.00,19.16,14.39,96.04,96.16
1456.123,3790.50,151.36,840.00,19.16,14.39,96.04,94.56
1456.273,4015.00,151.36,840.00,19.16,14.39,96.04,94.56
1456.423,4015.00,159.25,840.00,19.16,14.39,96.04,94.56
1456.573,4015.00,159.25,880.00,19.16,14.39,96.04,94.56
1456.723,4015.00,159.25,880.00,20.10,14.39,96.04,94.56
1456.873,4015.00,159.25,880.00,20.10,14.39,96.04,94.56
1457.023,4015.00,159.25,880.00,20.10,14.39,34.06,94.56
1457.173,4015.00,159.25,880.00,20.10,14.39,34.06,92.46
1457.323,4057.00,159.25,880.00,20.10,14.39,34.06,92.46
1457.473,4057.00,163.34,880.00,20.10,14.39,34.06,92.46
1457.623,4057.00,163.34,84.00,20.10,14.39,34.06,92.46
1457.773,4057.00,163.34,84.00,4.17,14.39,34.06,92.46
1457.923,4057.00,163.34,84.00,4.17,14.39,34.06,92.46
1458.073,4057.00,163.34,84.00,4.17,14.39,14.33,92.46
1458.223,4057.00,163.34,84.00,4.17,14.39,14.33,91.26
1458.373,3994.00,163.34,84.00,4.17,14.39,14.33,91.26
1458.523,3994.00,160.76,84.00,4.17,14.39,14.33,91.26
1458.673,3994.00,160.76,88.00,4.17,14.39,14.33,91.26
1458.823,3994.00,160.76,88.00,1.84,14.39,14.33,91.26
1458.973,3994.00,160.76,88.00,1.84,14.39,14.33,91.26
1459.123,3994.00,160.76,88.00,1.84,14.39,16.50,91.26
1459.273,3994.00,160.76,88.00,1.84,14.39,16.50,90.76
1459.423,3876.50,160.76,88.00,1.84,14.39,16.50,90.76
1459.574,3876.50,156.25,88.00,1.84,14.39,16.50,90.76
1459.723,3876.50,156.25,104.00,1.84,14.39,16.50,90.76
1459.873,3876.50,156.25,104.00,1.46,14.39,16.50,90.76
1460.023,3876.50,156.25,104.00,1.46,14.39,16.50,90.76
1460.173,3876.50,156.25,104.00,1.46,14.39,21.41,90.76
1460.323,3876.50,156.25,104.00,1.46,14.39,21.41,90.46
1460.473,3733.00,156.25,104.00,1.46,14.39,21.41,90.46
1460.623,3733.00,149.83,104.00,1.46,14.39,21.41,90.46
1460.773,3733.00,149.83,104.00,1.46,14.39,21.41,90.46
1460.923,3733.00,149.83,104.00,1.36,14.39,21.41,90.46
1461.073,3733.00,149.83,104.00,1.36,14.39,21.41,90.46
1461.223,3733.00,149.83,104.00,1.36,14.39,21.07,90.46
1461.373,3733.00,149.83,104.00,1.36,14.39,21.07,90.26
1461.523,3526.00,149.83,104.00,1.36,14.39,21.07,90.26
1461.673,3526.00,141.89,104.00,1.36,14.39,21.07,90.26
1461.823,3526.00,141.89,96.00,1.36,14.39,21.07,90.26
1461.973,3526.00,141.89,96.00,1.24,14.39,21.07,90.26
1462.153,3526.00,141.89,96.00,1.24,14.39,21.07,90.26
1462.303,3526.00,141.89,96.00,1.24,14.39,20.43,90.26
1462.453,3526.00,141.89,96.00,1.24,14.39,20.43,90.06
1462.603,3317.50,141.89,96.00,1.24,14.39,20.43,90.06
1462.753,3317.50,133.07,96.00,1.24,14.39,20.43,90.06
1462.903,3317.50,133.07,88.00,1.24,14.39,20.43,90.06
1463.053,3317.50,133.07,88.00,1.14,14.39,20.43,90.06
1463.203,3317.50,133.07,88.00,1.14,14.39,20.43,90.06
1463.353,3317.50,133.07,88.00,1.14,14.39,19.90,90.06
1463.503,3317.50,133.07,88.00,1.14,14.39,19.90,89.76
1463.653,3122.50,133.07,88.00,1.14,14.39,19.90,89.76
1463.803,3122.50,124.78,88.00,1.14,14.39,19.90,89.76
1463.953,3122.50,124.78,84.00,1.14,14.39,19.90,89.76
1464.103,3122.50,124.78,84.00,1.03,14.39,19.90,89.76
1464.253,3122.50,124.78,84.00,1.03,14.39,19.90,89.76
1464.403,3122.50,124.78,84.00,1.03,14.39,19.85,89.76
1464.553,3122.50,124.78,84.00,1.03,14.39,19.85,89.46
1464.703,3005.50,124.78,84.00,1.03,14.39,19.85,89.46
1464.853,3005.50,120.71,84.00,1.03,14.39,19.85,89.46
1465.003,3005.50,120.71,80.00,1.03,14.39,19.85,89.46
1465.153,3005.50,120.71,80.00,0.93,14.39,19.85,89.46
1465.303,3005.50,120.71,80.00,0.93,14.39,19.85,89.46
1465.453,3005.50,120.71,80.00,0.93,14.39,19.36,89.46
1465.603,3005.50,120.71,80.00,0.93,14.39,19.36,89.16
1465.753,2921.50,120.71,80.00,0.93,14.39,19.36,89.16
1465.903,2921.50,117.09,80.00,0.93,14.39,19.36,89.16
1466.053,2921.50,117.09,76.00,0.93,14.39,19.36,89.16
1466.203,2921.50,117.09,76.00,0.86,14.39,19.36,89.16
1466.353,2921.50,117.09,76.00,0.86,14.39,19.36,89.16
1466.503,2921.50,117.09,76.00,0.86,14.39,18.38,89.16
1466.653,2921.50,117.09,76.00,0.86,14.39,18.38,88.86
1466.804,2812.50,117.09,76.00,0.86,14.39,18.38,88.86
1466.953,2812.50,112.46,76.00,0.86,14.39,18.38,88.86
1467.103,2812.50,112.46,72.00,0.86,14.39,18.38,88.86
1467.253,2812.50,112.46,72.00,0.79,14.39,18.38,88.86
1467.403,2812.50,112.46,72.00,0.79,14.39,18.38,88.86
1467.553,2812.50,112.46,72.00,0.79,14.39,17.60,88.86
1467.703,2812.50,112.46,72.00,0.79,14.39,17.60,88.46
1467.853,2711.50,112.46,72.00,0.79,14.39,17.60,88.46
1468.003,2711.50,108.88,72.00,0.79,14.39,17.60,88.46
1468.153,2711.50,108.88,68.00,0.79,14.39,17.60,88.46
1468.303,2711.50,108.88,68.00,0.72,14.39,17.60,88.46
1468.453,2711.50,108.88,68.00,0.72,14.39,17.60,88.46
1468.603,2711.50,108.88,68.00,0.72,14.39,16.82,88.46
1468.753,2711.50,108.88,68.00,0.72,14.39,16.82,88.16
1468.903,2625.00,108.88,68.00,0.72,14.39,16.82,88.16
1469.053,2625.00,105.14,68.00,0.72,14.39,16.82,88.16
1469.203,2625.00,105.14,64.00,0.72,14.39,16.82,88.16
1469.353,2625.00,105.14,64.00,0.66,14.39,16.82,88.16
1469.503,2625.00,105.14,64.00,0.66,14.39,16.82,88.16
1469.653,2625.00,105.14,64.00,0.66,14.39,15.21,88.16
1469.833,2625.00,105.14,64.00,0.66,14.39,15.21,87.76
1469.983,2514.50,105.14,64.00,0.66,14.39,15.21,87.76
1470.133,2514.50,100.64,64.00,0.66,14.39,15.21,87.76
1470.283,2514.50,100.64,60.00,0.66,14.39,15.21,87.76
1470.433,2514.50,100.64,60.00,0.59,14.39,15.21,87.76
1470.583,2514.50,100.64,60.00,0.59,14.39,15.21,87.76
1470.733,2514.50,100.64,60.00,0.59,14.39,14.06,87.76
1470.884,2514.50,100.64,60.00,0.59,14.39,14.06,87.36
1471.033,2398.50,100.64,60.00,0.59,14.39,14.06,87.36
1471.183,2398.50,96.07,60.00,0.59,14.39,14.06,87.36
1471.333,2398.50,96.07,52.00,0.59,14.39,14.06,87.36
1471.483,2398.50,96.07,52.00,0.53,14.39,14.06,87.36
1471.633,2398.50,96.07,52.00,0.53,14.39,14.06,87.36
1471.783,2398.50,96.07,52.00,0.53,14.39,13.21,87.36
1471.933,2398.50,96.07,52.00,0.53,14.39,13.21,87.16
1472.083,2280.50,96.07,52.00,0.53,14.39,13.21,87.16
1472.233,2280.50,90.99,52.00,0.53,14.39,13.21,87.16
1472.383,2280.50,90.99,44.00,0.53,14.39,13.21,87.16
1472.533,2280.50,90.99,44.00,0.46,14.39,13.21,87.16
1472.683,2280.50,90.99,44.00,0.46,14.39,13.21,87.16
1472.833,2280.50,90.99,44.00,0.46,14.39,11.57,87.16
1472.983,2280.50,90.99,44.00,0.46,14.39,11.57,86.86
1473.133,2134.50,90.99,44.00,0.46,14.39,11.57,86.86
1473.283,2134.50,86.01,44.00,0.46,14.39,11.57,86.86
1473.433,2134.50,86.01,36.00,0.46,14.39,11.57,86.86
1473.583,2134.50,86.01,36.00,0.37,14.39,11.57,86.86
1473.733,2134.50,86.01,36.00,0.37,14.39,11.57,86.86
1473.883,2134.50,86.01,36.00,0.37,14.39,9.98,86.86
1474.033,2134.50,86.01,36.00,0.37,14.39,9.98,86.66
1474.183,1979.00,86.01,36.00,0.37,14.39,9.98,86.66
1474.333,1979.00,79.50,36.00,0.37,14.39,9.98,86.66
1474.483,1979.00,79.50,28.00,0.37,14.39,9.98,86.66
1474.633,1979.00,79.50,28.00,0.30,14.39,9.98,86.66
1474.783,1979.00,79.50,28.00,0.30,14.39,9.98,86.66
1474.933,1979.00,79.50,28.00,0.30,14.39,8.49,86.66
1475.083,1979.00,79.50,28.00,0.30,14.39,8.49,86.36
1475.233,1796.00,79.50,28.00,0.30,14.39,8.49,86.36
1475.383,1796.00,72.96,28.00,0.30,14.39,8.49,86.36
1475.534,1796.00,72.96,24.00,0.30,14.39,8.49,86.36
1475.683,1796.00,72.96,24.00,0.22,14.39,8.49,86.36
1475.833,1796.00,72.96,24.00,0.22,14.39,8.49,86.36
1475.983,1796.00,72.96,24.00,0.22,14.39,98.00,86.36
1476.133,1796.00,72.96,24.00,0.22,14.39,98.00,86.16
1476.283,1847.00,72.96,24.00,0.22,14.39,98.00,86.16
1476.433,1847.00,73.78,24.00,0.22,14.39,98.00,86.16
1476.583,1847.00,73.78,192.00,0.22,14.39,98.00,86.16
1476.733,1847.00,73.78,192.00,3.11,14.39,98.00,86.16
1476.883,1847.00,73.78,192.00,3.11,14.39,98.00,86.16
1477.033,1847.00,73.78,192.00,3.11,14.39,98.00,86.16
1477.183,1847.00,73.78,192.00,3.11,14.39,98.00,86.06
1477.333,1984.50,73.78,192.00,3.11,14.39,98.00,86.06
1477.513,1984.50,79.19,192.00,3.11,14.39,98.00,86.06
1477.663,1984.50,79.19,268.00,3.11,14.39,98.00,86.06
1477.813,1984.50,79.19,268.00,7.55,14.39,98.00,86.06
1477.963,1984.50,79.19,268.00,7.55,14.39,98.00,86.06
1478.113,1984.50,79.19,268.00,7.55,14.39,98.00,86.06
1478.263,1984.50,79.19,268.00,7.55,14.39,98.00,86.16
1478.413,2167.00,79.19,268.00,7.55,14.39,98.00,86.16
1478.563,2167.00,86.35,268.00,7.55,14.39,98.00,86.16
1478.713,2167.00,86.35,360.00,7.55,14.39,98.00,86.16
1478.863,2167.00,86.35,360.00,12.81,14.39,98.00,86.16
1479.013,2167.00,86.35,360.00,12.81,14.39,98.00,86.16
1479.163,2167.00,86.35,360.00,12.81,14.39,98.00,86.16
1479.313,2167.00,86.35,360.00,12.81,14.39,98.00,86.56
1479.463,2394.00,86.35,360.00,12.81,14.39,98.00,86.56
1479.613,2394.00,94.78,360.00,12.81,14.39,98.00,86.56
1479.763,2394.00,94.78,484.00,12.81,14.39,98.00,86.56
1479.913,2394.00,94.78,484.00,17.44,14.39,98.00,86.56
1480.063,2394.00,94.78,484.00,17.44,14.39,98.00,86.56
1480.213,2394.00,94.78,484.00,17.44,14.39,69.97,86.56
1480.363,2394.00,94.78,484.00,17.44,14.39,69.97,87.36
1480.513,2617.00,94.78,484.00,17.44,14.39,69.97,87.36
1480.663,2617.00,103.77,484.00,17.44,14.39,69.97,87.36
1480.813,2617.00,103.77,508.00,17.44,14.39,69.97,87.36
1480.963,2617.00,103.77,508.00,15.87,14.39,69.97,87.36
1481.113,2617.00,103.77,508.00,15.87,14.39,69.97,87.36
1481.263,2617.00,103.77,508.00,15.87,14.39,95.09,87.36
1481.413,2617.00,103.77,508.00,15.87,14.39,95.09,88.46
1481.563,2832.00,103.77,508.00,15.87,14.39,95.09,88.46
1481.713,2832.00,112.27,508.00,15.87,14.39,95.09,88.46
1481.863,2832.00,112.27,576.00,15.87,14.39,95.09,88.46
1482.013,2832.00,112.27,576.00,16.95,14.39,95.09,88.46
1482.163,2832.00,112.27,576.00,16.95,14.39,95.09,88.46
1482.313,2832.00,112.27,576.00,16.95,14.39,92.60,88.46
1482.463,2832.00,112.27,576.00,16.95,14.39,92.60,89.66
1482.613,3045.50,112.27,576.00,16.95,14.39,92.60,89.66
1482.763,3045.50,121.09,576.00,16.95,14.39,92.60,89.66
1482.913,3045.50,121.09,620.00,16.95,14.39,92.60,89.66
1483.063,3045.50,121.09,620.00,16.35,14.39,92.60,89.66
1483.213,3045.50,121.09,620.00,16.35,14.39,92.60,89.66
1483.393,3045.50,121.09,620.00,16.35,14.39,98.00,89.66
1483.543,3045.50,121.09,620.00,16.35,14.39,98.00,91.26
1483.693,3261.50,121.09,620.00,16.35,14.39,98.00,91.26
1483.843,3261.50,129.92,620.00,16.35,14.39,98.00,91.26
1484.023,3261.50,129.92,720.00,16.35,14.39,98.00,91.26
1484.173,3261.50,129.92,720.00,19.22,14.39,98.00,91.26
1484.323,3261.50,129.92,720.00,19.22,14.39,98.00,91.26
1484.473,3261.50,129.92,720.00,19.22,14.39,74.36,91.26
1484.623,3261.50,129.92,720.00,19.22,14.39,74.36,92.96
1484.773,3478.50,129.92,720.00,19.22,14.39,74.36,92.96
1484.923,3478.50,138.68,720.00,19.22,14.39,74.36,92.96
1485.073,3478.50,138.68,764.00,19.22,14.39,74.36,92.96
1485.223,3478.50,138.68,764.00,18.48,14.39,74.36,92.96
1485.373,3478.50,138.68,764.00,18.48,14.39,74.36,92.96
1485.523,3478.50,138.68,764.00,18.48,14.39,94.09,92.96
1485.673,3478.50,138.68,764.00,18.48,14.39,94.09,93.56
1485.823,3706.00,138.68,764.00,18.48,14.39,94.09,93.56
1485.973,3706.00,147.20,764.00,18.48,14.39,94.09,93.56
1486.123,3706.00,147.20,820.00,18.48,14.39,94.09,93.56
1486.273,3706.00,147.20,820.00,20.01,14.39,94.09,93.56
1486.423,3706.00,147.20,820.00,20.01,14.39,94.09,93.56
1486.573,3706.00,147.20,820.00,20.01,14.39,84.30,93.56
1486.723,3706.00,147.20,820.00,20.01,14.39,84.30,92.56
1486.873,3898.50,147.20,820.00,20.01,14.39,84.30,92.56
1487.024,3898.50,155.32,820.00,20.01,14.39,84.30,92.56
1487.173,3898.50,155.32,824.00,20.01,14.39,84.30,92.56
1487.323,3898.50,155.32,824.00,18.18,14.39,84.30,92.56
1487.473,3898.50,155.32,824.00,18.18,14.39,84.30,92.56
1487.623,3898.50,155.32,824.00,18.18,14.39,98.00,92.56
1487.773,3898.50,155.32,824.00,18.18,14.39,98.00,91.46
1487.923,4075.50,155.32,824.00,18.18,14.39,98.00,91.46
1488.073,4075.50,162.50,824.00,18.18,14.39,98.00,91.46
1488.223,4075.50,162.50,916.00,18.18,14.39,98.00,91.46
1488.373,4075.50,162.50,916.00,20.82,14.39,98.00,91.46
1488.523,4075.50,162.50,916.00,20.82,14.39,98.00,91.46
1488.673,4075.50,162.50,916.00,20.82,14.39,86.86,91.46
1488.823,4075.50,162.50,916.00,20.82,14.39,86.86,90.96
1488.973,4256.50,162.50,916.00,20.82,14.39,86.86,90.96
1489.153,4256.50,169.82,916.00,20.82,14.39,86.86,90.96
1489.303,4256.50,169.82,892.00,20.82,14.39,86.86,90.96
1489.453,4256.50,169.82,892.00,18.70,14.39,86.86,90.96
1489.603,4256.50,169.82,892.00,18.70,14.39,86.86,90.96
1489.753,4256.50,169.82,892.00,18.70,14.39,98.00,90.96
1489.903,4256.50,169.82,892.00,18.70,14.39,98.00,90.96
1490.053,4436.00,169.82,892.00,18.70,14.39,98.00,90.96
1490.203,4436.00,176.20,892.00,18.70,14.39,98.00,90.96
1490.353,4436.00,176.20,960.00,18.70,14.39,98.00,90.96
1490.503,4436.00,176.20,960.00,19.46,14.39,98.00,90.96
1490.653,4436.00,176.20,960.00,19.46,14.39,98.00,90.96
1490.803,4436.00,176.20,960.00,19.46,14.39,95.34,90.96
1490.953,4436.00,176.20,960.00,19.46,14.39,95.34,91.16
1491.103,4584.50,176.20,960.00,19.46,14.39,95.34,91.16
1491.253,4584.50,182.62,960.00,19.46,14.39,95.34,91.16
1491.403,4584.50,182.62,980.00,19.46,14.39,95.34,91.16
1491.583,4584.50,182.62,980.00,19.56,14.39,95.34,91.16
1491.733,4584.50,182.62,980.00,19.56,14.39,95.34,91.16
1491.883,4584.50,182.62,980.00,19.56,14.39,98.00,91.16
1492.033,4584.50,182.62,980.00,19.56,14.39,98.00,91.56
1492.183,4744.50,182.62,980.00,19.56,14.39,98.00,91.56
1492.333,4744.50,189.13,980.00,19.56,14.39,98.00,91.56
1492.483,4744.50,189.13,1020.00,19.56,14.39,98.00,91.56
1492.633,4744.50,189.13,1020.00,21.07,14.39,98.00,91.56
1492.783,4744.50,189.13,1020.00,21.07,14.39,98.00,91.56
1492.933,4744.50,189.13,1020.00,21.07,14.39,86.23,91.56
1493.083,4744.50,189.13,1020.00,21.07,14.39,86.23,92.06
1493.233,4893.00,189.13,1020.00,21.07,14.39,86.23,92.06
1493.383,4893.00,194.80,1020.00,21.07,14.39,86.23,92.06
1493.533,4893.00,194.80,1020.00,21.07,14.39,86.23,92.06
1493.683,4893.00,194.80,1020.00,18.89,14.39,86.23,92.06
1493.833,4893.00,194.80,1020.00,18.89,14.39,86.23,92.06
1493.983,4893.00,194.80,1020.00,18.89,14.39,97.80,92.06
1494.133,4893.00,194.80,1020.00,18.89,14.39,97.80,92.66
1494.283,5037.50,194.80,1020.00,18.89,14.39,97.80,92.66
1494.433,5037.50,200.39,1020.00,18.89,14.39,97.80,92.66
1494.583,5037.50,200.39,1020.00,18.89,14.39,97.80,92.66
1494.733,5037.50,200.39,1020.00,19.65,14.39,97.80,92.66
1494.883,5037.50,200.39,1020.00,19.65,14.39,97.80,92.66
1495.033,5037.50,200.39,1020.00,19.65,14.39,98.00,92.66
1495.183,5037.50,200.39,1020.00,19.65,14.39,98.00,93.36
1495.333,5108.00,200.39,1020.00,19.65,14.39,98.00,93.36
1495.483,5108.00,204.27,1020.00,19.65,14.39,98.00,93.36
1495.633,5108.00,204.27,104.00,19.65,14.39,98.00,93.36
1495.784,5108.00,204.27,104.00,5.18,14.39,98.00,93.36
1495.933,5108.00,204.27,104.00,5.18,14.39,98.00,93.36
1496.083,5108.00,204.27,104.00,5.18,14.39,16.72,93.36
1496.233,5108.00,204.27,104.00,5.18,14.39,16.72,93.86
1496.383,4953.50,204.27,104.00,5.18,14.39,16.72,93.86
1496.533,4953.50,200.21,104.00,5.18,14.39,16.72,93.86
1496.713,4953.50,200.21,108.00,5.18,14.39,16.72,93.86
1496.863,4953.50,200.21,108.00,2.32,14.39,16.72,93.86
1497.013,4953.50,200.21,108.00,2.32,14.39,16.72,93.86
1497.163,4953.50,200.21,108.00,2.32,14.39,18.04,93.86
1497.313,4953.50,200.21,108.00,2.32,14.39,18.04,94.46
1497.463,4858.50,200.21,108.00,2.32,14.39,18.04,94.46
1497.613,4858.50,196.50,108.00,2.32,14.39,18.04,94.46
1497.763,4858.50,196.50,132.00,2.32,14.39,18.04,94.46
1497.913,4858.50,196.50,132.00,2.09,14.39,18.04,94.46
1498.063,4858.50,196.50,132.00,2.09,14.39,18.04,94.46
1498.213,4858.50,196.50,132.00,2.09,14.39,22.36,94.46
1498.363,4858.50,196.50,132.00,2.09,14.39,22.36,94.76
1498.513,4754.50,196.50,132.00,2.09,14.39,22.36,94.76
1498.663,4754.50,192.56,132.00,2.09,14.39,22.36,94.76
1498.813,4754.50,192.56,132.00,2.09,14.39,22.36,94.76
1498.963,4754.50,192.56,132.00,2.09,14.39,22.36,94.76
1499.113,4754.50,192.56,132.00,2.09,14.38,22.36,94.76
1499.263,4754.50,192.56,132.00,2.09,14.38,21.65,94.76
1499.413,4754.50,192.56,132.00,2.09,14.38,21.65,94.96
1499.563,4657.00,192.56,132.00,2.09,14.38,21.65,94.96
1499.713,4657.00,188.16,132.00,2.09,14.38,21.65,94.96
1499.863,4657.00,188.16,128.00,2.09,14.38,21.65,94.96
1500.013,4657.00,188.16,128.00,2.00,14.38,21.65,94.96
1500.163,4657.00,188.16,128.00,2.00,14.38,21.65,94.96
1500.313,4657.00,188.16,128.00,2.00,14.38,21.14,94.96
1500.463,4657.00,188.16,128.00,2.00,14.38,21.14,94.86
1500.613,4448.00,188.16,128.00,2.00,14.38,21.14,94.86
1500.763,4448.00,179.82,128.00,2.00,14.38,21.14,94.86
1500.913,4448.00,179.82,124.00,2.00,14.38,21.14,94.86
1501.063,4448.00,179.82,124.00,1.87,14.38,21.14,94.86
1501.213,4448.00,179.82,124.00,1.87,14.38,21.14,94.86
1501.363,4448.00,179.82,124.00,1.87,14.38,20.80,94.86
1501.513,4448.00,179.82,124.00,1.87,14.38,20.80,94.56
1501.663,4304.50,179.82,124.00,1.87,14.38,20.80,94.56
1501.813,4304.50,173.44,124.00,1.87,14.38,20.80,94.56
1501.963,4304.50,173.44,120.00,1.87,14.38,20.80,94.56
1502.113,4304.50,173.44,120.00,1.73,14.38,20.80,94.56
1502.263,4304.50,173.44,120.00,1.73,14.38,20.80,94.56
1502.413,4304.50,173.44,120.00,1.73,14.38,20.38,94.56
1502.563,4304.50,173.44,120.00,1.73,14.38,20.38,94.16
1502.713,4116.50,173.44,120.00,1.73,14.38,20.38,94.16
1502.863,4116.50,165.46,120.00,1.73,14.38,20.38,94.16
1503.013,4116.50,165.46,112.00,1.73,14.38,20.38,94.16
1503.163,4116.50,165.46,112.00,1.60,14.38,20.38,94.16
1503.313,4116.50,165.46,112.00,1.60,14.38,20.38,94.16
1503.463,4116.50,165.46,112.00,1.60,14.38,20.24,94.16
1503.613,4116.50,165.46,112.00,1.60,14.38,20.24,93.66
1503.763,4010.00,165.46,112.00,1.60,14.38,20.24,93.66
1503.913,4010.00,161.83,112.00,1.60,14.38,20.24,93.66
1504.063,4010.00,161.83,112.00,1.60,14.38,20.24,93.66
1504.213,4010.00,161.83,112.00,1.52,14.38,20.24,93.66
1504.393,4010.00,161.83,112.00,1.52,14.38,20.24,93.66
1504.543,4010.00,161.83,112.00,1.52,14.38,20.24,93.66
1504.693,4010.00,161.83,112.00,1.52,14.38,20.24,93.06
1504.843,3874.00,161.83,112.00,1.52,14.38,20.24,93.06
1504.993,3874.00,155.95,112.00,1.52,14.38,20.24,93.06
1505.143,3874.00,155.95,104.00,1.52,14.38,20.24,93.06
1505.293,3874.00,155.95,104.00,1.42,14.38,20.24,93.06
1505.443,3874.00,155.95,104.00,1.42,14.38,20.24,93.06
1505.593,3874.00,155.95,104.00,1.42,14.38,20.07,93.06
1505.743,3874.00,155.95,104.00,1.42,14.38,20.07,92.46
1505.893,3758.50,155.95,104.00,1.42,14.38,20.07,92.46
1506.043,3758.50,151.37,104.00,1.42,14.38,20.07,92.46
1506.193,3758.50,151.37,104.00,1.42,14.38,20.07,92.46
1506.343,3758.50,151.37,104.00,1.36,14.38,20.07,92.46
1506.493,3758.50,151.37,104.00,1.36,14.38,20.07,92.46
1506.643,3758.50,151.37,104.00,1.36,14.38,20.02,92.46
1506.793,3758.50,151.37,104.00,1.36,14.38,20.02,91.76
1506.943,3649.50,151.37,104.00,1.36,14.38,20.02,91.76
1507.093,3649.50,146.76,104.00,1.36,14.38,20.02,91.76
1507.243,3649.50,146.76,100.00,1.36,14.38,20.02,91.76
1507.393,3649.50,146.76,100.00,1.29,14.38,20.02,91.76
1507.543,3649.50,146.76,100.00,1.29,14.38,20.02,91.76
1507.693,3649.50,146.76,100.00,1.29,14.38,19.99,91.76
1507.843,3649.50,146.76,100.00,1.29,14.38,19.99,91.16
1507.993,3559.00,146.76,100.00,1.29,14.38,19.99,91.16
1508.143,3559.00,143.35,100.00,1.29,14.38,19.99,91.16
1508.293,3559.00,143.35,96.00,1.29,14.38,19.99,91.16
1508.443,3559.00,143.35,96.00,1.24,14.38,19.99,91.16
1508.593,3559.00,143.35,96.00,1.24,14.38,19.99,91.16
1508.743,3559.00,143.35,96.00,1.24,14.38,20.09,91.16
1508.893,3559.00,143.35,96.00,1.24,14.38,20.09,90.56
1509.043,3489.00,143.35,96.00,1.24,14.38,20.09,90.56
1509.193,3489.00,140.07,96.00,1.24,14.38,20.09,90.56
1509.343,3489.00,140.07,96.00,1.24,14.38,20.09,90.56
1509.493,3489.00,140.07,96.00,1.18,14.38,20.09,90.56
1509.643,3489.00,140.07,96.00,1.18,14.38,20.09,90.56
1509.793,3489.00,140.07,96.00,1.18,14.38,20.07,90.56
1509.943,3489.00,140.07,96.00,1.18,14.38,20.07,89.96
1510.093,3426.50,140.07,96.00,1.18,14.38,20.07,89.96
1510.243,3426.50,137.45,96.00,1.18,14.38,20.07,89.96
1510.393,3426.50,137.45,92.00,1.18,14.38,20.07,89.96
1510.543,3426.50,137.45,92.00,1.15,14.38,20.07,89.96
1510.693,3426.50,137.45,92.00,1.15,14.38,20.07,89.96
1510.843,3426.50,137.45,92.00,1.15,14.38,19.97,89.96
1510.993,3426.50,137.45,92.00,1.15,14.38,19.97,89.36
1511.143,3353.50,137.45,92.00,1.15,14.38,19.97,89.36
1511.293,3353.50,134.92,92.00,1.15,14.38,19.97,89.36
1511.443,3353.50,134.92,92.00,1.15,14.38,19.97,89.36
1511.593,3353.50,134.92,92.00,1.10,14.38,19.97,89.36
1511.743,3353.50,134.92,92.00,1.10,14.38,19.97,89.36
1511.893,3353.50,134.92,92.00,1.10,14.38,19.85,89.36
1512.073,3353.50,134.92,92.00,1.10,14.38,19.85,88.86
1512.223,3267.50,134.92,92.00,1.10,14.38,19.85,88.86
1512.373,3267.50,131.79,92.00,1.10,14.38,19.85,88.86
1512.523,3267.50,131.79,88.00,1.10,14.38,19.85,88.86
1512.673,3267.50,131.79,88.00,1.06,14.38,19.85,88.86
1512.823,3267.50,131.79,88.00,1.06,14.38,19.85,88.86
1512.973,3267.50,131.79,88.00,1.06,14.38,19.80,88.86
1513.123,3267.50,131.79,88.00,1.06,14.38,19.80,88.36
1513.273,3192.50,131.79,88.00,1.06,14.38,19.80,88.36
1513.423,3192.50,128.42,88.00,1.06,14.38,19.80,88.36
1513.573,3192.50,128.42,68.00,1.06,14.38,19.80,88.36
1513.724,3192.50,128.42,68.00,1.18,14.38,19.80,88.36
1513.873,3192.50,128.42,68.00,1.18,14.38,19.80,88.36
1514.023,3192.50,128.42,68.00,1.18,14.38,20.85,88.36
1514.173,3192.50,128.42,68.00,1.18,14.38,20.85,87.96
1514.323,3176.50,128.42,68.00,1.18,14.38,20.85,87.96
1514.473,3176.50,127.49,68.00,1.18,14.38,20.85,87.96
1514.623,3176.50,127.49,128.00,1.18,14.38,20.85,87.96
1514.773,3176.50,127.49,128.00,1.41,14.38,20.85,87.96
1514.923,3176.50,127.49,128.00,1.41,14.38,20.85,87.96
1515.073,3176.50,127.49,128.00,1.41,14.38,17.67,87.96
1515.223,3176.50,127.49,128.00,1.41,14.38,17.67,87.56
1515.373,2628.00,127.49,128.00,1.41,14.38,17.67,87.56
1515.523,2628.00,127.63,128.00,1.41,14.38,17.67,87.56
1515.673,2628.00,127.63,188.00,1.41,14.38,17.67,87.56
1515.823,2628.00,127.63,188.00,3.21,14.38,17.67,87.56
1515.973,2628.00,127.63,188.00,3.21,14.38,17.67,87.56
1516.123,2628.00,127.63,188.00,3.21,14.38,27.61,87.56
1516.273,2628.00,127.63,188.00,3.21,14.38,27.61,87.16
1516.423,2075.00,127.63,188.00,3.21,14.38,27.61,87.16
1516.573,2075.00,129.20,188.00,3.21,14.38,27.61,87.16
1516.723,2075.00,129.20,140.00,3.21,14.38,27.61,87.16
1516.874,2075.00,129.20,140.00,4.41,14.38,27.61,87.16
1517.023,2075.00,129.20,140.00,4.41,14.39,27.61,87.16
1517.173,2075.00,129.20,140.00,4.41,14.39,15.87,87.16
1517.323,2075.00,129.20,140.00,4.41,14.39,15.87,86.86
1517.473,2067.00,129.20,140.00,4.41,14.39,15.87,86.86
1517.623,2067.00,129.78,140.00,4.41,14.39,15.87,86.86
1517.773,2067.00,129.78,68.00,4.41,14.39,15.87,86.86
1517.923,2067.00,129.78,68.00,2.51,14.39,15.87,86.86
1518.073,2067.00,129.78,68.00,2.51,14.39,15.87,86.86
1518.223,2067.00,129.78,68.00,2.51,14.39,11.16,86.86
1518.373,2067.00,129.78,68.00,2.51,14.39,11.16,86.76
1518.523,2070.00,129.78,68.00,2.51,14.39,11.16,86.76
1518.673,2070.00,129.07,68.00,2.51,14.39,11.16,86.76
1518.823,2070.00,129.07,56.00,2.51,14.39,11.16,86.76
1518.973,2070.00,129.07,56.00,1.01,14.39,11.16,86.76
1519.123,2070.00,129.07,56.00,1.01,14.39,11.16,86.76
1519.273,2070.00,129.07,56.00,1.01,14.39,14.40,86.76
1519.423,2070.00,129.07,56.00,1.01,14.39,14.40,86.76
1519.573,2052.50,129.07,56.00,1.01,14.39,14.40,86.76
1519.753,2052.50,128.60,56.00,1.01,14.39,14.40,86.76
1519.903,2052.50,128.60,64.00,1.01,14.39,14.40,86.76
1520.053,2052.50,128.60,64.00,0.66,14.39,14.40,86.76
1520.203,2052.50,128.60,64.00,0.66,14.39,14.40,86.76
1520.353,2052.50,128.60,64.00,0.66,14.39,17.31,86.76
1520.503,2052.50,128.60,64.00,0.66,14.39,17.31,86.76
1520.653,2042.50,128.60,64.00,0.66,14.39,17.31,86.76
1520.803,2042.50,128.00,64.00,0.66,14.39,17.31,86.76
1520.953,2042.50,128.00,32.00,0.66,14.39,17.31,86.76
1521.103,2042.50,128.00,32.00,0.63,14.39,17.31,86.76
1521.253,2042.50,128.00,32.00,0.63,14.39,17.31,86.76
1521.403,2042.50,128.00,32.00,0.63,14.39,9.10,86.76
1521.553,2042.50,128.00,32.00,0.63,14.39,9.10,86.66
1521.703,1983.00,128.00,32.00,0.63,14.39,9.10,86.66
1521.853,1983.00,124.59,32.00,0.63,14.39,9.10,86.66
1522.003,1983.00,124.59,28.00,0.63,14.39,9.10,86.66
1522.153,1983.00,124.59,28.00,0.36,14.39,9.10,86.66
1522.303,1983.00,124.59,28.00,0.36,14.39,9.10,86.66
1522.453,1983.00,124.59,28.00,0.36,14.39,9.67,86.66
1522.603,1983.00,124.59,28.00,0.36,14.39,9.67,86.56
1522.753,1982.00,124.59,28.00,0.36,14.39,9.67,86.56
1522.903,1982.00,122.96,28.00,0.36,14.39,9.67,86.56
1523.053,1982.00,122.96,68.00,0.36,14.39,9.67,86.56
1523.203,1982.00,122.96,68.00,0.21,14.39,9.67,86.56
1523.383,1982.00,122.96,68.00,0.21,14.39,9.67,86.56
1523.533,1982.00,122.96,68.00,0.21,14.39,27.71,86.56
1523.713,1982.00,122.96,68.00,0.21,14.39,27.71,86.26
1523.863,1990.50,122.96,68.00,0.21,14.39,27.71,86.26
1524.013,1990.50,123.62,68.00,0.21,14.39,27.71,86.26
1524.163,1990.50,123.62,144.00,0.21,14.39,27.71,86.26
1524.313,1990.50,123.62,144.00,2.39,14.39,27.71,86.26
1524.463,1990.50,123.62,144.00,2.39,14.39,27.71,86.26
1524.613,1990.50,123.62,144.00,2.39,14.39,21.24,86.26
1524.763,1990.50,123.62,144.00,2.39,14.39,21.24,86.16
1524.913,2003.50,123.62,144.00,2.39,14.39,21.24,86.16
1525.063,2003.50,125.14,144.00,2.39,14.39,21.24,86.16
1525.213,2003.50,125.14,120.00,2.39,14.39,21.24,86.16
1525.363,2003.50,125.14,120.00,3.13,14.39,21.24,86.16
1525.513,2003.50,125.14,120.00,3.13,14.39,21.24,86.16
1525.663,2003.50,125.14,120.00,3.13,14.39,17.23,86.16
1525.813,2003.50,125.14,120.00,3.13,14.39,17.23,86.46
1525.963,2014.50,125.14,120.00,3.13,14.39,17.23,86.46
1526.143,2014.50,125.98,120.00,3.13,14.39,17.23,86.46
1526.293,2014.50,125.98,100.00,3.13,14.39,17.23,86.46
1526.443,2014.50,125.98,100.00,2.33,14.39,17.23,86.46
1526.593,2014.50,125.98,100.00,2.33,14.39,17.23,86.46
1526.744,2014.50,125.98,100.00,2.33,14.39,17.48,86.46
1526.893,2014.50,125.98,100.00,2.33,14.39,17.48,87.06
1527.043,2022.00,125.98,100.00,2.33,14.39,17.48,87.06
1527.193,2022.00,126.39,100.00,2.33,14.39,17.48,87.06
1527.343,2022.00,126.39,96.00,2.33,14.39,17.48,87.06
1527.493,2022.00,126.39,96.00,2.02,14.39,17.48,87.06
1527.643,2022.00,126.39,96.00,2.02,14.39,17.48,87.06
1527.793,2022.00,126.39,96.00,2.02,14.39,17.23,87.06
1527.943,2022.00,126.39,96.00,2.02,14.39,17.23,87.86
1528.093,2028.00,126.39,96.00,2.02,14.39,17.23,87.86
1528.243,2028.00,126.83,96.00,2.02,14.39,17.23,87.86
1528.393,2028.00,126.83,92.00,2.02,14.39,17.23,87.86
1528.543,2028.00,126.83,92.00,1.79,14.39,17.23,87.86
1528.693,2028.00,126.83,92.00,1.79,14.39,17.23,87.86
1528.843,2028.00,126.83,92.00,1.79,14.39,17.21,87.86
1528.994,2028.00,126.83,92.00,1.79,14.39,17.21,88.86
1529.143,2029.00,126.83,92.00,1.79,14.39,17.21,88.86
1529.293,2029.00,127.22,92.00,1.79,14.39,17.21,88.86
1529.443,2029.00,127.22,88.00,1.79,14.39,17.21,88.86
1529.593,2029.00,127.22,88.00,1.61,14.39,17.21,88.86
1529.743,2029.00,127.22,88.00,1.61,14.39,17.21,88.86
1529.893,2029.00,127.22,88.00,1.61,14.39,17.31,88.86
1530.043,2029.00,127.22,88.00,1.61,14.39,17.31,89.76
1530.193,2039.00,127.22,88.00,1.61,14.39,17.31,89.76
1530.343,2039.00,127.32,88.00,1.61,14.39,17.31,89.76
1530.493,2039.00,127.32,84.00,1.61,14.39,17.31,89.76
1530.643,2039.00,127.32,84.00,1.47,14.39,17.31,89.76
1530.793,2039.00,127.32,84.00,1.47,14.39,17.31,89.76
1530.943,2039.00,127.32,84.00,1.47,14.39,17.14,89.76
1531.093,2039.00,127.32,84.00,1.47,14.39,17.14,90.76
1531.273,2038.00,127.32,84.00,1.47,14.39,17.14,90.76
1531.424,2038.00,127.57,84.00,1.47,14.39,17.14,90.76
1531.573,2038.00,127.57,80.00,1.47,14.39,17.14,90.76
1531.723,2038.00,127.57,80.00,1.35,14.39,17.14,90.76
1531.873,2038.00,127.57,80.00,1.35,14.38,17.14,90.76
1532.023,2038.00,127.57,80.00,1.35,14.38,17.16,90.76
1532.173,2038.00,127.57,80.00,1.35,14.38,17.16,91.46
1532.323,2038.50,127.57,80.00,1.35,14.38,17.16,91.46
1532.473,2038.50,127.53,80.00,1.35,14.38,17.16,91.46
1532.623,2038.50,127.53,80.00,1.35,14.38,17.16,91.46
1532.773,2038.50,127.53,80.00,1.25,14.38,17.16,91.46
1532.924,2038.50,127.53,80.00,1.25,14.38,17.16,91.46
1533.073,2038.50,127.53,80.00,1.25,14.38,17.14,91.46
1533.223,2038.50,127.53,80.00,1.25,14.38,17.14,92.26
1533.373,2042.50,127.53,80.00,1.25,14.38,17.14,92.26
1533.553,2042.50,127.39,80.00,1.25,14.38,17.14,92.26
1533.703,2042.50,127.39,80.00,1.25,14.38,17.14,92.26
1533.853,2042.50,127.39,80.00,1.18,14.38,17.14,92.26
1534.003,2042.50,127.39,80.00,1.18,14.38,17.14,92.26
1534.153,2042.50,127.39,80.00,1.18,14.38,17.28,92.26
1534.303,2042.50,127.39,80.00,1.18,14.38,17.28,92.76
1534.453,2038.00,127.39,80.00,1.18,14.38,17.28,92.76
1534.603,2038.00,127.62,80.00,1.18,14.38,17.28,92.76
1534.753,2038.00,127.62,80.00,1.18,14.38,17.28,92.76
1534.903,2038.00,127.62,80.00,1.15,14.38,17.28,92.76
1535.053,2038.00,127.62,80.00,1.15,14.38,17.28,92.76
1535.233,2038.00,127.62,80.00,1.15,14.38,17.33,92.76
1535.383,2038.00,127.62,80.00,1.15,14.38,17.33,92.86
1535.534,2038.50,127.62,80.00,1.15,14.38,17.33,92.86
1535.684,2038.50,127.35,80.00,1.15,14.38,17.33,92.86
1535.833,2038.50,127.35,80.00,1.15,14.38,17.33,92.86
1535.984,2038.50,127.35,80.00,1.14,14.38,17.33,92.86
1536.133,2038.50,127.35,80.00,1.14,14.38,17.33,92.86
1536.283,2038.50,127.35,80.00,1.14,14.38,17.31,92.86
1536.433,2038.50,127.35,80.00,1.14,14.38,17.31,92.86
1536.583,2037.50,127.35,80.00,1.14,14.38,17.31,92.86
1536.733,2037.50,127.30,80.00,1.14,14.38,17.31,92.86
1536.883,2037.50,127.30,80.00,1.14,14.38,17.31,92.86
1537.034,2037.50,127.30,80.00,1.13,14.38,17.31,92.86
1537.183,2037.50,127.30,80.00,1.13,14.38,17.31,92.86
1537.333,2037.50,127.30,80.00,1.13,14.38,17.63,92.86
1537.483,2037.50,127.30,80.00,1.13,14.38,17.63,92.46
1537.663,2035.00,127.30,80.00,1.13,14.38,17.63,92.46
1537.814,2035.00,127.17,80.00,1.13,14.38,17.63,92.46
1537.964,2035.00,127.17,84.00,1.13,14.38,17.63,92.46
1538.113,2035.00,127.17,84.00,1.23,14.38,17.63,92.46
1538.263,2035.00,127.17,84.00,1.23,14.38,17.63,92.46
1538.414,2035.00,127.17,84.00,1.23,14.38,17.70,92.46
1538.563,2035.00,127.17,84.00,1.23,14.38,17.70,92.06
1538.713,2037.50,127.17,84.00,1.23,14.38,17.70,92.06
1538.863,2037.50,127.49,84.00,1.23,14.38,17.70,92.06
1539.013,2037.50,127.49,84.00,1.23,14.38,17.70,92.06
1539.163,2037.50,127.49,84.00,1.32,14.38,17.70,92.06
1539.313,2037.50,127.49,84.00,1.32,14.38,17.70,92.06
1539.463,2037.50,127.49,84.00,1.32,14.38,17.45,92.06
1539.613,2037.50,127.49,84.00,1.32,14.38,17.45,91.46
1539.763,2041.50,127.49,84.00,1.32,14.38,17.45,91.46
1539.913,2041.50,127.49,84.00,1.32,14.38,17.45,91.46
1540.064,2041.50,127.49,84.00,1.32,14.38,17.45,91.46
1540.213,2041.50,127.49,84.00,1.32,14.38,17.45,91.46
1540.363,2041.50,127.49,84.00,1.32,14.38,17.45,91.46
1540.513,2041.50,127.49,84.00,1.32,14.38,17.31,91.46
1540.663,2041.50,127.49,84.00,1.32,14.38,17.31,90.96
1540.813,2042.00,127.49,84.00,1.32,14.38,17.31,90.96
1540.964,2042.00,127.66,84.00,1.32,14.38,17.31,90.96
1541.113,2042.00,127.66,84.00,1.32,14.38,17.31,90.96
1541.263,2042.00,127.66,84.00,1.29,14.38,17.31,90.96
1541.413,2042.00,127.66,84.00,1.29,14.38,17.31,90.96
1541.563,2042.00,127.66,84.00,1.29,14.38,17.26,90.96
1541.713,2042.00,127.66,84.00,1.29,14.38,17.26,90.36
1541.864,2039.00,127.66,84.00,1.29,14.38,17.26,90.36
1542.013,2039.00,127.58,84.00,1.29,14.38,17.26,90.36
1542.163,2039.00,127.58,80.00,1.29,14.38,17.26,90.36
1542.314,2039.00,127.58,80.00,1.22,14.38,17.26,90.36
1542.463,2039.00,127.58,80.00,1.22,14.38,17.26,90.36
1542.613,2039.00,127.58,80.00,1.22,14.38,17.50,90.36
1542.793,2039.00,127.58,80.00,1.22,14.38,17.50,89.86
1542.944,2037.50,127.58,80.00,1.22,14.38,17.50,89.86
1543.093,2037.50,127.48,80.00,1.22,14.38,17.50,89.86
1543.243,2037.50,127.48,80.00,1.22,14.38,17.50,89.86
1543.393,2037.50,127.48,80.00,1.18,14.38,17.50,89.86
1543.543,2037.50,127.48,80.00,1.18,14.38,17.50,89.86
1543.693,2037.50,127.48,80.00,1.18,14.38,17.55,89.86
1543.844,2037.50,127.48,80.00,1.18,14.38,17.55,89.46
1543.993,2039.00,127.48,80.00,1.18,14.38,17.55,89.46
1544.143,2039.00,127.56,80.00,1.18,14.38,17.55,89.46
1544.293,2039.00,127.56,80.00,1.18,14.38,17.55,89.46
1544.443,2039.00,127.56,80.00,1.14,14.38,17.55,89.46
1544.593,2039.00,127.56,80.00,1.14,14.38,17.55,89.46
1544.743,2039.00,127.56,80.00,1.14,14.38,17.67,89.46
1544.893,2039.00,127.56,80.00,1.14,14.38,17.67,89.26
1545.043,2037.50,127.56,80.00,1.14,14.38,17.67,89.26
1545.194,2037.50,127.48,80.00,1.14,14.38,17.67,89.26
1545.343,2037.50,127.48,80.00,1.14,14.38,17.67,89.26
1545.493,2037.50,127.48,80.00,1.12,14.38,17.67,89.26
1545.643,2037.50,127.48,80.00,1.12,14.38,17.67,89.26
1545.793,2037.50,127.48,80.00,1.12,14.38,17.70,89.26
1545.944,2037.50,127.48,80.00,1.12,14.38,17.70,89.16
1546.094,2036.50,127.48,80.00,1.12,14.38,17.70,89.16
1546.243,2036.50,127.37,80.00,1.12,14.38,17.70,89.16
1546.393,2036.50,127.37,84.00,1.12,14.38,17.70,89.16
1546.543,2036.50,127.37,84.00,1.10,14.38,17.70,89.16
1546.693,2036.50,127.37,84.00,1.10,14.38,17.70,89.16
1546.843,2036.50,127.37,84.00,1.10,14.38,17.82,89.16
1546.993,2036.50,127.37,84.00,1.10,14.38,17.82,89.36
1547.143,2021.00,127.37,84.00,1.10,14.38,17.82,89.36
1547.293,2021.00,126.57,84.00,1.10,14.38,17.82,89.36
1547.443,2021.00,126.57,28.00,1.10,14.38,17.82,89.36
1547.624,2021.00,126.57,28.00,0.71,14.38,17.82,89.36
1547.773,2021.00,126.57,28.00,0.71,14.38,17.82,89.36
1547.924,2021.00,126.57,28.00,0.71,14.38,9.23,89.36
1548.073,2021.00,126.57,28.00,0.71,14.38,9.23,89.66
1548.224,1979.00,126.57,28.00,0.71,14.38,9.23,89.66
1548.373,1979.00,124.07,28.00,0.71,14.38,9.23,89.66
1548.524,1979.00,124.07,28.00,0.71,14.38,9.23,89.66
1548.673,1979.00,124.07,28.00,0.40,14.38,9.23,89.66
1548.824,1979.00,124.07,28.00,0.40,14.38,9.23,89.66
1548.973,1979.00,124.07,28.00,0.40,14.38,11.55,89.66
1549.123,1979.00,124.07,28.00,0.40,14.38,11.55,89.96
1549.304,1998.00,124.07,28.00,0.40,14.38,11.55,89.96
1549.453,1998.00,122.65,28.00,0.40,14.38,11.55,89.96
1549.603,1998.00,122.65,88.00,0.40,14.38,11.55,89.96
1549.753,1998.00,122.65,88.00,0.32,14.38,11.55,89.96
1549.903,1998.00,122.65,88.00,0.32,14.38,11.55,89.96
1550.053,1998.00,122.65,88.00,0.32,14.38,28.71,89.96
1550.204,1998.00,122.65,88.00,0.32,14.38,28.71,90.36
1550.353,1983.00,122.65,88.00,0.32,14.38,28.71,90.36
1550.504,1983.00,123.50,88.00,0.32,14.38,28.71,90.36
1550.653,1983.00,123.50,164.00,0.32,14.38,28.71,90.36
1550.804,1983.00,123.50,164.00,2.82,14.38,28.71,90.36
1550.954,1983.00,123.50,164.00,2.82,14.38,28.71,90.36
1551.104,1983.00,123.50,164.00,2.82,14.38,24.51,90.36
1551.254,1983.00,123.50,164.00,2.82,14.38,24.51,90.66
1551.404,1997.00,123.50,164.00,2.82,14.38,24.51,90.66
1551.554,1997.00,124.81,164.00,2.82,14.38,24.51,90.66
1551.704,1997.00,124.81,136.00,2.82,14.38,24.51,90.66
1551.854,1997.00,124.81,136.00,2.80,14.38,24.51,90.66
1552.004,1997.00,124.81,136.00,2.80,14.38,24.51,90.66
1552.154,1997.00,124.81,136.00,2.80,14.38,18.31,90.66
1552.304,1997.00,124.81,136.00,2.80,14.38,18.31,90.96
1552.454,2010.50,124.81,136.00,2.80,14.38,18.31,90.96
1552.604,2010.50,125.68,136.00,2.80,14.38,18.31,90.96
1552.753,2010.50,125.68,116.00,2.80,14.38,18.31,90.96
1552.903,2010.50,125.68,116.00,2.69,14.38,18.31,90.96
1553.054,2010.50,125.68,116.00,2.69,14.38,18.31,90.96
1553.204,2010.50,125.68,116.00,2.69,14.38,17.58,90.96
1553.354,2010.50,125.68,116.00,2.69,14.38,17.58,91.16
1553.504,2019.00,125.68,116.00,2.69,14.38,17.58,91.16
1553.654,2019.00,126.28,116.00,2.69,14.38,17.58,91.16
1553.803,2019.00,126.28,104.00,2.69,14.38,17.58,91.16
1553.954,2019.00,126.28,104.00,2.26,14.38,17.58,91.16
1554.104,2019.00,126.28,104.00,2.26,14.38,17.58,91.16
1554.253,2019.00,126.28,104.00,2.26,14.38,17.99,91.16
1554.433,2019.00,126.28,104.00,2.26,14.38,17.99,91.36
1554.583,2025.00,126.28,104.00,2.26,14.38,17.99,91.36
1554.733,2025.00,126.64,104.00,2.26,14.38,17.99,91.36
1554.884,2025.00,126.64,104.00,2.26,14.38,17.99,91.36
1555.034,2025.00,126.64,104.00,2.13,14.38,17.99,91.36
1555.183,2025.00,126.64,104.00,2.13,14.38,17.99,91.36
1555.333,2025.00,126.64,104.00,2.13,14.38,17.94,91.36
1555.483,2025.00,126.64,104.00,2.13,14.38,17.94,91.56
1555.633,2030.00,126.64,104.00,2.13,14.38,17.94,91.56
1555.784,2030.00,126.38,104.00,2.13,14.38,17.94,91.56
1555.934,2030.00,126.38,100.00,2.13,14.38,17.94,91.56
1556.083,2030.00,126.38,100.00,2.02,14.38,17.94,91.56
1556.234,2030.00,126.38,100.00,2.02,14.38,17.94,91.56
1556.383,2030.00,126.38,100.00,2.02,14.38,17.92,91.56
1556.533,2030.00,126.38,100.00,2.02,14.38,17.92,91.66
1556.684,2031.00,126.38,100.00,2.02,14.38,17.92,91.66
1556.863,2031.00,127.11,100.00,2.02,14.38,17.92,91.66
1557.044,2031.00,127.11,100.00,2.02,14.38,17.92,91.66
1557.193,2031.00,127.11,100.00,1.98,14.38,17.92,91.66
1557.344,2031.00,127.11,100.00,1.98,14.38,17.92,91.66
1557.493,2031.00,127.11,100.00,1.98,14.38,17.75,91.66
1557.644,2031.00,127.11,100.00,1.98,14.38,17.75,91.76
1557.794,2039.50,127.11,100.00,1.98,14.38,17.75,91.76
1557.944,2039.50,127.17,100.00,1.98,14.38,17.75,91.76
1558.094,2039.50,127.17,100.00,1.98,14.38,17.75,91.76
1558.273,2039.50,127.17,100.00,1.84,14.38,17.75,91.76
1558.424,2039.50,127.17,100.00,1.84,14.38,17.75,91.76
1558.573,2039.50,127.17,100.00,1.84,14.38,17.60,91.76
1558.724,2039.50,127.17,100.00,1.84,14.38,17.60,91.66
1558.874,2038.50,127.17,100.00,1.84,14.38,17.60,91.66
1559.024,2038.50,127.53,100.00,1.84,14.38,17.60,91.66
1559.173,2038.50,127.53,92.00,1.84,14.38,17.60,91.66
1559.324,2038.50,127.53,92.00,1.66,14.38,17.60,91.66
1559.473,2038.50,127.53,92.00,1.66,14.38,17.60,91.66
1559.623,2038.50,127.53,92.00,1.66,14.38,17.63,91.66
1559.774,2038.50,127.53,92.00,1.66,14.38,17.63,91.56
1559.924,2039.00,127.53,92.00,1.66,14.38,17.63,91.56
1560.074,2039.00,127.75,92.00,1.66,14.38,17.63,91.56
1560.223,2039.00,127.75,88.00,1.66,14.38,17.63,91.56
1560.374,2039.00,127.75,88.00,1.47,14.38,17.63,91.56
1560.524,2039.00,127.75,88.00,1.47,14.38,17.63,91.56
1560.704,2039.00,127.75,88.00,1.47,14.38,17.28,91.56
1560.853,2039.00,127.75,88.00,1.47,14.38,17.28,91.26
1561.004,2046.50,127.75,88.00,1.47,14.38,17.28,91.26
1561.153,2046.50,127.65,88.00,1.47,14.38,17.28,91.26
1561.304,2046.50,127.65,88.00,1.47,14.38,17.28,91.26
1561.453,2046.50,127.65,88.00,1.39,14.38,17.28,91.26
1561.604,2046.50,127.65,88.00,1.39,14.38,17.28,91.26
1561.753,2046.50,127.65,88.00,1.39,14.38,17.43,91.26
1561.903,2046.50,127.65,88.00,1.39,14.38,17.43,90.96
1562.054,2043.00,127.65,88.00,1.39,14.38,17.43,90.96
1562.204,2043.00,127.72,88.00,1.39,14.38,17.43,90.96
1562.353,2043.00,127.72,88.00,1.39,14.38,17.43,90.96
1562.504,2043.00,127.72,88.00,1.38,14.38,17.43,90.96
1562.654,2043.00,127.72,88.00,1.38,14.38,17.43,90.96
1562.804,2043.00,127.72,88.00,1.38,14.38,17.21,90.96
1562.954,2043.00,127.72,88.00,1.38,14.38,17.21,90.76
1563.104,2040.00,127.72,88.00,1.38,14.38,17.21,90.76
1563.254,2040.00,127.68,88.00,1.38,14.38,17.21,90.76
1563.403,2040.00,127.68,84.00,1.38,14.38,17.21,90.76
1563.553,2040.00,127.68,84.00,1.36,14.38,17.21,90.76
1563.704,2040.00,127.68,84.00,1.36,14.38,17.21,90.76
1563.854,2040.00,127.68,84.00,1.36,14.38,17.11,90.76
1564.004,2040.00,127.68,84.00,1.36,14.38,17.11,90.46
1564.154,2045.50,127.68,84.00,1.36,14.38,17.11,90.46
1564.304,2045.50,127.80,84.00,1.36,14.38,17.11,90.46
1564.453,2045.50,127.80,84.00,1.36,14.38,17.11,90.46
1564.604,2045.50,127.80,84.00,1.33,14.38,17.11,90.46
1564.754,2045.50,127.80,84.00,1.33,14.38,17.11,90.46
1564.903,2045.50,127.80,84.00,1.33,14.38,16.89,90.46
1565.054,2045.50,127.80,84.00,1.33,14.38,16.89,90.16
1565.203,2043.00,127.80,84.00,1.33,14.38,16.89,90.16
1565.354,2043.00,127.71,84.00,1.33,14.38,16.89,90.16
1565.504,2043.00,127.71,80.00,1.33,14.38,16.89,90.16
1565.654,2043.00,127.71,80.00,1.25,14.38,16.89,90.16
1565.834,2043.00,127.71,80.00,1.25,14.38,16.89,90.16
1565.984,2043.00,127.71,80.00,1.25,14.38,16.82,90.16
1566.134,2043.00,127.71,80.00,1.25,14.38,16.82,90.06
1566.284,2039.50,127.71,80.00,1.25,14.38,16.82,90.06
1566.434,2039.50,127.60,80.00,1.25,14.38,16.82,90.06
1566.583,2039.50,127.60,80.00,1.25,14.38,16.82,90.06
1566.734,2039.50,127.60,80.00,1.15,14.38,16.82,90.06
1566.884,2039.50,127.60,80.00,1.15,14.38,16.82,90.06
1567.034,2039.50,127.60,80.00,1.15,14.38,17.06,90.06
1567.183,2039.50,127.60,80.00,1.15,14.38,17.06,89.96
1567.333,2038.50,127.60,80.00,1.15,14.38,17.06,89.96
1567.483,2038.50,127.74,80.00,1.15,14.38,17.06,89.96
1567.634,2038.50,127.74,80.00,1.15,14.38,17.06,89.96
1567.784,2038.50,127.74,80.00,1.09,14.38,17.06,89.96
1567.934,2038.50,127.74,80.00,1.09,14.38,17.06,89.96
1568.084,2038.50,127.74,80.00,1.09,14.38,17.14,89.96
1568.234,2038.50,127.74,80.00,1.09,14.38,17.14,89.96
1568.384,2040.00,127.74,80.00,1.09,14.38,17.14,89.96
1568.534,2040.00,127.66,80.00,1.09,14.38,17.14,89.96
1568.684,2040.00,127.66,80.00,1.09,14.38,17.14,89.96
1568.834,2040.00,127.66,80.00,1.06,14.38,17.14,89.96
1568.984,2040.00,127.66,80.00,1.06,14.37,17.14,89.96
1569.134,2040.00,127.66,80.00,1.06,14.37,17.31,89.96
1569.284,2040.00,127.66,80.00,1.06,14.37,17.31,90.06
1569.434,2042.50,127.66,80.00,1.06,14.37,17.31,90.06
1569.584,2042.50,127.40,80.00,1.06,14.37,17.31,90.06
1569.733,2042.50,127.40,80.00,1.06,14.37,17.31,90.06
1569.884,2042.50,127.40,80.00,1.15,14.37,17.31,90.06
1570.034,2042.50,127.40,80.00,1.15,14.37,17.31,90.06
1570.183,2042.50,127.40,80.00,1.15,14.37,17.23,90.06
1570.334,2042.50,127.40,80.00,1.15,14.37,17.23,90.26
1570.484,2037.50,127.40,80.00,1.15,14.37,17.23,90.26
1570.634,2037.50,127.28,80.00,1.15,14.37,17.23,90.26
1570.784,2037.50,127.28,84.00,1.15,14.37,17.23,90.26
1570.934,2037.50,127.28,84.00,1.20,14.37,17.23,90.26
1571.084,2037.50,127.28,84.00,1.20,14.37,17.23,90.26
1571.234,2037.50,127.28,84.00,1.20,14.37,17.14,90.26
1571.384,2037.50,127.28,84.00,1.20,14.37,17.14,90.46
1571.534,2036.00,127.28,84.00,1.20,14.37,17.14,90.46
1571.684,2036.00,127.11,84.00,1.20,14.37,17.14,90.46
1571.834,2036.00,127.11,84.00,1.20,14.37,17.14,90.46
1571.985,2036.00,127.11,84.00,1.25,14.37,17.14,90.46
1572.134,2036.00,127.11,84.00,1.25,14.37,17.14,90.46
1572.284,2036.00,127.11,84.00,1.25,14.37,17.36,90.46
1572.434,2036.00,127.11,84.00,1.25,14.37,17.36,90.66
1572.584,2034.50,127.11,84.00,1.25,14.37,17.36,90.66
1572.733,2034.50,126.92,84.00,1.25,14.37,17.36,90.66
1572.884,2034.50,126.92,88.00,1.25,14.37,17.36,90.66
1573.034,2034.50,126.92,88.00,1.36,14.37,17.36,90.66
1573.184,2034.50,126.92,88.00,1.36,14.37,17.36,90.66
1573.334,2034.50,126.92,88.00,1.36,14.37,17.65,90.66
1573.514,2034.50,126.92,88.00,1.36,14.37,17.65,90.86
1573.664,2030.50,126.92,88.00,1.36,14.37,17.65,90.86
1573.814,2030.50,127.17,88.00,1.36,14.37,17.65,90.86
1573.964,2030.50,127.17,92.00,1.36,14.37,17.65,90.86
1574.114,2030.50,127.17,92.00,1.55,14.37,17.65,90.86
1574.264,2030.50,127.17,92.00,1.55,14.37,17.65,90.86
1574.414,2030.50,127.17,92.00,1.55,14.37,17.72,90.86
1574.564,2030.50,127.17,92.00,1.55,14.37,17.72,91.06
1574.714,2035.00,127.17,92.00,1.55,14.37,17.72,91.06
1574.864,2035.00,127.09,92.00,1.55,14.37,17.72,91.06
1575.014,2035.00,127.09,96.00,1.55,14.37,17.72,91.06
1575.164,2035.00,127.09,96.00,1.70,14.37,17.72,91.06
1575.313,2035.00,127.09,96.00,1.70,14.37,17.72,91.06
1575.464,2035.00,127.09,96.00,1.70,14.37,17.58,91.06
1575.614,2035.00,127.09,96.00,1.70,14.37,17.58,91.36
1575.764,2033.00,127.09,96.00,1.70,14.37,17.58,91.36
1575.914,2033.00,127.17,96.00,1.70,14.37,17.58,91.36
1576.064,2033.00,127.17,96.00,1.70,14.37,17.58,91.36
1576.214,2033.00,127.17,96.00,1.73,14.37,17.58,91.36
1576.364,2033.00,127.17,96.00,1.73,14.37,17.58,91.36
1576.514,2033.00,127.17,96.00,1.73,14.37,17.50,91.36
1576.664,2033.00,127.17,96.00,1.73,14.37,17.50,91.56
1576.814,2034.50,127.17,96.00,1.73,14.37,17.50,91.56
1576.964,2034.50,127.19,96.00,1.73,14.37,17.50,91.56
1577.114,2034.50,127.19,92.00,1.73,14.37,17.50,91.56
1577.264,2034.50,127.19,92.00,1.69,14.37,17.50,91.56
1577.414,2034.50,127.19,92.00,1.69,14.37,17.50,91.56
1577.564,2034.50,127.19,92.00,1.69,14.37,17.60,91.56
1577.714,2034.50,127.19,92.00,1.69,14.37,17.60,91.66
1577.864,2039.50,127.19,92.00,1.69,14.37,17.60,91.66
1578.014,2039.50,126.92,92.00,1.69,14.37,17.60,91.66
1578.164,2039.50,126.92,96.00,1.69,14.37,17.60,91.66
1578.314,2039.50,126.92,96.00,1.73,14.37,17.60,91.66
1578.464,2039.50,126.92,96.00,1.73,14.37,17.60,91.66
1578.614,2039.50,126.92,96.00,1.73,14.37,17.58,91.66
1578.764,2039.50,126.92,96.00,1.73,14.37,17.58,91.86
1578.914,2033.50,126.92,96.00,1.73,14.37,17.58,91.86
1579.064,2033.50,127.07,96.00,1.73,14.37,17.58,91.86
1579.214,2033.50,127.07,96.00,1.73,14.37,17.58,91.86
1579.364,2033.50,127.07,96.00,1.79,14.37,17.58,91.86
1579.514,2033.50,127.07,96.00,1.79,14.37,17.58,91.86
1579.663,2033.50,127.07,96.00,1.79,14.37,17.58,91.86
1579.814,2033.50,127.07,96.00,1.79,14.37,17.58,91.86
1579.964,2037.00,127.07,96.00,1.79,14.37,17.58,91.86
1580.114,2037.00,127.27,96.00,1.79,14.37,17.58,91.86
1580.264,2037.00,127.27,96.00,1.79,14.37,17.58,91.86
1580.414,2037.00,127.27,96.00,1.79,14.37,17.58,91.86
1580.564,2037.00,127.27,96.00,1.79,14.37,17.58,91.86
1580.714,2037.00,127.27,96.00,1.79,14.37,17.58,91.86
1580.864,2037.00,127.27,96.00,1.79,14.37,17.58,91.76
1581.014,2038.50,127.27,96.00,1.79,14.37,17.58,91.76
1581.194,2038.50,127.42,96.00,1.79,14.37,17.58,91.76
1581.344,2038.50,127.42,96.00,1.79,14.37,17.58,91.76
1581.494,2038.50,127.42,96.00,1.76,14.37,17.58,91.76
1581.644,2038.50,127.42,96.00,1.76,14.37,17.58,91.76
1581.794,2038.50,127.42,96.00,1.76,14.37,17.38,91.76
1581.944,2038.50,127.42,96.00,1.76,14.37,17.38,91.66
1582.094,2038.50,127.42,96.00,1.76,14.37,17.38,91.66
1582.244,2038.50,127.54,96.00,1.76,14.37,17.38,91.66
1582.394,2038.50,127.54,92.00,1.76,14.37,17.38,91.66
1582.544,2038.50,127.54,92.00,1.66,14.37,17.38,91.66
1582.694,2038.50,127.54,92.00,1.66,14.37,17.38,91.66
1582.844,2038.50,127.54,92.00,1.66,14.37,17.48,91.66
1582.994,2038.50,127.54,92.00,1.66,14.37,17.48,91.46
1583.144,2039.50,127.54,92.00,1.66,14.37,17.48,91.46
1583.294,2039.50,127.26,92.00,1.66,14.37,17.48,91.46
1583.444,2039.50,127.26,92.00,1.66,14.37,17.48,91.46
1583.594,2039.50,127.26,92.00,1.63,14.37,17.48,91.46
1583.744,2039.50,127.26,92.00,1.63,14.37,17.48,91.46
1583.893,2039.50,127.26,92.00,1.63,14.37,17.43,91.46
1584.044,2039.50,127.26,92.00,1.63,14.37,17.43,91.26
1584.194,2040.50,127.26,92.00,1.63,14.37,17.43,91.26
1584.344,2040.50,127.44,92.00,1.63,14.37,17.43,91.26
1584.494,2040.50,127.44,92.00,1.63,14.37,17.43,91.26
1584.644,2040.50,127.44,92.00,1.60,14.37,17.43,91.26
1584.794,2040.50,127.44,92.00,1.60,14.37,17.43,91.26
1584.944,2040.50,127.44,92.00,1.60,14.37,17.45,91.26
1585.094,2040.50,127.44,92.00,1.60,14.37,17.45,91.06
1585.244,2040.00,127.44,92.00,1.60,14.37,17.45,91.06
1585.394,2040.00,127.52,92.00,1.60,14.37,17.45,91.06
1585.544,2040.00,127.52,88.00,1.60,14.37,17.45,91.06
1585.694,2040.00,127.52,88.00,1.58,14.37,17.45,91.06
1585.844,2040.00,127.52,88.00,1.58,14.37,17.45,91.06
1585.994,2040.00,127.52,88.00,1.58,14.37,17.33,91.06
1586.144,2040.00,127.52,88.00,1.58,14.37,17.33,90.86
1586.294,2040.50,127.52,88.00,1.58,14.37,17.33,90.86
1586.444,2040.50,127.46,88.00,1.58,14.37,17.33,90.86
1586.594,2040.50,127.46,88.00,1.58,14.37,17.33,90.86
1586.744,2040.50,127.46,88.00,1.51,14.37,17.33,90.86
1586.894,2040.50,127.46,88.00,1.51,14.37,17.33,90.86
1587.044,2040.50,127.46,88.00,1.51,14.37,17.23,90.86
1587.194,2040.50,127.46,88.00,1.51,14.37,17.23,90.66
1587.344,2043.50,127.46,88.00,1.51,14.37,17.23,90.66
1587.494,2043.50,127.58,88.00,1.51,14.37,17.23,90.66
1587.644,2043.50,127.58,88.00,1.51,14.37,17.23,90.66
1587.794,2043.50,127.58,88.00,1.48,14.37,17.23,90.66
1587.944,2043.50,127.58,88.00,1.48,14.37,17.23,90.66
1588.094,2043.50,127.58,88.00,1.48,14.37,17.33,90.66
1588.244,2043.50,127.58,88.00,1.48,14.37,17.33,90.56
1588.393,2042.00,127.58,88.00,1.48,14.37,17.33,90.56
1588.544,2042.00,127.42,88.00,1.48,14.37,17.33,90.56
1588.694,2042.00,127.42,88.00,1.48,14.37,17.33,90.56
1588.874,2042.00,127.42,88.00,1.45,14.37,17.33,90.56
1589.024,2042.00,127.42,88.00,1.45,14.37,17.33,90.56
1589.174,2042.00,127.42,88.00,1.45,14.37,17.31,90.56
1589.324,2042.00,127.42,88.00,1.45,14.37,17.31,90.56
1589.474,2039.00,127.42,88.00,1.45,14.37,17.31,90.56
1589.624,2039.00,127.55,88.00,1.45,14.37,17.31,90.56
1589.774,2039.00,127.55,88.00,1.45,14.37,17.31,90.56
1589.924,2039.00,127.55,88.00,1.43,14.37,17.31,90.56
1590.074,2039.00,127.55,88.00,1.43,14.37,17.31,90.56
1590.224,2039.00,127.55,88.00,1.43,14.37,17.31,90.56
1590.374,2039.00,127.55,88.00,1.43,14.37,17.31,90.56
1590.524,2042.50,127.55,88.00,1.43,14.37,17.31,90.56
1590.674,2042.50,127.49,88.00,1.43,14.37,17.31,90.56
1590.824,2042.50,127.49,88.00,1.43,14.37,17.31,90.56
1590.974,2042.50,127.49,88.00,1.41,14.37,17.31,90.56
1591.124,2042.50,127.49,88.00,1.41,14.37,17.31,90.56
1591.274,2042.50,127.49,88.00,1.41,14.37,17.36,90.56
1591.424,2042.50,127.49,88.00,1.41,14.37,17.36,90.66
1591.574,2042.50,127.49,88.00,1.41,14.37,17.36,90.66
1591.724,2042.50,127.42,88.00,1.41,14.37,17.36,90.66
1591.874,2042.50,127.42,88.00,1.41,14.37,17.36,90.66
1592.024,2042.50,127.42,88.00,1.40,14.37,17.36,90.66
1592.174,2042.50,127.42,88.00,1.40,14.37,17.36,90.66
1592.324,2042.50,127.42,88.00,1.40,14.37,17.43,90.66
1592.474,2042.50,127.42,88.00,1.40,14.37,17.43,90.76
1592.624,2042.50,127.42,88.00,1.40,14.37,17.43,90.76
1592.774,2042.50,127.67,88.00,1.40,14.37,17.43,90.76
1592.924,2042.50,127.67,88.00,1.40,14.37,17.43,90.76
1593.074,2042.50,127.67,88.00,1.40,14.37,17.43,90.76
1593.224,2042.50,127.67,88.00,1.40,14.37,17.43,90.76
1593.374,2042.50,127.67,88.00,1.40,14.37,16.67,90.76
1593.524,2042.50,127.67,88.00,1.40,14.37,16.67,90.96
1593.674,2030.00,127.67,88.00,1.40,14.37,16.67,90.96
1593.824,2030.00,127.30,88.00,1.40,14.37,16.67,90.96
1593.974,2030.00,127.30,84.00,1.40,14.37,16.67,90.96
1594.124,2030.00,127.30,84.00,1.27,14.37,16.67,90.96
1594.274,2030.00,127.30,84.00,1.27,14.36,16.67,90.96
1594.424,2030.00,127.30,84.00,1.27,14.36,18.16,90.96
1594.574,2030.00,127.30,84.00,1.27,14.36,18.16,91.06
1594.724,2031.00,127.30,84.00,1.27,14.36,18.16,91.06
1594.874,2031.00,126.69,84.00,1.27,14.36,18.16,91.06
1595.024,2031.00,126.69,88.00,1.27,14.36,18.16,91.06
1595.174,2031.00,126.69,88.00,1.32,14.36,18.16,91.06
1595.324,2031.00,126.69,88.00,1.32,14.36,18.16,91.06
1595.474,2031.00,126.69,88.00,1.32,14.36,17.77,91.06
1595.624,2031.00,126.69,88.00,1.32,14.36,17.77,91.26
1595.774,2029.00,126.69,88.00,1.32,14.36,17.77,91.26
1595.924,2029.00,126.83,88.00,1.32,14.36,17.77,91.26
1596.074,2029.00,126.83,88.00,1.32,14.36,17.77,91.26
1596.224,2029.00,126.83,88.00,1.54,14.36,17.77,91.26
1596.374,2029.00,126.83,88.00,1.54,14.36,17.77,91.26
1596.554,2029.00,126.83,88.00,1.54,14.36,17.16,91.26
1596.704,2029.00,126.83,88.00,1.54,14.36,17.16,91.46
1596.853,2023.50,126.83,88.00,1.54,14.36,17.16,91.46
1597.004,2023.50,126.42,88.00,1.54,14.36,17.16,91.46
1597.154,2023.50,126.42,88.00,1.54,14.36,17.16,91.46
1597.304,2023.50,126.42,88.00,1.42,14.36,17.16,91.46
1597.454,2023.50,126.42,88.00,1.42,14.36,17.16,91.46
1597.604,2023.50,126.42,88.00,1.42,14.36,19.24,91.46
1597.754,2023.50,126.42,88.00,1.42,14.36,19.24,91.66
1597.904,2024.50,126.42,88.00,1.42,14.36,19.24,91.66
1598.054,2024.50,126.21,88.00,1.42,14.36,19.24,91.66
1598.204,2024.50,126.21,116.00,1.42,14.36,19.24,91.66
1598.354,2024.50,126.21,116.00,2.13,14.36,19.24,91.66
1598.504,2024.50,126.21,116.00,2.13,14.36,19.24,91.66
1598.654,2024.50,126.21,116.00,2.13,14.36,19.33,91.66
1598.804,2024.50,126.21,116.00,2.13,14.36,19.33,91.76
1598.954,2029.00,126.21,116.00,2.13,14.36,19.33,91.76
1599.104,2029.00,126.92,116.00,2.13,14.36,19.33,91.76
1599.254,2029.00,126.92,116.00,2.13,14.36,19.33,91.76
1599.403,2029.00,126.92,116.00,2.62,14.36,19.33,91.76
1599.553,2029.00,126.92,116.00,2.62,14.36,19.33,91.76
1599.704,2029.00,126.92,116.00,2.62,14.36,16.82,91.76
1599.854,2029.00,126.92,116.00,2.62,14.36,16.82,91.86
1600.004,2037.50,126.92,116.00,2.62,14.36,16.82,91.86
1600.154,2037.50,127.25,116.00,2.62,14.36,16.82,91.86
1600.304,2037.50,127.25,92.00,2.62,14.36,16.82,91.86
1600.461,2037.50,127.25,92.00,2.06,14.36,16.82,91.86
1600.604,2037.50,127.25,92.00,2.06,14.36,16.82,91.86
1600.754,2037.50,127.25,92.00,2.06,14.36,17.04,91.86
1600.904,2037.50,127.25,92.00,2.06,14.36,17.04,91.86
