Time,"Engine speed","Air mass flow","Relative air filling","Boost pressure","Intake air temperature","Intake air temperature before throttle valve, measured","Ambient pressure"
0.000,0,0,0,0.04,0,0,0
0.179,0,0,0,0.04,42.00,0,0
0.332,0,0,0,0.04,42.00,49.44,0
0.511,0,0,0,0.04,42.00,49.44,14.26
0.659,662.50,0,0,0.04,42.00,49.44,14.26
0.809,662.50,16.00,0,0.04,42.00,49.44,14.26
0.959,662.50,16.00,23.25,0.04,42.00,49.44,14.26
1.111,662.50,16.00,23.25,0.04,42.00,49.44,14.26
1.259,662.50,16.00,23.25,0.04,42.00,49.44,14.26
1.410,662.50,16.00,23.25,0.04,42.00,49.54,14.26
1.560,662.50,16.00,23.25,0.04,42.00,49.54,14.26
1.711,659.00,16.00,23.25,0.04,42.00,49.54,14.26
1.859,659.00,16.00,23.25,0.04,42.00,49.54,14.26
2.011,659.00,16.00,23.25,0.04,42.00,49.54,14.26
2.159,659.00,16.00,23.25,0.04,42.00,49.54,14.26
2.309,659.00,16.00,23.25,0.04,42.00,49.54,14.26
2.459,659.00,16.00,23.25,0.04,42.00,49.54,14.26
2.612,659.00,16.00,23.25,0.04,42.00,49.54,14.26
2.759,661.50,16.00,23.25,0.04,42.00,49.54,14.26
2.911,661.50,16.00,23.25,0.04,42.00,49.54,14.26
3.059,661.50,16.00,23.25,0.04,42.00,49.54,14.26
3.212,661.50,16.00,23.25,0.03,42.00,49.54,14.26
3.359,661.50,16.00,23.25,0.03,42.00,49.54,14.26
3.511,661.50,16.00,23.25,0.03,42.00,49.65,14.26
3.660,661.50,16.00,23.25,0.03,42.00,49.65,14.26
3.809,663.00,16.00,23.25,0.03,42.00,49.65,14.26
3.959,663.00,16.00,23.25,0.03,42.00,49.65,14.26
4.139,663.00,16.00,23.25,0.03,42.00,49.65,14.26
4.289,663.00,16.00,23.25,0.04,42.00,49.65,14.26
4.440,663.00,16.00,23.25,0.04,42.00,49.65,14.26
4.589,663.00,16.00,23.25,0.04,42.00,49.65,14.26
4.740,663.00,16.00,23.25,0.04,42.00,49.65,14.26
4.889,665.50,16.00,23.25,0.04,42.00,49.65,14.26
5.039,665.50,16.00,23.25,0.04,42.00,49.65,14.26
5.189,665.50,16.00,23.25,0.04,42.00,49.65,14.26
5.339,665.50,16.00,23.25,0.04,42.00,49.65,14.26
5.489,665.50,16.00,23.25,0.04,42.00,49.65,14.26
5.640,665.50,16.00,23.25,0.04,42.00,49.65,14.26
5.789,665.50,16.00,23.25,0.04,42.00,49.65,14.26
5.939,665.50,16.00,23.25,0.04,42.00,49.65,14.26
6.089,665.50,16.00,23.25,0.04,42.00,49.65,14.26
6.239,665.50,16.00,23.25,0.04,42.00,49.65,14.26
6.389,665.50,16.00,23.25,0.03,42.00,49.65,14.26
6.539,665.50,16.00,23.25,0.03,42.00,49.65,14.26
6.719,665.50,16.00,23.25,0.03,42.00,49.75,14.26
6.869,665.50,16.00,23.25,0.03,42.00,49.75,14.26
7.019,664.50,16.00,23.25,0.03,42.00,49.75,14.26
7.169,664.50,16.00,23.25,0.03,42.00,49.75,14.26
7.321,664.50,16.00,22.50,0.03,42.00,49.75,14.26
7.470,664.50,16.00,22.50,0.04,42.00,49.75,14.26
7.621,664.50,16.00,22.50,0.04,42.00,49.75,14.26
7.770,664.50,16.00,22.50,0.04,42.00,49.75,14.26
7.919,664.50,16.00,22.50,0.04,42.00,49.75,14.26
8.069,658.50,16.00,22.50,0.04,42.00,49.75,14.26
8.221,658.50,16.00,22.50,0.04,42.00,49.75,14.26
8.369,658.50,16.00,22.50,0.04,42.00,49.75,14.26
8.520,658.50,16.00,22.50,0.04,42.00,49.75,14.26
8.670,658.50,16.00,22.50,0.04,42.00,49.75,14.26
8.821,658.50,16.00,22.50,0.04,42.00,49.75,14.26
8.970,658.50,16.00,22.50,0.04,42.00,49.75,14.26
9.120,658.50,16.00,22.50,0.04,42.00,49.75,14.26
9.271,658.50,16.00,22.50,0.04,42.00,49.75,14.26
9.421,658.50,16.00,23.25,0.04,42.00,49.75,14.26
9.572,658.50,16.00,23.25,0.04,42.00,49.75,14.26
9.722,658.50,16.00,23.25,0.04,42.00,49.75,14.26
9.870,658.50,16.00,23.25,0.04,42.00,49.84,14.26
10.022,658.50,16.00,23.25,0.04,42.00,49.84,14.26
10.169,656.00,16.00,23.25,0.04,42.00,49.84,14.26
10.322,656.00,16.00,23.25,0.04,42.00,49.84,14.26
10.469,656.00,16.00,23.25,0.04,42.00,49.84,14.26
10.622,656.00,16.00,23.25,0.03,42.00,49.84,14.26
10.769,656.00,16.00,23.25,0.03,42.00,49.84,14.26
10.921,656.00,16.00,23.25,0.03,42.00,49.84,14.26
11.069,656.00,16.00,23.25,0.03,42.00,49.84,14.26
11.222,657.00,16.00,23.25,0.03,42.00,49.84,14.26
11.370,657.00,32.00,23.25,0.03,42.00,49.84,14.26
11.521,657.00,32.00,35.25,0.03,42.00,49.84,14.26
11.700,657.00,32.00,35.25,0.02,42.00,49.84,14.26
11.850,657.00,32.00,35.25,0.02,42.00,49.84,14.26
11.999,657.00,32.00,35.25,0.02,42.00,49.84,14.26
12.149,657.00,32.00,35.25,0.02,42.00,49.84,14.26
12.300,1413.50,32.00,35.25,0.02,42.00,49.84,14.26
12.450,1413.50,60.00,35.25,0.02,42.00,49.84,14.26
12.600,1413.50,60.00,37.50,0.02,42.00,49.84,14.26
12.750,1413.50,60.00,37.50,0.22,42.00,49.84,14.26
12.901,1413.50,60.00,37.50,0.22,42.00,49.84,14.26
13.050,1413.50,60.00,37.50,0.22,42.00,49.84,14.26
13.200,1413.50,60.00,37.50,0.22,42.00,49.84,14.26
13.350,1605.00,60.00,37.50,0.22,42.00,49.84,14.26
13.500,1605.00,72.00,37.50,0.22,42.00,49.84,14.26
13.650,1605.00,72.00,45.00,0.22,42.00,49.84,14.26
13.800,1605.00,72.00,45.00,0.64,42.00,49.84,14.26
13.950,1605.00,72.00,45.00,0.64,42.00,49.84,14.26
14.100,1605.00,72.00,45.00,0.64,42.00,49.96,14.26
14.279,1605.00,72.00,45.00,0.64,42.00,49.96,14.26
14.430,1918.50,72.00,45.00,0.64,42.00,49.96,14.26
14.580,1918.50,112.00,45.00,0.64,42.00,49.96,14.26
14.732,1918.50,112.00,49.50,0.64,42.00,49.96,14.26
14.880,1918.50,112.00,49.50,1.59,42.00,49.96,14.26
15.032,1918.50,112.00,49.50,1.59,42.00,49.96,14.26
15.179,1918.50,112.00,49.50,1.59,42.00,50.36,14.26
15.332,1918.50,112.00,49.50,1.59,42.00,50.36,14.26
15.480,2693.50,112.00,49.50,1.59,42.00,50.36,14.26
15.660,2693.50,212.00,49.50,1.59,42.00,50.36,14.26
15.809,2693.50,212.00,74.25,1.59,42.00,50.36,14.26
15.960,2693.50,212.00,74.25,3.87,42.00,50.36,14.26
16.110,2693.50,212.00,74.25,3.87,42.00,50.36,14.26
16.260,2693.50,212.00,74.25,3.87,42.00,51.34,14.26
16.409,2693.50,212.00,74.25,3.87,42.00,51.34,14.26
16.560,4080.50,212.00,74.25,3.87,42.00,51.34,14.26
16.711,4080.50,580.00,74.25,3.87,42.00,51.34,14.26
16.859,4080.50,580.00,117.00,3.87,42.00,51.34,14.26
17.010,4080.50,580.00,117.00,7.99,42.00,51.34,14.26
17.160,4080.50,580.00,117.00,7.99,42.00,51.34,14.26
17.311,4080.50,580.00,117.00,7.99,42.00,54.55,14.26
17.460,4080.50,580.00,117.00,7.99,42.00,54.55,14.26
17.610,5832.00,580.00,117.00,7.99,42.00,54.55,14.26
17.760,5832.00,1020.00,117.00,7.99,42.00,54.55,14.26
17.909,5832.00,1020.00,147.75,7.99,42.00,54.55,14.26
18.122,5832.00,1020.00,147.75,14.91,42.00,54.55,14.26
18.270,5832.00,1020.00,147.75,14.91,42.75,54.55,14.26
18.420,5832.00,1020.00,147.75,14.91,42.75,65.24,14.26
18.570,5832.00,1020.00,147.75,14.91,42.75,65.24,14.26
18.722,7004.50,1020.00,147.75,14.91,42.75,65.24,14.26
18.869,7004.50,696.00,147.75,14.91,42.75,65.24,14.26
19.019,7004.50,696.00,72.75,14.91,42.75,65.24,14.26
19.170,7004.50,696.00,72.75,11.84,42.75,65.24,14.26
19.321,7004.50,696.00,72.75,11.84,44.25,65.24,14.26
19.500,7004.50,696.00,72.75,11.84,44.25,81.95,14.26
19.650,7004.50,696.00,72.75,11.84,44.25,81.95,14.26
19.799,5394.50,696.00,72.75,11.84,44.25,81.95,14.26
19.949,5394.50,1020.00,72.75,11.84,44.25,81.95,14.26
20.099,5394.50,1020.00,180.75,11.84,44.25,81.95,14.26
20.249,5394.50,1020.00,180.75,19.75,44.25,81.95,14.26
20.430,5394.50,1020.00,180.75,19.75,45.00,81.95,14.26
20.579,5394.50,1020.00,180.75,19.75,45.00,97.05,14.26
20.731,5394.50,1020.00,180.75,19.75,45.00,97.05,14.26
20.879,6234.00,1020.00,180.75,19.75,45.00,97.05,14.26
21.031,6234.00,1020.00,180.75,19.75,45.00,97.05,14.26
21.180,6234.00,1020.00,103.50,19.75,45.00,97.05,14.26
21.330,6234.00,1020.00,103.50,13.99,45.00,97.05,14.26
21.480,6234.00,1020.00,103.50,13.99,46.50,97.05,14.26
21.631,6234.00,1020.00,103.50,13.99,46.50,110.94,14.26
21.780,6234.00,1020.00,103.50,13.99,46.50,110.94,14.26
21.959,6257.50,1020.00,103.50,13.99,46.50,110.94,14.26
22.110,6257.50,140.00,103.50,13.99,46.50,110.94,14.26
22.260,6257.50,140.00,18.75,13.99,46.50,110.94,14.26
22.410,6257.50,140.00,18.75,3.23,46.50,110.94,14.26
22.559,6257.50,140.00,18.75,3.23,46.50,110.94,14.26
22.712,6257.50,140.00,18.75,3.23,46.50,116.45,14.26
22.860,6257.50,140.00,18.75,3.23,46.50,116.45,14.26
23.012,6071.00,140.00,18.75,3.23,46.50,116.45,14.26
23.160,6071.00,132.00,18.75,3.23,46.50,116.45,14.26
23.340,6071.00,132.00,24.00,3.23,46.50,116.45,14.26
23.490,6071.00,132.00,24.00,2.70,46.50,116.45,14.26
23.640,6071.00,132.00,24.00,2.70,45.75,116.45,14.26
23.790,6071.00,132.00,24.00,2.70,45.75,114.15,14.26
23.939,6071.00,132.00,24.00,2.70,45.75,114.15,14.26
24.090,5800.00,132.00,24.00,2.70,45.75,114.15,14.26
24.240,5800.00,160.00,24.00,2.70,45.75,114.15,14.26
24.390,5800.00,160.00,24.00,2.70,45.75,114.15,14.26
24.540,5800.00,160.00,24.00,2.54,45.75,114.15,14.26
24.690,5800.00,160.00,24.00,2.54,45.00,114.15,14.26
24.840,5800.00,160.00,24.00,2.54,45.00,108.34,14.26
24.990,5800.00,160.00,24.00,2.54,45.00,108.34,14.26
25.140,5453.50,160.00,24.00,2.54,45.00,108.34,14.26
25.290,5453.50,148.00,24.00,2.54,45.00,108.34,14.26
25.440,5453.50,148.00,24.00,2.54,45.00,108.34,14.26
25.590,5453.50,148.00,24.00,2.26,45.00,108.34,14.26
25.740,5453.50,148.00,24.00,2.26,45.00,108.34,14.26
25.922,5453.50,148.00,24.00,2.26,45.00,102.65,14.26
26.070,5453.50,148.00,24.00,2.26,45.00,102.65,14.26
26.219,4257.50,148.00,24.00,2.26,45.00,102.65,14.26
26.369,4257.50,116.00,24.00,2.26,45.00,102.65,14.26
26.522,4257.50,116.00,24.00,2.26,45.00,102.65,14.26
26.669,4257.50,116.00,24.00,1.73,45.00,102.65,14.26
26.820,4257.50,116.00,24.00,1.73,44.25,102.65,14.26
26.969,4257.50,116.00,24.00,1.73,44.25,98.15,14.26
27.121,4257.50,116.00,24.00,1.73,44.25,98.15,14.26
27.270,4078.00,116.00,24.00,1.73,44.25,98.15,14.26
27.422,4078.00,112.00,24.00,1.73,44.25,98.15,14.26
27.570,4078.00,112.00,24.00,1.73,44.25,98.15,14.26
27.722,4078.00,112.00,24.00,1.49,44.25,98.15,14.26
27.870,4078.00,112.00,24.00,1.49,44.25,98.15,14.26
28.019,4078.00,112.00,24.00,1.49,44.25,93.55,14.26
28.170,4078.00,112.00,24.00,1.49,44.25,93.55,14.26
28.320,3929.00,112.00,24.00,1.49,44.25,93.55,14.26
28.470,3929.00,108.00,24.00,1.49,44.25,93.55,14.26
28.622,3929.00,108.00,24.00,1.49,44.25,93.55,14.26
28.770,3929.00,108.00,24.00,1.37,44.25,93.55,14.26
28.921,3929.00,108.00,24.00,1.37,44.25,93.55,14.26
29.070,3929.00,108.00,24.00,1.37,44.25,89.76,14.26
29.222,3929.00,108.00,24.00,1.37,44.25,89.76,14.26
29.370,3798.50,108.00,24.00,1.37,44.25,89.76,14.26
29.521,3798.50,104.00,24.00,1.37,44.25,89.76,14.26
29.670,3798.50,104.00,24.00,1.37,44.25,89.76,14.26
29.821,3798.50,104.00,24.00,1.29,44.25,89.76,14.26
29.970,3798.50,104.00,24.00,1.29,44.25,89.76,14.26
30.121,3798.50,104.00,24.00,1.29,44.25,86.24,14.26
30.270,3798.50,104.00,24.00,1.29,44.25,86.24,14.26
30.419,3343.00,104.00,24.00,1.29,44.25,86.24,14.26
30.570,3343.00,88.00,24.00,1.29,44.25,86.24,14.26
30.721,3343.00,88.00,23.25,1.29,44.25,86.24,14.26
30.900,3343.00,88.00,23.25,1.15,44.25,86.24,14.26
31.050,3343.00,88.00,23.25,1.15,44.25,86.24,14.26
31.200,3343.00,88.00,23.25,1.15,44.25,83.64,14.26
31.350,3343.00,88.00,23.25,1.15,44.25,83.64,14.26
31.500,2653.50,88.00,23.25,1.15,44.25,83.64,14.26
31.650,2653.50,64.00,23.25,1.15,44.25,83.64,14.26
31.800,2653.50,64.00,21.75,1.15,44.25,83.64,14.26
31.950,2653.50,64.00,21.75,0.85,44.25,83.64,14.26
32.100,2653.50,64.00,21.75,0.85,44.25,83.64,14.26
32.250,2653.50,64.00,21.75,0.85,44.25,81.15,14.26
32.399,2653.50,64.00,21.75,0.85,44.25,81.15,14.26
32.550,2582.00,64.00,21.75,0.85,44.25,81.15,14.26
32.700,2582.00,52.00,21.75,0.85,44.25,81.15,14.26
32.850,2582.00,52.00,43.50,0.85,44.25,81.15,14.26
33.000,2582.00,52.00,43.50,0.80,44.25,81.15,14.26
33.150,2582.00,52.00,43.50,0.80,43.50,81.15,14.26
33.300,2582.00,52.00,43.50,0.80,43.50,79.26,14.26
33.480,2582.00,52.00,43.50,0.80,43.50,79.26,14.26
33.632,2632.50,52.00,43.50,0.80,43.50,79.26,14.26
33.780,2632.50,120.00,43.50,0.80,43.50,79.26,14.26
33.932,2632.50,120.00,39.75,0.80,43.50,79.26,14.26
34.080,2632.50,120.00,39.75,1.67,43.50,79.26,14.26
34.232,2632.50,120.00,39.75,1.67,43.50,79.26,14.26
34.380,2632.50,120.00,39.75,1.67,43.50,77.05,14.26
34.530,2632.50,120.00,39.75,1.67,43.50,77.05,14.26
34.680,2695.50,120.00,39.75,1.67,43.50,77.05,14.26
34.860,2695.50,128.00,39.75,1.67,43.50,77.05,14.26
35.012,2695.50,128.00,38.25,1.67,43.50,77.05,14.26
35.160,2695.50,128.00,38.25,2.15,43.50,77.05,14.26
35.312,2695.50,128.00,38.25,2.15,43.50,77.05,14.26
35.460,2695.50,128.00,38.25,2.15,43.50,75.25,14.26
35.610,2695.50,128.00,38.25,2.15,43.50,75.25,14.26
35.760,2653.50,128.00,38.25,2.15,43.50,75.25,14.26
35.912,2653.50,68.00,38.25,2.15,43.50,75.25,14.26
36.060,2653.50,68.00,21.75,2.15,43.50,75.25,14.26
36.210,2653.50,68.00,21.75,0.99,43.50,75.25,14.26
36.359,2653.50,68.00,21.75,0.99,43.50,75.25,14.26
36.512,2653.50,68.00,21.75,0.99,43.50,74.15,14.26
36.660,2653.50,68.00,21.75,0.99,43.50,74.15,14.26
36.812,2605.50,68.00,21.75,0.99,43.50,74.15,14.26
36.960,2605.50,52.00,21.75,0.99,43.50,74.15,14.26
37.110,2605.50,52.00,17.25,0.99,43.50,74.15,14.26
37.260,2605.50,52.00,17.25,0.74,43.50,74.15,14.26
37.440,2605.50,52.00,17.25,0.74,43.50,74.15,14.26
37.590,2605.50,52.00,17.25,0.74,43.50,73.05,14.26
37.740,2605.50,52.00,17.25,0.74,43.50,73.05,14.26
37.890,2563.00,52.00,17.25,0.74,43.50,73.05,14.26
38.039,2563.00,48.00,17.25,0.74,43.50,73.05,14.26
38.190,2563.00,48.00,17.25,0.74,43.50,73.05,14.26
38.340,2563.00,48.00,17.25,0.56,43.50,73.05,14.26
38.490,2563.00,48.00,17.25,0.56,43.50,73.05,14.26
38.640,2563.00,48.00,17.25,0.56,43.50,72.15,14.26
38.790,2563.00,48.00,17.25,0.56,43.50,72.15,14.26
38.940,2553.00,48.00,17.25,0.56,43.50,72.15,14.26
39.090,2553.00,72.00,17.25,0.56,43.50,72.15,14.26
39.240,2553.00,72.00,27.75,0.56,43.50,72.15,14.26
39.390,2553.00,72.00,27.75,0.55,43.50,72.15,14.26
39.540,2553.00,72.00,27.75,0.55,43.50,72.15,14.26
39.690,2553.00,72.00,27.75,0.55,43.50,71.15,14.26
39.840,2553.00,72.00,27.75,0.55,43.50,71.15,14.27
39.990,2586.00,72.00,27.75,0.55,43.50,71.15,14.27
40.140,2586.00,92.00,27.75,0.55,43.50,71.15,14.27
40.290,2586.00,92.00,31.50,0.55,43.50,71.15,14.27
40.439,2586.00,92.00,31.50,0.91,43.50,71.15,14.27
40.590,2586.00,92.00,31.50,0.91,42.75,71.15,14.27
40.740,2586.00,92.00,31.50,0.91,42.75,70.05,14.27
40.890,2586.00,92.00,31.50,0.91,42.75,70.05,14.27
41.040,2614.00,92.00,31.50,0.91,42.75,70.05,14.27
41.190,2614.00,96.00,31.50,0.91,42.75,70.05,14.27
41.340,2614.00,96.00,33.75,0.91,42.75,70.05,14.27
41.490,2614.00,96.00,33.75,1.16,42.75,70.05,14.27
41.640,2614.00,96.00,33.75,1.16,42.75,70.05,14.27
41.790,2614.00,96.00,33.75,1.16,42.75,69.15,14.27
41.940,2614.00,96.00,33.75,1.16,42.75,69.15,14.27
42.090,2655.50,96.00,33.75,1.16,42.75,69.15,14.27
42.240,2655.50,96.00,33.75,1.16,42.75,69.15,14.27
42.421,2655.50,96.00,32.25,1.16,42.75,69.15,14.27
42.570,2655.50,96.00,32.25,1.32,42.75,69.15,14.27
42.720,2655.50,96.00,32.25,1.32,42.75,69.15,14.27
42.870,2655.50,96.00,32.25,1.32,42.75,68.36,14.27
43.021,2655.50,96.00,32.25,1.32,42.75,68.36,14.27
43.170,2690.50,96.00,32.25,1.32,42.75,68.36,14.27
43.320,2690.50,104.00,32.25,1.32,42.75,68.36,14.27
43.470,2690.50,104.00,33.00,1.32,42.75,68.36,14.27
43.621,2690.50,104.00,33.00,1.38,42.75,68.36,14.27
43.770,2690.50,104.00,33.00,1.38,42.75,68.36,14.27
43.920,2690.50,104.00,33.00,1.38,42.75,67.75,14.27
44.070,2690.50,104.00,33.00,1.38,42.75,67.75,14.27
44.220,2707.00,104.00,33.00,1.38,42.75,67.75,14.27
44.370,2707.00,52.00,33.00,1.38,42.75,67.75,14.27
44.521,2707.00,52.00,17.25,1.38,42.75,67.75,14.27
44.670,2707.00,52.00,17.25,1.06,42.75,67.75,14.27
44.821,2707.00,52.00,17.25,1.06,42.75,67.75,14.27
45.000,2707.00,52.00,17.25,1.06,42.75,67.35,14.27
45.150,2707.00,52.00,17.25,1.06,42.75,67.35,14.27
45.300,2673.00,52.00,17.25,1.06,42.75,67.35,14.27
45.450,2673.00,56.00,17.25,1.06,42.75,67.35,14.27
45.599,2673.00,56.00,19.50,1.06,42.75,67.35,14.27
45.750,2673.00,56.00,19.50,0.72,42.75,67.35,14.27
45.900,2673.00,56.00,19.50,0.72,42.75,67.35,14.27
46.050,2673.00,56.00,19.50,0.72,42.75,66.95,14.27
46.200,2673.00,56.00,19.50,0.72,42.75,66.95,14.27
46.380,2666.50,56.00,19.50,0.72,42.75,66.95,14.27
46.532,2666.50,64.00,19.50,0.72,42.75,66.95,14.27
46.680,2666.50,64.00,21.75,0.72,42.75,66.95,14.27
46.830,2666.50,64.00,21.75,0.66,42.75,66.95,14.27
46.980,2666.50,64.00,21.75,0.66,42.75,66.95,14.27
47.132,2666.50,64.00,21.75,0.66,42.75,66.55,14.27
47.280,2666.50,64.00,21.75,0.66,42.75,66.55,14.27
47.432,2668.00,64.00,21.75,0.66,42.75,66.55,14.27
47.580,2668.00,64.00,21.75,0.66,42.75,66.55,14.27
47.732,2668.00,64.00,21.00,0.66,42.75,66.55,14.27
47.880,2668.00,64.00,21.00,0.63,42.75,66.55,14.27
48.032,2668.00,64.00,21.00,0.63,42.75,66.55,14.27
48.180,2668.00,64.00,21.00,0.63,42.75,66.15,14.27
48.332,2668.00,64.00,21.00,0.63,42.75,66.15,14.27
48.480,2663.00,64.00,21.00,0.63,42.75,66.15,14.27
48.632,2663.00,64.00,21.00,0.63,42.75,66.15,14.27
48.780,2663.00,64.00,21.00,0.63,42.75,66.15,14.27
48.960,2663.00,64.00,21.00,0.62,42.75,66.15,14.27
49.112,2663.00,64.00,21.00,0.62,42.75,66.15,14.27
49.260,2663.00,64.00,21.00,0.62,42.75,65.64,14.27
49.410,2663.00,64.00,21.00,0.62,42.75,65.64,14.27
49.560,2669.50,64.00,21.00,0.62,42.75,65.64,14.27
49.712,2669.50,64.00,21.00,0.62,42.75,65.64,14.27
49.860,2669.50,64.00,21.00,0.62,42.75,65.64,14.27
50.012,2669.50,64.00,21.00,0.62,42.75,65.64,14.27
50.160,2669.50,64.00,21.00,0.62,42.75,65.64,14.27
50.310,2669.50,64.00,21.00,0.62,42.75,65.24,14.27
50.460,2669.50,64.00,21.00,0.62,42.75,65.24,14.27
50.612,2659.50,64.00,21.00,0.62,42.75,65.24,14.27
50.760,2659.50,64.00,21.00,0.62,42.75,65.24,14.27
50.909,2659.50,64.00,21.75,0.62,42.75,65.24,14.27
51.060,2659.50,64.00,21.75,0.61,42.75,65.24,14.27
51.212,2659.50,64.00,21.75,0.61,42.75,65.24,14.27
51.360,2659.50,64.00,21.75,0.61,42.75,64.84,14.27
51.510,2659.50,64.00,21.75,0.61,42.75,64.84,14.27
51.660,2663.50,64.00,21.75,0.61,42.75,64.84,14.27
51.812,2663.50,68.00,21.75,0.61,42.75,64.84,14.27
51.960,2663.50,68.00,22.50,0.61,42.75,64.84,14.27
52.112,2663.50,68.00,22.50,0.62,42.75,64.84,14.27
52.260,2663.50,68.00,22.50,0.62,42.75,64.84,14.27
52.410,2663.50,68.00,22.50,0.62,42.75,64.44,14.27
52.560,2663.50,68.00,22.50,0.62,42.75,64.44,14.27
52.712,2670.50,68.00,22.50,0.62,42.75,64.44,14.27
52.860,2670.50,80.00,22.50,0.62,42.75,64.44,14.27
53.012,2670.50,80.00,26.25,0.62,42.75,64.44,14.27
53.160,2670.50,80.00,26.25,0.72,42.75,64.44,14.27
53.312,2670.50,80.00,26.25,0.72,42.75,64.44,14.27
53.460,2670.50,80.00,26.25,0.72,42.75,64.05,14.27
53.612,2670.50,80.00,26.25,0.72,42.75,64.05,14.27
53.760,2687.00,80.00,26.25,0.72,42.75,64.05,14.27
53.939,2687.00,80.00,26.25,0.72,42.75,64.05,14.27
54.090,2687.00,80.00,26.25,0.72,42.75,64.05,14.27
54.240,2687.00,80.00,26.25,0.84,42.75,64.05,14.27
54.390,2687.00,80.00,26.25,0.84,42.00,64.05,14.27
54.540,2687.00,80.00,26.25,0.84,42.00,63.65,14.27
54.690,2687.00,80.00,26.25,0.84,42.00,63.65,14.27
54.840,2708.50,80.00,26.25,0.84,42.00,63.65,14.27
54.990,2708.50,80.00,26.25,0.84,42.00,63.65,14.27
55.139,2708.50,80.00,25.50,0.84,42.00,63.65,14.27
55.290,2708.50,80.00,25.50,0.84,42.00,63.65,14.27
55.440,2708.50,80.00,25.50,0.84,42.00,63.65,14.27
55.591,2708.50,80.00,25.50,0.84,42.00,63.34,14.27
55.740,2708.50,80.00,25.50,0.84,42.00,63.34,14.27
55.890,2714.50,80.00,25.50,0.84,42.00,63.34,14.27
56.040,2714.50,76.00,25.50,0.84,42.00,63.34,14.27
56.190,2714.50,76.00,25.50,0.84,42.00,63.34,14.27
56.340,2714.50,76.00,25.50,0.81,42.00,63.34,14.27
56.521,2714.50,76.00,25.50,0.81,42.00,63.34,14.27
56.670,2714.50,76.00,25.50,0.81,42.00,63.04,14.27
56.821,2714.50,76.00,25.50,0.81,42.00,63.04,14.27
56.970,2716.50,76.00,25.50,0.81,42.00,63.04,14.27
57.121,2716.50,68.00,25.50,0.81,42.00,63.04,14.27
57.270,2716.50,68.00,18.00,0.81,42.00,63.04,14.27
57.420,2716.50,68.00,18.00,0.78,42.00,63.04,14.27
57.570,2716.50,68.00,18.00,0.78,42.00,63.04,14.27
57.720,2716.50,68.00,18.00,0.78,42.00,62.85,14.27
57.900,2716.50,68.00,18.00,0.78,42.00,62.85,14.27
58.050,2674.00,68.00,18.00,0.78,42.00,62.85,14.27
58.200,2674.00,56.00,18.00,0.78,42.00,62.85,14.27
58.350,2674.00,56.00,21.75,0.78,42.00,62.85,14.27
58.500,2674.00,56.00,21.75,0.62,42.00,62.85,14.27
58.650,2674.00,56.00,21.75,0.62,42.00,62.85,14.27
58.800,2674.00,56.00,21.75,0.62,42.00,62.64,14.27
58.950,2674.00,56.00,21.75,0.62,42.00,62.64,14.27
59.100,2626.50,56.00,21.75,0.62,42.00,62.64,14.27
59.250,2626.50,64.00,21.75,0.62,42.00,62.64,14.27
59.400,2626.50,64.00,18.00,0.62,42.00,62.64,14.27
59.550,2626.50,64.00,18.00,0.73,42.00,62.64,14.27
59.700,2626.50,64.00,18.00,0.73,42.00,62.64,14.27
59.850,2626.50,64.00,18.00,0.73,42.00,62.55,14.27
60.000,2626.50,64.00,18.00,0.73,42.00,62.55,14.27
60.150,2611.00,64.00,18.00,0.73,42.00,62.55,14.27
60.300,2611.00,52.00,18.00,0.73,42.00,62.55,14.27
60.480,2611.00,52.00,17.25,0.73,42.00,62.55,14.27
60.632,2611.00,52.00,17.25,0.57,42.00,62.55,14.27
60.780,2611.00,52.00,17.25,0.57,42.00,62.55,14.27
60.932,2611.00,52.00,17.25,0.57,42.00,62.36,14.27
61.080,2611.00,52.00,17.25,0.57,42.00,62.36,14.27
61.232,2590.00,52.00,17.25,0.57,42.00,62.36,14.27
61.380,2590.00,72.00,17.25,0.57,42.00,62.36,14.27
61.532,2590.00,72.00,24.75,0.57,42.00,62.36,14.27
61.680,2590.00,72.00,24.75,0.60,42.00,62.36,14.27
61.832,2590.00,72.00,24.75,0.60,42.00,62.36,14.27
62.012,2590.00,72.00,24.75,0.60,42.00,62.15,14.27
62.160,2590.00,72.00,24.75,0.60,42.00,62.15,14.27
62.312,2616.50,72.00,24.75,0.60,42.00,62.15,14.27
62.460,2616.50,88.00,24.75,0.60,42.00,62.15,14.27
62.612,2616.50,88.00,29.25,0.60,42.00,62.15,14.27
62.760,2616.50,88.00,29.25,0.83,42.00,62.15,14.27
62.912,2616.50,88.00,29.25,0.83,42.00,62.15,14.27
63.060,2616.50,88.00,29.25,0.83,42.00,61.96,14.27
63.210,2616.50,88.00,29.25,0.83,42.00,61.96,14.27
63.360,2653.00,88.00,29.25,0.83,42.00,61.96,14.27
63.512,2653.00,92.00,29.25,0.83,42.00,61.96,14.27
63.660,2653.00,92.00,29.25,0.83,42.00,61.96,14.27
63.810,2653.00,92.00,29.25,1.06,42.00,61.96,14.27
63.960,2653.00,92.00,29.25,1.06,42.00,61.96,14.27
64.112,2653.00,92.00,29.25,1.06,42.00,61.65,14.27
64.260,2653.00,92.00,29.25,1.06,42.00,61.65,14.27
64.412,2688.00,92.00,29.25,1.06,42.00,61.65,14.27
64.560,2688.00,88.00,29.25,1.06,42.00,61.65,14.27
64.710,2688.00,88.00,27.75,1.06,42.00,61.65,14.27
64.860,2688.00,88.00,27.75,1.11,42.00,61.65,14.27
65.010,2688.00,88.00,27.75,1.11,42.00,61.65,14.27
65.160,2688.00,88.00,27.75,1.11,42.00,61.54,14.27
65.312,2688.00,88.00,27.75,1.11,42.00,61.54,14.27
65.460,2709.50,88.00,27.75,1.11,42.00,61.54,14.27
65.612,2709.50,72.00,27.75,1.11,42.00,61.54,14.27
65.760,2709.50,72.00,22.50,1.11,42.00,61.54,14.27
65.912,2709.50,72.00,22.50,0.89,42.00,61.54,14.27
66.060,2709.50,72.00,22.50,0.89,42.00,61.54,14.27
66.210,2709.50,72.00,22.50,0.89,42.00,61.44,14.27
66.360,2709.50,72.00,22.50,0.89,42.00,61.44,14.27
66.510,2725.50,72.00,22.50,0.89,42.00,61.44,14.27
66.660,2725.50,72.00,22.50,0.89,42.00,61.44,14.27
66.812,2725.50,72.00,23.25,0.89,42.00,61.44,14.27
66.960,2725.50,72.00,23.25,0.75,42.00,61.44,14.27
67.110,2725.50,72.00,23.25,0.75,41.25,61.44,14.27
67.260,2725.50,72.00,23.25,0.75,41.25,61.44,14.27
67.412,2725.50,72.00,23.25,0.75,41.25,61.44,14.27
67.560,2735.50,72.00,23.25,0.75,41.25,61.44,14.27
67.712,2735.50,72.00,23.25,0.75,41.25,61.44,14.27
67.860,2735.50,72.00,23.25,0.75,41.25,61.44,14.27
68.040,2735.50,72.00,23.25,0.74,41.25,61.44,14.27
68.190,2735.50,72.00,23.25,0.74,41.25,61.44,14.27
68.340,2735.50,72.00,23.25,0.74,41.25,61.35,14.27
68.490,2735.50,72.00,23.25,0.74,41.25,61.35,14.27
68.640,2747.50,72.00,23.25,0.74,41.25,61.35,14.27
68.790,2747.50,72.00,23.25,0.74,41.25,61.35,14.27
68.940,2747.50,72.00,22.50,0.74,41.25,61.35,14.27
69.090,2747.50,72.00,22.50,0.73,41.25,61.35,14.27
69.240,2747.50,72.00,22.50,0.73,41.25,61.35,14.27
69.420,2747.50,72.00,22.50,0.73,41.25,61.14,14.27
69.570,2747.50,72.00,22.50,0.73,41.25,61.14,14.27
69.721,2765.00,72.00,22.50,0.73,41.25,61.14,14.27
69.870,2765.00,72.00,22.50,0.73,41.25,61.14,14.27
70.021,2765.00,72.00,22.50,0.73,41.25,61.14,14.27
70.170,2765.00,72.00,22.50,0.72,41.25,61.14,14.27
70.322,2765.00,72.00,22.50,0.72,41.25,61.14,14.27
70.470,2765.00,72.00,22.50,0.72,41.25,61.05,14.27
70.622,2765.00,72.00,22.50,0.72,41.25,61.05,14.27
70.770,2779.50,72.00,22.50,0.72,41.25,61.05,14.27
70.921,2779.50,56.00,22.50,0.72,41.25,61.05,14.27
71.070,2779.50,56.00,18.00,0.72,41.25,61.05,14.27
71.220,2779.50,56.00,18.00,0.73,41.25,61.05,14.27
71.370,2779.50,56.00,18.00,0.73,41.25,61.05,14.27
71.521,2779.50,56.00,18.00,0.73,41.25,60.86,14.27
71.670,2779.50,56.00,18.00,0.73,41.25,60.86,14.27
71.820,2728.50,56.00,18.00,0.73,41.25,60.86,14.27
72.000,2728.50,56.00,18.00,0.73,41.25,60.86,14.27
72.150,2728.50,56.00,18.00,0.73,41.25,60.86,14.27
72.300,2728.50,56.00,18.00,0.65,41.25,60.86,14.27
72.450,2728.50,56.00,18.00,0.65,41.25,60.86,14.27
72.600,2728.50,56.00,18.00,0.65,41.25,60.74,14.27
72.750,2728.50,56.00,18.00,0.65,41.25,60.74,14.27
72.900,2719.50,56.00,18.00,0.65,41.25,60.74,14.27
73.050,2719.50,72.00,18.00,0.65,41.25,60.74,14.27
73.200,2719.50,72.00,22.50,0.65,41.25,60.74,14.27
73.350,2719.50,72.00,22.50,0.67,41.25,60.74,14.27
73.500,2719.50,72.00,22.50,0.67,41.25,60.74,14.27
73.650,2719.50,72.00,22.50,0.67,41.25,60.55,14.27
73.800,2719.50,72.00,22.50,0.67,41.25,60.55,14.27
73.950,2732.50,72.00,22.50,0.67,41.25,60.55,14.27
74.100,2732.50,76.00,22.50,0.67,41.25,60.55,14.27
74.250,2732.50,76.00,24.00,0.67,41.25,60.55,14.27
74.400,2732.50,76.00,24.00,0.70,41.25,60.55,14.27
74.550,2732.50,76.00,24.00,0.70,41.25,60.55,14.27
74.700,2732.50,76.00,24.00,0.70,41.25,60.34,14.27
74.850,2732.50,76.00,24.00,0.70,41.25,60.34,14.27
75.000,2721.00,76.00,24.00,0.70,41.25,60.34,14.27
75.150,2721.00,76.00,24.00,0.70,41.25,60.34,14.27
75.300,2721.00,76.00,26.25,0.70,41.25,60.34,14.27
75.450,2721.00,76.00,26.25,0.74,41.25,60.34,14.27
75.600,2721.00,76.00,26.25,0.74,41.25,60.34,14.27
75.750,2721.00,76.00,26.25,0.74,41.25,60.15,14.27
75.900,2721.00,76.00,26.25,0.74,41.25,60.15,14.27
76.050,2756.50,76.00,26.25,0.74,41.25,60.15,14.27
76.200,2756.50,88.00,26.25,0.74,41.25,60.15,14.27
76.350,2756.50,88.00,27.75,0.74,41.25,60.15,14.27
76.501,2756.50,88.00,27.75,0.91,41.25,60.15,14.27
76.650,2756.50,88.00,27.75,0.91,41.25,60.15,14.27
76.800,2756.50,88.00,27.75,0.91,41.25,60.04,14.27
76.980,2756.50,88.00,27.75,0.91,41.25,60.04,14.27
77.132,2772.50,88.00,27.75,0.91,41.25,60.04,14.27
77.280,2772.50,88.00,27.75,0.91,41.25,60.04,14.27
77.432,2772.50,88.00,27.75,0.91,41.25,60.04,14.27
77.580,2772.50,88.00,27.75,1.01,41.25,60.04,14.27
77.730,2772.50,88.00,27.75,1.01,41.25,60.04,14.27
77.880,2772.50,88.00,27.75,1.01,41.25,59.85,14.27
78.032,2772.50,88.00,27.75,1.01,41.25,59.85,14.27
78.180,2792.50,88.00,27.75,1.01,41.25,59.85,14.27
78.330,2792.50,96.00,27.75,1.01,41.25,59.85,14.27
78.480,2792.50,96.00,30.00,1.01,41.25,59.85,14.27
78.632,2792.50,96.00,30.00,1.11,41.25,59.85,14.27
78.780,2792.50,96.00,30.00,1.11,41.25,59.85,14.27
78.932,2792.50,96.00,30.00,1.11,41.25,59.85,14.27
79.079,2792.50,96.00,30.00,1.11,41.25,59.85,14.27
79.230,2844.00,96.00,30.00,1.11,41.25,59.85,14.27
79.380,2844.00,280.00,30.00,1.11,41.25,59.85,14.27
79.560,2844.00,280.00,93.00,1.11,41.25,59.85,14.27
79.712,2844.00,280.00,93.00,5.99,41.25,59.85,14.27
79.860,2844.00,280.00,93.00,5.99,41.25,59.85,14.27
80.012,2844.00,280.00,93.00,5.99,41.25,59.85,14.27
80.160,2844.00,280.00,93.00,5.99,41.25,59.85,14.27
80.312,3171.50,280.00,93.00,5.99,41.25,59.85,14.27
80.460,3171.50,624.00,93.00,5.99,41.25,59.85,14.27
80.610,3171.50,624.00,165.75,5.99,41.25,59.85,14.27
80.760,3171.50,624.00,165.75,14.81,41.25,59.85,14.27
80.940,3171.50,624.00,165.75,14.81,41.25,59.85,14.27
81.090,3171.50,624.00,165.75,14.81,41.25,64.54,14.27
81.240,3171.50,624.00,165.75,14.81,41.25,64.54,14.27
81.390,3554.00,624.00,165.75,14.81,41.25,64.54,14.27
81.540,3554.00,708.00,165.75,14.81,41.25,64.54,14.27
81.690,3554.00,708.00,168.75,14.81,41.25,64.54,14.27
81.840,3554.00,708.00,168.75,15.46,41.25,64.54,14.27
81.990,3554.00,708.00,168.75,15.46,41.25,64.54,14.27
82.140,3554.00,708.00,168.75,15.46,41.25,76.96,14.27
82.290,3554.00,708.00,168.75,15.46,41.25,76.96,14.27
82.440,3927.50,708.00,168.75,15.46,41.25,76.96,14.27
82.590,3927.50,764.00,168.75,15.46,41.25,76.96,14.27
82.740,3927.50,764.00,164.25,15.46,41.25,76.96,14.27
82.890,3927.50,764.00,164.25,14.77,41.25,76.96,14.27
83.040,3927.50,764.00,164.25,14.77,41.25,76.96,14.27
83.190,3927.50,764.00,164.25,14.77,41.25,87.86,14.27
83.340,3927.50,764.00,164.25,14.77,41.25,87.86,14.27
83.520,3959.50,764.00,164.25,14.77,41.25,87.86,14.27
83.670,3959.50,80.00,164.25,14.77,41.25,87.86,14.27
83.821,3959.50,80.00,18.00,14.77,41.25,87.86,14.27
83.970,3959.50,80.00,18.00,3.09,41.25,87.86,14.27
84.121,3959.50,80.00,18.00,3.09,41.25,87.86,14.27
84.270,3959.50,80.00,18.00,3.09,41.25,96.15,14.27
84.421,3959.50,80.00,18.00,3.09,41.25,96.15,14.27
84.570,3800.50,80.00,18.00,3.09,41.25,96.15,14.27
84.721,3800.50,104.00,18.00,3.09,41.25,96.15,14.27
84.870,3800.50,104.00,24.00,3.09,41.25,96.15,14.27
85.020,3800.50,104.00,24.00,1.74,41.25,96.15,14.27
85.170,3800.50,104.00,24.00,1.74,41.25,96.15,14.27
85.321,3800.50,104.00,24.00,1.74,41.25,97.26,14.27
85.470,3800.50,104.00,24.00,1.74,41.25,97.26,14.27
85.621,3558.00,104.00,24.00,1.74,41.25,97.26,14.27
85.770,3558.00,96.00,24.00,1.74,41.25,97.26,14.27
85.920,3558.00,96.00,24.00,1.74,41.25,97.26,14.27
86.070,3558.00,96.00,24.00,1.42,41.25,97.26,14.27
86.221,3558.00,96.00,24.00,1.42,41.25,97.26,14.27
86.370,3558.00,96.00,24.00,1.42,41.25,95.24,14.27
86.520,3558.00,96.00,24.00,1.42,41.25,95.24,14.27
86.670,3353.00,96.00,24.00,1.42,41.25,95.24,14.27
86.821,3353.00,92.00,24.00,1.42,41.25,95.24,14.27
86.970,3353.00,92.00,24.00,1.42,41.25,95.24,14.27
87.121,3353.00,92.00,24.00,1.25,41.25,95.24,14.27
87.270,3353.00,92.00,24.00,1.25,41.25,95.24,14.27
87.421,3353.00,92.00,24.00,1.25,41.25,91.96,14.27
87.570,3353.00,92.00,24.00,1.25,41.25,91.96,14.27
87.722,3085.00,92.00,24.00,1.25,41.25,91.96,14.27
87.870,3085.00,84.00,24.00,1.25,41.25,91.96,14.27
88.020,3085.00,84.00,24.00,1.25,41.25,91.96,14.27
88.170,3085.00,84.00,24.00,1.10,41.25,91.96,14.27
88.321,3085.00,84.00,24.00,1.10,41.25,91.96,14.27
88.500,3085.00,84.00,24.00,1.10,41.25,88.96,14.27
88.650,3085.00,84.00,24.00,1.10,41.25,88.96,14.27
88.800,2777.00,84.00,24.00,1.10,41.25,88.96,14.27
88.950,2777.00,72.00,24.00,1.10,41.25,88.96,14.27
89.100,2777.00,72.00,22.50,1.10,41.25,88.96,14.27
89.250,2777.00,72.00,22.50,0.96,41.25,88.96,14.27
89.400,2777.00,72.00,22.50,0.96,41.25,88.96,14.27
89.550,2777.00,72.00,22.50,0.96,41.25,86.15,14.27
89.700,2777.00,72.00,22.50,0.96,41.25,86.15,14.27
89.850,2502.50,72.00,22.50,0.96,41.25,86.15,14.27
90.000,2502.50,56.00,22.50,0.96,41.25,86.15,14.27
90.150,2502.50,56.00,36.00,0.96,41.25,86.15,14.27
90.300,2502.50,56.00,36.00,1.13,41.25,86.15,14.27
90.450,2502.50,56.00,36.00,1.13,41.25,86.15,14.27
90.600,2502.50,56.00,36.00,1.13,41.25,83.85,14.27
90.750,2502.50,56.00,36.00,1.13,41.25,83.85,14.27
90.900,2848.50,56.00,36.00,1.13,41.25,83.85,14.27
91.080,2848.50,76.00,36.00,1.13,41.25,83.85,14.27
91.232,2848.50,76.00,22.50,1.13,41.25,83.85,14.27
91.380,2848.50,76.00,22.50,0.80,41.25,83.85,14.27
91.532,2848.50,76.00,22.50,0.80,41.25,83.85,14.27
91.680,2848.50,76.00,22.50,0.80,41.25,81.46,14.27
91.832,2848.50,76.00,22.50,0.80,41.25,81.46,14.27
91.980,3088.00,76.00,22.50,0.80,41.25,81.46,14.27
92.132,3088.00,64.00,22.50,0.80,41.25,81.46,14.27
92.280,3088.00,64.00,18.00,0.80,41.25,81.46,14.27
92.460,3088.00,64.00,18.00,0.75,41.25,81.46,14.27
92.610,3088.00,64.00,18.00,0.75,41.25,81.46,14.27
92.760,3088.00,64.00,18.00,0.75,41.25,79.35,14.27
92.912,3088.00,64.00,18.00,0.75,41.25,79.35,14.27
93.060,2704.50,64.00,18.00,0.75,41.25,79.35,14.27
93.210,2704.50,64.00,18.00,0.75,41.25,79.35,14.27
93.360,2704.50,64.00,21.00,0.75,41.25,79.35,14.27
93.512,2704.50,64.00,21.00,0.81,41.25,79.35,14.27
93.660,2704.50,64.00,21.00,0.81,41.25,79.35,14.27
93.810,2704.50,64.00,21.00,0.81,41.25,77.45,14.27
93.960,2704.50,64.00,21.00,0.81,41.25,77.45,14.27
94.112,3421.00,64.00,21.00,0.81,41.25,77.45,14.27
94.260,3421.00,72.00,21.00,0.81,41.25,77.45,14.27
94.412,3421.00,72.00,18.75,0.81,41.25,77.45,14.27
94.560,3421.00,72.00,18.75,1.47,41.25,77.45,14.27
94.710,3421.00,72.00,18.75,1.47,41.25,77.45,14.27
94.860,3421.00,72.00,18.75,1.47,41.25,75.55,14.27
95.040,3421.00,72.00,18.75,1.47,41.25,75.55,14.27
95.190,2899.00,72.00,18.75,1.47,41.25,75.55,14.27
95.340,2899.00,76.00,18.75,1.47,41.25,75.55,14.27
95.490,2899.00,76.00,22.50,1.47,41.25,75.55,14.27
95.640,2899.00,76.00,22.50,1.05,41.25,75.55,14.27
95.790,2899.00,76.00,22.50,1.05,41.25,75.55,14.27
95.940,2899.00,76.00,22.50,1.05,41.25,74.05,14.27
96.090,2899.00,76.00,22.50,1.05,41.25,74.05,14.27
96.240,2629.50,76.00,22.50,1.05,41.25,74.05,14.27
96.390,2629.50,64.00,22.50,1.05,41.25,74.05,14.27
96.540,2629.50,64.00,21.00,1.05,41.25,74.05,14.27
96.690,2629.50,64.00,21.00,0.86,41.25,74.05,14.27
96.840,2629.50,64.00,21.00,0.86,41.25,74.05,14.27
96.990,2629.50,64.00,21.00,0.86,41.25,72.86,14.27
97.139,2629.50,64.00,21.00,0.86,41.25,72.86,14.27
97.290,2339.00,64.00,21.00,0.86,41.25,72.86,14.27
97.470,2339.00,40.00,21.00,0.86,41.25,72.86,14.27
97.621,2339.00,40.00,15.00,0.86,41.25,72.86,14.27
97.770,2339.00,40.00,15.00,0.67,41.25,72.86,14.27
97.920,2339.00,40.00,15.00,0.67,41.25,72.86,14.27
98.070,2339.00,40.00,15.00,0.67,41.25,71.76,14.27
98.220,2339.00,40.00,15.00,0.67,41.25,71.76,14.27
98.370,2352.00,40.00,15.00,0.67,41.25,71.76,14.27
98.521,2352.00,92.00,15.00,0.67,41.25,71.76,14.27
98.670,2352.00,92.00,38.25,0.67,41.25,71.76,14.27
98.820,2352.00,92.00,38.25,0.82,41.25,71.76,14.27
98.970,2352.00,92.00,38.25,0.82,41.25,71.76,14.27
99.120,2352.00,92.00,38.25,0.82,41.25,70.84,14.27
99.270,2352.00,92.00,38.25,0.82,41.25,70.84,14.27
99.421,1799.00,92.00,38.25,0.82,41.25,70.84,14.27
99.570,1799.00,148.00,38.25,0.82,41.25,70.84,14.27
99.720,1799.00,148.00,81.75,0.82,41.25,70.84,14.27
99.870,1799.00,148.00,81.75,2.41,41.25,70.84,14.27
100.021,1799.00,148.00,81.75,2.41,41.25,70.84,14.27
100.170,1799.00,148.00,81.75,2.41,41.25,69.86,14.27
100.321,1799.00,148.00,81.75,2.41,41.25,69.86,14.27
100.470,2421.50,148.00,81.75,2.41,41.25,69.86,14.27
100.621,2421.50,336.00,81.75,2.41,41.25,69.86,14.27
100.770,2421.50,336.00,126.00,2.41,41.25,69.86,14.27
100.921,2421.50,336.00,126.00,11.25,41.25,69.86,14.27
101.070,2421.50,336.00,126.00,11.25,41.25,69.86,14.27
101.221,2421.50,336.00,126.00,11.25,41.25,69.74,14.27
101.370,2421.50,336.00,126.00,11.25,41.25,69.74,14.27
101.520,3408.50,336.00,126.00,11.25,41.25,69.74,14.27
101.670,3408.50,688.00,126.00,11.25,41.25,69.74,14.27
101.821,3408.50,688.00,166.50,11.25,41.25,69.74,14.27
101.970,3408.50,688.00,166.50,15.05,41.25,69.74,14.27
102.121,3408.50,688.00,166.50,15.05,41.25,69.74,14.27
102.270,3408.50,688.00,166.50,15.05,41.25,75.65,14.27
102.421,3408.50,688.00,166.50,15.05,41.25,75.65,14.27
102.601,4431.00,688.00,166.50,15.05,41.25,75.65,14.27
102.750,4431.00,884.00,166.50,15.05,41.25,75.65,14.27
102.900,4431.00,884.00,169.50,15.05,41.25,75.65,14.27
103.050,4431.00,884.00,169.50,17.09,41.25,75.65,14.27
103.200,4431.00,884.00,169.50,17.09,41.25,75.65,14.27
103.350,4431.00,884.00,169.50,17.09,41.25,87.25,14.27
103.501,4431.00,884.00,169.50,17.09,41.25,87.25,14.27
103.650,5328.50,884.00,169.50,17.09,41.25,87.25,14.27
103.800,5328.50,1020.00,169.50,17.09,41.25,87.25,14.27
103.980,5328.50,1020.00,178.50,17.09,41.25,87.25,14.27
104.133,5328.50,1020.00,178.50,19.24,41.25,87.25,14.27
104.280,5328.50,1020.00,178.50,19.24,42.00,87.25,14.27
104.432,5328.50,1020.00,178.50,19.24,42.00,101.36,14.27
104.580,5328.50,1020.00,178.50,19.24,42.00,101.36,14.27
104.733,6287.00,1020.00,178.50,19.24,42.00,101.36,14.27
104.880,6287.00,1020.00,178.50,19.24,42.00,101.36,14.27
105.033,6287.00,1020.00,160.50,19.24,42.00,101.36,14.27
105.180,6287.00,1020.00,160.50,17.50,42.00,101.36,14.27
105.333,6287.00,1020.00,160.50,17.50,44.25,101.36,14.27
105.480,6287.00,1020.00,160.50,17.50,44.25,115.75,14.27
105.633,6287.00,1020.00,160.50,17.50,44.25,115.75,14.27
105.780,6659.50,1020.00,160.50,17.50,44.25,115.75,14.27
105.932,6659.50,176.00,160.50,17.50,44.25,115.75,14.27
106.080,6659.50,176.00,23.25,17.50,44.25,115.75,14.27
106.232,6659.50,176.00,23.25,6.45,44.25,115.75,14.27
106.380,6659.50,176.00,23.25,6.45,45.75,115.75,14.27
106.560,6659.50,176.00,23.25,6.45,45.75,127.75,14.27
106.712,6659.50,176.00,23.25,6.45,45.75,127.75,14.27
106.860,6352.50,176.00,23.25,6.45,45.75,127.75,14.27
107.010,6352.50,180.00,23.25,6.45,45.75,127.75,14.27
107.160,6352.50,180.00,24.00,6.45,45.75,127.75,14.27
107.312,6352.50,180.00,24.00,3.44,45.75,127.75,14.27
107.460,6352.50,180.00,24.00,3.44,45.00,127.75,14.27
107.612,6352.50,180.00,24.00,3.44,45.00,129.55,14.27
107.760,6352.50,180.00,24.00,3.44,45.00,129.55,14.27
107.912,6110.00,180.00,24.00,3.44,45.00,129.55,14.27
108.060,6110.00,168.00,24.00,3.44,45.00,129.55,14.27
108.212,6110.00,168.00,24.00,3.44,45.00,129.55,14.27
108.360,6110.00,168.00,24.00,2.94,45.00,129.55,14.27
108.510,6110.00,168.00,24.00,2.94,44.25,129.55,14.27
108.660,6110.00,168.00,24.00,2.94,44.25,124.65,14.27
108.810,6110.00,168.00,24.00,2.94,44.25,124.65,14.27
108.960,5866.50,168.00,24.00,2.94,44.25,124.65,14.27
109.112,5866.50,164.00,24.00,2.94,44.25,124.65,14.27
109.260,5866.50,164.00,24.00,2.94,44.25,124.65,14.27
109.410,5866.50,164.00,24.00,2.69,44.25,124.65,14.27
109.560,5866.50,164.00,24.00,2.69,43.50,124.65,14.27
109.712,5866.50,164.00,24.00,2.69,43.50,119.24,14.27
109.860,5866.50,164.00,24.00,2.69,43.50,119.24,14.27
110.012,5627.00,164.00,24.00,2.69,43.50,119.24,14.27
110.160,5627.00,156.00,24.00,2.69,43.50,119.24,14.27
110.312,5627.00,156.00,24.00,2.69,43.50,119.24,14.27
110.460,5627.00,156.00,24.00,2.49,43.50,119.24,14.27
110.610,5627.00,156.00,24.00,2.49,43.50,119.24,14.27
110.760,5627.00,156.00,24.00,2.49,43.50,113.55,14.27
110.912,5627.00,156.00,24.00,2.49,43.50,113.55,14.27
111.060,5384.50,156.00,24.00,2.49,43.50,113.55,14.27
111.212,5384.50,152.00,24.00,2.49,43.50,113.55,14.27
111.360,5384.50,152.00,24.00,2.49,43.50,113.55,14.27
111.540,5384.50,152.00,24.00,2.33,43.50,113.55,14.27
111.690,5384.50,152.00,24.00,2.33,42.75,113.55,14.27
111.840,5384.50,152.00,24.00,2.33,42.75,107.94,14.27
111.990,5384.50,152.00,24.00,2.33,42.75,107.94,14.27
112.140,5173.00,152.00,24.00,2.33,42.75,107.94,14.27
112.290,5173.00,144.00,24.00,2.33,42.75,107.94,14.27
112.440,5173.00,144.00,24.00,2.33,42.75,107.94,14.27
112.590,5173.00,144.00,24.00,2.16,42.75,107.94,14.27
112.740,5173.00,144.00,24.00,2.16,42.75,107.94,14.27
112.890,5173.00,144.00,24.00,2.16,42.75,103.75,14.27
113.040,5173.00,144.00,24.00,2.16,42.75,103.75,14.27
113.190,4700.00,144.00,24.00,2.16,42.75,103.75,14.27
113.340,4700.00,128.00,24.00,2.16,42.75,103.75,14.27
113.490,4700.00,128.00,24.00,2.16,42.75,103.75,14.27
113.640,4700.00,128.00,24.00,1.93,42.75,103.75,14.27
113.790,4700.00,128.00,24.00,1.93,43.50,103.75,14.27
113.940,4700.00,128.00,24.00,1.93,43.50,99.95,14.27
114.120,4700.00,128.00,24.00,1.93,43.50,99.95,14.27
114.270,3800.00,128.00,24.00,1.93,43.50,99.95,14.27
114.420,3800.00,104.00,24.00,1.93,43.50,99.95,14.27
114.570,3800.00,104.00,24.00,1.93,43.50,99.95,14.27
114.720,3800.00,104.00,24.00,1.52,43.50,99.95,14.27
114.870,3800.00,104.00,24.00,1.52,43.50,99.95,14.27
115.022,3800.00,104.00,24.00,1.52,43.50,96.55,14.27
115.170,3800.00,104.00,24.00,1.52,43.50,96.55,14.27
115.322,3117.00,104.00,24.00,1.52,43.50,96.55,14.27
115.500,3117.00,80.00,24.00,1.52,43.50,96.55,14.27
115.650,3117.00,80.00,22.50,1.52,43.50,96.55,14.27
115.800,3117.00,80.00,22.50,1.20,43.50,96.55,14.27
115.950,3117.00,80.00,22.50,1.20,43.50,96.55,14.27
116.100,3117.00,80.00,22.50,1.20,43.50,93.95,14.27
116.250,3117.00,80.00,22.50,1.20,43.50,93.95,14.27
116.400,2778.00,80.00,22.50,1.20,43.50,93.95,14.27
116.550,2778.00,72.00,22.50,1.20,43.50,93.95,14.27
116.700,2778.00,72.00,22.50,1.20,43.50,93.95,14.27
116.850,2778.00,72.00,22.50,0.93,43.50,93.95,14.27
117.000,2778.00,72.00,22.50,0.93,42.75,93.95,14.27
117.150,2778.00,72.00,22.50,0.93,42.75,91.44,14.27
117.300,2778.00,72.00,22.50,0.93,42.75,91.44,14.27
117.450,2727.50,72.00,22.50,0.93,42.75,91.44,14.27
117.600,2727.50,56.00,22.50,0.93,42.75,91.44,14.27
117.750,2727.50,56.00,17.25,0.93,42.75,91.44,14.27
117.900,2727.50,56.00,17.25,0.73,42.75,91.44,14.27
118.080,2727.50,56.00,17.25,0.73,42.75,91.44,14.27
118.232,2727.50,56.00,17.25,0.73,42.75,89.36,14.27
118.380,2727.50,56.00,17.25,0.73,42.75,89.36,14.27
118.532,2724.00,56.00,17.25,0.73,42.75,89.36,14.27
118.680,2724.00,80.00,17.25,0.73,42.75,89.36,14.27
118.832,2724.00,80.00,29.25,0.73,42.75,89.36,14.27
118.980,2724.00,80.00,29.25,0.69,42.75,89.36,14.27
119.130,2724.00,80.00,29.25,0.69,42.75,89.36,14.27
119.280,2724.00,80.00,29.25,0.69,42.75,87.86,14.27
119.433,2724.00,80.00,29.25,0.69,42.75,87.86,14.27
119.580,2775.00,80.00,29.25,0.69,42.75,87.86,14.27
119.733,2775.00,132.00,29.25,0.69,42.75,87.86,14.27
119.880,2775.00,132.00,42.75,0.69,42.75,87.86,14.27
120.032,2775.00,132.00,42.75,1.89,42.75,87.86,14.27
120.180,2775.00,132.00,42.75,1.89,42.75,87.86,14.27
120.333,2775.00,132.00,42.75,1.89,42.75,85.96,14.27
120.480,2775.00,132.00,42.75,1.89,42.75,85.96,14.27
120.630,2841.50,132.00,42.75,1.89,42.75,85.96,14.27
120.780,2841.50,144.00,42.75,1.89,42.75,85.96,14.27
120.932,2841.50,144.00,43.50,1.89,42.75,85.96,14.27
121.080,2841.50,144.00,43.50,2.88,42.75,85.96,14.27
121.232,2841.50,144.00,43.50,2.88,42.75,85.96,14.27
121.380,2841.50,144.00,43.50,2.88,42.75,84.55,14.27
121.532,2841.50,144.00,43.50,2.88,42.75,84.55,14.27
121.680,2898.50,144.00,43.50,2.88,42.75,84.55,14.27
121.832,2898.50,156.00,43.50,2.88,42.75,84.55,14.27
121.980,2898.50,156.00,45.75,2.88,42.75,84.55,14.27
122.132,2898.50,156.00,45.75,3.25,42.75,84.55,14.27
122.280,2898.50,156.00,45.75,3.25,42.75,84.55,14.27
122.433,2898.50,156.00,45.75,3.25,42.75,83.64,14.27
122.580,2898.50,156.00,45.75,3.25,42.75,83.64,14.27
122.732,2981.00,156.00,45.75,3.25,42.75,83.64,14.27
122.880,2981.00,148.00,45.75,3.25,42.75,83.64,14.27
123.060,2981.00,148.00,42.00,3.25,42.75,83.64,14.27
123.212,2981.00,148.00,42.00,3.39,42.75,83.64,14.27
123.360,2981.00,148.00,42.00,3.39,42.75,83.64,14.27
123.512,2981.00,148.00,42.00,3.39,42.75,83.36,14.27
123.660,2981.00,148.00,42.00,3.39,42.75,83.36,14.27
123.813,3041.00,148.00,42.00,3.39,42.75,83.36,14.27
123.960,3041.00,156.00,42.00,3.39,42.75,83.36,14.27
124.111,3041.00,156.00,44.25,3.39,42.75,83.36,14.27
124.260,3041.00,156.00,44.25,3.41,42.75,83.36,14.27
124.412,3041.00,156.00,44.25,3.41,42.75,83.36,14.27
124.560,3041.00,156.00,44.25,3.41,42.75,83.24,14.27
124.710,3041.00,156.00,44.25,3.41,42.75,83.24,14.27
124.860,3041.50,156.00,44.25,3.41,42.75,83.24,14.27
125.010,3041.50,64.00,44.25,3.41,42.75,83.24,14.27
125.160,3041.50,64.00,18.00,3.41,42.75,83.24,14.27
125.313,3041.50,64.00,18.00,2.15,42.75,83.24,14.27
125.460,3041.50,64.00,18.00,2.15,42.75,83.24,14.27
125.640,3041.50,64.00,18.00,2.15,42.75,83.24,14.27
125.790,3041.50,64.00,18.00,2.15,42.75,83.24,14.27
125.940,3015.00,64.00,18.00,2.15,42.75,83.24,14.27
126.090,3015.00,80.00,18.00,2.15,42.75,83.24,14.27
126.240,3015.00,80.00,24.00,2.15,42.75,83.24,14.27
126.390,3015.00,80.00,24.00,1.22,42.75,83.24,14.27
126.540,3015.00,80.00,24.00,1.22,42.00,83.24,14.27
126.690,3015.00,80.00,24.00,1.22,42.00,83.15,14.27
126.840,3015.00,80.00,24.00,1.22,42.00,83.15,14.27
127.020,2939.00,80.00,24.00,1.22,42.00,83.15,14.27
127.170,2939.00,80.00,24.00,1.22,42.00,83.15,14.27
127.320,2939.00,80.00,23.25,1.22,42.00,83.15,14.27
127.470,2939.00,80.00,23.25,1.05,42.00,83.15,14.27
127.621,2939.00,80.00,23.25,1.05,42.00,83.15,14.27
127.770,2939.00,80.00,23.25,1.05,42.00,82.44,14.27
127.921,2939.00,80.00,23.25,1.05,42.00,82.44,14.27
128.070,2865.00,80.00,23.25,1.05,42.00,82.44,14.27
128.222,2865.00,76.00,23.25,1.05,42.00,82.44,14.27
128.370,2865.00,76.00,22.50,1.05,42.00,82.44,14.27
128.521,2865.00,76.00,22.50,0.94,42.00,82.44,14.27
128.670,2865.00,76.00,22.50,0.94,42.00,82.44,14.27
128.821,2865.00,76.00,22.50,0.94,42.00,81.65,14.27
128.970,2865.00,76.00,22.50,0.94,42.00,81.65,14.27
129.122,2802.00,76.00,22.50,0.94,42.00,81.65,14.27
129.271,2802.00,72.00,22.50,0.94,42.00,81.65,14.27
129.421,2802.00,72.00,22.50,0.94,42.00,81.65,14.27
129.601,2802.00,72.00,22.50,0.88,42.00,81.65,14.27
129.750,2802.00,72.00,22.50,0.88,42.00,81.65,14.27
129.900,2802.00,72.00,22.50,0.88,42.00,80.85,14.27
130.050,2802.00,72.00,22.50,0.88,42.00,80.85,14.27
130.201,2718.50,72.00,22.50,0.88,42.00,80.85,14.27
130.350,2718.50,68.00,22.50,0.88,42.00,80.85,14.27
130.500,2718.50,68.00,21.75,0.88,42.00,80.85,14.27
130.650,2718.50,68.00,21.75,0.81,42.00,80.85,14.27
130.800,2718.50,68.00,21.75,0.81,42.00,80.85,14.27
130.950,2718.50,68.00,21.75,0.81,42.00,80.05,14.27
131.101,2718.50,68.00,21.75,0.81,42.00,80.05,14.27
131.250,2650.50,68.00,21.75,0.81,42.00,80.05,14.27
131.401,2650.50,64.00,21.75,0.81,42.00,80.05,14.27
131.550,2650.50,64.00,21.75,0.81,42.00,80.05,14.27
131.701,2650.50,64.00,21.75,0.77,42.00,80.05,14.27
131.850,2650.50,64.00,21.75,0.77,42.00,80.05,14.27
132.000,2650.50,64.00,21.75,0.77,42.00,79.26,14.27
132.150,2650.50,64.00,21.75,0.77,42.00,79.26,14.27
132.301,2582.00,64.00,21.75,0.77,42.00,79.26,14.27
132.450,2582.00,64.00,21.75,0.77,42.00,79.26,14.27
132.601,2582.00,64.00,21.00,0.77,42.00,79.26,14.27
132.750,2582.00,64.00,21.00,0.74,42.00,79.26,14.27
132.900,2582.00,64.00,21.00,0.74,42.00,79.26,14.27
133.050,2582.00,64.00,21.00,0.74,42.00,78.55,14.27
133.201,2582.00,64.00,21.00,0.74,42.00,78.55,14.27
133.350,2518.50,64.00,21.00,0.74,42.00,78.55,14.27
133.501,2518.50,60.00,21.00,0.74,42.00,78.55,14.27
133.651,2518.50,60.00,21.00,0.74,42.00,78.55,14.27
133.801,2518.50,60.00,21.00,0.68,42.00,78.55,14.27
133.950,2518.50,60.00,21.00,0.68,42.00,78.55,14.27
134.100,2518.50,60.00,21.00,0.68,42.00,77.94,14.27
134.250,2518.50,60.00,21.00,0.68,42.00,77.94,14.27
134.401,2451.50,60.00,21.00,0.68,42.00,77.94,14.27
134.580,2451.50,48.00,21.00,0.68,42.00,77.94,14.27
134.730,2451.50,48.00,21.75,0.68,42.00,77.94,14.27
134.880,2451.50,48.00,21.75,0.60,42.00,77.94,14.27
135.033,2451.50,48.00,21.75,0.60,42.00,77.94,14.27
135.180,2451.50,48.00,21.75,0.60,42.00,77.45,14.27
135.330,2451.50,48.00,21.75,0.60,42.00,77.45,14.27
135.480,2450.00,48.00,21.75,0.60,42.00,77.45,14.27
135.633,2450.00,60.00,21.75,0.60,42.00,77.45,14.27
135.780,2450.00,60.00,21.75,0.60,42.00,77.45,14.27
135.932,2450.00,60.00,21.75,0.63,42.00,77.45,14.27
136.081,2450.00,60.00,21.75,0.63,42.00,77.45,14.27
136.233,2450.00,60.00,21.75,0.63,42.00,76.84,14.27
136.380,2450.00,60.00,21.75,0.63,42.00,76.84,14.27
136.533,2440.50,60.00,21.75,0.63,42.00,76.84,14.27
136.680,2440.50,44.00,21.75,0.63,42.00,76.84,14.27
137.101,2440.50,44.00,16.50,0.63,42.00,76.84,14.27
137.370,2440.50,44.00,16.50,0.49,42.00,76.84,14.27
137.610,2440.50,44.00,16.50,0.49,42.00,76.84,14.27
137.850,2440.50,44.00,16.50,0.49,42.00,75.95,14.27
138.091,2440.50,44.00,16.50,0.49,42.00,75.95,14.27
138.333,2331.00,44.00,16.50,0.49,42.00,75.95,14.27
138.570,2331.00,48.00,16.50,0.49,42.00,75.95,14.27
138.811,2331.00,48.00,28.50,0.49,42.00,75.95,14.27
139.051,2331.00,48.00,28.50,0.74,42.00,75.95,14.27
139.290,2331.00,48.00,28.50,0.74,42.00,75.95,14.27
139.533,2331.00,48.00,28.50,0.74,42.00,75.25,14.27
139.771,2331.00,48.00,28.50,0.74,42.00,75.25,14.27
140.013,2989.50,48.00,28.50,0.74,42.00,75.25,14.27
140.250,2989.50,324.00,28.50,0.74,42.00,75.25,14.27
140.490,2989.50,324.00,112.50,0.74,42.00,75.25,14.27
140.733,2989.50,324.00,112.50,11.24,42.00,75.25,14.27
141.001,2989.50,324.00,112.50,11.24,42.00,75.25,14.27
141.240,2989.50,324.00,112.50,11.24,42.00,75.15,14.27
141.480,2989.50,324.00,112.50,11.24,42.00,75.15,14.27
141.722,3964.00,324.00,112.50,11.24,42.00,75.15,14.27
141.960,3964.00,804.00,112.50,11.24,42.00,75.15,14.27
142.201,3964.00,804.00,165.75,11.24,42.00,75.15,14.27
142.471,3964.00,804.00,165.75,15.62,42.00,75.15,14.27
142.713,3964.00,804.00,165.75,15.62,42.00,75.15,14.27
142.950,3964.00,804.00,165.75,15.62,42.00,90.55,14.27
143.191,3964.00,804.00,165.75,15.62,42.00,90.55,14.27
143.433,4951.50,804.00,165.75,15.62,42.00,90.55,14.27
143.671,4951.50,1020.00,165.75,15.62,42.00,90.55,14.27
143.910,4951.50,1020.00,184.50,15.62,42.00,90.55,14.27
144.150,4951.50,1020.00,184.50,19.52,42.00,90.55,14.27
144.390,4951.50,1020.00,184.50,19.52,43.50,90.55,14.27
144.633,4951.50,1020.00,184.50,19.52,43.50,111.25,14.27
144.870,4951.50,1020.00,184.50,19.52,43.50,111.25,14.27
145.113,5871.50,1020.00,184.50,19.52,43.50,111.25,14.27
145.350,5871.50,1020.00,184.50,19.52,43.50,111.25,14.27
145.590,5871.50,1020.00,166.50,19.52,43.50,111.25,14.27
145.833,5871.50,1020.00,166.50,18.20,43.50,111.25,14.27
146.101,5871.50,1020.00,166.50,18.20,46.50,111.25,14.27
146.340,5871.50,1020.00,166.50,18.20,46.50,130.44,14.27
146.581,5871.50,1020.00,166.50,18.20,46.50,130.44,14.26
146.822,6609.00,1020.00,166.50,18.20,46.50,130.44,14.26
147.061,6609.00,1020.00,166.50,18.20,46.50,130.44,14.26
147.300,6609.00,1020.00,162.00,18.20,46.50,130.44,14.26
147.540,6609.00,1020.00,162.00,24.59,46.50,130.44,14.26
147.780,6609.00,1020.00,162.00,24.59,50.25,130.44,14.26
148.022,6609.00,1020.00,162.00,24.59,50.25,146.55,14.26
148.261,6609.00,1020.00,162.00,24.59,50.25,146.55,14.26
148.502,6518.50,1020.00,162.00,24.59,50.25,146.55,14.26
148.741,6518.50,188.00,162.00,24.59,50.25,146.55,14.26
148.981,6518.50,188.00,24.75,24.59,50.25,146.55,14.26
149.222,6518.50,188.00,24.75,3.68,50.25,146.55,14.26
149.460,6518.50,188.00,24.75,3.68,48.75,146.55,14.26
149.701,6518.50,188.00,24.75,3.68,48.75,149.94,14.26
149.941,6518.50,188.00,24.75,3.68,48.75,149.94,14.26
150.181,6166.50,188.00,24.75,3.68,48.75,149.94,14.26
150.422,6166.50,172.00,24.75,3.68,48.75,149.94,14.26
150.661,6166.50,172.00,24.00,3.68,48.75,149.94,14.26
150.901,6166.50,172.00,24.00,2.93,48.75,149.94,14.26
151.141,6166.50,172.00,24.00,2.93,47.25,149.94,14.26
151.381,6166.50,172.00,24.00,2.93,47.25,139.26,14.26
151.622,6166.50,172.00,24.00,2.93,47.25,139.26,14.26
151.861,5887.00,172.00,24.00,2.93,47.25,139.26,14.26
152.101,5887.00,164.00,24.00,2.93,47.25,139.26,14.26
152.341,5887.00,164.00,24.00,2.93,47.25,139.26,14.26
152.581,5887.00,164.00,24.00,2.65,47.25,139.26,14.26
152.820,5887.00,164.00,24.00,2.65,46.50,139.26,14.26
153.061,5887.00,164.00,24.00,2.65,46.50,128.45,14.26
153.301,5887.00,164.00,24.00,2.65,46.50,128.45,14.26
153.540,5109.50,164.00,24.00,2.65,46.50,128.45,14.26
153.781,5109.50,132.00,24.00,2.65,46.50,128.45,14.26
154.020,5109.50,132.00,24.00,2.65,46.50,128.45,14.26
154.261,5109.50,132.00,24.00,2.04,46.50,128.45,14.26
154.501,5109.50,132.00,24.00,2.04,46.50,128.45,14.26
154.741,5109.50,132.00,24.00,2.04,46.50,119.24,14.26
154.981,5109.50,132.00,24.00,2.04,46.50,119.24,14.26
155.222,3667.50,132.00,24.00,2.04,46.50,119.24,14.26
155.461,3667.50,88.00,24.00,2.04,46.50,119.24,14.26
155.701,3667.50,88.00,24.00,2.04,46.50,119.24,14.26
155.941,3667.50,88.00,24.00,1.35,46.50,119.24,14.26
156.181,3667.50,88.00,24.00,1.35,46.50,119.24,14.26
156.422,3667.50,88.00,24.00,1.35,46.50,112.54,14.26
156.660,3667.50,88.00,24.00,1.35,46.50,112.54,14.26
156.901,2495.00,88.00,24.00,1.35,46.50,112.54,14.26
157.141,2495.00,60.00,24.00,1.35,46.50,112.54,14.26
157.381,2495.00,60.00,21.00,1.35,46.50,112.54,14.26
157.622,2495.00,60.00,21.00,0.84,46.50,112.54,14.26
157.861,2495.00,60.00,21.00,0.84,45.75,112.54,14.26
158.101,2495.00,60.00,21.00,0.84,45.75,107.45,14.26
158.551,2495.00,60.00,21.00,0.84,45.75,107.45,14.26
158.791,1880.00,60.00,21.00,0.84,45.75,107.45,14.26
159.033,1880.00,36.00,21.00,0.84,45.75,107.45,14.26
159.270,1880.00,36.00,17.25,0.84,45.75,107.45,14.26
159.513,1880.00,36.00,17.25,0.38,45.75,107.45,14.26
159.751,1880.00,36.00,17.25,0.38,45.75,107.45,14.26
159.991,1880.00,36.00,17.25,0.38,45.75,103.75,14.26
160.233,1880.00,36.00,17.25,0.38,45.75,103.75,14.26
160.471,1846.00,36.00,17.25,0.38,45.75,103.75,14.26
160.713,1846.00,28.00,17.25,0.38,45.75,103.75,14.26
160.950,1846.00,28.00,12.00,0.38,45.75,103.75,14.26
161.191,1846.00,28.00,12.00,0.25,45.75,103.75,14.26
161.461,1846.00,28.00,12.00,0.25,45.75,103.75,14.26
161.701,1846.00,28.00,12.00,0.25,45.75,101.24,14.26
161.941,1846.00,28.00,12.00,0.25,45.75,101.24,14.26
162.181,1823.50,28.00,12.00,0.25,45.75,101.24,14.26
162.422,1823.50,104.00,12.00,0.25,45.75,101.24,14.26
162.661,1823.50,104.00,49.50,0.25,45.75,101.24,14.26
162.901,1823.50,104.00,49.50,1.73,45.75,101.24,14.26
163.141,1823.50,104.00,49.50,1.73,45.00,101.24,14.26
163.381,1823.50,104.00,49.50,1.73,45.00,97.96,14.26
163.621,1823.50,104.00,49.50,1.73,45.00,97.96,14.26
163.861,1843.00,104.00,49.50,1.73,45.00,97.96,14.26
164.101,1843.00,112.00,49.50,1.73,45.00,97.96,14.26
164.341,1843.00,112.00,52.50,1.73,45.00,97.96,14.26
164.581,1843.00,112.00,52.50,2.43,45.00,97.96,14.26
164.822,1843.00,112.00,52.50,2.43,45.00,97.96,14.26
165.061,1843.00,112.00,52.50,2.43,45.00,95.05,14.26
165.301,1843.00,112.00,52.50,2.43,45.00,95.05,14.25
165.541,1859.50,112.00,52.50,2.43,45.00,95.05,14.25
165.781,1859.50,108.00,52.50,2.43,45.00,95.05,14.25
166.022,1859.50,108.00,50.25,2.43,45.00,95.05,14.25
166.261,1859.50,108.00,50.25,2.46,45.00,95.05,14.25
166.501,1859.50,108.00,50.25,2.46,44.25,95.05,14.25
166.741,1859.50,108.00,50.25,2.46,44.25,93.25,14.25
166.981,1859.50,108.00,50.25,2.46,44.25,93.25,14.25
167.222,1870.50,108.00,50.25,2.46,44.25,93.25,14.25
167.461,1870.50,104.00,50.25,2.46,44.25,93.25,14.25
167.701,1870.50,104.00,47.25,2.46,44.25,93.25,14.25
167.941,1870.50,104.00,47.25,2.26,44.25,93.25,14.25
168.181,1870.50,104.00,47.25,2.26,44.25,93.25,14.25
168.422,1870.50,104.00,47.25,2.26,44.25,91.84,14.25
168.661,1870.50,104.00,47.25,2.26,44.25,91.84,14.25
168.901,1868.50,104.00,47.25,2.26,44.25,91.84,14.25
169.141,1868.50,36.00,47.25,2.26,44.25,91.84,14.25
169.380,1868.50,36.00,12.00,2.26,44.25,91.84,14.25
169.622,1868.50,36.00,12.00,1.04,44.25,91.84,14.25
169.861,1868.50,36.00,12.00,1.04,44.25,91.84,14.25
170.100,1868.50,36.00,12.00,1.04,44.25,90.86,14.25
170.341,1868.50,36.00,12.00,1.04,44.25,90.86,14.25
170.581,1851.50,36.00,12.00,1.04,44.25,90.86,14.25
170.821,1851.50,80.00,12.00,1.04,44.25,90.86,14.25
171.061,1851.50,80.00,42.00,1.04,44.25,90.86,14.25
171.301,1851.50,80.00,42.00,1.03,44.25,90.86,14.25
171.541,1851.50,80.00,42.00,1.03,44.25,90.86,14.25
171.781,1851.50,80.00,42.00,1.03,44.25,89.64,14.25
172.021,1851.50,80.00,42.00,1.03,44.25,89.64,14.25
172.261,1857.00,80.00,42.00,1.03,44.25,89.64,14.25
172.501,1857.00,96.00,42.00,1.03,44.25,89.64,14.25
172.741,1857.00,96.00,44.25,1.03,44.25,89.64,14.25
172.981,1857.00,96.00,44.25,1.89,44.25,89.64,14.25
173.222,1857.00,96.00,44.25,1.89,43.50,89.64,14.25
173.461,1857.00,96.00,44.25,1.89,43.50,87.95,14.25
173.701,1857.00,96.00,44.25,1.89,43.50,87.95,14.25
173.941,1868.00,96.00,44.25,1.89,43.50,87.95,14.25
174.181,1868.00,92.00,44.25,1.89,43.50,87.95,14.25
174.422,1868.00,92.00,42.75,1.89,43.50,87.95,14.25
174.661,1868.00,92.00,42.75,1.83,43.50,87.95,14.25
174.901,1868.00,92.00,42.75,1.83,43.50,87.95,14.25
175.141,1868.00,92.00,42.75,1.83,43.50,87.04,14.25
175.381,1868.00,92.00,42.75,1.83,43.50,87.04,14.25
175.622,1875.00,92.00,42.75,1.83,43.50,87.04,14.25
175.861,1875.00,88.00,42.75,1.83,43.50,87.04,14.25
176.101,1875.00,88.00,41.25,1.83,43.50,87.04,14.25
176.341,1875.00,88.00,41.25,1.69,43.50,87.04,14.25
176.581,1875.00,88.00,41.25,1.69,43.50,87.04,14.25
176.822,1875.00,88.00,41.25,1.69,43.50,86.24,14.25
177.061,1875.00,88.00,41.25,1.69,43.50,86.24,14.25
177.301,1878.50,88.00,41.25,1.69,43.50,86.24,14.25
177.541,1878.50,84.00,41.25,1.69,43.50,86.24,14.25
177.781,1878.50,84.00,39.00,1.69,43.50,86.24,14.25
178.022,1878.50,84.00,39.00,1.51,43.50,86.24,14.25
178.261,1878.50,84.00,39.00,1.51,43.50,86.24,14.25
178.501,1878.50,84.00,39.00,1.51,43.50,85.54,14.25
178.741,1878.50,84.00,39.00,1.51,43.50,85.54,14.25
178.981,1880.00,84.00,39.00,1.51,43.50,85.54,14.25
179.221,1880.00,84.00,39.00,1.51,43.50,85.54,14.25
179.461,1880.00,84.00,38.25,1.51,43.50,85.54,14.25
179.701,1880.00,84.00,38.25,1.45,43.50,85.54,14.25
179.941,1880.00,84.00,38.25,1.45,43.50,85.54,14.25
180.181,1880.00,84.00,38.25,1.45,43.50,84.86,14.25
180.422,1880.00,84.00,38.25,1.45,43.50,84.86,14.25
180.662,1879.00,84.00,38.25,1.45,43.50,84.86,14.25
180.901,1879.00,80.00,38.25,1.45,43.50,84.86,14.25
181.141,1879.00,80.00,37.50,1.45,43.50,84.86,14.25
181.381,1879.00,80.00,37.50,1.38,43.50,84.86,14.25
181.622,1879.00,80.00,37.50,1.38,43.50,84.86,14.25
181.861,1879.00,80.00,37.50,1.38,43.50,84.04,14.25
182.101,1879.00,80.00,37.50,1.38,43.50,84.04,14.25
182.341,1879.50,80.00,37.50,1.38,43.50,84.04,14.25
182.581,1879.50,80.00,37.50,1.38,43.50,84.04,14.25
182.820,1879.50,80.00,36.75,1.38,43.50,84.04,14.25
183.061,1879.50,80.00,36.75,1.33,43.50,84.04,14.25
183.301,1879.50,80.00,36.75,1.33,43.50,84.04,14.25
183.541,1879.50,80.00,36.75,1.33,43.50,83.24,14.25
183.781,1879.50,80.00,36.75,1.33,43.50,83.24,14.25
184.022,1874.00,80.00,36.75,1.33,43.50,83.24,14.25
184.261,1874.00,80.00,36.75,1.33,43.50,83.24,14.25
184.501,1874.00,80.00,38.25,1.33,43.50,83.24,14.25
184.741,1874.00,80.00,38.25,1.35,43.50,83.24,14.25
184.981,1874.00,80.00,38.25,1.35,42.75,83.24,14.25
185.222,1874.00,80.00,38.25,1.35,42.75,82.54,14.25
185.461,1874.00,80.00,38.25,1.35,42.75,82.54,14.24
185.701,1872.00,80.00,38.25,1.35,42.75,82.54,14.24
185.941,1872.00,84.00,38.25,1.35,42.75,82.54,14.24
186.181,1872.00,84.00,41.25,1.35,42.75,82.54,14.24
186.422,1872.00,84.00,41.25,1.49,42.75,82.54,14.24
186.661,1872.00,84.00,41.25,1.49,42.75,82.54,14.24
186.901,1872.00,84.00,41.25,1.49,42.75,81.86,14.24
187.141,1872.00,84.00,41.25,1.49,42.75,81.86,14.24
187.381,1870.00,84.00,41.25,1.49,42.75,81.86,14.24
187.622,1870.00,92.00,41.25,1.49,42.75,81.86,14.24
187.861,1870.00,92.00,42.75,1.49,42.75,81.86,14.24
188.101,1870.00,92.00,42.75,1.75,42.75,81.86,14.24
188.340,1870.00,92.00,42.75,1.75,42.75,81.86,14.24
188.581,1870.00,92.00,42.75,1.75,42.75,81.25,14.24
188.822,1870.00,92.00,42.75,1.75,42.75,81.25,14.24
189.061,1868.50,92.00,42.75,1.75,42.75,81.25,14.24
189.301,1868.50,92.00,42.75,1.75,42.75,81.25,14.24
189.541,1868.50,92.00,42.75,1.75,42.75,81.25,14.24
189.781,1868.50,92.00,42.75,1.83,42.75,81.25,14.24
190.022,1868.50,92.00,42.75,1.83,42.75,81.25,14.24
190.261,1868.50,92.00,42.75,1.83,42.75,80.85,14.24
190.501,1868.50,92.00,42.75,1.83,42.75,80.85,14.24
190.741,1876.00,92.00,42.75,1.83,42.75,80.85,14.24
190.981,1876.00,92.00,42.75,1.83,42.75,80.85,14.24
191.222,1876.00,92.00,42.00,1.83,42.75,80.85,14.24
191.461,1876.00,92.00,42.00,1.79,42.75,80.85,14.24
191.701,1876.00,92.00,42.00,1.79,42.75,80.85,14.24
191.941,1876.00,92.00,42.00,1.79,42.75,80.55,14.24
192.181,1876.00,92.00,42.00,1.79,42.75,80.55,14.24
192.422,1873.50,92.00,42.00,1.79,42.75,80.55,14.24
192.661,1873.50,88.00,42.00,1.79,42.75,80.55,14.24
192.901,1873.50,88.00,41.25,1.79,42.75,80.55,14.24
193.141,1873.50,88.00,41.25,1.72,42.75,80.55,14.24
193.381,1873.50,88.00,41.25,1.72,42.75,80.55,14.24
193.621,1873.50,88.00,41.25,1.72,42.75,80.24,14.24
193.861,1873.50,88.00,41.25,1.72,42.75,80.24,14.24
194.101,1878.50,88.00,41.25,1.72,42.75,80.24,14.24
194.341,1878.50,88.00,41.25,1.72,42.75,80.24,14.24
194.581,1878.50,88.00,39.75,1.72,42.75,80.24,14.24
194.822,1878.50,88.00,39.75,1.61,42.75,80.24,14.24
195.061,1878.50,88.00,39.75,1.61,42.75,80.24,14.24
195.301,1878.50,88.00,39.75,1.61,42.75,79.84,14.24
195.541,1878.50,88.00,39.75,1.61,42.75,79.84,14.24
195.781,1878.50,88.00,39.75,1.61,42.75,79.84,14.24
196.022,1878.50,88.00,39.75,1.61,42.75,79.84,14.24
196.261,1878.50,88.00,40.50,1.61,42.75,79.84,14.24
196.501,1878.50,88.00,40.50,1.62,42.75,79.84,14.24
196.741,1878.50,88.00,40.50,1.62,42.75,79.84,14.24
196.981,1878.50,88.00,40.50,1.62,42.75,79.44,14.24
197.221,1878.50,88.00,40.50,1.62,42.75,79.44,14.24
197.461,1879.50,88.00,40.50,1.62,42.75,79.44,14.24
197.701,1879.50,84.00,40.50,1.62,42.75,79.44,14.24
197.945,1879.50,84.00,39.75,1.62,42.75,79.44,14.24
198.181,1879.50,84.00,39.75,1.54,42.75,79.44,14.24
198.421,1879.50,84.00,39.75,1.54,42.75,79.44,14.24
198.661,1879.50,84.00,39.75,1.54,42.75,79.05,14.24
198.901,1879.50,84.00,39.75,1.54,42.75,79.05,14.24
199.141,1876.50,84.00,39.75,1.54,42.75,79.05,14.24
199.381,1876.50,84.00,39.75,1.54,42.75,79.05,14.24
199.622,1876.50,84.00,39.75,1.54,42.75,79.05,14.24
199.861,1876.50,84.00,39.75,1.53,42.75,79.05,14.24
200.101,1876.50,84.00,39.75,1.53,42.00,79.05,14.24
200.341,1876.50,84.00,39.75,1.53,42.00,78.55,14.24
200.581,1876.50,84.00,39.75,1.53,42.00,78.55,14.24
200.821,1879.50,84.00,39.75,1.53,42.00,78.55,14.24
201.061,1879.50,84.00,39.75,1.53,42.00,78.55,14.24
201.301,1879.50,84.00,39.00,1.53,42.00,78.55,14.24
201.541,1879.50,84.00,39.00,1.52,42.00,78.55,14.24
201.781,1879.50,84.00,39.00,1.52,42.00,78.55,14.24
202.021,1879.50,84.00,39.00,1.52,42.00,78.04,14.24
202.261,1879.50,84.00,39.00,1.52,42.00,78.04,14.24
202.501,1879.00,84.00,39.00,1.52,42.00,78.04,14.24
202.741,1879.00,84.00,39.00,1.52,42.00,78.04,14.24
202.981,1879.00,84.00,39.75,1.52,42.00,78.04,14.24
203.222,1879.00,84.00,39.75,1.50,42.00,78.04,14.24
203.461,1879.00,84.00,39.75,1.50,42.00,78.04,14.24
203.701,1879.00,84.00,39.75,1.50,42.00,77.64,14.24
203.940,1879.00,84.00,39.75,1.50,42.00,77.64,14.24
204.181,1875.00,84.00,39.75,1.50,42.00,77.64,14.24
204.421,1875.00,84.00,39.75,1.50,42.00,77.64,14.24
204.661,1875.00,84.00,39.00,1.50,42.00,77.64,14.24
204.901,1875.00,84.00,39.00,1.47,42.00,77.64,14.24
205.141,1875.00,84.00,39.00,1.47,42.00,77.64,14.24
205.381,1875.00,84.00,39.00,1.47,42.00,77.24,14.24
205.622,1875.00,84.00,39.00,1.47,42.00,77.24,14.23
205.861,1876.00,84.00,39.00,1.47,42.00,77.24,14.23
206.101,1876.00,84.00,39.00,1.47,42.00,77.24,14.23
206.341,1876.00,84.00,39.00,1.47,42.00,77.24,14.23
206.581,1876.00,84.00,39.00,1.47,42.00,77.24,14.23
206.822,1876.00,84.00,39.00,1.47,42.00,77.24,14.23
207.061,1876.00,84.00,39.00,1.47,42.00,76.84,14.23
207.301,1876.00,84.00,39.00,1.47,42.00,76.84,14.23
207.541,1879.50,84.00,39.00,1.47,42.00,76.84,14.23
207.781,1879.50,84.00,39.00,1.47,42.00,76.84,14.23
208.022,1879.50,84.00,39.00,1.47,42.00,76.84,14.23
208.261,1879.50,84.00,39.00,1.45,42.00,76.84,14.23
208.501,1879.50,84.00,39.00,1.45,42.00,76.84,14.23
208.741,1879.50,84.00,39.00,1.45,42.00,76.35,14.23
208.981,1879.50,84.00,39.00,1.45,42.00,76.35,14.23
209.221,1876.00,84.00,39.00,1.45,42.00,76.35,14.23
209.461,1876.00,84.00,39.00,1.45,42.00,76.35,14.23
209.701,1876.00,84.00,39.75,1.45,42.00,76.35,14.23
209.941,1876.00,84.00,39.75,1.49,42.00,76.35,14.23
210.181,1876.00,84.00,39.75,1.49,42.00,76.35,14.23
210.422,1876.00,84.00,39.75,1.49,42.00,76.05,14.23
210.661,1876.00,84.00,39.75,1.49,42.00,76.05,14.23
210.901,1876.50,84.00,39.75,1.49,42.00,76.05,14.23
211.141,1876.50,84.00,39.75,1.49,42.00,76.05,14.23
211.381,1876.50,84.00,39.75,1.49,42.00,76.05,14.23
211.622,1876.50,84.00,39.75,1.48,42.00,76.05,14.23
211.861,1876.50,84.00,39.75,1.48,42.00,76.05,14.23
212.101,1876.50,84.00,39.75,1.48,42.00,75.74,14.23
212.341,1876.50,84.00,39.75,1.48,42.00,75.74,14.23
212.581,1877.00,84.00,39.75,1.48,42.00,75.74,14.23
212.821,1877.00,88.00,39.75,1.48,42.00,75.74,14.23
213.061,1877.00,88.00,39.75,1.48,42.00,75.74,14.23
213.301,1877.00,88.00,39.75,1.53,42.00,75.74,14.23
213.541,1877.00,88.00,39.75,1.53,42.00,75.74,14.23
213.781,1877.00,88.00,39.75,1.53,42.00,75.46,14.23
214.022,1877.00,88.00,39.75,1.53,42.00,75.46,14.23
214.261,1882.50,88.00,39.75,1.53,42.00,75.46,14.23
214.501,1882.50,80.00,39.75,1.53,42.00,75.46,14.23
214.741,1882.50,80.00,38.25,1.53,42.00,75.46,14.23
214.981,1882.50,80.00,38.25,1.43,42.00,75.46,14.23
215.222,1882.50,80.00,38.25,1.43,42.00,75.46,14.23
215.461,1882.50,80.00,38.25,1.43,42.00,75.15,14.23
215.701,1882.50,80.00,38.25,1.43,42.00,75.15,14.23
215.941,1882.50,80.00,38.25,1.43,42.00,75.15,14.23
216.181,1882.50,84.00,38.25,1.43,42.00,75.15,14.23
216.422,1882.50,84.00,39.00,1.43,42.00,75.15,14.23
216.661,1882.50,84.00,39.00,1.42,42.00,75.15,14.23
216.901,1882.50,84.00,39.00,1.42,42.00,75.15,14.23
217.141,1882.50,84.00,39.00,1.42,42.00,74.85,14.23
217.381,1882.50,84.00,39.00,1.42,42.00,74.85,14.23
217.622,1877.00,84.00,39.00,1.42,42.00,74.85,14.23
217.861,1877.00,80.00,39.00,1.42,42.00,74.85,14.23
218.101,1877.00,80.00,38.25,1.42,42.00,74.85,14.23
218.342,1877.00,80.00,38.25,1.35,42.00,74.85,14.23
218.581,1877.00,80.00,38.25,1.35,42.00,74.85,14.23
218.822,1877.00,80.00,38.25,1.35,42.00,74.55,14.23
219.061,1877.00,80.00,38.25,1.35,42.00,74.55,14.23
219.301,1881.00,80.00,38.25,1.35,42.00,74.55,14.23
219.541,1881.00,80.00,38.25,1.35,42.00,74.55,14.23
219.781,1881.00,80.00,38.25,1.35,42.00,74.55,14.23
220.022,1881.00,80.00,38.25,1.34,42.00,74.55,14.23
220.261,1881.00,80.00,38.25,1.34,42.00,74.55,14.23
220.501,1881.00,80.00,38.25,1.34,42.00,74.15,14.23
220.741,1881.00,80.00,38.25,1.34,42.00,74.15,14.23
220.981,1877.00,80.00,38.25,1.34,42.00,74.15,14.23
221.222,1877.00,80.00,38.25,1.34,42.00,74.15,14.23
221.461,1877.00,80.00,38.25,1.34,42.00,74.15,14.23
221.701,1877.00,80.00,38.25,1.33,42.00,74.15,14.23
221.941,1877.00,80.00,38.25,1.33,42.00,74.15,14.23
222.181,1877.00,80.00,38.25,1.33,42.00,73.84,14.23
222.422,1877.00,80.00,38.25,1.33,42.00,73.84,14.23
222.661,1879.00,80.00,38.25,1.33,42.00,73.84,14.23
222.901,1879.00,80.00,38.25,1.33,42.00,73.84,14.23
223.141,1879.00,80.00,37.50,1.33,42.00,73.84,14.23
223.381,1879.00,80.00,37.50,1.32,42.00,73.84,14.23
223.622,1879.00,80.00,37.50,1.32,42.00,73.84,14.23
223.861,1879.00,80.00,37.50,1.32,42.00,73.54,14.23
224.101,1879.00,80.00,37.50,1.32,42.00,73.54,14.22
224.341,1874.00,80.00,37.50,1.32,42.00,73.54,14.22
224.581,1874.00,84.00,37.50,1.32,42.00,73.54,14.22
224.822,1874.00,84.00,38.25,1.32,42.00,73.54,14.22
225.061,1874.00,84.00,38.25,1.35,42.00,73.54,14.22
225.301,1874.00,84.00,38.25,1.35,42.00,73.54,14.22
225.541,1874.00,84.00,38.25,1.35,42.00,73.26,14.22
225.781,1874.00,84.00,38.25,1.35,42.00,73.26,14.22
226.022,1877.00,84.00,38.25,1.35,42.00,73.26,14.22
226.260,1877.00,84.00,38.25,1.35,42.00,73.26,14.22
226.501,1877.00,84.00,38.25,1.35,42.00,73.26,14.22
226.741,1877.00,84.00,38.25,1.36,42.00,73.26,14.22
226.981,1877.00,84.00,38.25,1.36,42.00,73.26,14.22
227.222,1877.00,84.00,38.25,1.36,42.00,72.95,14.22
227.461,1877.00,84.00,38.25,1.36,42.00,72.95,14.22
227.701,2277.00,84.00,38.25,1.36,42.00,72.95,14.22
227.941,2277.00,44.00,38.25,1.36,42.00,72.95,14.22
228.181,2277.00,44.00,16.50,1.36,42.00,72.95,14.22
228.421,2277.00,44.00,16.50,0.62,42.00,72.95,14.22
228.661,2277.00,44.00,16.50,0.62,42.00,72.95,14.22
228.901,2277.00,44.00,16.50,0.62,42.00,72.86,14.22
229.141,2277.00,44.00,16.50,0.62,42.00,72.86,14.22
229.381,2797.50,44.00,16.50,0.62,42.00,72.86,14.22
229.622,2797.50,72.00,16.50,0.62,42.00,72.86,14.22
229.861,2797.50,72.00,18.00,0.62,42.00,72.86,14.22
230.101,2797.50,72.00,18.00,0.68,42.00,72.86,14.22
230.341,2797.50,72.00,18.00,0.68,42.00,72.86,14.22
230.581,2797.50,72.00,18.00,0.68,42.00,72.55,14.22
230.821,2797.50,72.00,18.00,0.68,42.00,72.55,14.22
231.061,2779.50,72.00,18.00,0.68,42.00,72.55,14.22
231.301,2779.50,172.00,18.00,0.68,42.00,72.55,14.22
231.541,2779.50,172.00,56.25,0.68,42.00,72.55,14.22
231.781,2779.50,172.00,56.25,3.90,42.00,72.55,14.22
232.022,2779.50,172.00,56.25,3.90,42.00,72.55,14.22
232.261,2779.50,172.00,56.25,3.90,42.00,71.76,14.22
232.501,2779.50,172.00,56.25,3.90,42.00,71.76,14.22
232.741,2852.00,172.00,56.25,3.90,42.00,71.76,14.22
232.981,2852.00,160.00,56.25,3.90,42.00,71.76,14.22
233.222,2852.00,160.00,39.75,3.90,42.00,71.76,14.22
233.461,2852.00,160.00,39.75,3.36,42.00,71.76,14.22
233.701,2852.00,160.00,39.75,3.36,41.25,71.76,14.22
233.941,2852.00,160.00,39.75,3.36,41.25,73.26,14.22
234.181,2852.00,160.00,39.75,3.36,41.25,73.26,14.22
234.422,2898.50,160.00,39.75,3.36,41.25,73.26,14.22
234.661,2898.50,136.00,39.75,3.36,41.25,73.26,14.22
234.901,2898.50,136.00,37.50,3.36,41.25,73.26,14.22
235.141,2898.50,136.00,37.50,2.88,41.25,73.26,14.22
235.381,2898.50,136.00,37.50,2.88,41.25,73.26,14.22
235.622,2898.50,136.00,37.50,2.88,41.25,74.94,14.22
235.861,2898.50,136.00,37.50,2.88,41.25,74.94,14.22
236.101,2400.00,136.00,37.50,2.88,41.25,74.94,14.22
236.341,2400.00,104.00,37.50,2.88,41.25,74.94,14.22
236.581,2400.00,104.00,36.75,2.88,41.25,74.94,14.22
236.851,2400.00,104.00,36.75,1.91,41.25,74.94,14.22
237.091,2400.00,104.00,36.75,1.91,41.25,74.94,14.22
237.333,2400.00,104.00,36.75,1.91,41.25,75.46,14.22
237.571,2400.00,104.00,36.75,1.91,41.25,75.46,14.22
237.813,1881.50,104.00,36.75,1.91,41.25,75.46,14.22
238.051,1881.50,68.00,36.75,1.91,41.25,75.46,14.22
238.291,1881.50,68.00,31.50,1.91,41.25,75.46,14.22
238.533,1881.50,68.00,31.50,0.97,41.25,75.46,14.22
238.771,1881.50,68.00,31.50,0.97,41.25,75.46,14.22
239.011,1881.50,68.00,31.50,0.97,41.25,75.25,14.22
239.251,1881.50,68.00,31.50,0.97,41.25,75.25,14.22
239.491,1877.00,68.00,31.50,0.97,41.25,75.25,14.22
239.733,1877.00,68.00,31.50,0.97,41.25,75.25,14.22
239.971,1877.00,68.00,31.50,0.97,41.25,75.25,14.22
240.213,1877.00,68.00,31.50,0.75,41.25,75.25,14.22
240.451,1877.00,68.00,31.50,0.75,42.00,75.25,14.22
240.691,1877.00,68.00,31.50,0.75,42.00,74.45,14.22
240.933,1877.00,68.00,31.50,0.75,42.00,74.45,14.22
241.171,1880.00,68.00,31.50,0.75,42.00,74.45,14.22
241.411,1880.00,64.00,31.50,0.75,42.00,74.45,14.22
241.651,1880.00,64.00,30.75,0.75,42.00,74.45,14.22
241.891,1880.00,64.00,30.75,0.69,42.00,74.45,14.22
242.133,1880.00,64.00,30.75,0.69,42.00,74.45,14.22
242.371,1880.00,64.00,30.75,0.69,42.00,73.35,14.22
242.611,1880.00,64.00,30.75,0.69,42.00,73.35,14.22
242.851,1885.50,64.00,30.75,0.69,42.00,73.35,14.22
243.091,1885.50,60.00,30.75,0.69,42.00,73.35,14.22
243.333,1885.50,60.00,28.50,0.69,42.00,73.35,14.22
243.571,1885.50,60.00,28.50,0.62,42.00,73.35,14.22
243.813,1885.50,60.00,28.50,0.62,42.00,73.35,14.22
244.051,1885.50,60.00,28.50,0.62,42.00,72.34,14.22
244.291,1885.50,60.00,28.50,0.62,42.00,72.34,14.22
244.534,1889.50,60.00,28.50,0.62,42.00,72.34,14.22
244.771,1889.50,56.00,28.50,0.62,42.00,72.34,14.22
245.011,1889.50,56.00,25.50,0.62,42.00,72.34,14.22
245.251,1889.50,56.00,25.50,0.50,42.00,72.34,14.22
245.491,1889.50,56.00,25.50,0.50,42.00,72.34,14.22
245.731,1889.50,56.00,25.50,0.50,42.00,71.45,14.22
245.971,1889.50,56.00,25.50,0.50,42.00,71.45,14.22
246.213,1881.00,56.00,25.50,0.50,42.00,71.45,14.22
246.451,1881.00,56.00,25.50,0.50,42.00,71.45,14.22
246.691,1881.00,56.00,24.75,0.50,42.00,71.45,14.22
246.933,1881.00,56.00,24.75,0.44,42.00,71.45,14.22
247.171,1881.00,56.00,24.75,0.44,42.00,71.45,14.22
247.411,1881.00,56.00,24.75,0.44,42.00,70.54,14.22
247.651,1881.00,56.00,24.75,0.44,42.00,70.54,14.22
247.891,1881.00,56.00,24.75,0.44,42.00,70.54,14.22
248.133,1881.00,52.00,24.75,0.44,42.00,70.54,14.22
248.371,1881.00,52.00,24.00,0.44,42.00,70.54,14.22
248.613,1881.00,52.00,24.00,0.39,42.00,70.54,14.22
248.851,1881.00,52.00,24.00,0.39,42.00,70.54,14.22
249.091,1881.00,52.00,24.00,0.39,42.00,69.95,14.22
249.333,1881.00,52.00,24.00,0.39,42.00,69.95,14.22
249.571,1878.00,52.00,24.00,0.39,42.00,69.95,14.22
249.811,1878.00,52.00,24.00,0.39,42.00,69.95,14.22
250.051,1878.00,52.00,24.00,0.39,42.00,69.95,14.22
250.291,1878.00,52.00,24.00,0.37,42.00,69.95,14.22
250.533,1878.00,52.00,24.00,0.37,42.00,69.95,14.22
250.771,1878.00,52.00,24.00,0.37,42.00,69.25,14.22
251.011,1878.00,52.00,24.00,0.37,42.00,69.25,14.22
251.251,1861.50,52.00,24.00,0.37,42.00,69.25,14.22
251.491,1861.50,24.00,24.00,0.37,42.00,69.25,14.22
251.733,1861.50,24.00,12.00,0.37,42.00,69.25,14.22
251.971,1861.50,24.00,12.00,0.25,42.00,69.25,14.22
252.213,1861.50,24.00,12.00,0.25,42.00,69.25,14.22
252.451,1861.50,24.00,12.00,0.25,42.00,68.94,14.22
252.691,1861.50,24.00,12.00,0.25,42.00,68.94,14.22
252.933,1818.00,24.00,12.00,0.25,42.00,68.94,14.22
253.171,1818.00,24.00,12.00,0.25,42.00,68.94,14.22
253.413,1818.00,24.00,12.00,0.25,42.00,68.94,14.22
253.651,1818.00,24.00,12.00,0.21,42.00,68.94,14.22
253.891,1818.00,24.00,12.00,0.21,42.00,68.94,14.22
254.134,1818.00,24.00,12.00,0.21,42.00,68.94,14.22
254.371,1818.00,24.00,12.00,0.21,42.00,68.94,14.22
254.611,1786.50,24.00,12.00,0.21,42.00,68.94,14.22
254.851,1786.50,24.00,12.00,0.21,42.00,68.94,14.22
255.091,1786.50,24.00,11.25,0.21,42.00,68.94,14.22
255.334,1786.50,24.00,11.25,0.19,42.00,68.94,14.22
255.571,1786.50,24.00,11.25,0.19,42.00,68.94,14.22
255.813,1786.50,24.00,11.25,0.19,42.00,68.85,14.22
256.051,1786.50,24.00,11.25,0.19,42.00,68.85,14.22
256.291,1754.00,24.00,11.25,0.19,42.00,68.85,14.22
256.534,1754.00,24.00,11.25,0.19,42.00,68.85,14.22
256.771,1754.00,24.00,11.25,0.19,42.00,68.85,14.22
257.011,1754.00,24.00,11.25,0.18,42.00,68.85,14.22
257.251,1754.00,24.00,11.25,0.18,42.75,68.85,14.22
257.491,1754.00,24.00,11.25,0.18,42.75,68.76,14.22
257.734,1754.00,24.00,11.25,0.18,42.75,68.76,14.22
257.971,1765.00,24.00,11.25,0.18,42.75,68.76,14.22
258.211,1765.00,36.00,11.25,0.18,42.75,68.76,14.22
258.451,1765.00,36.00,15.00,0.18,42.75,68.76,14.22
258.691,1765.00,36.00,15.00,0.25,42.75,68.76,14.22
258.933,1765.00,36.00,15.00,0.25,42.75,68.76,14.22
259.171,1765.00,36.00,15.00,0.25,42.75,68.64,14.22
259.413,1765.00,36.00,15.00,0.25,42.75,68.64,14.22
259.651,3386.50,36.00,15.00,0.25,42.75,68.64,14.22
259.891,3386.50,72.00,15.00,0.25,42.75,68.64,14.22
260.133,3386.50,72.00,18.75,0.25,42.75,68.64,14.22
260.371,3386.50,72.00,18.75,0.87,42.75,68.64,14.22
260.613,3386.50,72.00,18.75,0.87,42.00,68.64,14.22
260.851,3386.50,72.00,18.75,0.87,42.00,68.05,14.22
261.091,3386.50,72.00,18.75,0.87,42.00,68.05,14.23
261.333,3384.00,72.00,18.75,0.87,42.00,68.05,14.23
261.571,3384.00,92.00,18.75,0.87,42.00,68.05,14.23
261.813,3384.00,92.00,24.00,0.87,42.00,68.05,14.23
262.051,3384.00,92.00,24.00,1.09,42.00,68.05,14.23
262.291,3384.00,92.00,24.00,1.09,42.00,68.05,14.23
262.533,3384.00,92.00,24.00,1.09,42.00,67.54,14.23
262.801,3384.00,92.00,24.00,1.09,42.00,67.54,14.23
263.041,3348.50,92.00,24.00,1.09,42.00,67.54,14.23
263.281,3348.50,104.00,24.00,1.09,42.00,67.54,14.23
263.522,3348.50,104.00,27.75,1.09,42.00,67.54,14.23
263.761,3348.50,104.00,27.75,1.17,42.00,67.54,14.23
264.001,3348.50,104.00,27.75,1.17,42.00,67.54,14.23
264.241,3348.50,104.00,27.75,1.17,42.00,67.26,14.23
264.481,3348.50,104.00,27.75,1.17,42.00,67.26,14.23
264.721,3393.50,104.00,27.75,1.17,42.00,67.26,14.23
264.961,3393.50,120.00,27.75,1.17,42.00,67.26,14.23
265.201,3393.50,120.00,31.50,1.17,42.00,67.26,14.23
265.441,3393.50,120.00,31.50,1.59,42.00,67.26,14.23
265.681,3393.50,120.00,31.50,1.59,41.25,67.26,14.23
265.922,3393.50,120.00,31.50,1.59,41.25,67.05,14.23
266.161,3393.50,120.00,31.50,1.59,41.25,67.05,14.23
266.434,3458.50,120.00,31.50,1.59,41.25,67.05,14.23
266.671,3458.50,160.00,31.50,1.59,41.25,67.05,14.23
266.913,3458.50,160.00,38.25,1.59,41.25,67.05,14.23
267.151,3458.50,160.00,38.25,2.73,41.25,67.05,14.23
267.391,3458.50,160.00,38.25,2.73,41.25,67.05,14.23
267.633,3458.50,160.00,38.25,2.73,41.25,67.26,14.23
267.871,3458.50,160.00,38.25,2.73,41.25,67.26,14.23
268.113,3446.00,160.00,38.25,2.73,41.25,67.26,14.23
268.351,3446.00,96.00,38.25,2.73,41.25,67.26,14.23
268.591,3446.00,96.00,23.25,2.73,41.25,67.26,14.23
268.833,3446.00,96.00,23.25,1.32,41.25,67.26,14.23
269.071,3446.00,96.00,23.25,1.32,41.25,67.26,14.23
269.313,3446.00,96.00,23.25,1.32,41.25,68.05,14.23
269.551,3446.00,96.00,23.25,1.32,41.25,68.05,14.23
269.791,3315.50,96.00,23.25,1.32,41.25,68.05,14.23
270.033,3315.50,92.00,23.25,1.32,41.25,68.05,14.23
270.271,3315.50,92.00,24.00,1.32,41.25,68.05,14.23
270.513,3315.50,92.00,24.00,1.17,41.25,68.05,14.23
270.751,3315.50,92.00,24.00,1.17,41.25,68.05,14.23
270.991,3315.50,92.00,24.00,1.17,41.25,68.05,14.23
271.232,3315.50,92.00,24.00,1.17,41.25,68.05,14.23
271.471,3207.50,92.00,24.00,1.17,41.25,68.05,14.23
271.713,3207.50,88.00,24.00,1.17,41.25,68.05,14.23
271.951,3207.50,88.00,23.25,1.17,41.25,68.05,14.23
272.191,3207.50,88.00,23.25,1.08,41.25,68.05,14.23
272.431,3207.50,88.00,23.25,1.08,41.25,68.05,14.23
272.671,3207.50,88.00,23.25,1.08,41.25,67.75,14.23
272.913,3207.50,88.00,23.25,1.08,41.25,67.75,14.23
273.151,3083.50,88.00,23.25,1.08,41.25,67.75,14.23
273.391,3083.50,84.00,23.25,1.08,41.25,67.75,14.23
273.631,3083.50,84.00,24.00,1.08,41.25,67.75,14.23
273.871,3083.50,84.00,24.00,1.02,41.25,67.75,14.23
274.113,3083.50,84.00,24.00,1.02,41.25,67.75,14.23
274.351,3083.50,84.00,24.00,1.02,41.25,67.54,14.23
274.591,3083.50,84.00,24.00,1.02,41.25,67.54,14.23
274.834,2995.50,84.00,24.00,1.02,41.25,67.54,14.23
275.071,2995.50,64.00,24.00,1.02,41.25,67.54,14.23
275.311,2995.50,64.00,20.25,1.02,41.25,67.54,14.23
275.551,2995.50,64.00,20.25,0.88,41.25,67.54,14.23
275.791,2995.50,64.00,20.25,0.88,41.25,67.54,14.23
276.031,2995.50,64.00,20.25,0.88,41.25,67.14,14.23
276.271,2995.50,64.00,20.25,0.88,41.25,67.14,14.23
276.511,2991.00,64.00,20.25,0.88,41.25,67.14,14.23
276.751,2991.00,100.00,20.25,0.88,41.25,67.14,14.23
276.991,2991.00,100.00,30.00,0.88,41.25,67.14,14.23
277.233,2991.00,100.00,30.00,1.17,41.25,67.14,14.23
277.471,2991.00,100.00,30.00,1.17,41.25,67.14,14.23
277.713,2991.00,100.00,30.00,1.17,41.25,66.74,14.23
277.951,2991.00,100.00,30.00,1.17,41.25,66.74,14.23
278.191,3040.00,100.00,30.00,1.17,41.25,66.74,14.23
278.434,3040.00,108.00,30.00,1.17,41.25,66.74,14.23
278.671,3040.00,108.00,19.50,1.17,41.25,66.74,14.23
278.913,3040.00,108.00,19.50,1.30,41.25,66.74,14.23
279.151,3040.00,108.00,19.50,1.30,41.25,66.74,14.23
279.392,3040.00,108.00,19.50,1.30,41.25,66.46,14.23
279.634,3040.00,108.00,19.50,1.30,41.25,66.46,14.23
279.871,2955.50,108.00,19.50,1.30,41.25,66.46,14.23
280.113,2955.50,64.00,19.50,1.30,41.25,66.46,14.23
280.351,2955.50,64.00,18.00,1.30,41.25,66.46,14.23
280.591,2955.50,64.00,18.00,0.81,41.25,66.46,14.23
280.834,2955.50,64.00,18.00,0.81,41.25,66.46,14.23
281.071,2955.50,64.00,18.00,0.81,41.25,66.34,14.23
281.311,2955.50,64.00,18.00,0.81,41.25,66.34,14.23
281.551,2953.50,64.00,18.00,0.81,41.25,66.34,14.23
281.791,2953.50,132.00,18.00,0.81,41.25,66.34,14.23
282.034,2953.50,132.00,39.00,0.81,41.25,66.34,14.23
282.271,2953.50,132.00,39.00,2.12,41.25,66.34,14.23
282.514,2953.50,132.00,39.00,2.12,41.25,66.34,14.23
282.751,2953.50,132.00,39.00,2.12,41.25,66.15,14.23
282.991,2953.50,132.00,39.00,2.12,41.25,66.15,14.23
283.233,3011.00,132.00,39.00,2.12,41.25,66.15,14.23
283.471,3011.00,120.00,39.00,2.12,41.25,66.15,14.23
283.711,3011.00,120.00,35.25,2.12,41.25,66.15,14.23
283.951,3011.00,120.00,35.25,2.15,41.25,66.15,14.23
284.191,3011.00,120.00,35.25,2.15,41.25,66.15,14.23
284.431,3011.00,120.00,35.25,2.15,41.25,66.55,14.23
284.673,3011.00,120.00,35.25,2.15,41.25,66.55,14.23
284.914,3037.00,120.00,35.25,2.15,41.25,66.55,14.23
285.151,3037.00,120.00,35.25,2.15,41.25,66.55,14.23
285.391,3037.00,120.00,33.75,2.15,41.25,66.55,14.23
285.634,3037.00,120.00,33.75,1.93,41.25,66.55,14.23
285.871,3037.00,120.00,33.75,1.93,41.25,66.55,14.23
286.111,3037.00,120.00,33.75,1.93,41.25,67.14,14.23
286.351,3037.00,120.00,33.75,1.93,41.25,67.14,14.23
286.592,3046.50,120.00,33.75,1.93,41.25,67.14,14.23
286.834,3046.50,108.00,33.75,1.93,41.25,67.14,14.23
287.071,3046.50,108.00,30.75,1.93,41.25,67.14,14.23
287.314,3046.50,108.00,30.75,1.67,41.25,67.14,14.23
287.551,3046.50,108.00,30.75,1.67,41.25,67.14,14.23
287.792,3046.50,108.00,30.75,1.67,41.25,67.35,14.23
288.032,3046.50,108.00,30.75,1.67,41.25,67.35,14.23
288.271,3073.00,108.00,30.75,1.67,41.25,67.35,14.23
288.511,3073.00,108.00,30.75,1.67,41.25,67.35,14.23
288.751,3073.00,108.00,31.50,1.67,41.25,67.35,14.23
288.991,3073.00,108.00,31.50,1.77,41.25,67.35,14.23
289.233,3073.00,108.00,31.50,1.77,41.25,67.35,14.23
289.471,3073.00,108.00,31.50,1.77,41.25,67.35,14.23
289.713,3073.00,108.00,31.50,1.77,41.25,67.35,14.23
289.951,3089.50,108.00,31.50,1.77,41.25,67.35,14.23
290.191,3089.50,64.00,31.50,1.77,41.25,67.35,14.23
290.431,3089.50,64.00,24.00,1.77,41.25,67.35,14.23
290.672,3089.50,64.00,24.00,1.04,41.25,67.35,14.23
290.913,3089.50,64.00,24.00,1.04,41.25,67.35,14.23
291.152,3089.50,64.00,24.00,1.04,41.25,67.35,14.23
291.392,3089.50,64.00,24.00,1.04,41.25,67.35,14.23
291.634,2972.50,64.00,24.00,1.04,41.25,67.35,14.23
291.871,2972.50,80.00,24.00,1.04,41.25,67.35,14.23
292.113,2972.50,80.00,23.25,1.04,41.25,67.35,14.23
292.352,2972.50,80.00,23.25,0.96,41.25,67.35,14.23
292.591,2972.50,80.00,23.25,0.96,41.25,67.35,14.23
292.831,2972.50,80.00,23.25,0.96,41.25,67.05,14.23
293.072,2972.50,80.00,23.25,0.96,41.25,67.05,14.23
293.313,2881.00,80.00,23.25,0.96,41.25,67.05,14.23
293.551,2881.00,76.00,23.25,0.96,41.25,67.05,14.23
293.792,2881.00,76.00,22.50,0.96,41.25,67.05,14.23
294.032,2881.00,76.00,22.50,0.89,41.25,67.05,14.23
294.271,2881.00,76.00,22.50,0.89,41.25,67.05,14.23
294.512,2881.00,76.00,22.50,0.89,41.25,66.55,14.23
294.752,2881.00,76.00,22.50,0.89,41.25,66.55,14.23
294.992,2807.00,76.00,22.50,0.89,41.25,66.55,14.23
295.234,2807.00,72.00,22.50,0.89,41.25,66.55,14.23
295.471,2807.00,72.00,22.50,0.89,41.25,66.55,14.23
295.714,2807.00,72.00,22.50,0.82,41.25,66.55,14.23
295.952,2807.00,72.00,22.50,0.82,41.25,66.55,14.23
296.192,2807.00,72.00,22.50,0.82,41.25,66.15,14.23
296.434,2807.00,72.00,22.50,0.82,41.25,66.15,14.23
296.671,2724.50,72.00,22.50,0.82,41.25,66.15,14.23
296.913,2724.50,68.00,22.50,0.82,41.25,66.15,14.23
297.151,2724.50,68.00,21.75,0.82,41.25,66.15,14.23
297.392,2724.50,68.00,21.75,0.77,41.25,66.15,14.23
297.634,2724.50,68.00,21.75,0.77,41.25,66.15,14.23
297.872,2724.50,68.00,21.75,0.77,41.25,65.76,14.23
298.114,2724.50,68.00,21.75,0.77,41.25,65.76,14.23
298.352,2666.50,68.00,21.75,0.77,41.25,65.76,14.23
298.591,2666.50,68.00,21.75,0.77,41.25,65.76,14.23
298.834,2666.50,68.00,21.75,0.77,41.25,65.76,14.23
299.072,2666.50,68.00,21.75,0.73,41.25,65.76,14.23
299.341,2666.50,68.00,21.75,0.73,41.25,65.76,14.23
299.581,2666.50,68.00,21.75,0.73,41.25,65.45,14.23
299.823,2666.50,68.00,21.75,0.73,41.25,65.45,14.23
300.061,2617.00,68.00,21.75,0.73,41.25,65.45,14.23
300.302,2617.00,52.00,21.75,0.73,41.25,65.45,14.23
300.542,2617.00,52.00,17.25,0.73,41.25,65.45,14.23
300.781,2617.00,52.00,17.25,0.59,41.25,65.45,14.23
301.023,2617.00,52.00,17.25,0.59,41.25,65.45,14.23
301.262,2617.00,52.00,17.25,0.59,41.25,65.24,14.23
301.502,2617.00,52.00,17.25,0.59,41.25,65.24,14.23
301.742,2654.50,52.00,17.25,0.59,41.25,65.24,14.23
301.981,2654.50,60.00,17.25,0.59,41.25,65.24,14.23
302.221,2654.50,60.00,20.25,0.59,41.25,65.24,14.23
302.492,2654.50,60.00,20.25,0.54,41.25,65.24,14.23
302.734,2654.50,60.00,20.25,0.54,41.25,65.24,14.23
302.971,2654.50,60.00,20.25,0.54,41.25,64.96,14.23
303.212,2654.50,60.00,20.25,0.54,41.25,64.96,14.23
303.452,2741.50,60.00,20.25,0.54,41.25,64.96,14.23
303.692,2741.50,116.00,20.25,0.54,41.25,64.96,14.23
303.932,2741.50,116.00,36.75,0.54,41.25,64.96,14.23
304.172,2741.50,116.00,36.75,1.37,41.25,64.96,14.23
304.412,2741.50,116.00,36.75,1.37,41.25,64.96,14.23
304.652,2741.50,116.00,36.75,1.37,41.25,64.44,14.23
304.891,2741.50,116.00,36.75,1.37,41.25,64.44,14.23
305.134,2853.00,116.00,36.75,1.37,41.25,64.44,14.23
305.372,2853.00,108.00,36.75,1.37,41.25,64.44,14.23
305.614,2853.00,108.00,33.00,1.37,41.25,64.44,14.23
305.852,2853.00,108.00,33.00,1.67,41.25,64.44,14.23
306.123,2853.00,108.00,33.00,1.67,41.25,64.44,14.23
306.362,2853.00,108.00,33.00,1.67,41.25,64.44,14.23
306.602,2853.00,108.00,33.00,1.67,41.25,64.44,14.23
306.842,2932.00,108.00,33.00,1.67,41.25,64.44,14.23
307.082,2932.00,100.00,33.00,1.67,41.25,64.44,14.23
307.322,2932.00,100.00,27.00,1.67,41.25,64.44,14.23
307.592,2932.00,100.00,27.00,1.35,41.25,64.44,14.23
307.834,2932.00,100.00,27.00,1.35,41.25,64.44,14.23
308.072,2932.00,100.00,27.00,1.35,41.25,64.75,14.23
308.314,2932.00,100.00,27.00,1.35,41.25,64.75,14.23
308.552,2958.50,100.00,27.00,1.35,41.25,64.75,14.23
308.792,2958.50,92.00,27.00,1.35,41.25,64.75,14.23
309.034,2958.50,92.00,27.00,1.35,41.25,64.75,14.23
309.271,2958.50,92.00,27.00,1.11,41.25,64.75,14.23
309.514,2958.50,92.00,27.00,1.11,41.25,64.75,14.23
309.751,2958.50,92.00,27.00,1.11,41.25,64.75,14.23
309.991,2958.50,92.00,27.00,1.11,41.25,64.75,14.23
310.234,2949.50,92.00,27.00,1.11,41.25,64.75,14.23
310.472,2949.50,120.00,27.00,1.11,41.25,64.75,14.23
310.714,2949.50,120.00,34.50,1.11,41.25,64.75,14.23
310.951,2949.50,120.00,34.50,1.52,41.25,64.75,14.23
311.223,2949.50,120.00,34.50,1.52,41.25,64.75,14.23
311.462,2949.50,120.00,34.50,1.52,41.25,64.54,14.23
311.702,2949.50,120.00,34.50,1.52,41.25,64.54,14.23
311.941,2988.50,120.00,34.50,1.52,41.25,64.54,14.23
312.182,2988.50,140.00,34.50,1.52,41.25,64.54,14.23
312.423,2988.50,140.00,40.50,1.52,41.25,64.54,14.23
312.662,2988.50,140.00,40.50,2.80,41.25,64.54,14.23
312.901,2988.50,140.00,40.50,2.80,41.25,64.54,14.23
313.142,2988.50,140.00,40.50,2.80,41.25,64.75,14.23
313.382,2988.50,140.00,40.50,2.80,41.25,64.75,14.23
313.623,3020.00,140.00,40.50,2.80,41.25,64.75,14.23
313.862,3020.00,164.00,40.50,2.80,41.25,64.75,14.23
314.102,3020.00,164.00,49.50,2.80,41.25,64.75,14.23
314.342,3020.00,164.00,49.50,3.95,41.25,64.75,14.23
314.582,3020.00,164.00,49.50,3.95,41.25,64.75,14.23
314.823,3020.00,164.00,49.50,3.95,41.25,65.94,14.23
315.062,3020.00,164.00,49.50,3.95,41.25,65.94,14.23
315.302,3109.50,164.00,49.50,3.95,41.25,65.94,14.23
315.542,3109.50,184.00,49.50,3.95,41.25,65.94,14.23
315.782,3109.50,184.00,51.00,3.95,41.25,65.94,14.23
316.023,3109.50,184.00,51.00,4.37,41.25,65.94,14.23
316.262,3109.50,184.00,51.00,4.37,41.25,65.94,14.23
316.502,3109.50,184.00,51.00,4.37,41.25,68.24,14.23
316.742,3109.50,184.00,51.00,4.37,41.25,68.24,14.23
316.981,3031.00,184.00,51.00,4.37,41.25,68.24,14.23
317.222,3031.00,80.00,51.00,4.37,41.25,68.24,14.23
317.462,3031.00,80.00,23.25,4.37,41.25,68.24,14.23
317.702,3031.00,80.00,23.25,1.19,41.25,68.24,14.23
317.941,3031.00,80.00,23.25,1.19,41.25,68.24,14.23
318.182,3031.00,80.00,23.25,1.19,41.25,69.55,14.23
318.422,3031.00,80.00,23.25,1.19,41.25,69.55,14.23
318.662,2888.50,80.00,23.25,1.19,41.25,69.55,14.23
318.902,2888.50,60.00,23.25,1.19,41.25,69.55,14.23
319.141,2888.50,60.00,18.00,1.19,41.25,69.55,14.23
319.381,2888.50,60.00,18.00,0.92,41.25,69.55,14.23
319.623,2888.50,60.00,18.00,0.92,41.25,69.55,14.23
319.862,2888.50,60.00,18.00,0.92,41.25,69.25,14.23
320.102,2888.50,60.00,18.00,0.92,41.25,69.25,14.23
320.342,2832.00,60.00,18.00,0.92,41.25,69.25,14.23
320.582,2832.00,60.00,18.00,0.92,41.25,69.25,14.23
320.823,2832.00,60.00,19.50,0.92,41.25,69.25,14.23
321.062,2832.00,60.00,19.50,0.65,41.25,69.25,14.23
321.302,2832.00,60.00,19.50,0.65,41.25,69.25,14.23
321.542,2832.00,60.00,19.50,0.65,41.25,68.55,14.23
321.782,2832.00,60.00,19.50,0.65,41.25,68.55,14.23
322.023,2837.00,60.00,19.50,0.65,41.25,68.55,14.23
322.262,2837.00,80.00,19.50,0.65,41.25,68.55,14.23
322.502,2837.00,80.00,24.75,0.65,41.25,68.55,14.23
322.742,2837.00,80.00,24.75,0.76,41.25,68.55,14.23
322.982,2837.00,80.00,24.75,0.76,41.25,68.55,14.23
323.222,2837.00,80.00,24.75,0.76,41.25,67.54,14.23
323.462,2837.00,80.00,24.75,0.76,41.25,67.54,14.23
323.702,2858.50,80.00,24.75,0.76,41.25,67.54,14.23
323.942,2858.50,80.00,24.75,0.76,41.25,67.54,14.23
324.182,2858.50,80.00,24.75,0.76,41.25,67.54,14.23
324.423,2858.50,80.00,24.75,0.80,41.25,67.54,14.23
324.662,2858.50,80.00,24.75,0.80,41.25,67.54,14.23
324.901,2858.50,80.00,24.75,0.80,41.25,66.55,14.23
325.142,2858.50,80.00,24.75,0.80,41.25,66.55,14.23
325.382,2898.50,80.00,24.75,0.80,41.25,66.55,14.23
325.623,2898.50,76.00,24.75,0.80,41.25,66.55,14.23
325.861,2898.50,76.00,23.25,0.80,41.25,66.55,14.23
326.102,2898.50,76.00,23.25,0.83,41.25,66.55,14.23
326.342,2898.50,76.00,23.25,0.83,41.25,66.55,14.23
326.582,2898.50,76.00,23.25,0.83,41.25,65.85,14.23
326.821,2898.50,76.00,23.25,0.83,41.25,65.85,14.23
327.062,2892.00,76.00,23.25,0.83,41.25,65.85,14.23
327.302,2892.00,68.00,23.25,0.83,41.25,65.85,14.23
327.542,2892.00,68.00,20.25,0.83,41.25,65.85,14.23
327.782,2892.00,68.00,20.25,0.71,41.25,65.85,14.23
328.023,2892.00,68.00,20.25,0.71,41.25,65.85,14.23
328.262,2892.00,68.00,20.25,0.71,41.25,65.36,14.23
328.503,2892.00,68.00,20.25,0.71,41.25,65.36,14.23
328.742,2901.00,68.00,20.25,0.71,41.25,65.36,14.23
328.981,2901.00,68.00,20.25,0.71,41.25,65.36,14.23
329.222,2901.00,68.00,18.00,0.71,41.25,65.36,14.23
329.462,2901.00,68.00,18.00,0.68,41.25,65.36,14.23
329.702,2901.00,68.00,18.00,0.68,41.25,65.36,14.23
329.941,2901.00,68.00,18.00,0.68,41.25,64.84,14.23
330.182,2901.00,68.00,18.00,0.68,41.25,64.84,14.22
330.423,2896.00,68.00,18.00,0.68,41.25,64.84,14.22
330.662,2896.00,96.00,18.00,0.68,41.25,64.84,14.22
330.902,2896.00,96.00,28.50,0.68,41.25,64.84,14.22
331.142,2896.00,96.00,28.50,1.04,41.25,64.84,14.22
331.382,2896.00,96.00,28.50,1.04,41.25,64.84,14.22
331.623,2896.00,96.00,28.50,1.04,41.25,64.35,14.22
331.862,2896.00,96.00,28.50,1.04,41.25,64.35,14.23
332.102,2946.00,96.00,28.50,1.04,41.25,64.35,14.23
332.342,2946.00,92.00,28.50,1.04,41.25,64.35,14.23
332.582,2946.00,92.00,27.00,1.04,41.25,64.35,14.23
332.823,2946.00,92.00,27.00,1.13,41.25,64.35,14.23
333.062,2946.00,92.00,27.00,1.13,41.25,64.35,14.23
333.302,2946.00,92.00,27.00,1.13,41.25,64.05,14.23
333.542,2946.00,92.00,27.00,1.13,41.25,64.05,14.23
333.782,2953.00,92.00,27.00,1.13,41.25,64.05,14.23
334.023,2953.00,60.00,27.00,1.13,41.25,64.05,14.23
334.262,2953.00,60.00,18.75,1.13,41.25,64.05,14.23
334.502,2953.00,60.00,18.75,0.83,41.25,64.05,14.23
334.742,2953.00,60.00,18.75,0.83,41.25,64.05,14.23
334.981,2953.00,60.00,18.75,0.83,41.25,64.05,14.23
335.222,2953.00,60.00,18.75,0.83,41.25,64.05,14.23
335.462,2901.50,60.00,18.75,0.83,41.25,64.05,14.23
335.702,2901.50,60.00,18.75,0.83,41.25,64.05,14.23
335.942,2901.50,60.00,18.00,0.83,41.25,64.05,14.23
336.182,2901.50,60.00,18.00,0.68,41.25,64.05,14.23
336.423,2901.50,60.00,18.00,0.68,41.25,64.05,14.23
336.662,2901.50,60.00,18.00,0.68,41.25,63.95,14.23
336.901,2901.50,60.00,18.00,0.68,41.25,63.95,14.22
337.144,2785.50,60.00,18.00,0.68,41.25,63.95,14.22
337.382,2785.50,72.00,18.00,0.68,41.25,63.95,14.22
337.623,2785.50,72.00,22.50,0.68,41.25,63.95,14.22
337.862,2785.50,72.00,22.50,0.74,41.25,63.95,14.22
338.102,2785.50,72.00,22.50,0.74,41.25,63.95,14.22
338.552,2785.50,72.00,22.50,0.74,41.25,63.74,14.22
338.791,2785.50,72.00,22.50,0.74,41.25,63.74,14.22
339.034,2658.50,72.00,22.50,0.74,41.25,63.74,14.22
339.271,2658.50,60.00,22.50,0.74,41.25,63.74,14.22
339.514,2658.50,60.00,24.00,0.74,41.25,63.74,14.22
339.752,2658.50,60.00,24.00,0.61,41.25,63.74,14.22
339.992,2658.50,60.00,24.00,0.61,41.25,63.74,14.22
340.234,2658.50,60.00,24.00,0.61,41.25,63.55,14.22
340.472,2658.50,60.00,24.00,0.61,41.25,63.55,14.22
340.714,2662.00,60.00,24.00,0.61,41.25,63.55,14.22
340.951,2662.00,108.00,24.00,0.61,41.25,63.55,14.22
341.191,2662.00,108.00,40.50,0.61,41.25,63.55,14.22
341.432,2662.00,108.00,40.50,1.49,41.25,63.55,14.22
341.672,2662.00,108.00,40.50,1.49,41.25,63.55,14.22
341.942,2662.00,108.00,40.50,1.49,41.25,63.46,14.22
342.182,2662.00,108.00,40.50,1.49,41.25,63.46,14.22
342.423,2856.50,108.00,40.50,1.49,41.25,63.46,14.22
342.662,2856.50,352.00,40.50,1.49,41.25,63.46,14.22
342.901,2856.50,352.00,123.75,1.49,41.25,63.46,14.22
343.142,2856.50,352.00,123.75,13.24,41.25,63.46,14.22
343.382,2856.50,352.00,123.75,13.24,41.25,63.46,14.22
343.623,2856.50,352.00,123.75,13.24,41.25,67.05,14.22
343.862,2856.50,352.00,123.75,13.24,41.25,67.05,14.22
344.102,3407.50,352.00,123.75,13.24,41.25,67.05,14.22
344.342,3407.50,724.00,123.75,13.24,41.25,67.05,14.22
344.582,3407.50,724.00,180.75,13.24,41.25,67.05,14.22
344.823,3407.50,724.00,180.75,17.28,41.25,67.05,14.22
345.062,3407.50,724.00,180.75,17.28,41.25,67.05,14.22
345.302,3407.50,724.00,180.75,17.28,41.25,85.54,14.22
345.542,3407.50,724.00,180.75,17.28,41.25,85.54,14.22
345.782,3957.50,724.00,180.75,17.28,41.25,85.54,14.22
346.023,3957.50,792.00,180.75,17.28,41.25,85.54,14.22
346.262,3957.50,792.00,183.00,17.28,41.25,85.54,14.22
346.502,3957.50,792.00,183.00,19.99,41.25,85.54,14.22
346.742,3957.50,792.00,183.00,19.99,42.75,85.54,14.22
346.982,3957.50,792.00,183.00,19.99,42.75,102.55,14.22
347.222,3957.50,792.00,183.00,19.99,42.75,102.55,14.21
347.462,4454.00,792.00,183.00,19.99,42.75,102.55,14.21
347.702,4454.00,964.00,183.00,19.99,42.75,102.55,14.21
347.941,4454.00,964.00,183.00,19.99,42.75,102.55,14.21
348.182,4454.00,964.00,183.00,19.41,42.75,102.55,14.21
348.423,4454.00,964.00,183.00,19.41,44.25,102.55,14.21
348.662,4454.00,964.00,183.00,19.41,44.25,119.15,14.21
348.901,4454.00,964.00,183.00,19.41,44.25,119.15,14.21
349.142,4961.00,964.00,183.00,19.41,44.25,119.15,14.21
349.382,4961.00,1016.00,183.00,19.41,44.25,119.15,14.21
349.623,4961.00,1016.00,51.00,19.41,44.25,119.15,14.21
349.862,4961.00,1016.00,51.00,8.43,44.25,119.15,14.21
350.102,4961.00,1016.00,51.00,8.43,46.50,119.15,14.21
350.341,4961.00,1016.00,51.00,8.43,46.50,132.46,14.21
350.582,4961.00,1016.00,51.00,8.43,46.50,132.46,14.21
350.823,4742.50,1016.00,51.00,8.43,46.50,132.46,14.21
351.061,4742.50,132.00,51.00,8.43,46.50,132.46,14.21
351.302,4742.50,132.00,24.00,8.43,46.50,132.46,14.21
351.541,4742.50,132.00,24.00,2.17,46.50,132.46,14.21
351.782,4742.50,132.00,24.00,2.17,45.75,132.46,14.21
352.023,4742.50,132.00,24.00,2.17,45.75,130.84,14.21
352.262,4742.50,132.00,24.00,2.17,45.75,130.84,14.21
352.502,4517.50,132.00,24.00,2.17,45.75,130.84,14.21
352.742,4517.50,124.00,24.00,2.17,45.75,130.84,14.21
352.982,4517.50,124.00,24.00,2.17,45.75,130.84,14.21
353.222,4517.50,124.00,24.00,1.79,45.75,130.84,14.21
353.462,4517.50,124.00,24.00,1.79,45.00,130.84,14.21
353.702,4517.50,124.00,24.00,1.79,45.00,121.35,14.21
353.942,4517.50,124.00,24.00,1.79,45.00,121.35,14.20
354.182,4239.50,124.00,24.00,1.79,45.00,121.35,14.20
354.423,4239.50,116.00,24.00,1.79,45.00,121.35,14.20
354.662,4239.50,116.00,24.00,1.79,45.00,121.35,14.20
354.901,4239.50,116.00,24.00,1.60,45.00,121.35,14.20
355.142,4239.50,116.00,24.00,1.60,44.25,121.35,14.20
355.382,4239.50,116.00,24.00,1.60,44.25,113.55,14.20
355.622,4239.50,116.00,24.00,1.60,44.25,113.55,14.20
355.862,3109.00,116.00,24.00,1.60,44.25,113.55,14.20
356.102,3109.00,84.00,24.00,1.60,44.25,113.55,14.20
356.342,3109.00,84.00,24.00,1.60,44.25,113.55,14.20
356.582,3109.00,84.00,24.00,1.15,44.25,113.55,14.20
356.823,3109.00,84.00,24.00,1.15,44.25,113.55,14.20
357.062,3109.00,84.00,24.00,1.15,44.25,106.05,14.20
357.302,3109.00,84.00,24.00,1.15,44.25,106.05,14.20
357.542,2447.00,84.00,24.00,1.15,44.25,106.05,14.20
357.781,2447.00,56.00,24.00,1.15,44.25,106.05,14.20
358.023,2447.00,56.00,17.25,1.15,44.25,106.05,14.20
358.262,2447.00,56.00,17.25,0.73,44.25,106.05,14.20
358.502,2447.00,56.00,17.25,0.73,45.00,106.05,14.20
358.742,2447.00,56.00,17.25,0.73,45.00,101.05,14.20
358.981,2447.00,56.00,17.25,0.73,45.00,101.05,14.19
359.222,2414.00,56.00,17.25,0.73,45.00,101.05,14.19
359.462,2414.00,132.00,17.25,0.73,45.00,101.05,14.19
359.702,2414.00,132.00,45.00,0.73,45.00,101.05,14.19
359.942,2414.00,132.00,45.00,1.98,45.00,101.05,14.19
360.181,2414.00,132.00,45.00,1.98,45.00,101.05,14.19
360.423,2414.00,132.00,45.00,1.98,45.00,96.34,14.19
360.664,2414.00,132.00,45.00,1.98,45.00,96.34,14.19
360.902,1877.50,132.00,45.00,1.98,45.00,96.34,14.19
361.142,1877.50,76.00,45.00,1.98,45.00,96.34,14.19
361.382,1877.50,76.00,36.75,1.98,45.00,96.34,14.19
361.622,1877.50,76.00,36.75,1.29,45.00,96.34,14.19
361.862,1877.50,76.00,36.75,1.29,44.25,96.34,14.19
362.102,1877.50,76.00,36.75,1.29,44.25,92.64,14.19
362.342,1877.50,76.00,36.75,1.29,44.25,92.64,14.19
362.582,1872.50,76.00,36.75,1.29,44.25,92.64,14.19
362.823,1872.50,60.00,36.75,1.29,44.25,92.64,14.19
363.062,1872.50,60.00,27.75,1.29,44.25,92.64,14.19
363.302,1872.50,60.00,27.75,0.77,44.25,92.64,14.19
363.542,1872.50,60.00,27.75,0.77,44.25,92.64,14.19
363.782,1872.50,60.00,27.75,0.77,44.25,89.85,14.19
364.023,1872.50,60.00,27.75,0.77,44.25,89.85,14.19
364.262,1864.00,60.00,27.75,0.77,44.25,89.85,14.19
364.502,1864.00,88.00,27.75,0.77,44.25,89.85,14.19
364.742,1864.00,88.00,43.50,0.77,44.25,89.85,14.19
364.982,1864.00,88.00,43.50,1.07,44.25,89.85,14.19
365.223,1864.00,88.00,43.50,1.07,44.25,89.85,14.19
365.462,1864.00,88.00,43.50,1.07,44.25,87.34,14.19
365.702,1864.00,88.00,43.50,1.07,44.25,87.34,14.19
365.942,1892.50,88.00,43.50,1.07,44.25,87.34,14.19
366.182,1892.50,108.00,43.50,1.07,44.25,87.34,14.19
366.423,1892.50,108.00,42.75,1.07,44.25,87.34,14.19
366.662,1892.50,108.00,42.75,2.11,44.25,87.34,14.19
366.902,1892.50,108.00,42.75,2.11,44.25,87.34,14.19
367.142,1892.50,108.00,42.75,2.11,44.25,85.14,14.19
367.382,1892.50,108.00,42.75,2.11,44.25,85.14,14.18
367.623,1906.00,108.00,42.75,2.11,44.25,85.14,14.18
367.862,1906.00,88.00,42.75,2.11,44.25,85.14,14.18
368.102,1906.00,88.00,39.75,2.11,44.25,85.14,14.18
368.342,1906.00,88.00,39.75,1.60,44.25,85.14,14.18
368.582,1906.00,88.00,39.75,1.60,44.25,85.14,14.18
368.823,1906.00,88.00,39.75,1.60,44.25,83.94,14.18
369.062,1906.00,88.00,39.75,1.60,44.25,83.94,14.18
369.302,1985.50,88.00,39.75,1.60,44.25,83.94,14.18
369.542,1985.50,204.00,39.75,1.60,44.25,83.94,14.18
369.782,1985.50,204.00,90.75,1.60,44.25,83.94,14.18
370.023,1985.50,204.00,90.75,5.72,44.25,83.94,14.18
370.262,1985.50,204.00,90.75,5.72,43.50,83.94,14.18
370.502,1985.50,204.00,90.75,5.72,43.50,83.15,14.18
370.742,1985.50,204.00,90.75,5.72,43.50,83.15,14.18
370.982,1990.00,204.00,90.75,5.72,43.50,83.15,14.18
371.222,1990.00,28.00,90.75,5.72,43.50,83.15,14.18
371.461,1990.00,28.00,12.75,5.72,43.50,83.15,14.18
371.702,1990.00,28.00,12.75,2.22,43.50,83.15,14.18
371.942,1990.00,28.00,12.75,2.22,43.50,83.15,14.18
372.182,1990.00,28.00,12.75,2.22,43.50,85.26,14.18
372.422,1990.00,28.00,12.75,2.22,43.50,85.26,14.18
372.662,1987.00,28.00,12.75,2.22,43.50,85.26,14.18
372.902,1987.00,28.00,12.75,2.22,43.50,85.26,14.18
373.142,1987.00,28.00,13.50,2.22,43.50,85.26,14.18
373.382,1987.00,28.00,13.50,0.63,43.50,85.26,14.18
373.623,1987.00,28.00,13.50,0.63,44.25,85.26,14.18
373.862,1987.00,28.00,13.50,0.63,44.25,85.96,14.18
374.102,1987.00,28.00,13.50,0.63,44.25,85.96,14.18
374.342,1949.00,28.00,13.50,0.63,44.25,85.96,14.18
374.582,1949.00,28.00,13.50,0.63,44.25,85.96,14.18
374.822,1949.00,28.00,12.75,0.63,44.25,85.96,14.18
375.062,1949.00,28.00,12.75,0.33,44.25,85.96,14.18
375.302,1949.00,28.00,12.75,0.33,44.25,85.96,14.18
375.542,1949.00,28.00,12.75,0.33,44.25,85.54,14.18
375.782,1949.00,28.00,12.75,0.33,44.25,85.54,14.18
376.023,1966.50,28.00,12.75,0.33,44.25,85.54,14.18
376.262,1966.50,72.00,12.75,0.33,44.25,85.54,14.18
376.502,1966.50,72.00,30.75,0.33,44.25,85.54,14.18
376.742,1966.50,72.00,30.75,0.56,44.25,85.54,14.18
376.982,1966.50,72.00,30.75,0.56,44.25,85.54,14.18
377.223,1966.50,72.00,30.75,0.56,44.25,84.04,14.18
377.461,1966.50,72.00,30.75,0.56,44.25,84.04,14.18
377.702,1956.00,72.00,30.75,0.56,44.25,84.04,14.18
377.942,1956.00,28.00,30.75,0.56,44.25,84.04,14.18
378.182,1956.00,28.00,12.75,0.56,44.25,84.04,14.18
378.423,1956.00,28.00,12.75,0.34,44.25,84.04,14.18
378.662,1956.00,28.00,12.75,0.34,44.25,84.04,14.18
378.904,1956.00,28.00,12.75,0.34,44.25,82.54,14.18
379.142,1956.00,28.00,12.75,0.34,44.25,82.54,14.18
379.382,1947.00,28.00,12.75,0.34,44.25,82.54,14.18
379.622,1947.00,28.00,12.75,0.34,44.25,82.54,14.18
379.862,1947.00,28.00,12.75,0.34,44.25,82.54,14.18
380.102,1947.00,28.00,12.75,0.25,44.25,82.54,14.18
380.342,1947.00,28.00,12.75,0.25,44.25,82.54,14.18
380.582,1947.00,28.00,12.75,0.25,44.25,81.86,14.18
380.822,1947.00,28.00,12.75,0.25,44.25,81.86,14.18
381.062,1936.00,28.00,12.75,0.25,44.25,81.86,14.18
381.302,1936.00,28.00,12.75,0.25,44.25,81.86,14.18
381.542,1936.00,28.00,12.75,0.25,44.25,81.86,14.18
381.782,1936.00,28.00,12.75,0.22,44.25,81.86,14.18
382.023,1936.00,28.00,12.75,0.22,44.25,81.86,14.18
382.262,1936.00,28.00,12.75,0.22,44.25,80.94,14.18
382.502,1936.00,28.00,12.75,0.22,44.25,80.94,14.19
382.742,1925.50,28.00,12.75,0.22,44.25,80.94,14.19
382.982,1925.50,24.00,12.75,0.22,44.25,80.94,14.19
383.223,1925.50,24.00,15.75,0.22,44.25,80.94,14.19
383.462,1925.50,24.00,15.75,0.18,44.25,80.94,14.19
383.702,1925.50,24.00,15.75,0.18,44.25,80.94,14.19
383.942,1925.50,24.00,15.75,0.18,44.25,80.24,14.19
384.182,1925.50,24.00,15.75,0.18,44.25,80.24,14.19
384.423,1973.50,24.00,15.75,0.18,44.25,80.24,14.19
384.662,1973.50,36.00,15.75,0.18,44.25,80.24,14.19
384.902,1973.50,36.00,12.00,0.18,44.25,80.24,14.19
385.142,1973.50,36.00,12.00,0.62,44.25,80.24,14.19
385.382,1973.50,36.00,12.00,0.62,44.25,80.24,14.19
385.623,1973.50,36.00,12.00,0.62,44.25,78.86,14.19
385.861,1973.50,36.00,12.00,0.62,44.25,78.86,14.19
386.102,1964.00,36.00,12.00,0.62,44.25,78.86,14.19
386.342,1964.00,28.00,12.00,0.62,44.25,78.86,14.19
386.582,1964.00,28.00,24.75,0.62,44.25,78.86,14.19
386.823,1964.00,28.00,24.75,0.31,44.25,78.86,14.19
387.062,1964.00,28.00,24.75,0.31,44.25,78.86,14.19
387.302,1964.00,28.00,24.75,0.31,44.25,78.15,14.19
387.542,1964.00,28.00,24.75,0.31,44.25,78.15,14.19
387.781,2001.00,28.00,24.75,0.31,44.25,78.15,14.19
388.023,2001.00,80.00,24.75,0.31,44.25,78.15,14.19
388.262,2001.00,80.00,15.00,0.31,44.25,78.15,14.19
388.502,2001.00,80.00,15.00,0.81,44.25,78.15,14.19
388.742,2001.00,80.00,15.00,0.81,44.25,78.15,14.19
388.982,2001.00,80.00,15.00,0.81,44.25,76.96,14.19
389.222,2001.00,80.00,15.00,0.81,44.25,76.96,14.20
389.462,2013.00,80.00,15.00,0.81,44.25,76.96,14.20
389.702,2013.00,52.00,15.00,0.81,44.25,76.96,14.20
389.942,2013.00,52.00,12.75,0.81,44.25,76.96,14.20
390.181,2013.00,52.00,12.75,0.45,44.25,76.96,14.20
390.422,2013.00,52.00,12.75,0.45,44.25,76.96,14.20
390.662,2013.00,52.00,12.75,0.45,44.25,76.26,14.20
390.902,2013.00,52.00,12.75,0.45,44.25,76.26,14.20
391.142,2004.00,52.00,12.75,0.45,44.25,76.26,14.20
391.382,2004.00,32.00,12.75,0.45,44.25,76.26,14.20
391.622,2004.00,32.00,13.50,0.45,44.25,76.26,14.20
391.862,2004.00,32.00,13.50,0.30,44.25,76.26,14.20
392.102,2004.00,32.00,13.50,0.30,44.25,76.26,14.20
392.344,2004.00,32.00,13.50,0.30,44.25,75.95,14.20
392.582,2004.00,32.00,13.50,0.30,44.25,75.95,14.20
392.823,2021.00,32.00,13.50,0.30,44.25,75.95,14.20
393.062,2021.00,96.00,13.50,0.30,44.25,75.95,14.20
393.302,2021.00,96.00,48.00,0.30,44.25,75.95,14.20
393.542,2021.00,96.00,48.00,1.32,44.25,75.95,14.20
393.782,2021.00,96.00,48.00,1.32,44.25,75.95,14.20
394.023,2021.00,96.00,48.00,1.32,44.25,75.15,14.20
394.262,2021.00,96.00,48.00,1.32,44.25,75.15,14.21
394.502,2066.00,96.00,48.00,1.32,44.25,75.15,14.21
394.742,2066.00,28.00,48.00,1.32,44.25,75.15,14.21
394.982,2066.00,28.00,12.75,1.32,44.25,75.15,14.21
395.223,2066.00,28.00,12.75,1.00,44.25,75.15,14.21
395.462,2066.00,28.00,12.75,1.00,43.50,75.15,14.21
395.702,2066.00,28.00,12.75,1.00,43.50,74.55,14.21
395.944,2066.00,28.00,12.75,1.00,43.50,74.55,14.21
396.182,2036.50,28.00,12.75,1.00,43.50,74.55,14.21
396.423,2036.50,32.00,12.75,1.00,43.50,74.55,14.21
396.662,2036.50,32.00,13.50,1.00,43.50,74.55,14.21
396.902,2036.50,32.00,13.50,0.49,43.50,74.55,14.21
397.142,2036.50,32.00,13.50,0.49,44.25,74.55,14.21
397.382,2036.50,32.00,13.50,0.49,44.25,74.76,14.21
397.623,2036.50,32.00,13.50,0.49,44.25,74.76,14.21
397.862,2037.50,32.00,13.50,0.49,44.25,74.76,14.21
398.102,2037.50,28.00,13.50,0.49,44.25,74.76,14.21
398.342,2037.50,28.00,12.75,0.49,44.25,74.76,14.21
398.582,2037.50,28.00,12.75,0.29,44.25,74.76,14.21
398.823,2037.50,28.00,12.75,0.29,44.25,74.76,14.21
399.062,2037.50,28.00,12.75,0.29,44.25,74.76,14.21
399.302,2037.50,28.00,12.75,0.29,44.25,74.76,14.21
399.542,2035.00,28.00,12.75,0.29,44.25,74.76,14.21
399.782,2035.00,28.00,12.75,0.29,44.25,74.76,14.21
400.023,2035.00,28.00,12.75,0.29,44.25,74.76,14.21
400.262,2035.00,28.00,12.75,0.21,44.25,74.76,14.21
400.502,2035.00,28.00,12.75,0.21,44.25,74.76,14.21
400.742,2035.00,28.00,12.75,0.21,44.25,74.45,14.21
400.982,2035.00,28.00,12.75,0.21,44.25,74.45,14.22
401.223,2031.50,28.00,12.75,0.21,44.25,74.45,14.22
401.462,2031.50,28.00,12.75,0.21,44.25,74.45,14.22
401.702,2031.50,28.00,12.75,0.21,44.25,74.45,14.22
401.942,2031.50,28.00,12.75,0.18,44.25,74.45,14.22
402.182,2031.50,28.00,12.75,0.18,44.25,74.45,14.22
402.422,2031.50,28.00,12.75,0.18,44.25,74.15,14.22
402.662,2031.50,28.00,12.75,0.18,44.25,74.15,14.22
402.902,2027.50,28.00,12.75,0.18,44.25,74.15,14.22
403.142,2027.50,28.00,12.75,0.18,44.25,74.15,14.22
403.382,2027.50,28.00,12.75,0.18,44.25,74.15,14.22
403.623,2027.50,28.00,12.75,0.18,44.25,74.15,14.22
403.862,2027.50,28.00,12.75,0.18,44.25,74.15,14.22
404.102,2027.50,28.00,12.75,0.18,44.25,73.75,14.22
404.342,2027.50,28.00,12.75,0.18,44.25,73.75,14.22
404.582,2031.50,28.00,12.75,0.18,44.25,73.75,14.22
404.823,2031.50,28.00,12.75,0.18,44.25,73.75,14.22
405.062,2031.50,28.00,12.75,0.18,44.25,73.75,14.22
405.302,2031.50,28.00,12.75,0.18,44.25,73.75,14.22
405.542,2031.50,28.00,12.75,0.18,44.25,73.75,14.22
405.782,2031.50,28.00,12.75,0.18,44.25,73.35,14.22
406.022,2031.50,28.00,12.75,0.18,44.25,73.35,14.23
406.262,2034.00,28.00,12.75,0.18,44.25,73.35,14.23
406.502,2034.00,28.00,12.75,0.18,44.25,73.35,14.23
406.742,2034.00,28.00,12.75,0.18,44.25,73.35,14.23
406.982,2034.00,28.00,12.75,0.19,44.25,73.35,14.23
407.223,2034.00,28.00,12.75,0.19,44.25,73.35,14.23
407.462,2034.00,28.00,12.75,0.19,44.25,73.05,14.23
407.702,2034.00,28.00,12.75,0.19,44.25,73.05,14.23
407.941,2026.50,28.00,12.75,0.19,44.25,73.05,14.23
408.182,2026.50,32.00,12.75,0.19,44.25,73.05,14.23
408.423,2026.50,32.00,14.25,0.19,44.25,73.05,14.23
408.662,2026.50,32.00,14.25,0.20,44.25,73.05,14.23
408.904,2026.50,32.00,14.25,0.20,44.25,73.05,14.23
409.142,2026.50,32.00,14.25,0.20,44.25,72.65,14.23
409.382,2026.50,32.00,14.25,0.20,44.25,72.65,14.23
409.622,2023.50,32.00,14.25,0.20,44.25,72.65,14.23
409.862,2023.50,44.00,14.25,0.20,44.25,72.65,14.23
410.102,2023.50,44.00,20.25,0.20,44.25,72.65,14.23
410.342,2023.50,44.00,20.25,0.24,44.25,72.65,14.23
410.582,2023.50,44.00,20.25,0.24,44.25,72.65,14.23
410.823,2023.50,44.00,20.25,0.24,44.25,72.15,14.23
411.062,2023.50,44.00,20.25,0.24,44.25,72.15,14.23
411.303,2023.00,44.00,20.25,0.24,44.25,72.15,14.23
411.542,2023.00,56.00,20.25,0.24,44.25,72.15,14.23
411.782,2023.00,56.00,24.75,0.24,44.25,72.15,14.23
412.023,2023.00,56.00,24.75,0.44,44.25,72.15,14.23
412.292,2023.00,56.00,24.75,0.44,44.25,72.15,14.23
412.534,2023.00,56.00,24.75,0.44,44.25,71.24,14.23
412.772,2023.00,56.00,24.75,0.44,44.25,71.24,14.24
413.012,2031.50,56.00,24.75,0.44,44.25,71.24,14.24
413.252,2031.50,48.00,24.75,0.44,44.25,71.24,14.24
413.492,2031.50,48.00,21.75,0.44,44.25,71.24,14.24
413.734,2031.50,48.00,21.75,0.45,44.25,71.24,14.24
413.972,2031.50,48.00,21.75,0.45,43.50,71.24,14.24
414.214,2031.50,48.00,21.75,0.45,43.50,70.54,14.24
414.452,2031.50,48.00,21.75,0.45,43.50,70.54,14.24
414.692,2044.00,48.00,21.75,0.45,43.50,70.54,14.24
414.934,2044.00,48.00,21.75,0.45,43.50,70.54,14.24
415.172,2044.00,48.00,21.75,0.45,43.50,70.54,14.24
415.442,2044.00,48.00,21.75,0.40,43.50,70.54,14.24
415.682,2044.00,48.00,21.75,0.40,43.50,70.54,14.24
415.923,2044.00,48.00,21.75,0.40,43.50,70.14,14.24
416.192,2044.00,48.00,21.75,0.40,43.50,70.14,14.24
416.432,2024.50,48.00,21.75,0.40,43.50,70.14,14.24
416.672,2024.50,36.00,21.75,0.40,43.50,70.14,14.24
416.914,2024.50,36.00,16.50,0.40,43.50,70.14,14.24
417.152,2024.50,36.00,16.50,0.33,43.50,70.14,14.24
417.392,2024.50,36.00,16.50,0.33,43.50,70.14,14.24
417.634,2024.50,36.00,16.50,0.33,43.50,69.95,14.24
417.872,2024.50,36.00,16.50,0.33,43.50,69.95,14.25
418.114,2035.50,36.00,16.50,0.33,43.50,69.95,14.25
418.352,2035.50,36.00,16.50,0.33,43.50,69.95,14.25
418.592,2035.50,36.00,17.25,0.33,43.50,69.95,14.25
418.834,2035.50,36.00,17.25,0.30,43.50,69.95,14.25
419.072,2035.50,36.00,17.25,0.30,44.25,69.95,14.25
419.314,2035.50,36.00,17.25,0.30,44.25,69.86,14.25
419.552,2035.50,36.00,17.25,0.30,44.25,69.86,14.25
419.792,2030.00,36.00,17.25,0.30,44.25,69.86,14.25
420.035,2030.00,40.00,17.25,0.30,44.25,69.86,14.25
420.272,2030.00,40.00,18.00,0.30,44.25,69.86,14.25
420.512,2030.00,40.00,18.00,0.31,44.25,69.86,14.25
420.752,2030.00,40.00,18.00,0.31,44.25,69.86,14.25
420.992,2030.00,40.00,18.00,0.31,44.25,69.55,14.25
421.232,2030.00,40.00,18.00,0.31,44.25,69.55,14.25
421.534,2024.50,40.00,18.00,0.31,44.25,69.55,14.25
421.772,2024.50,28.00,18.00,0.31,44.25,69.55,14.25
422.014,2024.50,28.00,15.00,0.31,44.25,69.55,14.25
422.252,2024.50,28.00,15.00,0.45,44.25,69.55,14.25
422.492,2024.50,28.00,15.00,0.45,44.25,69.55,14.25
422.732,2024.50,28.00,15.00,0.45,44.25,69.25,14.25
423.002,2024.50,28.00,15.00,0.45,44.25,69.25,14.25
423.242,3090.50,28.00,15.00,0.45,44.25,69.25,14.25
423.482,3090.50,64.00,15.00,0.45,44.25,69.25,14.25
423.723,3090.50,64.00,17.25,0.45,44.25,69.25,14.25
423.962,3090.50,64.00,17.25,1.33,44.25,69.25,14.25
424.202,3090.50,64.00,17.25,1.33,44.25,69.25,14.25
424.442,3090.50,64.00,17.25,1.33,44.25,68.85,14.25
424.682,3090.50,64.00,17.25,1.33,44.25,68.85,14.26
424.952,3962.50,64.00,17.25,1.33,44.25,68.85,14.26
425.192,3962.50,84.00,17.25,1.33,44.25,68.85,14.26
425.433,3962.50,84.00,26.25,1.33,44.25,68.85,14.26
425.672,3962.50,84.00,26.25,1.42,44.25,68.85,14.26
425.912,3962.50,84.00,26.25,1.42,44.25,68.85,14.26
426.182,3962.50,84.00,26.25,1.42,44.25,68.76,14.26
426.423,3962.50,84.00,26.25,1.42,44.25,68.76,14.26
426.662,4032.00,84.00,26.25,1.42,44.25,68.76,14.26
426.902,4032.00,188.00,26.25,1.42,44.25,68.76,14.26
427.142,4032.00,188.00,36.00,1.42,44.25,68.76,14.26
427.382,4032.00,188.00,36.00,3.61,44.25,68.76,14.26
427.623,4032.00,188.00,36.00,3.61,44.25,68.76,14.26
427.862,4032.00,188.00,36.00,3.61,44.25,69.46,14.26
428.102,4032.00,188.00,36.00,3.61,44.25,69.46,14.26
428.342,4101.50,188.00,36.00,3.61,44.25,69.46,14.26
428.582,4101.50,156.00,36.00,3.61,44.25,69.46,14.26
428.823,4101.50,156.00,19.50,3.61,44.25,69.46,14.26
429.062,4101.50,156.00,19.50,2.56,44.25,69.46,14.26
429.302,4101.50,156.00,19.50,2.56,44.25,69.46,14.26
429.542,4101.50,156.00,19.50,2.56,44.25,71.15,14.26
429.782,4101.50,156.00,19.50,2.56,44.25,71.15,14.27
430.023,4006.00,156.00,19.50,2.56,44.25,71.15,14.27
430.262,4006.00,112.00,19.50,2.56,44.25,71.15,14.27
430.502,4006.00,112.00,24.00,2.56,44.25,71.15,14.27
430.743,4006.00,112.00,24.00,1.70,44.25,71.15,14.27
430.982,4006.00,112.00,24.00,1.70,44.25,71.15,14.27
431.224,4006.00,112.00,24.00,1.70,44.25,71.94,14.27
431.462,4006.00,112.00,24.00,1.70,44.25,71.94,14.27
431.703,3982.00,112.00,24.00,1.70,44.25,71.94,14.27
431.944,3982.00,100.00,24.00,1.70,44.25,71.94,14.27
432.182,3982.00,100.00,23.25,1.70,44.25,71.94,14.27
432.423,3982.00,100.00,23.25,1.55,44.25,71.94,14.27
432.662,3982.00,100.00,23.25,1.55,44.25,71.94,14.27
432.902,3982.00,100.00,23.25,1.55,44.25,71.85,14.27
433.142,3982.00,100.00,23.25,1.55,44.25,71.85,14.27
433.382,3946.00,100.00,23.25,1.55,44.25,71.85,14.27
433.623,3946.00,168.00,23.25,1.55,44.25,71.85,14.27
433.862,3946.00,168.00,48.00,1.55,44.25,71.85,14.27
434.103,3946.00,168.00,48.00,3.69,44.25,71.85,14.27
434.342,3946.00,168.00,48.00,3.69,44.25,71.85,14.27
434.582,3946.00,168.00,48.00,3.69,44.25,71.76,14.27
434.822,3946.00,168.00,48.00,3.69,44.25,71.76,14.27
435.062,3115.50,168.00,48.00,3.69,44.25,71.76,14.27
435.302,3115.50,72.00,48.00,3.69,44.25,71.76,14.27
435.542,3115.50,72.00,21.00,3.69,44.25,71.76,14.27
435.782,3115.50,72.00,21.00,1.84,44.25,71.76,14.27
436.023,3115.50,72.00,21.00,1.84,45.00,71.76,14.27
436.262,3115.50,72.00,21.00,1.84,45.00,73.05,14.27
436.502,3115.50,72.00,21.00,1.84,45.00,73.05,14.28
436.742,2554.00,72.00,21.00,1.84,45.00,73.05,14.28
436.982,2554.00,68.00,21.00,1.84,45.00,73.05,14.28
437.224,2554.00,68.00,24.75,1.84,45.00,73.05,14.28
437.462,2554.00,68.00,24.75,0.90,45.00,73.05,14.28
437.703,2554.00,68.00,24.75,0.90,45.00,73.05,14.28
437.942,2554.00,68.00,24.75,0.90,45.00,73.26,14.28
438.182,2554.00,68.00,24.75,0.90,45.00,73.26,14.28
438.423,2028.00,68.00,24.75,0.90,45.00,73.26,14.28
438.662,2028.00,68.00,24.75,0.90,45.00,73.26,14.28
438.902,2028.00,68.00,32.25,0.90,45.00,73.26,14.28
439.143,2028.00,68.00,32.25,0.72,45.00,73.26,14.28
439.382,2028.00,68.00,32.25,0.72,45.00,73.26,14.28
439.624,2028.00,68.00,32.25,0.72,45.00,72.55,14.28
439.862,2028.00,68.00,32.25,0.72,45.00,72.55,14.28
440.102,2012.00,68.00,32.25,0.72,45.00,72.55,14.28
440.342,2012.00,84.00,32.25,0.72,45.00,72.55,14.28
440.582,2012.00,84.00,35.25,0.72,45.00,72.55,14.28
440.822,2012.00,84.00,35.25,1.13,45.00,72.55,14.28
441.062,2012.00,84.00,35.25,1.13,45.00,72.55,14.28
441.302,2012.00,84.00,35.25,1.13,45.00,71.45,14.28
441.543,2012.00,84.00,35.25,1.13,45.00,71.45,14.28
441.782,2022.50,84.00,35.25,1.13,45.00,71.45,14.28
442.023,2022.50,80.00,35.25,1.13,45.00,71.45,14.28
442.262,2022.50,80.00,34.50,1.13,45.00,71.45,14.28
442.502,2022.50,80.00,34.50,1.18,45.00,71.45,14.28
442.743,2022.50,80.00,34.50,1.18,45.00,71.45,14.28
442.982,2022.50,80.00,34.50,1.18,45.00,70.75,14.28
443.224,2022.50,80.00,34.50,1.18,45.00,70.75,14.28
443.462,2024.50,80.00,34.50,1.18,45.00,70.75,14.28
443.702,2024.50,76.00,34.50,1.18,45.00,70.75,14.28
443.942,2024.50,76.00,33.00,1.18,45.00,70.75,14.28
444.182,2024.50,76.00,33.00,1.05,45.00,70.75,14.28
444.424,2024.50,76.00,33.00,1.05,45.00,70.75,14.28
444.663,2024.50,76.00,33.00,1.05,45.00,70.35,14.28
444.902,2024.50,76.00,33.00,1.05,45.00,70.35,14.28
445.142,2036.00,76.00,33.00,1.05,45.00,70.35,14.28
445.382,2036.00,68.00,33.00,1.05,45.00,70.35,14.28
445.622,2036.00,68.00,30.00,1.05,45.00,70.35,14.28
445.862,2036.00,68.00,30.00,0.87,45.00,70.35,14.28
446.102,2036.00,68.00,30.00,0.87,45.00,70.35,14.28
446.342,2036.00,68.00,30.00,0.87,45.00,69.86,14.28
446.583,2036.00,68.00,30.00,0.87,45.00,69.86,14.29
446.824,2040.50,68.00,30.00,0.87,45.00,69.86,14.29
447.062,2040.50,64.00,30.00,0.87,45.00,69.86,14.29
447.302,2040.50,64.00,28.50,0.87,45.00,69.86,14.29
447.550,2040.50,64.00,28.50,0.75,45.00,69.86,14.29
447.782,2040.50,64.00,28.50,0.75,45.00,69.86,14.29
